{"part_id": "0-0-3-6-11-23", "timings_sec": {"read_step": 0.014425600180402398, "enumerate_faces": 3.96000687032938e-05, "build_adjacency": 0.0004734999965876341, "extract_features": 0.001648500096052885, "map_labels": 0.00026839994825422764, "sanity_checks": 0.00022339983843266964, "total": 0.01707900012843311}}