{"part_id": "0-0-3-11-13-23", "timings_sec": {"read_step": 0.009791499935090542, "enumerate_faces": 3.150012344121933e-05, "build_adjacency": 0.00030310009606182575, "extract_features": 0.001085400115698576, "map_labels": 0.00021680002100765705, "sanity_checks": 0.00014109979383647442, "total": 0.011569400085136294}}