{"part_id": "0-0-8-12-12-23", "timings_sec": {"read_step": 0.007085799938067794, "enumerate_faces": 3.550015389919281e-05, "build_adjacency": 0.00025969999842345715, "extract_features": 0.0009574999567121267, "map_labels": 0.0002367000561207533, "sanity_checks": 0.00011399993672966957, "total": 0.008689200039952993}}