{"part_id": "0-0-0-3-14-23", "timings_sec": {"read_step": 0.006606099894270301, "enumerate_faces": 2.0999927073717117e-05, "build_adjacency": 0.0002319000195711851, "extract_features": 0.0008586999028921127, "map_labels": 0.00020510004833340645, "sanity_checks": 0.00011119991540908813, "total": 0.00803399970754981}}