{"part_id": "0-0-1-10-19", "timings_sec": {"read_step": 0.005831100046634674, "enumerate_faces": 2.5200191885232925e-05, "build_adjacency": 0.00020529981702566147, "extract_features": 0.0007613000925630331, "map_labels": 0.00020490004681050777, "sanity_checks": 0.0001026000827550888, "total": 0.007130400277674198}}