{"part_id": "0-0-6-7-11-23", "timings_sec": {"read_step": 0.00758740003220737, "enumerate_faces": 2.750009298324585e-05, "build_adjacency": 0.00026279990561306477, "extract_features": 0.0009642001241445541, "map_labels": 0.00020320015028119087, "sanity_checks": 0.0001275001559406519, "total": 0.009172600461170077}}