{"part_id": "0-0-5-5-12-23", "timings_sec": {"read_step": 0.007564699975773692, "enumerate_faces": 2.5600194931030273e-05, "build_adjacency": 0.0002662001643329859, "extract_features": 0.0009865998290479183, "map_labels": 0.00020130001939833164, "sanity_checks": 0.0001238998956978321, "total": 0.00916830007918179}}