{"part_id": "0-0-7-11-14-23", "timings_sec": {"read_step": 0.010018900036811829, "enumerate_faces": 3.629992716014385e-05, "build_adjacency": 0.00029230001382529736, "extract_features": 0.001034500077366829, "map_labels": 0.00023690005764365196, "sanity_checks": 0.0001417000312358141, "total": 0.011760600144043565}}