{"part_id": "0-0-10-11-11-23", "timings_sec": {"read_step": 0.009419600013643503, "enumerate_faces": 2.5899847969412804e-05, "build_adjacency": 0.00032480014488101006, "extract_features": 0.0012087998911738396, "map_labels": 0.0002001998946070671, "sanity_checks": 0.00016120006330311298, "total": 0.011340499855577946}}