{"part_id": "0-0-3-10-13-23", "timings_sec": {"read_step": 0.008771999971941113, "enumerate_faces": 3.929995000362396e-05, "build_adjacency": 0.0004507999401539564, "extract_features": 0.0016548000276088715, "map_labels": 0.0002701000776141882, "sanity_checks": 0.00021950015798211098, "total": 0.011406500125303864}}