{"part_id": "0-0-2-5-12-23", "timings_sec": {"read_step": 0.009195599937811494, "enumerate_faces": 3.810017369687557e-05, "build_adjacency": 0.0004197999369353056, "extract_features": 0.0014633000828325748, "map_labels": 0.0002537001855671406, "sanity_checks": 0.00019429996609687805, "total": 0.011564800282940269}}