{"part_id": "0-0-7-10-19", "timings_sec": {"read_step": 0.005979599896818399, "enumerate_faces": 2.9399991035461426e-05, "build_adjacency": 0.00020870007574558258, "extract_features": 0.0007553999312222004, "map_labels": 0.00020999996922910213, "sanity_checks": 0.00010599987581372261, "total": 0.007289099739864469}}