{"part_id": "0-0-9-9-13-23", "timings_sec": {"read_step": 0.006759000010788441, "enumerate_faces": 3.429991193115711e-05, "build_adjacency": 0.00023479992523789406, "extract_features": 0.0008469999302178621, "map_labels": 0.00022829999215900898, "sanity_checks": 0.00011650007218122482, "total": 0.008219899842515588}}