{"part_id": "0-0-6-7-10-23", "timings_sec": {"read_step": 0.006320299813523889, "enumerate_faces": 2.050003968179226e-05, "build_adjacency": 0.00022549997083842754, "extract_features": 0.0008244998753070831, "map_labels": 0.00018490012735128403, "sanity_checks": 0.00011030002497136593, "total": 0.0076859998516738415}}