{"part_id": "0-0-3-14-19", "timings_sec": {"read_step": 0.008395900018513203, "enumerate_faces": 2.4200184270739555e-05, "build_adjacency": 0.00022829999215900898, "extract_features": 0.0008194998372346163, "map_labels": 0.00023859995417296886, "sanity_checks": 0.0001297001726925373, "total": 0.009836200159043074}}