{"part_id": "0-0-1-1-14-23", "timings_sec": {"read_step": 0.01135520008392632, "enumerate_faces": 3.529991954565048e-05, "build_adjacency": 0.0003557000309228897, "extract_features": 0.0012655998580157757, "map_labels": 0.0002413999754935503, "sanity_checks": 0.00016999989748001099, "total": 0.013423199765384197}}