{"part_id": "0-0-1-13-14-23", "timings_sec": {"read_step": 0.006576100131496787, "enumerate_faces": 2.7099857106804848e-05, "build_adjacency": 0.00022389995865523815, "extract_features": 0.0007900998461991549, "map_labels": 0.00020210002548992634, "sanity_checks": 0.00010240008123219013, "total": 0.007921699900180101}}