{"part_id": "0-0-4-9-14-23", "timings_sec": {"read_step": 0.006491599837318063, "enumerate_faces": 2.2900057956576347e-05, "build_adjacency": 0.000232999911531806, "extract_features": 0.0008365998510271311, "map_labels": 0.0001868000254034996, "sanity_checks": 0.00011080014519393444, "total": 0.00788169982843101}}