{"part_id": "0-0-9-13-13-23", "timings_sec": {"read_step": 0.0064184998627752066, "enumerate_faces": 3.3999793231487274e-05, "build_adjacency": 0.0002212999388575554, "extract_features": 0.0007744000758975744, "map_labels": 0.000256099971011281, "sanity_checks": 0.00011280016042292118, "total": 0.007817099802196026}}