{"part_id": "0-0-2-5-5-23", "timings_sec": {"read_step": 0.007731399964541197, "enumerate_faces": 2.359994687139988e-05, "build_adjacency": 0.00026860018260776997, "extract_features": 0.0009697000496089458, "map_labels": 0.00020659994333982468, "sanity_checks": 0.00012330012395977974, "total": 0.009323200210928917}}