{"part_id": "0-0-6-12-14-23", "timings_sec": {"read_step": 0.006202999968081713, "enumerate_faces": 2.340017817914486e-05, "build_adjacency": 0.00022489996626973152, "extract_features": 0.000879199942573905, "map_labels": 0.00020650005899369717, "sanity_checks": 0.00010799989104270935, "total": 0.007645000005140901}}