{"part_id": "0-0-1-5-12-23", "timings_sec": {"read_step": 0.00802999990992248, "enumerate_faces": 3.200001083314419e-05, "build_adjacency": 0.0002676001749932766, "extract_features": 0.0009502999018877745, "map_labels": 0.00021540001034736633, "sanity_checks": 0.00011990009807050228, "total": 0.009615200106054544}}