{"part_id": "0-0-2-8-11-23", "timings_sec": {"read_step": 0.005821599857881665, "enumerate_faces": 2.4499837309122086e-05, "build_adjacency": 0.00020190002396702766, "extract_features": 0.0007154999766498804, "map_labels": 0.00019789999350905418, "sanity_checks": 9.220000356435776e-05, "total": 0.007053599692881107}}