{"part_id": "0-0-1-8-10-23", "timings_sec": {"read_step": 0.00656179990619421, "enumerate_faces": 2.41999514400959e-05, "build_adjacency": 0.00022819987498223782, "extract_features": 0.0008442001417279243, "map_labels": 0.00020819995552301407, "sanity_checks": 0.00011330004781484604, "total": 0.007979899877682328}}