{"part_id": "0-0-1-6-14-23", "timings_sec": {"read_step": 0.006414300063624978, "enumerate_faces": 2.559996210038662e-05, "build_adjacency": 0.00023279991000890732, "extract_features": 0.0008070000912994146, "map_labels": 0.00019289995543658733, "sanity_checks": 0.00010239984840154648, "total": 0.0077749998308718204}}