{"part_id": "0-0-5-6-10-23", "timings_sec": {"read_step": 0.007029100088402629, "enumerate_faces": 3.2499898225069046e-05, "build_adjacency": 0.0002530000638216734, "extract_features": 0.0009184000082314014, "map_labels": 0.00022489996626973152, "sanity_checks": 0.00012660003267228603, "total": 0.00858450005762279}}