{"part_id": "0-0-8-13-14-23", "timings_sec": {"read_step": 0.003771000076085329, "enumerate_faces": 2.3799948394298553e-05, "build_adjacency": 0.00014610006473958492, "extract_features": 0.0005192998796701431, "map_labels": 0.00020279991440474987, "sanity_checks": 7.00999516993761e-05, "total": 0.004733099834993482}}