{"part_id": "0-0-0-8-11-23", "timings_sec": {"read_step": 0.006447099847719073, "enumerate_faces": 2.3200176656246185e-05, "build_adjacency": 0.0002267998643219471, "extract_features": 0.0008958999533206224, "map_labels": 0.00019509997218847275, "sanity_checks": 0.00011359993368387222, "total": 0.007901699747890234}}