{"part_id": "0-0-3-7-13-23", "timings_sec": {"read_step": 0.00821410003118217, "enumerate_faces": 2.8199981898069382e-05, "build_adjacency": 0.0002625999040901661, "extract_features": 0.0009524000342935324, "map_labels": 0.00019820011220872402, "sanity_checks": 0.00012260000221431255, "total": 0.009778100065886974}}