{"part_id": "0-0-1-1-7-23", "timings_sec": {"read_step": 0.007700999965891242, "enumerate_faces": 3.4300144761800766e-05, "build_adjacency": 0.0002652001567184925, "extract_features": 0.0008809999562799931, "map_labels": 0.00020529981702566147, "sanity_checks": 0.0001083998940885067, "total": 0.009195199934765697}}