{"part_id": "0-0-1-10-11-23", "timings_sec": {"read_step": 0.008451600093394518, "enumerate_faces": 3.100000321865082e-05, "build_adjacency": 0.00028740009292960167, "extract_features": 0.001138799823820591, "map_labels": 0.00022030016407370567, "sanity_checks": 0.0001417000312358141, "total": 0.010270800208672881}}