{"part_id": "0-0-0-3-12-23", "timings_sec": {"read_step": 0.012202499900013208, "enumerate_faces": 2.7499860152602196e-05, "build_adjacency": 0.00027089985087513924, "extract_features": 0.0009445999749004841, "map_labels": 0.00019310018979012966, "sanity_checks": 0.0001192998606711626, "total": 0.013757899636402726}}