{"part_id": "0-0-3-14-14-23", "timings_sec": {"read_step": 0.008149600122123957, "enumerate_faces": 2.950010821223259e-05, "build_adjacency": 0.00028719985857605934, "extract_features": 0.001006399979814887, "map_labels": 0.00020579993724822998, "sanity_checks": 0.00012330012395977974, "total": 0.009801800129935145}}