{"part_id": "0-0-5-7-13-23", "timings_sec": {"read_step": 0.009964799974113703, "enumerate_faces": 2.7999980375170708e-05, "build_adjacency": 0.00030960002914071083, "extract_features": 0.0010864001233130693, "map_labels": 0.0002218999434262514, "sanity_checks": 0.0001496998593211174, "total": 0.011760399909690022}}