{"part_id": "0-0-11-19", "timings_sec": {"read_step": 0.005503299878910184, "enumerate_faces": 2.3900065571069717e-05, "build_adjacency": 0.00019029993563890457, "extract_features": 0.0007074999157339334, "map_labels": 0.00019020005129277706, "sanity_checks": 9.489990770816803e-05, "total": 0.006710099754855037}}