{"part_id": "0-0-2-12-13-23", "timings_sec": {"read_step": 0.007027700077742338, "enumerate_faces": 2.3399945348501205e-05, "build_adjacency": 0.00024000019766390324, "extract_features": 0.000865299953147769, "map_labels": 0.00019440008327364922, "sanity_checks": 0.00011250004172325134, "total": 0.008463300298899412}}