{"part_id": "0-0-1-4-14-23", "timings_sec": {"read_step": 0.00675729988142848, "enumerate_faces": 2.550007775425911e-05, "build_adjacency": 0.00027909991331398487, "extract_features": 0.0008648999501019716, "map_labels": 0.00020490004681050777, "sanity_checks": 0.00010909978300333023, "total": 0.008240799652412534}}