{"part_id": "0-0-0-1-9-23", "timings_sec": {"read_step": 0.005985199939459562, "enumerate_faces": 1.4999881386756897e-05, "build_adjacency": 0.00020619994029402733, "extract_features": 0.0008189999498426914, "map_labels": 0.00039890012703835964, "sanity_checks": 0.00014459993690252304, "total": 0.007568899774923921}}