{"part_id": "0-0-7-7-9-23", "timings_sec": {"read_step": 0.006365099921822548, "enumerate_faces": 2.269982360303402e-05, "build_adjacency": 0.00022489996626973152, "extract_features": 0.0009143000934273005, "map_labels": 0.00019529997371137142, "sanity_checks": 0.00011239992454648018, "total": 0.007834699703380466}}