{"part_id": "0-0-1-3-3-23", "timings_sec": {"read_step": 0.00979299983009696, "enumerate_faces": 2.3900065571069717e-05, "build_adjacency": 0.0003413998056203127, "extract_features": 0.0012896000407636166, "map_labels": 0.00020100013352930546, "sanity_checks": 0.00013939989730715752, "total": 0.011788299772888422}}