{"part_id": "0-0-6-9-14-23", "timings_sec": {"read_step": 0.006941700121387839, "enumerate_faces": 2.6700086891651154e-05, "build_adjacency": 0.0002185001503676176, "extract_features": 0.0008177000563591719, "map_labels": 0.00021219998598098755, "sanity_checks": 0.00011010002344846725, "total": 0.008326900424435735}}