{"part_id": "0-0-3-6-14-23", "timings_sec": {"read_step": 0.007443999871611595, "enumerate_faces": 2.6099849492311478e-05, "build_adjacency": 0.00026340014301240444, "extract_features": 0.0009437000844627619, "map_labels": 0.00020299991592764854, "sanity_checks": 0.00011770008131861687, "total": 0.008997899945825338}}