{"part_id": "0-0-8-11-19", "timings_sec": {"read_step": 0.006343800108879805, "enumerate_faces": 3.220001235604286e-05, "build_adjacency": 0.00023090001195669174, "extract_features": 0.0008423000108450651, "map_labels": 0.00021119997836649418, "sanity_checks": 0.00011049979366362095, "total": 0.0077708999160677195}}