{"part_id": "0-0-1-6-9-23", "timings_sec": {"read_step": 0.006403099978342652, "enumerate_faces": 2.1700048819184303e-05, "build_adjacency": 0.00022199982777237892, "extract_features": 0.0010714000090956688, "map_labels": 0.00021650013513863087, "sanity_checks": 0.00015059998258948326, "total": 0.008085299981757998}}