{"part_id": "0-0-0-3-6-23", "timings_sec": {"read_step": 0.0069720998872071505, "enumerate_faces": 2.519995905458927e-05, "build_adjacency": 0.0002500999253243208, "extract_features": 0.0008586000185459852, "map_labels": 0.00021870015189051628, "sanity_checks": 0.00011059991084039211, "total": 0.008435299852862954}}