{"part_id": "0-0-6-6-14-23", "timings_sec": {"read_step": 0.005540900165215135, "enumerate_faces": 2.050003968179226e-05, "build_adjacency": 0.0001970999874174595, "extract_features": 0.0007738000713288784, "map_labels": 0.00019359984435141087, "sanity_checks": 0.00010040006600320339, "total": 0.006826300173997879}}