{"part_id": "0-0-3-8-9-23", "timings_sec": {"read_step": 0.008214999921619892, "enumerate_faces": 3.3700140193104744e-05, "build_adjacency": 0.000269800191745162, "extract_features": 0.0009649998974055052, "map_labels": 0.00022220006212592125, "sanity_checks": 0.00012819981202483177, "total": 0.009833900025114417}}