{"part_id": "0-0-0-10-10-23", "timings_sec": {"read_step": 0.006507299840450287, "enumerate_faces": 1.9800150766968727e-05, "build_adjacency": 0.00022520008496940136, "extract_features": 0.0008411000017076731, "map_labels": 0.0001946999691426754, "sanity_checks": 0.00011450005695223808, "total": 0.007902600103989244}}