{"part_id": "0-0-6-6-10-23", "timings_sec": {"read_step": 0.006481399992480874, "enumerate_faces": 2.169981598854065e-05, "build_adjacency": 0.00021089985966682434, "extract_features": 0.0007763998582959175, "map_labels": 0.00040590018033981323, "sanity_checks": 0.0001330000814050436, "total": 0.008029299788177013}}