{"part_id": "0-0-1-1-12-23", "timings_sec": {"read_step": 0.007397799985483289, "enumerate_faces": 2.450007013976574e-05, "build_adjacency": 0.0002566000912338495, "extract_features": 0.0008960000704973936, "map_labels": 0.00018440000712871552, "sanity_checks": 0.00011140014976263046, "total": 0.008870700374245644}}