{"part_id": "0-0-1-5-9-23", "timings_sec": {"read_step": 0.006852600025013089, "enumerate_faces": 2.659996971487999e-05, "build_adjacency": 0.00025420007295906544, "extract_features": 0.0009245998226106167, "map_labels": 0.00022709998302161694, "sanity_checks": 0.00012079998850822449, "total": 0.008405899861827493}}