{"part_id": "0-0-10-10-10-23", "timings_sec": {"read_step": 0.01062309998087585, "enumerate_faces": 3.0099879950284958e-05, "build_adjacency": 0.00027920003049075603, "extract_features": 0.0010505998507142067, "map_labels": 0.00021039997227489948, "sanity_checks": 0.00014130002819001675, "total": 0.012334699742496014}}