{"part_id": "0-0-1-10-13-23", "timings_sec": {"read_step": 0.007104399846866727, "enumerate_faces": 2.859998494386673e-05, "build_adjacency": 0.00023659993894398212, "extract_features": 0.0008659001905471087, "map_labels": 0.00024819979444146156, "sanity_checks": 0.00011579995043575764, "total": 0.008599499706178904}}