{"part_id": "0-0-6-14-19", "timings_sec": {"read_step": 0.006047099828720093, "enumerate_faces": 2.110004425048828e-05, "build_adjacency": 0.00017339992336928844, "extract_features": 0.0006367999594658613, "map_labels": 0.00020050001330673695, "sanity_checks": 8.699996396899223e-05, "total": 0.00716589973308146}}