{"part_id": "0-0-9-9-9-23", "timings_sec": {"read_step": 0.011496199993416667, "enumerate_faces": 4.020007327198982e-05, "build_adjacency": 0.00036700000055134296, "extract_features": 0.0013486999087035656, "map_labels": 0.0002607000060379505, "sanity_checks": 0.00019029993563890457, "total": 0.01370309991762042}}