{"part_id": "0-0-9-9-11-23", "timings_sec": {"read_step": 0.009935400215908885, "enumerate_faces": 3.410014323890209e-05, "build_adjacency": 0.0003106999211013317, "extract_features": 0.0013751001097261906, "map_labels": 0.0002816000487655401, "sanity_checks": 0.00019620009697973728, "total": 0.012133100535720587}}