{"part_id": "0-0-3-10-12-23", "timings_sec": {"read_step": 0.008630499942228198, "enumerate_faces": 2.9799994081258774e-05, "build_adjacency": 0.00030470010824501514, "extract_features": 0.001095399959012866, "map_labels": 0.0002071000635623932, "sanity_checks": 0.0001431000418961048, "total": 0.010410600109025836}}