{"part_id": "0-0-1-3-4-23", "timings_sec": {"read_step": 0.00796950003132224, "enumerate_faces": 2.559996210038662e-05, "build_adjacency": 0.00028259982354938984, "extract_features": 0.0009926999919116497, "map_labels": 0.00021810014732182026, "sanity_checks": 0.00012769992463290691, "total": 0.009616199880838394}}