{"part_id": "0-0-10-14-19", "timings_sec": {"read_step": 0.005996600026264787, "enumerate_faces": 2.6700086891651154e-05, "build_adjacency": 0.00020870007574558258, "extract_features": 0.0007706999313086271, "map_labels": 0.00019480008631944656, "sanity_checks": 0.00010300008580088615, "total": 0.00730050029233098}}