{"part_id": "0-0-2-6-11-23", "timings_sec": {"read_step": 0.007783500012010336, "enumerate_faces": 2.9300106689333916e-05, "build_adjacency": 0.0002737001050263643, "extract_features": 0.000994600122794509, "map_labels": 0.00021059997379779816, "sanity_checks": 0.00013459986075758934, "total": 0.00942630018107593}}