{"part_id": "0-0-2-9-13-23", "timings_sec": {"read_step": 0.006633100099861622, "enumerate_faces": 2.3799948394298553e-05, "build_adjacency": 0.0002397999633103609, "extract_features": 0.0008495999500155449, "map_labels": 0.00019040005281567574, "sanity_checks": 0.00011159991845488548, "total": 0.008048299932852387}}