{"part_id": "0-0-4-13-19", "timings_sec": {"read_step": 0.0068211001344025135, "enumerate_faces": 4.440010525286198e-05, "build_adjacency": 0.00027769990265369415, "extract_features": 0.0009585001971572638, "map_labels": 0.0002981999423354864, "sanity_checks": 0.00014279992319643497, "total": 0.008542700204998255}}