{"part_id": "0-0-3-5-9-23", "timings_sec": {"read_step": 0.008465599967166781, "enumerate_faces": 2.6999972760677338e-05, "build_adjacency": 0.00029809982515871525, "extract_features": 0.0010839998722076416, "map_labels": 0.00021870015189051628, "sanity_checks": 0.0001368001103401184, "total": 0.01023019989952445}}