{"part_id": "0-0-7-8-19", "timings_sec": {"read_step": 0.005162399960681796, "enumerate_faces": 3.20998951792717e-05, "build_adjacency": 0.00020039989612996578, "extract_features": 0.0006955000571906567, "map_labels": 0.0002468000166118145, "sanity_checks": 9.660003706812859e-05, "total": 0.006433799862861633}}