{"part_id": "0-0-0-7-13-23", "timings_sec": {"read_step": 0.004415000090375543, "enumerate_faces": 2.5300076231360435e-05, "build_adjacency": 0.00019289995543658733, "extract_features": 0.0005769000854343176, "map_labels": 0.00019589997828006744, "sanity_checks": 8.220016025006771e-05, "total": 0.005488200346007943}}