{"part_id": "0-0-8-11-12-23", "timings_sec": {"read_step": 0.00821550004184246, "enumerate_faces": 3.520003519952297e-05, "build_adjacency": 0.00028779986314475536, "extract_features": 0.001021499978378415, "map_labels": 0.00022040004841983318, "sanity_checks": 0.0001330999657511711, "total": 0.009913499932736158}}