{"part_id": "0-0-1-2-14-23", "timings_sec": {"read_step": 0.008619100088253617, "enumerate_faces": 2.2900057956576347e-05, "build_adjacency": 0.00029000011272728443, "extract_features": 0.0010238999966531992, "map_labels": 0.00020350003615021706, "sanity_checks": 0.00012650014832615852, "total": 0.010285900440067053}}