{"part_id": "0-0-9-9-14-23", "timings_sec": {"read_step": 0.006835900014266372, "enumerate_faces": 2.8399983420968056e-05, "build_adjacency": 0.0002343999221920967, "extract_features": 0.001274599926546216, "map_labels": 0.0002737001050263643, "sanity_checks": 0.00020480016246438026, "total": 0.008851800113916397}}