{"part_id": "0-0-5-10-14-23", "timings_sec": {"read_step": 0.007247299887239933, "enumerate_faces": 2.550007775425911e-05, "build_adjacency": 0.00025729998014867306, "extract_features": 0.0009331998880952597, "map_labels": 0.0001938000787049532, "sanity_checks": 0.00012580002658069134, "total": 0.00878289993852377}}