{"part_id": "0-0-9-13-19", "timings_sec": {"read_step": 0.006202900083735585, "enumerate_faces": 3.509991802275181e-05, "build_adjacency": 0.00019320007413625717, "extract_features": 0.0008559999987483025, "map_labels": 0.0002302001230418682, "sanity_checks": 9.390013292431831e-05, "total": 0.007611300330609083}}