{"part_id": "0-0-5-7-19", "timings_sec": {"read_step": 0.0044467998668551445, "enumerate_faces": 2.269982360303402e-05, "build_adjacency": 0.0001797000877559185, "extract_features": 0.001201000064611435, "map_labels": 0.0002590999938547611, "sanity_checks": 0.0001370999962091446, "total": 0.006246399832889438}}