{"part_id": "0-0-2-3-6-23", "timings_sec": {"read_step": 0.0072692998219281435, "enumerate_faces": 2.3899832740426064e-05, "build_adjacency": 0.00025040004402399063, "extract_features": 0.0008877001237124205, "map_labels": 0.00018500001169741154, "sanity_checks": 0.00011259992606937885, "total": 0.008728899760171771}}