{"part_id": "0-0-1-3-9-23", "timings_sec": {"read_step": 0.007766100112348795, "enumerate_faces": 2.4999957531690598e-05, "build_adjacency": 0.0002989999484270811, "extract_features": 0.0010756999254226685, "map_labels": 0.00020110001787543297, "sanity_checks": 0.00012910016812384129, "total": 0.00949600012972951}}