{"part_id": "0-0-0-7-9-23", "timings_sec": {"read_step": 0.005698299966752529, "enumerate_faces": 2.350006252527237e-05, "build_adjacency": 0.00020350003615021706, "extract_features": 0.0007437001913785934, "map_labels": 0.00019360007718205452, "sanity_checks": 0.00010030018165707588, "total": 0.006962900515645742}}