{"part_id": "0-0-1-1-1-23", "timings_sec": {"read_step": 0.009252600139006972, "enumerate_faces": 2.2999942302703857e-05, "build_adjacency": 0.0002836999483406544, "extract_features": 0.0009957000147551298, "map_labels": 0.00019359984435141087, "sanity_checks": 0.00012280000373721123, "total": 0.010871399892494082}}