{"part_id": "0-0-0-5-8-23", "timings_sec": {"read_step": 0.00565519998781383, "enumerate_faces": 2.050003968179226e-05, "build_adjacency": 0.0001962999813258648, "extract_features": 0.0007112000603228807, "map_labels": 0.0001916999462991953, "sanity_checks": 9.579979814589024e-05, "total": 0.006870699813589454}}