{"part_id": "0-0-5-11-12-23", "timings_sec": {"read_step": 0.008640999905765057, "enumerate_faces": 2.6799971237778664e-05, "build_adjacency": 0.00030140019953250885, "extract_features": 0.0010859998874366283, "map_labels": 0.0002039000391960144, "sanity_checks": 0.00014070002362132072, "total": 0.010399800026789308}}