{"part_id": "0-0-10-10-14-23", "timings_sec": {"read_step": 0.00732510001398623, "enumerate_faces": 2.6799971237778664e-05, "build_adjacency": 0.000264100031927228, "extract_features": 0.000965300016105175, "map_labels": 0.00019999989308416843, "sanity_checks": 0.00012989994138479233, "total": 0.008911199867725372}}