{"part_id": "0-0-3-5-5-23", "timings_sec": {"read_step": 0.008706599939614534, "enumerate_faces": 2.7399975806474686e-05, "build_adjacency": 0.00029959995299577713, "extract_features": 0.0010747001506388187, "map_labels": 0.0001992001198232174, "sanity_checks": 0.00013649999164044857, "total": 0.010444000130519271}}