{"part_id": "0-0-5-5-11-23", "timings_sec": {"read_step": 0.008716100128367543, "enumerate_faces": 2.5999965146183968e-05, "build_adjacency": 0.0004971001762896776, "extract_features": 0.001102800015360117, "map_labels": 0.00022570020519196987, "sanity_checks": 0.0001439000479876995, "total": 0.010711600538343191}}