{"part_id": "0-0-4-5-8-23", "timings_sec": {"read_step": 0.006490800064057112, "enumerate_faces": 2.41999514400959e-05, "build_adjacency": 0.00029009999707341194, "extract_features": 0.001228399807587266, "map_labels": 0.0002266999799758196, "sanity_checks": 0.0001674999948590994, "total": 0.008427699794992805}}