{"part_id": "0-0-4-8-10-23", "timings_sec": {"read_step": 0.0064489999786019325, "enumerate_faces": 2.550007775425911e-05, "build_adjacency": 0.00023449980653822422, "extract_features": 0.0008533000946044922, "map_labels": 0.00019739987328648567, "sanity_checks": 0.00011339993216097355, "total": 0.007873099762946367}}