{"part_id": "0-0-0-2-12-23", "timings_sec": {"read_step": 0.006787999998778105, "enumerate_faces": 2.4499837309122086e-05, "build_adjacency": 0.00023999996483325958, "extract_features": 0.0008451000321656466, "map_labels": 0.00018730014562606812, "sanity_checks": 0.00010649999603629112, "total": 0.008191399974748492}}