{"part_id": "0-0-3-3-8-23", "timings_sec": {"read_step": 0.011290400056168437, "enumerate_faces": 3.6800047382712364e-05, "build_adjacency": 0.0004080000799149275, "extract_features": 0.0013551998417824507, "map_labels": 0.00023540016263723373, "sanity_checks": 0.0001620999537408352, "total": 0.013487900141626596}}