{"part_id": "0-0-3-5-14-23", "timings_sec": {"read_step": 0.01105399988591671, "enumerate_faces": 3.720005042850971e-05, "build_adjacency": 0.00044870004057884216, "extract_features": 0.0015489000361412764, "map_labels": 0.00025539984926581383, "sanity_checks": 0.00020359992049634457, "total": 0.013547799782827497}}