{"part_id": "0-0-1-2-4-23", "timings_sec": {"read_step": 0.0074413002002984285, "enumerate_faces": 2.640020102262497e-05, "build_adjacency": 0.00025899987667798996, "extract_features": 0.0009216000325977802, "map_labels": 0.00019100005738437176, "sanity_checks": 0.0001151000615209341, "total": 0.00895440042950213}}