{"part_id": "0-0-5-14-14-23", "timings_sec": {"read_step": 0.006741000106558204, "enumerate_faces": 2.7900096029043198e-05, "build_adjacency": 0.00024429988116025925, "extract_features": 0.0008692000992596149, "map_labels": 0.00018609990365803242, "sanity_checks": 0.00011339993216097355, "total": 0.008181900018826127}}