{"part_id": "0-0-3-12-14-23", "timings_sec": {"read_step": 0.008986500091850758, "enumerate_faces": 3.110012039542198e-05, "build_adjacency": 0.0005063998978585005, "extract_features": 0.0010677000973373652, "map_labels": 0.0002266999799758196, "sanity_checks": 0.00013739988207817078, "total": 0.010955800069496036}}