{"part_id": "0-0-7-7-14-23", "timings_sec": {"read_step": 0.005219399929046631, "enumerate_faces": 2.3999949917197227e-05, "build_adjacency": 0.00019150017760694027, "extract_features": 0.0007414999417960644, "map_labels": 0.0002546999603509903, "sanity_checks": 0.00010840012691915035, "total": 0.006539500085636973}}