{"part_id": "0-0-4-7-13-23", "timings_sec": {"read_step": 0.006012900033965707, "enumerate_faces": 2.3999949917197227e-05, "build_adjacency": 0.00023359991610050201, "extract_features": 0.0007897999603301287, "map_labels": 0.0001930000726133585, "sanity_checks": 0.00010349997319281101, "total": 0.007356799906119704}}