{"part_id": "0-0-8-8-11-23", "timings_sec": {"read_step": 0.006761800032109022, "enumerate_faces": 2.5800196453928947e-05, "build_adjacency": 0.0002430998720228672, "extract_features": 0.0010325000621378422, "map_labels": 0.00020510004833340645, "sanity_checks": 0.00012139999307692051, "total": 0.008389700204133987}}