{"part_id": "0-0-2-11-14-23", "timings_sec": {"read_step": 0.008295000065118074, "enumerate_faces": 2.4200184270739555e-05, "build_adjacency": 0.0002916997764259577, "extract_features": 0.0012555001303553581, "map_labels": 0.0002313998993486166, "sanity_checks": 0.00018830015324056149, "total": 0.010286100208759308}}