{"part_id": "0-0-11-14-14-23", "timings_sec": {"read_step": 0.007753399899229407, "enumerate_faces": 2.5300076231360435e-05, "build_adjacency": 0.0002709999680519104, "extract_features": 0.0009904000908136368, "map_labels": 0.00019669998437166214, "sanity_checks": 0.00014040013775229454, "total": 0.009377200156450272}}