{"part_id": "0-0-3-4-5-23", "timings_sec": {"read_step": 0.008533900137990713, "enumerate_faces": 3.0800001695752144e-05, "build_adjacency": 0.0003027999773621559, "extract_features": 0.0010486000683158636, "map_labels": 0.00022000004537403584, "sanity_checks": 0.0001324999611824751, "total": 0.010268600191920996}}