{"part_id": "0-0-1-4-11-23", "timings_sec": {"read_step": 0.0075731000397354364, "enumerate_faces": 2.6099849492311478e-05, "build_adjacency": 0.0003761998377740383, "extract_features": 0.0014599000569432974, "map_labels": 0.00023440015502274036, "sanity_checks": 0.00020610005594789982, "total": 0.009875799994915724}}