{"part_id": "0-0-3-4-14-23", "timings_sec": {"read_step": 0.007761300075799227, "enumerate_faces": 2.5700079277157784e-05, "build_adjacency": 0.00029419991187751293, "extract_features": 0.0009697000496089458, "map_labels": 0.00020370003767311573, "sanity_checks": 0.00012649991549551487, "total": 0.009381100069731474}}