{"part_id": "0-0-3-13-13-23", "timings_sec": {"read_step": 0.006903599947690964, "enumerate_faces": 2.7300091460347176e-05, "build_adjacency": 0.00024710013531148434, "extract_features": 0.0008843999821692705, "map_labels": 0.00020490004681050777, "sanity_checks": 0.00011539994738996029, "total": 0.008382700150832534}}