{"part_id": "0-0-3-7-10-23", "timings_sec": {"read_step": 0.008743500104174018, "enumerate_faces": 3.1400006264448166e-05, "build_adjacency": 0.0003003000747412443, "extract_features": 0.0010917999316006899, "map_labels": 0.0002202000468969345, "sanity_checks": 0.00014279992319643497, "total": 0.01053000008687377}}