{"part_id": "0-0-3-3-7-23", "timings_sec": {"read_step": 0.009458799846470356, "enumerate_faces": 2.9099872335791588e-05, "build_adjacency": 0.0003274001646786928, "extract_features": 0.0011382000520825386, "map_labels": 0.00025349995121359825, "sanity_checks": 0.0002039000391960144, "total": 0.011410899925976992}}