{"part_id": "0-0-2-4-10-23", "timings_sec": {"read_step": 0.007353299995884299, "enumerate_faces": 2.66998540610075e-05, "build_adjacency": 0.0002562000881880522, "extract_features": 0.000945699866861105, "map_labels": 0.00019320007413625717, "sanity_checks": 0.0001229001209139824, "total": 0.008898000000044703}}