{"part_id": "0-0-13-13-14-23", "timings_sec": {"read_step": 0.0060801999643445015, "enumerate_faces": 2.8299866244196892e-05, "build_adjacency": 0.00020919996313750744, "extract_features": 0.0007491998840123415, "map_labels": 0.00020350003615021706, "sanity_checks": 9.860005229711533e-05, "total": 0.00736899976618588}}