{"part_id": "0-0-2-2-4-23", "timings_sec": {"read_step": 0.009274600073695183, "enumerate_faces": 2.4499837309122086e-05, "build_adjacency": 0.0003176999744027853, "extract_features": 0.0011499999091029167, "map_labels": 0.00019699987024068832, "sanity_checks": 0.00013429997488856316, "total": 0.011098099639639258}}