{"part_id": "0-0-11-13-13-23", "timings_sec": {"read_step": 0.006865200120955706, "enumerate_faces": 2.259993925690651e-05, "build_adjacency": 0.00024179997853934765, "extract_features": 0.0008779000490903854, "map_labels": 0.0001827001105993986, "sanity_checks": 0.00011659995652735233, "total": 0.008306800154969096}}