{"part_id": "0-0-1-8-19", "timings_sec": {"read_step": 0.005343100056052208, "enumerate_faces": 2.7700094506144524e-05, "build_adjacency": 0.0001822998747229576, "extract_features": 0.0006424000021070242, "map_labels": 0.0002006001304835081, "sanity_checks": 9.34000127017498e-05, "total": 0.006489500170573592}}