{"part_id": "0-0-12-13-14-23", "timings_sec": {"read_step": 0.006305699935182929, "enumerate_faces": 2.510007470846176e-05, "build_adjacency": 0.00022859987802803516, "extract_features": 0.0009002001024782658, "map_labels": 0.00021119997836649418, "sanity_checks": 0.00010719988495111465, "total": 0.0077779998537153006}}