{"part_id": "0-0-2-9-14-23", "timings_sec": {"read_step": 0.00982889998704195, "enumerate_faces": 2.9399991035461426e-05, "build_adjacency": 0.0002544999588280916, "extract_features": 0.0009049000218510628, "map_labels": 0.00021700002253055573, "sanity_checks": 0.00012019998393952847, "total": 0.01135489996522665}}