{"part_id": "0-0-6-11-19", "timings_sec": {"read_step": 0.006314900005236268, "enumerate_faces": 2.5900080800056458e-05, "build_adjacency": 0.00021670013666152954, "extract_features": 0.0007984999101608992, "map_labels": 0.00020330003462731838, "sanity_checks": 0.00010910001583397388, "total": 0.0076684001833200455}}