{"part_id": "0-0-5-8-14-23", "timings_sec": {"read_step": 0.005734799895435572, "enumerate_faces": 2.2500054910779e-05, "build_adjacency": 0.00019869999960064888, "extract_features": 0.000718400115147233, "map_labels": 0.00018029985949397087, "sanity_checks": 9.519979357719421e-05, "total": 0.006949899718165398}}