{"part_id": "0-0-0-5-13-23", "timings_sec": {"read_step": 0.0056195000652223825, "enumerate_faces": 2.340017817914486e-05, "build_adjacency": 0.00020389980636537075, "extract_features": 0.0007350000087171793, "map_labels": 0.0001938000787049532, "sanity_checks": 0.00010000006295740604, "total": 0.006875600200146437}}