{"part_id": "0-0-3-3-13-23", "timings_sec": {"read_step": 0.012848000042140484, "enumerate_faces": 4.720012657344341e-05, "build_adjacency": 0.000656000105664134, "extract_features": 0.0014665999915450811, "map_labels": 0.00026909983716905117, "sanity_checks": 0.00017479993402957916, "total": 0.015461700037121773}}