{"part_id": "0-0-12-14-14-23", "timings_sec": {"read_step": 0.007127699907869101, "enumerate_faces": 2.810009755194187e-05, "build_adjacency": 0.00027540000155568123, "extract_features": 0.0008794001769274473, "map_labels": 0.00020749983377754688, "sanity_checks": 0.00011650007218122482, "total": 0.008634600089862943}}