{"part_id": "0-0-3-7-14-23", "timings_sec": {"read_step": 0.008190100081264973, "enumerate_faces": 3.1499890610575676e-05, "build_adjacency": 0.0002788000274449587, "extract_features": 0.0009756998624652624, "map_labels": 0.00021670013666152954, "sanity_checks": 0.0001254999078810215, "total": 0.00981829990632832}}