{"part_id": "0-0-2-2-13-23", "timings_sec": {"read_step": 0.008460199926048517, "enumerate_faces": 2.7799978852272034e-05, "build_adjacency": 0.00029460014775395393, "extract_features": 0.0010716000106185675, "map_labels": 0.00024110008962452412, "sanity_checks": 0.00018339999951422215, "total": 0.010278700152412057}}