{"part_id": "0-0-1-10-14-23", "timings_sec": {"read_step": 0.0073506999760866165, "enumerate_faces": 2.9399991035461426e-05, "build_adjacency": 0.0002500000409781933, "extract_features": 0.0009128998499363661, "map_labels": 0.00021330011077225208, "sanity_checks": 0.00011979998089373112, "total": 0.00887609994970262}}