{"part_id": "0-0-2-3-12-23", "timings_sec": {"read_step": 0.008619399974122643, "enumerate_faces": 2.950010821223259e-05, "build_adjacency": 0.0003019999712705612, "extract_features": 0.0010788000654429197, "map_labels": 0.00020900019444525242, "sanity_checks": 0.00014040013775229454, "total": 0.010379100451245904}}