{"part_id": "0-0-3-3-6-23", "timings_sec": {"read_step": 0.012226799968630075, "enumerate_faces": 3.7800054997205734e-05, "build_adjacency": 0.00041990005411207676, "extract_features": 0.0014221000019460917, "map_labels": 0.0002258999738842249, "sanity_checks": 0.00017200014553964138, "total": 0.014504500199109316}}