{"part_id": "0-0-1-7-9-23", "timings_sec": {"read_step": 0.006562199909240007, "enumerate_faces": 2.3300061002373695e-05, "build_adjacency": 0.00022909999825060368, "extract_features": 0.0008417000062763691, "map_labels": 0.00018620002083480358, "sanity_checks": 0.00011070002801716328, "total": 0.00795320002362132}}