{"part_id": "0-0-2-5-6-23", "timings_sec": {"read_step": 0.0069420000072568655, "enumerate_faces": 2.6799971237778664e-05, "build_adjacency": 0.0002452000044286251, "extract_features": 0.0008731000125408173, "map_labels": 0.00019659986719489098, "sanity_checks": 0.0001113000325858593, "total": 0.008394999895244837}}