{"part_id": "0-0-0-8-12-23", "timings_sec": {"read_step": 0.005719499895349145, "enumerate_faces": 2.0900042727589607e-05, "build_adjacency": 0.00019519985653460026, "extract_features": 0.0007695001550018787, "map_labels": 0.00020890007726848125, "sanity_checks": 9.720004163682461e-05, "total": 0.007011200068518519}}