{"part_id": "0-0-0-3-4-23", "timings_sec": {"read_step": 0.007090599974617362, "enumerate_faces": 1.969980075955391e-05, "build_adjacency": 0.00024279998615384102, "extract_features": 0.0008759999182075262, "map_labels": 0.00017910008318722248, "sanity_checks": 0.00010950001887977123, "total": 0.008517699781805277}}