{"part_id": "0-0-0-12-19", "timings_sec": {"read_step": 0.004713499918580055, "enumerate_faces": 2.150004729628563e-05, "build_adjacency": 0.00016949977725744247, "extract_features": 0.0006250001024454832, "map_labels": 0.0001805999781936407, "sanity_checks": 8.490006439387798e-05, "total": 0.005794999888166785}}