{"part_id": "0-0-0-7-10-23", "timings_sec": {"read_step": 0.006790499901399016, "enumerate_faces": 2.2799940779805183e-05, "build_adjacency": 0.00021840003319084644, "extract_features": 0.000790199963375926, "map_labels": 0.0002647999208420515, "sanity_checks": 0.0001922999508678913, "total": 0.008278999710455537}}