{"part_id": "0-0-4-4-7-23", "timings_sec": {"read_step": 0.0062294998206198215, "enumerate_faces": 2.350006252527237e-05, "build_adjacency": 0.0002242999617010355, "extract_features": 0.000815599923953414, "map_labels": 0.00018029985949397087, "sanity_checks": 0.00010680011473596096, "total": 0.007579999743029475}}