{"part_id": "0-0-4-9-9-23", "timings_sec": {"read_step": 0.006458000047132373, "enumerate_faces": 2.1900050342082977e-05, "build_adjacency": 0.0002234000712633133, "extract_features": 0.0008547001052647829, "map_labels": 0.0001835001166909933, "sanity_checks": 0.00011699995957314968, "total": 0.007858500350266695}}