{"part_id": "0-0-4-5-6-23", "timings_sec": {"read_step": 0.006656100042164326, "enumerate_faces": 2.71000899374485e-05, "build_adjacency": 0.00023479992523789406, "extract_features": 0.0008258000016212463, "map_labels": 0.00019299983978271484, "sanity_checks": 0.00010760012082755566, "total": 0.008044400019571185}}