{"part_id": "0-0-0-1-14-23", "timings_sec": {"read_step": 0.00630709994584322, "enumerate_faces": 2.5399960577487946e-05, "build_adjacency": 0.0003073001280426979, "extract_features": 0.0010767001658678055, "map_labels": 0.00023470004089176655, "sanity_checks": 0.00014750007539987564, "total": 0.008098700316622853}}