{"part_id": "0-0-1-3-7-23", "timings_sec": {"read_step": 0.008063799934461713, "enumerate_faces": 2.519995905458927e-05, "build_adjacency": 0.0002717999741435051, "extract_features": 0.0009683000389486551, "map_labels": 0.00020610005594789982, "sanity_checks": 0.00012429989874362946, "total": 0.009659499861299992}}