{"part_id": "0-0-4-11-13-23", "timings_sec": {"read_step": 0.007470600074157119, "enumerate_faces": 3.220001235604286e-05, "build_adjacency": 0.00026379991322755814, "extract_features": 0.0009469999931752682, "map_labels": 0.00021580001339316368, "sanity_checks": 0.00012489990331232548, "total": 0.009054299909621477}}