{"part_id": "0-0-6-9-19", "timings_sec": {"read_step": 0.005132399965077639, "enumerate_faces": 3.0199997127056122e-05, "build_adjacency": 0.00018409988842904568, "extract_features": 0.0006687999702990055, "map_labels": 0.0002148000057786703, "sanity_checks": 9.210011921823025e-05, "total": 0.0063223999459296465}}