{"part_id": "0-0-0-10-11-23", "timings_sec": {"read_step": 0.007312800036743283, "enumerate_faces": 2.6900088414549828e-05, "build_adjacency": 0.0002625999040901661, "extract_features": 0.000968600157648325, "map_labels": 0.00020979996770620346, "sanity_checks": 0.0001297001726925373, "total": 0.008910400327295065}}