{"part_id": "0-0-1-4-13-23", "timings_sec": {"read_step": 0.006154099944978952, "enumerate_faces": 2.3399945348501205e-05, "build_adjacency": 0.00021820003166794777, "extract_features": 0.0007716999389231205, "map_labels": 0.000179799972102046, "sanity_checks": 0.00010249996557831764, "total": 0.0074496997985988855}}