{"part_id": "0-0-1-3-12-23", "timings_sec": {"read_step": 0.008374499855563045, "enumerate_faces": 2.759997732937336e-05, "build_adjacency": 0.0002866999711841345, "extract_features": 0.0010299000423401594, "map_labels": 0.00020570005290210247, "sanity_checks": 0.00013229995965957642, "total": 0.01005669985897839}}