{"part_id": "0-0-1-11-13-23", "timings_sec": {"read_step": 0.0100233000703156, "enumerate_faces": 3.1800009310245514e-05, "build_adjacency": 0.00026530004106462, "extract_features": 0.0009562999475747347, "map_labels": 0.00021520000882446766, "sanity_checks": 0.00012660003267228603, "total": 0.011618500109761953}}