{"part_id": "0-0-3-19", "timings_sec": {"read_step": 0.006992399925366044, "enumerate_faces": 2.5399960577487946e-05, "build_adjacency": 0.00018869992345571518, "extract_features": 0.0006776999216526747, "map_labels": 0.00018860003910958767, "sanity_checks": 9.019998833537102e-05, "total": 0.00816299975849688}}