{"part_id": "0-0-5-9-14-23", "timings_sec": {"read_step": 0.011295200092718005, "enumerate_faces": 3.469991497695446e-05, "build_adjacency": 0.0003565000370144844, "extract_features": 0.0009667999111115932, "map_labels": 0.00021569989621639252, "sanity_checks": 0.00011899997480213642, "total": 0.012987899826839566}}