{"part_id": "0-0-4-12-14-23", "timings_sec": {"read_step": 0.01034160004928708, "enumerate_faces": 2.759997732937336e-05, "build_adjacency": 0.0002501998096704483, "extract_features": 0.000870400108397007, "map_labels": 0.00019910000264644623, "sanity_checks": 0.00011610006913542747, "total": 0.011805000016465783}}