{"part_id": "0-0-0-1-4-23", "timings_sec": {"read_step": 0.00586130004376173, "enumerate_faces": 1.6399892047047615e-05, "build_adjacency": 0.00020359992049634457, "extract_features": 0.0007913999725133181, "map_labels": 0.00017739995382726192, "sanity_checks": 0.00010269996710121632, "total": 0.007152799749746919}}