{"part_id": "0-0-1-1-13-23", "timings_sec": {"read_step": 0.008659100160002708, "enumerate_faces": 3.310013562440872e-05, "build_adjacency": 0.0003971999976783991, "extract_features": 0.001332900021225214, "map_labels": 0.0002498000394552946, "sanity_checks": 0.00017550005577504635, "total": 0.010847600409761071}}