{"part_id": "0-0-3-13-14-23", "timings_sec": {"read_step": 0.007310699904337525, "enumerate_faces": 2.4399952962994576e-05, "build_adjacency": 0.0002529001794755459, "extract_features": 0.0009155001025646925, "map_labels": 0.00019189994782209396, "sanity_checks": 0.00011799996718764305, "total": 0.008813400054350495}}