{"part_id": "0-0-13-19", "timings_sec": {"read_step": 0.006226200144737959, "enumerate_faces": 3.109988756477833e-05, "build_adjacency": 0.00020359992049634457, "extract_features": 0.0007154000923037529, "map_labels": 0.00022409996017813683, "sanity_checks": 0.00010289996862411499, "total": 0.0075032999739050865}}