{"part_id": "0-0-1-3-19", "timings_sec": {"read_step": 0.006750799948349595, "enumerate_faces": 2.719997428357601e-05, "build_adjacency": 0.00022999988868832588, "extract_features": 0.0008730001281946898, "map_labels": 0.00025040004402399063, "sanity_checks": 0.00013180007226765156, "total": 0.008263200055807829}}