{"part_id": "0-0-8-10-14-23", "timings_sec": {"read_step": 0.007134599843993783, "enumerate_faces": 3.509991802275181e-05, "build_adjacency": 0.0003950998652726412, "extract_features": 0.0012930999509990215, "map_labels": 0.00026769982650876045, "sanity_checks": 0.00017539993859827518, "total": 0.009300999343395233}}