{"part_id": "0-0-7-8-13-23", "timings_sec": {"read_step": 0.0050333000253885984, "enumerate_faces": 2.569984644651413e-05, "build_adjacency": 0.00018319999799132347, "extract_features": 0.0006413001101464033, "map_labels": 0.00019450020045042038, "sanity_checks": 8.580018766224384e-05, "total": 0.006163800368085504}}