{"part_id": "0-0-2-2-9-23", "timings_sec": {"read_step": 0.007453699829056859, "enumerate_faces": 2.4899840354919434e-05, "build_adjacency": 0.0002584999892860651, "extract_features": 0.0009689000435173512, "map_labels": 0.00019560009241104126, "sanity_checks": 0.00012400001287460327, "total": 0.00902559980750084}}