{"part_id": "0-0-2-4-7-23", "timings_sec": {"read_step": 0.006496099987998605, "enumerate_faces": 2.3200176656246185e-05, "build_adjacency": 0.00020139990374445915, "extract_features": 0.0007344000041484833, "map_labels": 0.00017939996905624866, "sanity_checks": 9.640003554522991e-05, "total": 0.007730900077149272}}