{"part_id": "0-0-6-8-12-23", "timings_sec": {"read_step": 0.005154900019988418, "enumerate_faces": 2.450007013976574e-05, "build_adjacency": 0.00019280007109045982, "extract_features": 0.0006836000829935074, "map_labels": 0.00018900004215538502, "sanity_checks": 9.119999594986439e-05, "total": 0.0063360002823174}}