{"part_id": "0-0-1-8-12-23", "timings_sec": {"read_step": 0.006687200162559748, "enumerate_faces": 2.7999980375170708e-05, "build_adjacency": 0.00023570004850625992, "extract_features": 0.0008312000427395105, "map_labels": 0.0002175997942686081, "sanity_checks": 0.0001091999001801014, "total": 0.008108899928629398}}