{"part_id": "0-0-0-8-9-23", "timings_sec": {"read_step": 0.005520600127056241, "enumerate_faces": 2.950010821223259e-05, "build_adjacency": 0.00019729998894035816, "extract_features": 0.0007152999751269817, "map_labels": 0.00021309987641870975, "sanity_checks": 9.910017251968384e-05, "total": 0.006774900248274207}}