{"part_id": "0-0-8-9-9-23", "timings_sec": {"read_step": 0.006184200057759881, "enumerate_faces": 2.429983578622341e-05, "build_adjacency": 0.00021780002862215042, "extract_features": 0.000820899847894907, "map_labels": 0.00018660002388060093, "sanity_checks": 0.00011270004324615002, "total": 0.007546499837189913}}