{"part_id": "0-0-5-12-14-23", "timings_sec": {"read_step": 0.007100800052285194, "enumerate_faces": 2.600019797682762e-05, "build_adjacency": 0.000255499966442585, "extract_features": 0.0009216000325977802, "map_labels": 0.0001876000314950943, "sanity_checks": 0.00011870008893311024, "total": 0.008610200369730592}}