{"part_id": "0-0-2-4-8-23", "timings_sec": {"read_step": 0.007249100133776665, "enumerate_faces": 3.25001310557127e-05, "build_adjacency": 0.0002544000744819641, "extract_features": 0.0008702999912202358, "map_labels": 0.00022479984909296036, "sanity_checks": 0.00011010002344846725, "total": 0.008741200203076005}}