{"part_id": "0-0-4-4-10-23", "timings_sec": {"read_step": 0.006786799989640713, "enumerate_faces": 2.440018579363823e-05, "build_adjacency": 0.00024109985679388046, "extract_features": 0.0008765999227762222, "map_labels": 0.00022179982624948025, "sanity_checks": 0.00012310012243688107, "total": 0.008273799903690815}}