{"part_id": "0-0-3-11-14-23", "timings_sec": {"read_step": 0.009380700066685677, "enumerate_faces": 2.9899878427386284e-05, "build_adjacency": 0.0003241999074816704, "extract_features": 0.001152500044554472, "map_labels": 0.0002087999600917101, "sanity_checks": 0.00014949985779821873, "total": 0.011245599715039134}}