{"part_id": "0-0-1-1-2-23", "timings_sec": {"read_step": 0.009133300045505166, "enumerate_faces": 2.4200184270739555e-05, "build_adjacency": 0.00032029999420046806, "extract_features": 0.0010271999053657055, "map_labels": 0.00019110017456114292, "sanity_checks": 0.00011999998241662979, "total": 0.010816100286319852}}