{"part_id": "0-0-6-7-14-23", "timings_sec": {"read_step": 0.0060084001161158085, "enumerate_faces": 2.2500054910779e-05, "build_adjacency": 0.00021829991601407528, "extract_features": 0.0007728999480605125, "map_labels": 0.00019200006499886513, "sanity_checks": 0.00010120007209479809, "total": 0.0073153001721948385}}