{"part_id": "0-0-6-12-13-23", "timings_sec": {"read_step": 0.005954900057986379, "enumerate_faces": 2.6799971237778664e-05, "build_adjacency": 0.00023039989173412323, "extract_features": 0.0007789998780936003, "map_labels": 0.00022000004537403584, "sanity_checks": 0.00010169995948672295, "total": 0.00731279980391264}}