{"part_id": "0-0-4-6-9-23", "timings_sec": {"read_step": 0.006595500046387315, "enumerate_faces": 2.6799971237778664e-05, "build_adjacency": 0.00022240006364881992, "extract_features": 0.0008124001324176788, "map_labels": 0.00020210002548992634, "sanity_checks": 0.000107599887996912, "total": 0.00796680012717843}}