{"part_id": "0-0-7-10-13-23", "timings_sec": {"read_step": 0.005889000138267875, "enumerate_faces": 2.8299866244196892e-05, "build_adjacency": 0.0002047000452876091, "extract_features": 0.0007559999357908964, "map_labels": 0.00019649998284876347, "sanity_checks": 0.00011990009807050228, "total": 0.007194400066509843}}