{"part_id": "0-0-0-1-6-23", "timings_sec": {"read_step": 0.005404100054875016, "enumerate_faces": 1.7200130969285965e-05, "build_adjacency": 0.00022370018996298313, "extract_features": 0.0009856000542640686, "map_labels": 0.00021700002253055573, "sanity_checks": 0.00013770000077784061, "total": 0.00698530045337975}}