{"part_id": "0-0-1-7-8-23", "timings_sec": {"read_step": 0.009365600068122149, "enumerate_faces": 2.510007470846176e-05, "build_adjacency": 0.0003293999470770359, "extract_features": 0.0011427998542785645, "map_labels": 0.0002217001747339964, "sanity_checks": 0.00015609990805387497, "total": 0.011240700026974082}}