{"part_id": "0-0-6-10-13-23", "timings_sec": {"read_step": 0.006337099941447377, "enumerate_faces": 2.4799956008791924e-05, "build_adjacency": 0.00024969992227852345, "extract_features": 0.0009459001012146473, "map_labels": 0.0002033999189734459, "sanity_checks": 0.00010990002192556858, "total": 0.007870799861848354}}