{"part_id": "0-0-6-9-11-23", "timings_sec": {"read_step": 0.007651899941265583, "enumerate_faces": 2.8199981898069382e-05, "build_adjacency": 0.0002973000518977642, "extract_features": 0.000982500147074461, "map_labels": 0.00020690006203949451, "sanity_checks": 0.00013069994747638702, "total": 0.00929750013165176}}