{"part_id": "0-0-5-8-13-23", "timings_sec": {"read_step": 0.0062136000487953424, "enumerate_faces": 2.8099864721298218e-05, "build_adjacency": 0.0002225001808255911, "extract_features": 0.0007809000089764595, "map_labels": 0.00019480008631944656, "sanity_checks": 0.00010279985144734383, "total": 0.007542700041085482}}