{"part_id": "0-0-5-11-11-23", "timings_sec": {"read_step": 0.009339699987322092, "enumerate_faces": 2.7900096029043198e-05, "build_adjacency": 0.0003263000398874283, "extract_features": 0.0012127000372856855, "map_labels": 0.00022009992972016335, "sanity_checks": 0.00015520001761615276, "total": 0.011281900107860565}}