{"part_id": "0-0-4-4-5-23", "timings_sec": {"read_step": 0.0067806001752614975, "enumerate_faces": 2.3399945348501205e-05, "build_adjacency": 0.00024209986440837383, "extract_features": 0.0008749999105930328, "map_labels": 0.00018700002692639828, "sanity_checks": 0.00011280016042292118, "total": 0.008220900082960725}}