{"part_id": "0-0-8-11-14-23", "timings_sec": {"read_step": 0.007302900077775121, "enumerate_faces": 2.9900111258029938e-05, "build_adjacency": 0.00026270002126693726, "extract_features": 0.0009478998836129904, "map_labels": 0.0002528000622987747, "sanity_checks": 0.00024039996787905693, "total": 0.00903660012409091}}