{"part_id": "0-0-2-10-11-23", "timings_sec": {"read_step": 0.008552500046789646, "enumerate_faces": 2.6300083845853806e-05, "build_adjacency": 0.0002970998175442219, "extract_features": 0.0011835000477731228, "map_labels": 0.00021239998750388622, "sanity_checks": 0.00014549982734024525, "total": 0.010417299810796976}}