{"part_id": "0-0-4-9-11-23", "timings_sec": {"read_step": 0.00769580015912652, "enumerate_faces": 2.7799978852272034e-05, "build_adjacency": 0.00030019995756447315, "extract_features": 0.0010093001183122396, "map_labels": 0.000202300027012825, "sanity_checks": 0.00017819995991885662, "total": 0.009413600200787187}}