{"part_id": "0-0-3-8-11-23", "timings_sec": {"read_step": 0.00886610010638833, "enumerate_faces": 2.8399983420968056e-05, "build_adjacency": 0.0003132999408990145, "extract_features": 0.0011267999652773142, "map_labels": 0.0002177001442760229, "sanity_checks": 0.00014279992319643497, "total": 0.010695100063458085}}