{"part_id": "0-0-0-11-11-23", "timings_sec": {"read_step": 0.007950299885123968, "enumerate_faces": 2.759997732937336e-05, "build_adjacency": 0.0002943999134004116, "extract_features": 0.001075600041076541, "map_labels": 0.00023589981719851494, "sanity_checks": 0.0001417000312358141, "total": 0.009725499665364623}}