{"part_id": "0-0-5-5-9-23", "timings_sec": {"read_step": 0.011418200097978115, "enumerate_faces": 3.3800024539232254e-05, "build_adjacency": 0.00027629989199340343, "extract_features": 0.0009647998958826065, "map_labels": 0.00020910007879137993, "sanity_checks": 0.00013269996270537376, "total": 0.013034899951890111}}