{"part_id": "0-0-1-10-10-23", "timings_sec": {"read_step": 0.009290799964219332, "enumerate_faces": 3.169989213347435e-05, "build_adjacency": 0.00026530004106462, "extract_features": 0.0009814000222831964, "map_labels": 0.00022520008496940136, "sanity_checks": 0.00012989994138479233, "total": 0.010924299946054816}}