{"part_id": "0-0-0-3-9-23", "timings_sec": {"read_step": 0.007018100004643202, "enumerate_faces": 2.429983578622341e-05, "build_adjacency": 0.00024079997092485428, "extract_features": 0.0008936000522226095, "map_labels": 0.00020059989765286446, "sanity_checks": 0.00011859997175633907, "total": 0.008495999732986093}}