{"part_id": "0-0-2-3-8-23", "timings_sec": {"read_step": 0.010417699813842773, "enumerate_faces": 2.6799971237778664e-05, "build_adjacency": 0.00036780000664293766, "extract_features": 0.001250100089237094, "map_labels": 0.00021379999816417694, "sanity_checks": 0.00014779996126890182, "total": 0.012423999840393662}}