{"part_id": "0-0-7-8-14-23", "timings_sec": {"read_step": 0.004863800015300512, "enumerate_faces": 2.350006252527237e-05, "build_adjacency": 0.00017559994012117386, "extract_features": 0.0006295000202953815, "map_labels": 0.00018740002997219563, "sanity_checks": 8.499994874000549e-05, "total": 0.005964800016954541}}