{"part_id": "0-0-3-8-19", "timings_sec": {"read_step": 0.006269900128245354, "enumerate_faces": 2.66998540610075e-05, "build_adjacency": 0.00022099982015788555, "extract_features": 0.0007943999953567982, "map_labels": 0.0001993998885154724, "sanity_checks": 0.00010489998385310173, "total": 0.007616299670189619}}