{"part_id": "0-0-1-5-11-23", "timings_sec": {"read_step": 0.008275300031527877, "enumerate_faces": 2.4800188839435577e-05, "build_adjacency": 0.00028849998489022255, "extract_features": 0.0010494999587535858, "map_labels": 0.000197199871763587, "sanity_checks": 0.00013320008292794228, "total": 0.00996850011870265}}