{"part_id": "0-0-4-5-11-23", "timings_sec": {"read_step": 0.008940599858760834, "enumerate_faces": 2.4700071662664413e-05, "build_adjacency": 0.000282099936157465, "extract_features": 0.0010315999388694763, "map_labels": 0.0002217001747339964, "sanity_checks": 0.00014789984561502934, "total": 0.010648599825799465}}