{"part_id": "0-0-2-4-11-23", "timings_sec": {"read_step": 0.008215999929234385, "enumerate_faces": 2.5700079277157784e-05, "build_adjacency": 0.00028200005181133747, "extract_features": 0.001034199958667159, "map_labels": 0.0002196000423282385, "sanity_checks": 0.00013740011490881443, "total": 0.009914900176227093}}