{"part_id": "0-0-4-7-12-23", "timings_sec": {"read_step": 0.0067535999696701765, "enumerate_faces": 2.9100105166435242e-05, "build_adjacency": 0.0002499001566320658, "extract_features": 0.0008835999760776758, "map_labels": 0.00020989985205233097, "sanity_checks": 0.00011470005847513676, "total": 0.008240800118073821}}