{"part_id": "0-0-5-10-10-23", "timings_sec": {"read_step": 0.007734399987384677, "enumerate_faces": 2.4399952962994576e-05, "build_adjacency": 0.0002671999391168356, "extract_features": 0.000990200089290738, "map_labels": 0.00018659979104995728, "sanity_checks": 0.0001317998394370079, "total": 0.00933459959924221}}