{"part_id": "0-0-7-12-13-23", "timings_sec": {"read_step": 0.0064409999176859856, "enumerate_faces": 2.269982360303402e-05, "build_adjacency": 0.00023200013674795628, "extract_features": 0.000807400094345212, "map_labels": 0.0001838000025600195, "sanity_checks": 0.00010730000212788582, "total": 0.007794199977070093}}