{"part_id": "0-0-8-9-11-23", "timings_sec": {"read_step": 0.007359700044617057, "enumerate_faces": 3.0399998649954796e-05, "build_adjacency": 0.00026480015367269516, "extract_features": 0.0009969000238925219, "map_labels": 0.00024150009267032146, "sanity_checks": 0.0001329001970589161, "total": 0.009026200510561466}}