{"part_id": "0-0-4-9-13-23", "timings_sec": {"read_step": 0.006603599991649389, "enumerate_faces": 2.7999980375170708e-05, "build_adjacency": 0.00022389995865523815, "extract_features": 0.0008122001308947802, "map_labels": 0.00021570012904703617, "sanity_checks": 0.00010950001887977123, "total": 0.007992900209501386}}