{"part_id": "0-0-4-9-12-23", "timings_sec": {"read_step": 0.006889099953696132, "enumerate_faces": 2.310005947947502e-05, "build_adjacency": 0.0002397000789642334, "extract_features": 0.000884499866515398, "map_labels": 0.00018949992954730988, "sanity_checks": 0.00011939997784793377, "total": 0.008345299866050482}}