{"part_id": "0-0-1-2-7-23", "timings_sec": {"read_step": 0.008552999934181571, "enumerate_faces": 2.4600187316536903e-05, "build_adjacency": 0.00024199998006224632, "extract_features": 0.0008825000841170549, "map_labels": 0.00019109994173049927, "sanity_checks": 0.0001126001589000225, "total": 0.010005800286307931}}