{"part_id": "0-0-4-8-9-23", "timings_sec": {"read_step": 0.006425400031730533, "enumerate_faces": 2.1399930119514465e-05, "build_adjacency": 0.00020830007269978523, "extract_features": 0.0007792999967932701, "map_labels": 0.00018259999342262745, "sanity_checks": 0.0001066999975591898, "total": 0.00772370002232492}}