{"part_id": "0-0-5-5-10-23", "timings_sec": {"read_step": 0.007720299996435642, "enumerate_faces": 2.719997428357601e-05, "build_adjacency": 0.00027270009741187096, "extract_features": 0.0009918001014739275, "map_labels": 0.00021279999054968357, "sanity_checks": 0.00013229995965957642, "total": 0.009357100119814277}}