{"part_id": "0-0-2-5-19", "timings_sec": {"read_step": 0.006608699914067984, "enumerate_faces": 3.120000474154949e-05, "build_adjacency": 0.00023619993589818478, "extract_features": 0.0008074999786913395, "map_labels": 0.000206399941816926, "sanity_checks": 0.00010380009189248085, "total": 0.007993799867108464}}