{"part_id": "0-0-1-12-13-23", "timings_sec": {"read_step": 0.006907900096848607, "enumerate_faces": 3.469991497695446e-05, "build_adjacency": 0.0002389000728726387, "extract_features": 0.001026500016450882, "map_labels": 0.0002639999147504568, "sanity_checks": 0.00015789992175996304, "total": 0.008629899937659502}}