{"part_id": "0-0-2-5-7-23", "timings_sec": {"read_step": 0.007315099937841296, "enumerate_faces": 2.2900057956576347e-05, "build_adjacency": 0.00025269994512200356, "extract_features": 0.0009882000740617514, "map_labels": 0.0001938000787049532, "sanity_checks": 0.0001191999763250351, "total": 0.008891900070011616}}