{"part_id": "0-0-8-10-12-23", "timings_sec": {"read_step": 0.008575099986046553, "enumerate_faces": 3.739981912076473e-05, "build_adjacency": 0.00026350002735853195, "extract_features": 0.0010553000029176474, "map_labels": 0.00025349995121359825, "sanity_checks": 0.00012520002201199532, "total": 0.01030999980866909}}