{"part_id": "0-0-0-5-14-23", "timings_sec": {"read_step": 0.005933100124821067, "enumerate_faces": 2.2900057956576347e-05, "build_adjacency": 0.00021249987185001373, "extract_features": 0.0007770999800413847, "map_labels": 0.00018710014410316944, "sanity_checks": 0.00010110018774867058, "total": 0.007233800366520882}}