{"part_id": "0-0-3-3-4-23", "timings_sec": {"read_step": 0.013225500006228685, "enumerate_faces": 4.060007631778717e-05, "build_adjacency": 0.0005387000273913145, "extract_features": 0.0017679999582469463, "map_labels": 0.00026670005172491074, "sanity_checks": 0.0002259998582303524, "total": 0.016065499978139997}}