{"part_id": "0-0-2-10-14-23", "timings_sec": {"read_step": 0.007932600099593401, "enumerate_faces": 2.719997428357601e-05, "build_adjacency": 0.00026030000299215317, "extract_features": 0.0009505001362413168, "map_labels": 0.00020679994486272335, "sanity_checks": 0.00012569990940392017, "total": 0.00950310006737709}}