{"part_id": "0-0-0-4-12-23", "timings_sec": {"read_step": 0.0061669000424444675, "enumerate_faces": 2.100015990436077e-05, "build_adjacency": 0.0002851998433470726, "extract_features": 0.0010192999616265297, "map_labels": 0.00019509997218847275, "sanity_checks": 0.0001384001225233078, "total": 0.007825900102034211}}