{"part_id": "0-0-2-3-11-23", "timings_sec": {"read_step": 0.009640599833801389, "enumerate_faces": 2.8999987989664078e-05, "build_adjacency": 0.0003424999304115772, "extract_features": 0.001216299831867218, "map_labels": 0.00021139997988939285, "sanity_checks": 0.00015199999324977398, "total": 0.011591799557209015}}