{"part_id": "0-0-1-5-6-23", "timings_sec": {"read_step": 0.011412800056859851, "enumerate_faces": 3.1299889087677e-05, "build_adjacency": 0.0003595000598579645, "extract_features": 0.0012533999979496002, "map_labels": 0.0002302001230418682, "sanity_checks": 0.0001680001150816679, "total": 0.013455200241878629}}