{"part_id": "0-0-1-8-14-23", "timings_sec": {"read_step": 0.010626599891111255, "enumerate_faces": 4.029995761811733e-05, "build_adjacency": 0.00036710011772811413, "extract_features": 0.001221999991685152, "map_labels": 0.0002569998614490032, "sanity_checks": 0.00016249995678663254, "total": 0.012675499776378274}}