{"part_id": "0-0-2-3-13-23", "timings_sec": {"read_step": 0.01051070005632937, "enumerate_faces": 2.8700102120637894e-05, "build_adjacency": 0.00036700000055134296, "extract_features": 0.0012643998488783836, "map_labels": 0.00020999996922910213, "sanity_checks": 0.00015430012717843056, "total": 0.012535100104287267}}