{"part_id": "0-0-1-9-13-23", "timings_sec": {"read_step": 0.006228900048881769, "enumerate_faces": 2.6300083845853806e-05, "build_adjacency": 0.00021580001339316368, "extract_features": 0.0007939999923110008, "map_labels": 0.00018780003301799297, "sanity_checks": 0.00010610022582113743, "total": 0.007558900397270918}}