{"part_id": "0-0-6-10-10-23", "timings_sec": {"read_step": 0.007014100207015872, "enumerate_faces": 3.1800009310245514e-05, "build_adjacency": 0.0002514999359846115, "extract_features": 0.0011122000869363546, "map_labels": 0.00023550004698336124, "sanity_checks": 0.00012880004942417145, "total": 0.008773900335654616}}