{"part_id": "0-0-12-12-12-23", "timings_sec": {"read_step": 0.007429399993270636, "enumerate_faces": 2.6300083845853806e-05, "build_adjacency": 0.00027210009284317493, "extract_features": 0.0009729999583214521, "map_labels": 0.00019890000112354755, "sanity_checks": 0.0001216998789459467, "total": 0.00902140000835061}}