{"part_id": "0-0-0-3-13-23", "timings_sec": {"read_step": 0.0065686998423188925, "enumerate_faces": 2.41999514400959e-05, "build_adjacency": 0.00022459984757006168, "extract_features": 0.0008243999909609556, "map_labels": 0.00018990016542375088, "sanity_checks": 0.0001066999975591898, "total": 0.007938499795272946}}