{"part_id": "0-0-0-8-8-23", "timings_sec": {"read_step": 0.0040259999223053455, "enumerate_faces": 2.0300038158893585e-05, "build_adjacency": 0.00014590006321668625, "extract_features": 0.000520800007507205, "map_labels": 0.00017119990661740303, "sanity_checks": 7.670000195503235e-05, "total": 0.004960899939760566}}