{"part_id": "0-0-9-14-14-23", "timings_sec": {"read_step": 0.007746899966150522, "enumerate_faces": 3.569992259144783e-05, "build_adjacency": 0.0002521001733839512, "extract_features": 0.0009347000159323215, "map_labels": 0.0002397000789642334, "sanity_checks": 0.00011730007827281952, "total": 0.009326400235295296}}