{"part_id": "0-0-3-3-12-23", "timings_sec": {"read_step": 0.009650199906900525, "enumerate_faces": 3.150012344121933e-05, "build_adjacency": 0.00033199996687471867, "extract_features": 0.0011856998316943645, "map_labels": 0.00021370011381804943, "sanity_checks": 0.000148500083014369, "total": 0.011561600025743246}}