{"part_id": "0-0-9-10-13-23", "timings_sec": {"read_step": 0.006556399865075946, "enumerate_faces": 2.610008232295513e-05, "build_adjacency": 0.00022789998911321163, "extract_features": 0.001002499833703041, "map_labels": 0.0002337999176234007, "sanity_checks": 0.00019379984587430954, "total": 0.008240499533712864}}