{"part_id": "0-0-0-0-3-23", "timings_sec": {"read_step": 0.0058645999524742365, "enumerate_faces": 1.5099998563528061e-05, "build_adjacency": 0.00020659994333982468, "extract_features": 0.0007394000422209501, "map_labels": 0.0001697998959571123, "sanity_checks": 0.00010109995491802692, "total": 0.007096599787473679}}