{"part_id": "0-0-6-8-10-23", "timings_sec": {"read_step": 0.006187800085172057, "enumerate_faces": 2.3999949917197227e-05, "build_adjacency": 0.00021920003928244114, "extract_features": 0.0008032999467104673, "map_labels": 0.00019069993868470192, "sanity_checks": 0.00010730000212788582, "total": 0.007532299961894751}}