{"part_id": "0-0-6-11-12-23", "timings_sec": {"read_step": 0.007465200033038855, "enumerate_faces": 2.559996210038662e-05, "build_adjacency": 0.00027609989047050476, "extract_features": 0.0009870000649243593, "map_labels": 0.00020270003005862236, "sanity_checks": 0.00012930016964673996, "total": 0.009085900150239468}}