{"part_id": "0-0-1-2-3-23", "timings_sec": {"read_step": 0.017390299821272492, "enumerate_faces": 3.620004281401634e-05, "build_adjacency": 0.0003947000950574875, "extract_features": 0.0012900999281555414, "map_labels": 0.00022300006821751595, "sanity_checks": 0.00014839996583759785, "total": 0.01948269992135465}}