{"part_id": "0-0-6-6-11-23", "timings_sec": {"read_step": 0.006256700027734041, "enumerate_faces": 2.3799948394298553e-05, "build_adjacency": 0.00021820003166794777, "extract_features": 0.0008036999497562647, "map_labels": 0.00018360000103712082, "sanity_checks": 0.00010689999908208847, "total": 0.0075928999576717615}}