{"part_id": "0-0-6-11-13-23", "timings_sec": {"read_step": 0.007019199896603823, "enumerate_faces": 3.42000275850296e-05, "build_adjacency": 0.00027009984478354454, "extract_features": 0.0009220000356435776, "map_labels": 0.00021750014275312424, "sanity_checks": 0.00012029986828565598, "total": 0.008583299815654755}}