{"part_id": "0-0-13-14-14-23", "timings_sec": {"read_step": 0.006612499943003058, "enumerate_faces": 2.5799963623285294e-05, "build_adjacency": 0.00021909992210566998, "extract_features": 0.0007730000652372837, "map_labels": 0.00019319984130561352, "sanity_checks": 0.00010149995796382427, "total": 0.007925099693238735}}