{"part_id": "0-0-4-5-7-23", "timings_sec": {"read_step": 0.006799499969929457, "enumerate_faces": 2.5700079277157784e-05, "build_adjacency": 0.00024580000899732113, "extract_features": 0.000877999933436513, "map_labels": 0.00019489997066557407, "sanity_checks": 0.00011439993977546692, "total": 0.00825829990208149}}