{"part_id": "0-0-7-7-10-23", "timings_sec": {"read_step": 0.006783599965274334, "enumerate_faces": 2.4700071662664413e-05, "build_adjacency": 0.00024429988116025925, "extract_features": 0.0008954999502748251, "map_labels": 0.00019010016694664955, "sanity_checks": 0.00012029986828565598, "total": 0.008258499903604388}}