{"part_id": "0-0-0-11-13-23", "timings_sec": {"read_step": 0.006503100041300058, "enumerate_faces": 2.41999514400959e-05, "build_adjacency": 0.0002272001001983881, "extract_features": 0.0008411998860538006, "map_labels": 0.00019789999350905418, "sanity_checks": 0.00011290004476904869, "total": 0.007906500017270446}}