{"part_id": "0-0-11-11-13-23", "timings_sec": {"read_step": 0.008517799898982048, "enumerate_faces": 2.8399983420968056e-05, "build_adjacency": 0.0003049001097679138, "extract_features": 0.001116700004786253, "map_labels": 0.00021070009097456932, "sanity_checks": 0.00014599994756281376, "total": 0.010324500035494566}}