{"part_id": "0-0-4-11-14-23", "timings_sec": {"read_step": 0.00786440004594624, "enumerate_faces": 2.8399983420968056e-05, "build_adjacency": 0.0002770000137388706, "extract_features": 0.0010025999508798122, "map_labels": 0.0002343999221920967, "sanity_checks": 0.00013329996727406979, "total": 0.009540099883452058}}