{"part_id": "0-0-2-5-10-23", "timings_sec": {"read_step": 0.008261899929493666, "enumerate_faces": 3.1499890610575676e-05, "build_adjacency": 0.00027970015071332455, "extract_features": 0.001019699964672327, "map_labels": 0.00021430011838674545, "sanity_checks": 0.0001308999489992857, "total": 0.009938000002875924}}