{"part_id": "0-0-10-12-13-23", "timings_sec": {"read_step": 0.006397899938747287, "enumerate_faces": 2.310005947947502e-05, "build_adjacency": 0.00021689990535378456, "extract_features": 0.0008030999451875687, "map_labels": 0.00019480008631944656, "sanity_checks": 0.00010740011930465698, "total": 0.007743200054392219}}