{"part_id": "0-0-5-7-14-23", "timings_sec": {"read_step": 0.006853400031104684, "enumerate_faces": 2.7300091460347176e-05, "build_adjacency": 0.0002478999085724354, "extract_features": 0.0008819000795483589, "map_labels": 0.0002017999067902565, "sanity_checks": 0.00011399993672966957, "total": 0.008326299954205751}}