{"part_id": "0-0-2-7-9-23", "timings_sec": {"read_step": 0.007071699947118759, "enumerate_faces": 2.529984340071678e-05, "build_adjacency": 0.00024780002422630787, "extract_features": 0.000898399855941534, "map_labels": 0.00021409988403320312, "sanity_checks": 0.0001175999641418457, "total": 0.008574899518862367}}