{"part_id": "0-0-2-2-2-23", "timings_sec": {"read_step": 0.010739099932834506, "enumerate_faces": 2.450007013976574e-05, "build_adjacency": 0.0003717998042702675, "extract_features": 0.0013717999681830406, "map_labels": 0.00021180021576583385, "sanity_checks": 0.00015389989130198956, "total": 0.012872899882495403}}