{"part_id": "0-0-1-5-7-23", "timings_sec": {"read_step": 0.00775170000270009, "enumerate_faces": 2.3900065571069717e-05, "build_adjacency": 0.00024560000747442245, "extract_features": 0.0009516999125480652, "map_labels": 0.00020759995095431805, "sanity_checks": 0.00011259992606937885, "total": 0.009293099865317345}}