{"part_id": "0-0-8-11-13-23", "timings_sec": {"read_step": 0.0076194999273866415, "enumerate_faces": 3.6800047382712364e-05, "build_adjacency": 0.00026030000299215317, "extract_features": 0.0009220000356435776, "map_labels": 0.00023830006830394268, "sanity_checks": 0.00012519978918135166, "total": 0.009202099870890379}}