{"part_id": "0-0-4-4-6-23", "timings_sec": {"read_step": 0.00605840003117919, "enumerate_faces": 2.559996210038662e-05, "build_adjacency": 0.0002172000240534544, "extract_features": 0.0008128001354634762, "map_labels": 0.00023669982329010963, "sanity_checks": 0.00010419986210763454, "total": 0.007454899838194251}}