{"part_id": "0-0-2-4-6-23", "timings_sec": {"read_step": 0.006536999950185418, "enumerate_faces": 2.2700056433677673e-05, "build_adjacency": 0.00022399984300136566, "extract_features": 0.0008962999563664198, "map_labels": 0.00020459992811083794, "sanity_checks": 0.00010850001126527786, "total": 0.007993099745362997}}