{"part_id": "0-0-0-3-7-23", "timings_sec": {"read_step": 0.007286699954420328, "enumerate_faces": 2.350006252527237e-05, "build_adjacency": 0.000251400051638484, "extract_features": 0.0008987998589873314, "map_labels": 0.00018900004215538502, "sanity_checks": 0.00011490005999803543, "total": 0.008764300029724836}}