{"part_id": "0-0-4-11-11-23", "timings_sec": {"read_step": 0.008982899831607938, "enumerate_faces": 2.8399983420968056e-05, "build_adjacency": 0.0003201998770236969, "extract_features": 0.0011692000553011894, "map_labels": 0.00020599993877112865, "sanity_checks": 0.00015510013327002525, "total": 0.010861799819394946}}