{"part_id": "0-0-8-11-11-23", "timings_sec": {"read_step": 0.008739299839362502, "enumerate_faces": 3.3700140193104744e-05, "build_adjacency": 0.0003309999592602253, "extract_features": 0.0011471000034362078, "map_labels": 0.00023220013827085495, "sanity_checks": 0.00015130010433495045, "total": 0.010634600184857845}}