{"part_id": "0-0-2-7-13-23", "timings_sec": {"read_step": 0.006718499818816781, "enumerate_faces": 2.410006709396839e-05, "build_adjacency": 0.00023459992371499538, "extract_features": 0.0008243999909609556, "map_labels": 0.00019739987328648567, "sanity_checks": 0.00010750000365078449, "total": 0.00810649967752397}}