{"part_id": "0-0-2-10-10-23", "timings_sec": {"read_step": 0.008114999858662486, "enumerate_faces": 2.1200161427259445e-05, "build_adjacency": 0.0002829998265951872, "extract_features": 0.0011112000793218613, "map_labels": 0.00018789991736412048, "sanity_checks": 0.00013400008901953697, "total": 0.009852299932390451}}