{"part_id": "0-0-2-3-14-23", "timings_sec": {"read_step": 0.011818099999800324, "enumerate_faces": 3.0499882996082306e-05, "build_adjacency": 0.00038439990021288395, "extract_features": 0.001324100187048316, "map_labels": 0.00022279983386397362, "sanity_checks": 0.00016300007700920105, "total": 0.013942899880930781}}