{"part_id": "0-0-7-8-12-23", "timings_sec": {"read_step": 0.006472300039604306, "enumerate_faces": 2.6399968191981316e-05, "build_adjacency": 0.000232999911531806, "extract_features": 0.0008352999575436115, "map_labels": 0.00019240006804466248, "sanity_checks": 0.0001134001649916172, "total": 0.007872800109907985}}