{"part_id": "0-0-1-5-5-23", "timings_sec": {"read_step": 0.005711599951609969, "enumerate_faces": 2.3799948394298553e-05, "build_adjacency": 0.0002041999250650406, "extract_features": 0.0007245000451803207, "map_labels": 0.00020329980179667473, "sanity_checks": 9.600003249943256e-05, "total": 0.006963399704545736}}