{"part_id": "0-0-0-2-9-23", "timings_sec": {"read_step": 0.010914800222963095, "enumerate_faces": 3.860006108880043e-05, "build_adjacency": 0.0003380998969078064, "extract_features": 0.0012158001773059368, "map_labels": 0.0002797998022288084, "sanity_checks": 0.00016689999029040337, "total": 0.01295400015078485}}