{"part_id": "0-0-1-5-8-23", "timings_sec": {"read_step": 0.00745979999192059, "enumerate_faces": 2.2999942302703857e-05, "build_adjacency": 0.00023210002109408379, "extract_features": 0.0008149000350385904, "map_labels": 0.0001900000497698784, "sanity_checks": 0.00010730000212788582, "total": 0.008827100042253733}}