{"part_id": "0-0-1-4-12-23", "timings_sec": {"read_step": 0.0077707001473754644, "enumerate_faces": 2.719997428357601e-05, "build_adjacency": 0.0002516000531613827, "extract_features": 0.0008859001100063324, "map_labels": 0.00022559985518455505, "sanity_checks": 0.00011430005542933941, "total": 0.00927530019544065}}