{"part_id": "0-0-9-9-10-23", "timings_sec": {"read_step": 0.009280600119382143, "enumerate_faces": 5.13000413775444e-05, "build_adjacency": 0.0004045001696795225, "extract_features": 0.001946199918165803, "map_labels": 0.00043509993702173233, "sanity_checks": 0.00023210002109408379, "total": 0.012349800206720829}}