{"part_id": "0-0-0-0-7-23", "timings_sec": {"read_step": 0.004649000009521842, "enumerate_faces": 1.5800120308995247e-05, "build_adjacency": 0.0001650999765843153, "extract_features": 0.0006055000703781843, "map_labels": 0.00016600009985268116, "sanity_checks": 8.140015415847301e-05, "total": 0.005682800430804491}}