{"part_id": "0-0-5-9-19", "timings_sec": {"read_step": 0.006060000043362379, "enumerate_faces": 3.569992259144783e-05, "build_adjacency": 0.00022220006212592125, "extract_features": 0.0008005998097360134, "map_labels": 0.00023860018700361252, "sanity_checks": 0.00010820012539625168, "total": 0.007465300150215626}}