{"part_id": "0-0-11-12-14-23", "timings_sec": {"read_step": 0.008736800169572234, "enumerate_faces": 2.7099857106804848e-05, "build_adjacency": 0.0002882999833673239, "extract_features": 0.0010315000545233488, "map_labels": 0.0002139001153409481, "sanity_checks": 0.00013660010881721973, "total": 0.01043420028872788}}