{"part_id": "0-0-3-4-7-23", "timings_sec": {"read_step": 0.008984899846836925, "enumerate_faces": 3.390014171600342e-05, "build_adjacency": 0.0002858999650925398, "extract_features": 0.0009830000344663858, "map_labels": 0.00022130017168819904, "sanity_checks": 0.00012720003724098206, "total": 0.010636200197041035}}