{"part_id": "0-0-2-2-10-23", "timings_sec": {"read_step": 0.009480699896812439, "enumerate_faces": 2.7999980375170708e-05, "build_adjacency": 0.00033359997905790806, "extract_features": 0.0011382000520825386, "map_labels": 0.0002171001397073269, "sanity_checks": 0.0001425999216735363, "total": 0.01134019996970892}}