{"part_id": "0-0-2-5-14-23", "timings_sec": {"read_step": 0.00715889991261065, "enumerate_faces": 2.459995448589325e-05, "build_adjacency": 0.000251599820330739, "extract_features": 0.0009103999473154545, "map_labels": 0.0001984999980777502, "sanity_checks": 0.00011599995195865631, "total": 0.008659999584779143}}