{"part_id": "0-0-3-12-13-23", "timings_sec": {"read_step": 0.007832299917936325, "enumerate_faces": 3.0199997127056122e-05, "build_adjacency": 0.0002755001187324524, "extract_features": 0.0009796000085771084, "map_labels": 0.00021430011838674545, "sanity_checks": 0.00012600002810359, "total": 0.009457900188863277}}