{"part_id": "0-0-5-12-13-23", "timings_sec": {"read_step": 0.00821250001899898, "enumerate_faces": 2.6899855583906174e-05, "build_adjacency": 0.0002505001612007618, "extract_features": 0.0008811999578028917, "map_labels": 0.0002052001655101776, "sanity_checks": 0.00011569983325898647, "total": 0.009691999992355704}}