{"part_id": "0-0-1-4-9-23", "timings_sec": {"read_step": 0.006537799956277013, "enumerate_faces": 2.1900050342082977e-05, "build_adjacency": 0.00022689998149871826, "extract_features": 0.000831100158393383, "map_labels": 0.00018140021711587906, "sanity_checks": 0.00011119991540908813, "total": 0.007910300279036164}}