{"part_id": "0-0-2-3-7-23", "timings_sec": {"read_step": 0.008268199861049652, "enumerate_faces": 2.8700102120637894e-05, "build_adjacency": 0.00028849998489022255, "extract_features": 0.0010194000788033009, "map_labels": 0.00020780018530786037, "sanity_checks": 0.00013029994443058968, "total": 0.009942900156602263}}