{"part_id": "0-0-14-14-14-23", "timings_sec": {"read_step": 0.006374099990352988, "enumerate_faces": 2.1999934688210487e-05, "build_adjacency": 0.00022569997236132622, "extract_features": 0.0008898000232875347, "map_labels": 0.00018449989147484303, "sanity_checks": 0.00010639987885951996, "total": 0.007802499691024423}}