{"part_id": "0-0-10-11-19", "timings_sec": {"read_step": 0.006826600059866905, "enumerate_faces": 2.2600172087550163e-05, "build_adjacency": 0.0002389999572187662, "extract_features": 0.0008894000202417374, "map_labels": 0.00018250010907649994, "sanity_checks": 0.00012019998393952847, "total": 0.008280300302430987}}