{"part_id": "0-0-4-9-10-23", "timings_sec": {"read_step": 0.007203799905255437, "enumerate_faces": 2.6899855583906174e-05, "build_adjacency": 0.00024749990552663803, "extract_features": 0.0009194999001920223, "map_labels": 0.00020660017617046833, "sanity_checks": 0.00012420001439750195, "total": 0.008728499757125974}}