{"part_id": "0-0-5-8-9-23", "timings_sec": {"read_step": 0.009217899991199374, "enumerate_faces": 2.510007470846176e-05, "build_adjacency": 0.00023250002413988113, "extract_features": 0.0008604000322520733, "map_labels": 0.0002031000331044197, "sanity_checks": 0.00011899997480213642, "total": 0.010658000130206347}}