{"part_id": "0-0-1-3-8-23", "timings_sec": {"read_step": 0.008751999819651246, "enumerate_faces": 2.7999980375170708e-05, "build_adjacency": 0.00030930014327168465, "extract_features": 0.0010538001079112291, "map_labels": 0.00019779987633228302, "sanity_checks": 0.00012489990331232548, "total": 0.010465799830853939}}