{"part_id": "0-0-1-9-14-23", "timings_sec": {"read_step": 0.006525400094687939, "enumerate_faces": 2.5800196453928947e-05, "build_adjacency": 0.00023010000586509705, "extract_features": 0.0008511000778526068, "map_labels": 0.00019329995848238468, "sanity_checks": 0.00011159991845488548, "total": 0.007937300251796842}}