{"part_id": "0-0-0-5-9-23", "timings_sec": {"read_step": 0.006865200120955706, "enumerate_faces": 2.5399960577487946e-05, "build_adjacency": 0.00021860003471374512, "extract_features": 0.000794899882748723, "map_labels": 0.00019999989308416843, "sanity_checks": 0.00010629999451339245, "total": 0.008210399886593223}}