{"part_id": "0-0-7-11-13-23", "timings_sec": {"read_step": 0.008116499986499548, "enumerate_faces": 3.9300182834267616e-05, "build_adjacency": 0.00027860002592206, "extract_features": 0.0010527998674660921, "map_labels": 0.00023879995569586754, "sanity_checks": 0.00023540016263723373, "total": 0.009961400181055069}}