{"part_id": "0-0-1-5-13-23", "timings_sec": {"read_step": 0.006960600148886442, "enumerate_faces": 2.7399975806474686e-05, "build_adjacency": 0.0002474000211805105, "extract_features": 0.000867099966853857, "map_labels": 0.00020150002092123032, "sanity_checks": 0.00011059991084039211, "total": 0.008414600044488907}}