{"part_id": "0-0-5-5-13-23", "timings_sec": {"read_step": 0.006710000103339553, "enumerate_faces": 2.659996971487999e-05, "build_adjacency": 0.00025020004250109196, "extract_features": 0.0008769000414758921, "map_labels": 0.0002009000163525343, "sanity_checks": 0.00011370005086064339, "total": 0.008178300224244595}}