{"part_id": "0-0-1-2-12-23", "timings_sec": {"read_step": 0.0075789999682456255, "enumerate_faces": 2.3999949917197227e-05, "build_adjacency": 0.00025189993903040886, "extract_features": 0.0009215001482516527, "map_labels": 0.00019029993563890457, "sanity_checks": 0.00011979998089373112, "total": 0.00908649992197752}}