{"part_id": "0-0-13-13-13-23", "timings_sec": {"read_step": 0.005322400014847517, "enumerate_faces": 2.210005186498165e-05, "build_adjacency": 0.00018740002997219563, "extract_features": 0.0006873998790979385, "map_labels": 0.00018429988995194435, "sanity_checks": 9.190011769533157e-05, "total": 0.006495499983429909}}