{"part_id": "0-0-1-13-19", "timings_sec": {"read_step": 0.005051600048318505, "enumerate_faces": 2.3900065571069717e-05, "build_adjacency": 0.0001767999492585659, "extract_features": 0.0006311999168246984, "map_labels": 0.00018049986101686954, "sanity_checks": 8.579995483160019e-05, "total": 0.006149799795821309}}