{"part_id": "0-0-0-3-11-23", "timings_sec": {"read_step": 0.011709999991580844, "enumerate_faces": 3.8899946957826614e-05, "build_adjacency": 0.0004641998093575239, "extract_features": 0.001602299977093935, "map_labels": 0.00026350002735853195, "sanity_checks": 0.00021289987489581108, "total": 0.014291799627244473}}