{"part_id": "0-0-14-14-19", "timings_sec": {"read_step": 0.005180200096219778, "enumerate_faces": 2.0799925550818443e-05, "build_adjacency": 0.00018789991736412048, "extract_features": 0.0006673000752925873, "map_labels": 0.00017950008623301983, "sanity_checks": 8.910009637475014e-05, "total": 0.006324800197035074}}