{"part_id": "0-0-0-5-10-23", "timings_sec": {"read_step": 0.00636990019120276, "enumerate_faces": 2.4499837309122086e-05, "build_adjacency": 0.00023080012761056423, "extract_features": 0.000843999907374382, "map_labels": 0.00020279991440474987, "sanity_checks": 0.00015609990805387497, "total": 0.007828099885955453}}