{"part_id": "0-0-2-7-12-23", "timings_sec": {"read_step": 0.007425900083035231, "enumerate_faces": 2.4200184270739555e-05, "build_adjacency": 0.0002545001916587353, "extract_features": 0.0010528999846428633, "map_labels": 0.0001962999813258648, "sanity_checks": 0.00011959997937083244, "total": 0.009073400404304266}}