{"part_id": "0-0-9-10-10-23", "timings_sec": {"read_step": 0.007689299993216991, "enumerate_faces": 2.9099872335791588e-05, "build_adjacency": 0.0002655000425875187, "extract_features": 0.0010216000955551863, "map_labels": 0.00020450004376471043, "sanity_checks": 0.0001354999840259552, "total": 0.009345500031486154}}