{"part_id": "0-0-1-11-14-23", "timings_sec": {"read_step": 0.00812639994546771, "enumerate_faces": 3.7599820643663406e-05, "build_adjacency": 0.00039439997635781765, "extract_features": 0.0010512999724596739, "map_labels": 0.00021660001948475838, "sanity_checks": 0.0001308000646531582, "total": 0.009957099799066782}}