{"part_id": "0-0-0-9-19", "timings_sec": {"read_step": 0.004476899979636073, "enumerate_faces": 2.0700041204690933e-05, "build_adjacency": 0.00016300007700920105, "extract_features": 0.0005991000216454268, "map_labels": 0.0001767999492585659, "sanity_checks": 8.390005677938461e-05, "total": 0.005520400125533342}}