{"part_id": "0-0-0-3-10-23", "timings_sec": {"read_step": 0.008491399930790067, "enumerate_faces": 2.9199989512562752e-05, "build_adjacency": 0.00027290009893476963, "extract_features": 0.0009854999370872974, "map_labels": 0.00021820003166794777, "sanity_checks": 0.00012620002962648869, "total": 0.010123400017619133}}