{"part_id": "0-1-6-9-10-23", "timings_sec": {"read_step": 0.007480900036171079, "enumerate_faces": 2.4799956008791924e-05, "build_adjacency": 0.00025139981880784035, "extract_features": 0.0009772998746484518, "map_labels": 0.00019269995391368866, "sanity_checks": 0.0001308999489992857, "total": 0.009057999588549137}}