{"part_id": "0-1-5-5-8-23", "timings_sec": {"read_step": 0.0071264998987317085, "enumerate_faces": 2.2799940779805183e-05, "build_adjacency": 0.00023660017177462578, "extract_features": 0.0008718001190572977, "map_labels": 0.00019209994934499264, "sanity_checks": 0.00011719996109604836, "total": 0.008567000040784478}}