{"part_id": "0-1-3-10-13-23", "timings_sec": {"read_step": 0.0112657998688519, "enumerate_faces": 2.529984340071678e-05, "build_adjacency": 0.0003825998865067959, "extract_features": 0.001379600027576089, "map_labels": 0.0001987998839467764, "sanity_checks": 0.00016660010442137718, "total": 0.013418699614703655}}