{"part_id": "0-1-3-3-19", "timings_sec": {"read_step": 0.00890920008532703, "enumerate_faces": 2.719997428357601e-05, "build_adjacency": 0.0002999999560415745, "extract_features": 0.0010876001324504614, "map_labels": 0.00019720010459423065, "sanity_checks": 0.00014120014384388924, "total": 0.010662400396540761}}