{"part_id": "0-1-10-10-14-23", "timings_sec": {"read_step": 0.008145499974489212, "enumerate_faces": 2.750009298324585e-05, "build_adjacency": 0.000287200091406703, "extract_features": 0.001070900121703744, "map_labels": 0.00021350011229515076, "sanity_checks": 0.00013830000534653664, "total": 0.009882900398224592}}