{"part_id": "0-1-1-2-4-23", "timings_sec": {"read_step": 0.008703199913725257, "enumerate_faces": 2.5799963623285294e-05, "build_adjacency": 0.0003003000747412443, "extract_features": 0.0010224999859929085, "map_labels": 0.0002079999540001154, "sanity_checks": 0.00012690015137195587, "total": 0.010386700043454766}}