{"part_id": "0-1-5-6-14-23", "timings_sec": {"read_step": 0.007675200002267957, "enumerate_faces": 2.559996210038662e-05, "build_adjacency": 0.0002516000531613827, "extract_features": 0.00092559983022511, "map_labels": 0.00019829999655485153, "sanity_checks": 0.00011819996871054173, "total": 0.00919449981302023}}