{"part_id": "0-1-1-8-14-23", "timings_sec": {"read_step": 0.006760200019925833, "enumerate_faces": 2.6600202545523643e-05, "build_adjacency": 0.0002335000317543745, "extract_features": 0.0008147000335156918, "map_labels": 0.00022600009106099606, "sanity_checks": 0.00013649999164044857, "total": 0.008197500370442867}}