{"part_id": "0-1-2-14-14-23", "timings_sec": {"read_step": 0.008095300057902932, "enumerate_faces": 3.3899908885359764e-05, "build_adjacency": 0.00027920003049075603, "extract_features": 0.0009796000085771084, "map_labels": 0.00022279983386397362, "sanity_checks": 0.00012829992920160294, "total": 0.009739099768921733}}