{"part_id": "0-1-1-9-12-23", "timings_sec": {"read_step": 0.00841120001859963, "enumerate_faces": 3.2300129532814026e-05, "build_adjacency": 0.00028270017355680466, "extract_features": 0.0010619999375194311, "map_labels": 0.00022829999215900898, "sanity_checks": 0.00014570006169378757, "total": 0.010162200313061476}}