{"part_id": "0-1-1-4-10-23", "timings_sec": {"read_step": 0.010596900014206767, "enumerate_faces": 4.540011286735535e-05, "build_adjacency": 0.00038899993523955345, "extract_features": 0.0012908999342471361, "map_labels": 0.00026730005629360676, "sanity_checks": 0.00016689999029040337, "total": 0.012756400043144822}}