{"part_id": "0-1-13-14-14-23", "timings_sec": {"read_step": 0.006217099959030747, "enumerate_faces": 2.5799963623285294e-05, "build_adjacency": 0.00020689982920885086, "extract_features": 0.0007621999830007553, "map_labels": 0.00019609997980296612, "sanity_checks": 9.820004925131798e-05, "total": 0.007506299763917923}}