{"part_id": "0-1-3-9-19", "timings_sec": {"read_step": 0.012390699936076999, "enumerate_faces": 3.900006413459778e-05, "build_adjacency": 0.00042530009523034096, "extract_features": 0.0015333001501858234, "map_labels": 0.0002576000988483429, "sanity_checks": 0.0002193001564592123, "total": 0.014865200500935316}}