{"part_id": "0-1-2-14-19", "timings_sec": {"read_step": 0.006713800132274628, "enumerate_faces": 2.4999957531690598e-05, "build_adjacency": 0.00023000012151896954, "extract_features": 0.0008674000855535269, "map_labels": 0.00021370011381804943, "sanity_checks": 0.00011090002954006195, "total": 0.008160800440236926}}