{"part_id": "0-1-11-12-13-23", "timings_sec": {"read_step": 0.008937000064179301, "enumerate_faces": 3.690016455948353e-05, "build_adjacency": 0.0004282000008970499, "extract_features": 0.0011231000535190105, "map_labels": 0.0002699000760912895, "sanity_checks": 0.00014659995213150978, "total": 0.010941700311377645}}