{"part_id": "0-1-8-9-14-23", "timings_sec": {"read_step": 0.007059700088575482, "enumerate_faces": 2.3900065571069717e-05, "build_adjacency": 0.0002392998430877924, "extract_features": 0.0009053999092429876, "map_labels": 0.00018940004520118237, "sanity_checks": 0.00011519994586706161, "total": 0.008532899897545576}}