{"part_id": "0-1-4-4-11-23", "timings_sec": {"read_step": 0.008789299987256527, "enumerate_faces": 2.5399960577487946e-05, "build_adjacency": 0.0002937000244855881, "extract_features": 0.0010906998068094254, "map_labels": 0.00022000004537403584, "sanity_checks": 0.00014160014688968658, "total": 0.01056069997139275}}