{"part_id": "0-1-6-10-13-23", "timings_sec": {"read_step": 0.00745509983971715, "enumerate_faces": 2.629985101521015e-05, "build_adjacency": 0.00024199998006224632, "extract_features": 0.0009910000953823328, "map_labels": 0.0002038001548498869, "sanity_checks": 0.00011979998089373112, "total": 0.009037999901920557}}