{"part_id": "0-1-6-7-11-23", "timings_sec": {"read_step": 0.008392199873924255, "enumerate_faces": 2.8299866244196892e-05, "build_adjacency": 0.00028449995443224907, "extract_features": 0.001209300011396408, "map_labels": 0.00020870007574558258, "sanity_checks": 0.00014119991101324558, "total": 0.010264199692755938}}