{"part_id": "0-1-4-10-14-23", "timings_sec": {"read_step": 0.01307199988514185, "enumerate_faces": 3.8499943912029266e-05, "build_adjacency": 0.00045540020801126957, "extract_features": 0.0016956999897956848, "map_labels": 0.00028280005790293217, "sanity_checks": 0.00022909999825060368, "total": 0.01577350008301437}}