{"part_id": "0-1-1-12-12-23", "timings_sec": {"read_step": 0.008149900007992983, "enumerate_faces": 2.859998494386673e-05, "build_adjacency": 0.0002903998829424381, "extract_features": 0.00102830003015697, "map_labels": 0.0002071000635623932, "sanity_checks": 0.00018960004672408104, "total": 0.009893900016322732}}