{"part_id": "0-1-3-6-6-23", "timings_sec": {"read_step": 0.009202700108289719, "enumerate_faces": 2.8900103643536568e-05, "build_adjacency": 0.0003307000733911991, "extract_features": 0.0010969999711960554, "map_labels": 0.00022990000434219837, "sanity_checks": 0.00013529998250305653, "total": 0.011024500243365765}}