{"part_id": "0-1-1-6-13-23", "timings_sec": {"read_step": 0.006733299931511283, "enumerate_faces": 2.4300068616867065e-05, "build_adjacency": 0.00022990000434219837, "extract_features": 0.0009257998317480087, "map_labels": 0.00019539985805749893, "sanity_checks": 0.00010869977995753288, "total": 0.008217399474233389}}