{"part_id": "0-1-5-6-12-23", "timings_sec": {"read_step": 0.007935900008305907, "enumerate_faces": 2.7300091460347176e-05, "build_adjacency": 0.00027059996500611305, "extract_features": 0.000983899924904108, "map_labels": 0.00020409980788826942, "sanity_checks": 0.00012449990026652813, "total": 0.009546299697831273}}