{"part_id": "0-1-7-8-11-23", "timings_sec": {"read_step": 0.00841750018298626, "enumerate_faces": 2.800021320581436e-05, "build_adjacency": 0.0002881998661905527, "extract_features": 0.0013707000762224197, "map_labels": 0.00024230009876191616, "sanity_checks": 0.0001338999718427658, "total": 0.010480600409209728}}