{"part_id": "0-1-12-13-13-23", "timings_sec": {"read_step": 0.007113700034096837, "enumerate_faces": 3.1499890610575676e-05, "build_adjacency": 0.00025040004402399063, "extract_features": 0.0008843999821692705, "map_labels": 0.00020999996922910213, "sanity_checks": 0.00011449982412159443, "total": 0.00860449974425137}}