{"part_id": "0-1-4-7-7-23", "timings_sec": {"read_step": 0.007834099931642413, "enumerate_faces": 2.429983578622341e-05, "build_adjacency": 0.00025230017490684986, "extract_features": 0.0009333000052720308, "map_labels": 0.0002159997820854187, "sanity_checks": 0.00011990009807050228, "total": 0.009379899827763438}}