{"part_id": "0-1-7-13-19", "timings_sec": {"read_step": 0.0061975999269634485, "enumerate_faces": 2.619996666908264e-05, "build_adjacency": 0.0002055000513792038, "extract_features": 0.0008507999591529369, "map_labels": 0.00023290002718567848, "sanity_checks": 0.00010080006904900074, "total": 0.007613800000399351}}