{"part_id": "0-1-8-10-12-23", "timings_sec": {"read_step": 0.008184200152754784, "enumerate_faces": 3.090011887252331e-05, "build_adjacency": 0.00027270009741187096, "extract_features": 0.0009989000391215086, "map_labels": 0.000220100162550807, "sanity_checks": 0.0001300000585615635, "total": 0.009836800629273057}}