{"part_id": "0-1-3-3-13-23", "timings_sec": {"read_step": 0.010080899810418487, "enumerate_faces": 2.8999987989664078e-05, "build_adjacency": 0.00033590011298656464, "extract_features": 0.0014533000066876411, "map_labels": 0.00032359990291297436, "sanity_checks": 0.0002454000059515238, "total": 0.012468099826946855}}