{"part_id": "0-1-1-7-7-23", "timings_sec": {"read_step": 0.0076838000677526, "enumerate_faces": 2.5399960577487946e-05, "build_adjacency": 0.00027590012177824974, "extract_features": 0.0009487001225352287, "map_labels": 0.00019260006956756115, "sanity_checks": 0.00011950009502470493, "total": 0.009245900437235832}}