{"part_id": "0-1-1-7-11-23", "timings_sec": {"read_step": 0.008801100077107549, "enumerate_faces": 3.309990279376507e-05, "build_adjacency": 0.0003100000321865082, "extract_features": 0.0011048000305891037, "map_labels": 0.00022369995713233948, "sanity_checks": 0.00014280015602707863, "total": 0.010615500155836344}}