{"part_id": "0-1-8-8-8-23", "timings_sec": {"read_step": 0.006172700086608529, "enumerate_faces": 2.229982055723667e-05, "build_adjacency": 0.00020730006508529186, "extract_features": 0.0007643999997526407, "map_labels": 0.00018170010298490524, "sanity_checks": 0.00010100007057189941, "total": 0.007449400145560503}}