{"part_id": "0-1-4-8-14-23", "timings_sec": {"read_step": 0.007886999985203147, "enumerate_faces": 2.7299858629703522e-05, "build_adjacency": 0.0002669000532478094, "extract_features": 0.0009141999762505293, "map_labels": 0.0002131001092493534, "sanity_checks": 0.00011459994129836559, "total": 0.009423099923878908}}