{"part_id": "0-1-4-7-9-23", "timings_sec": {"read_step": 0.007585100131109357, "enumerate_faces": 2.610008232295513e-05, "build_adjacency": 0.00025489996187388897, "extract_features": 0.0009529001545161009, "map_labels": 0.00020309980027377605, "sanity_checks": 0.00012359977699816227, "total": 0.00914569990709424}}