{"part_id": "0-1-4-6-12-23", "timings_sec": {"read_step": 0.007399599999189377, "enumerate_faces": 2.469983883202076e-05, "build_adjacency": 0.0002536000683903694, "extract_features": 0.0010003000497817993, "map_labels": 0.00021549989469349384, "sanity_checks": 0.00011950009502470493, "total": 0.009013199945911765}}