{"part_id": "0-1-9-11-13-23", "timings_sec": {"read_step": 0.008524199947714806, "enumerate_faces": 3.060000017285347e-05, "build_adjacency": 0.00028789998032152653, "extract_features": 0.0010813998524099588, "map_labels": 0.0002498000394552946, "sanity_checks": 0.0001417999155819416, "total": 0.01031569973565638}}