{"part_id": "0-1-1-6-7-23", "timings_sec": {"read_step": 0.008650199975818396, "enumerate_faces": 2.719997428357601e-05, "build_adjacency": 0.0003019999712705612, "extract_features": 0.0010297000408172607, "map_labels": 0.00020150002092123032, "sanity_checks": 0.00012569990940392017, "total": 0.010336299892514944}}