{"part_id": "0-1-5-9-12-23", "timings_sec": {"read_step": 0.008605000097304583, "enumerate_faces": 2.7899863198399544e-05, "build_adjacency": 0.0002816000487655401, "extract_features": 0.0010440999176353216, "map_labels": 0.00020539993420243263, "sanity_checks": 0.00013399985618889332, "total": 0.01029799971729517}}