{"part_id": "0-1-8-12-12-23", "timings_sec": {"read_step": 0.007828200003132224, "enumerate_faces": 2.6799971237778664e-05, "build_adjacency": 0.0002685999497771263, "extract_features": 0.0009926999919116497, "map_labels": 0.0002000001259148121, "sanity_checks": 0.00012429989874362946, "total": 0.00944059994071722}}