{"part_id": "0-1-4-6-7-23", "timings_sec": {"read_step": 0.00702020013704896, "enumerate_faces": 2.3900065571069717e-05, "build_adjacency": 0.00021500000730156898, "extract_features": 0.0007849999237805605, "map_labels": 0.00019129994325339794, "sanity_checks": 0.00010580010712146759, "total": 0.008341200184077024}}