{"part_id": "0-1-4-12-19", "timings_sec": {"read_step": 0.009174499893561006, "enumerate_faces": 3.929995000362396e-05, "build_adjacency": 0.0004118999931961298, "extract_features": 0.0016105000395327806, "map_labels": 0.0002803998067975044, "sanity_checks": 0.00019749999046325684, "total": 0.011714099673554301}}