{"part_id": "0-1-8-9-12-23", "timings_sec": {"read_step": 0.007468299940228462, "enumerate_faces": 2.6700086891651154e-05, "build_adjacency": 0.00025230017490684986, "extract_features": 0.0009572000708431005, "map_labels": 0.00020650005899369717, "sanity_checks": 0.0001235001254826784, "total": 0.00903450045734644}}