{"part_id": "0-1-9-13-19", "timings_sec": {"read_step": 0.005880299955606461, "enumerate_faces": 2.3399945348501205e-05, "build_adjacency": 0.0001993000041693449, "extract_features": 0.000750300008803606, "map_labels": 0.00018870015628635883, "sanity_checks": 0.00010000006295740604, "total": 0.007142000133171678}}