{"part_id": "0-1-4-6-6-23", "timings_sec": {"read_step": 0.006657700054347515, "enumerate_faces": 2.2300053387880325e-05, "build_adjacency": 0.00022179982624948025, "extract_features": 0.000863000052049756, "map_labels": 0.0002258999738842249, "sanity_checks": 0.00012749992311000824, "total": 0.008118199883028865}}