{"part_id": "0-1-3-8-14-23", "timings_sec": {"read_step": 0.009068699786439538, "enumerate_faces": 3.96000687032938e-05, "build_adjacency": 0.00030790013261139393, "extract_features": 0.001083600101992488, "map_labels": 0.00025480007752776146, "sanity_checks": 0.00014030002057552338, "total": 0.010894900187849998}}