{"part_id": "0-1-3-7-10-23", "timings_sec": {"read_step": 0.009668499929830432, "enumerate_faces": 3.329990431666374e-05, "build_adjacency": 0.0003248997963964939, "extract_features": 0.0012399000115692616, "map_labels": 0.0002577998675405979, "sanity_checks": 0.00014949985779821873, "total": 0.011673899367451668}}