{"part_id": "0-1-11-14-14-23", "timings_sec": {"read_step": 0.008991000009700656, "enumerate_faces": 3.1300121918320656e-05, "build_adjacency": 0.00030509987846016884, "extract_features": 0.0011050000321120024, "map_labels": 0.00022000004537403584, "sanity_checks": 0.00014549982734024525, "total": 0.010797899914905429}}