{"part_id": "0-1-3-4-6-23", "timings_sec": {"read_step": 0.00846310006454587, "enumerate_faces": 2.9799994081258774e-05, "build_adjacency": 0.0002932001370936632, "extract_features": 0.0010394998826086521, "map_labels": 0.0002109999768435955, "sanity_checks": 0.00013199984095990658, "total": 0.010168599896132946}}