{"part_id": "0-1-1-2-11-23", "timings_sec": {"read_step": 0.010734300129115582, "enumerate_faces": 3.0299881473183632e-05, "build_adjacency": 0.0003736999351531267, "extract_features": 0.001275600166991353, "map_labels": 0.00021119997836649418, "sanity_checks": 0.0001550000160932541, "total": 0.012780100107192993}}