{"part_id": "0-1-13-13-14-23", "timings_sec": {"read_step": 0.006794700166210532, "enumerate_faces": 3.0399998649954796e-05, "build_adjacency": 0.00023950007744133472, "extract_features": 0.0008441000245511532, "map_labels": 0.0002226999495178461, "sanity_checks": 0.00011040014214813709, "total": 0.008241800358518958}}