{"part_id": "0-1-1-4-11-23", "timings_sec": {"read_step": 0.012675900012254715, "enumerate_faces": 3.779982216656208e-05, "build_adjacency": 0.00043620006181299686, "extract_features": 0.0015418000984936953, "map_labels": 0.00026909983716905117, "sanity_checks": 0.00016910000704228878, "total": 0.015129899838939309}}