{"part_id": "0-1-1-3-6-23", "timings_sec": {"read_step": 0.013992500025779009, "enumerate_faces": 4.509999416768551e-05, "build_adjacency": 0.0005435999482870102, "extract_features": 0.0018042000010609627, "map_labels": 0.0002801001537591219, "sanity_checks": 0.00022699986584484577, "total": 0.016892499988898635}}