{"part_id": "0-1-2-4-11-23", "timings_sec": {"read_step": 0.011581799946725368, "enumerate_faces": 3.37997917085886e-05, "build_adjacency": 0.0003852001391351223, "extract_features": 0.0015292998868972063, "map_labels": 0.00025979988276958466, "sanity_checks": 0.00016600009985268116, "total": 0.013955899747088552}}