{"part_id": "0-1-6-8-10-23", "timings_sec": {"read_step": 0.0065391999669373035, "enumerate_faces": 2.769986167550087e-05, "build_adjacency": 0.0002177001442760229, "extract_features": 0.0008269001264125109, "map_labels": 0.00019669998437166214, "sanity_checks": 0.00010770000517368317, "total": 0.007915900088846684}}