{"part_id": "0-1-1-6-14-23", "timings_sec": {"read_step": 0.006969699868932366, "enumerate_faces": 2.500019036233425e-05, "build_adjacency": 0.00024060020223259926, "extract_features": 0.000861200038343668, "map_labels": 0.0001922000665217638, "sanity_checks": 0.000112100038677454, "total": 0.008400800405070186}}