{"part_id": "0-1-1-2-13-23", "timings_sec": {"read_step": 0.0100704999640584, "enumerate_faces": 3.100000321865082e-05, "build_adjacency": 0.00035149999894201756, "extract_features": 0.0011875999625772238, "map_labels": 0.0002351999282836914, "sanity_checks": 0.0001460001803934574, "total": 0.01202180003747344}}