{"part_id": "0-1-1-2-5-23", "timings_sec": {"read_step": 0.008279599947854877, "enumerate_faces": 2.4999957531690598e-05, "build_adjacency": 0.0002851998433470726, "extract_features": 0.0010130000300705433, "map_labels": 0.00019280007109045982, "sanity_checks": 0.00012860004790127277, "total": 0.009924199897795916}}