{"part_id": "0-1-5-6-10-23", "timings_sec": {"read_step": 0.007092100102454424, "enumerate_faces": 2.359994687139988e-05, "build_adjacency": 0.0002452000044286251, "extract_features": 0.000910300062969327, "map_labels": 0.00020059989765286446, "sanity_checks": 0.00011949986219406128, "total": 0.008591299876570702}}