{"part_id": "0-1-2-5-10-23", "timings_sec": {"read_step": 0.014543100027367473, "enumerate_faces": 4.300009459257126e-05, "build_adjacency": 0.0005008999723941088, "extract_features": 0.0015934999100863934, "map_labels": 0.0002330997958779335, "sanity_checks": 0.00014319992624223232, "total": 0.017056799726560712}}