{"part_id": "0-1-8-13-19", "timings_sec": {"read_step": 0.005591500084847212, "enumerate_faces": 2.719997428357601e-05, "build_adjacency": 0.00019280007109045982, "extract_features": 0.0007027999963611364, "map_labels": 0.00024370010942220688, "sanity_checks": 0.00010930001735687256, "total": 0.0068673002533614635}}