{"part_id": "0-1-7-10-19", "timings_sec": {"read_step": 0.006765299942344427, "enumerate_faces": 2.8899870812892914e-05, "build_adjacency": 0.0002296001184731722, "extract_features": 0.0008963001891970634, "map_labels": 0.00021449988707900047, "sanity_checks": 0.00011239992454648018, "total": 0.008246999932453036}}