{"part_id": "0-1-11-11-12-23", "timings_sec": {"read_step": 0.01023540017195046, "enumerate_faces": 2.8799986466765404e-05, "build_adjacency": 0.00035690004006028175, "extract_features": 0.0013117000926285982, "map_labels": 0.00022120005451142788, "sanity_checks": 0.00016649998724460602, "total": 0.012320500332862139}}