{"part_id": "0-1-8-10-14-23", "timings_sec": {"read_step": 0.007787999929860234, "enumerate_faces": 2.810009755194187e-05, "build_adjacency": 0.0002584999892860651, "extract_features": 0.000950200017541647, "map_labels": 0.00020159990526735783, "sanity_checks": 0.0001246000174432993, "total": 0.009350999956950545}}