{"part_id": "0-1-6-7-14-23", "timings_sec": {"read_step": 0.0072777001187205315, "enumerate_faces": 3.1299889087677e-05, "build_adjacency": 0.0002540999557822943, "extract_features": 0.0009815001394599676, "map_labels": 0.0002196000423282385, "sanity_checks": 0.00015450012870132923, "total": 0.008918700274080038}}