{"part_id": "0-1-8-8-11-23", "timings_sec": {"read_step": 0.007832600036635995, "enumerate_faces": 2.6200199499726295e-05, "build_adjacency": 0.00027309986762702465, "extract_features": 0.0009841998107731342, "map_labels": 0.00019940012134611607, "sanity_checks": 0.00012809992767870426, "total": 0.0094435999635607}}