{"part_id": "0-1-1-3-7-23", "timings_sec": {"read_step": 0.010227699996903539, "enumerate_faces": 3.6499928683042526e-05, "build_adjacency": 0.000341600039973855, "extract_features": 0.0011403998360037804, "map_labels": 0.00023570004850625992, "sanity_checks": 0.00014130002819001675, "total": 0.012123199878260493}}