{"part_id": "0-1-5-10-12-23", "timings_sec": {"read_step": 0.009251199895516038, "enumerate_faces": 3.2499898225069046e-05, "build_adjacency": 0.0002989999484270811, "extract_features": 0.0011974000371992588, "map_labels": 0.0002351000439375639, "sanity_checks": 0.00014510005712509155, "total": 0.011160299880430102}}