{"part_id": "0-1-3-9-14-23", "timings_sec": {"read_step": 0.019293899880722165, "enumerate_faces": 3.490014933049679e-05, "build_adjacency": 0.00039330008439719677, "extract_features": 0.001855999929830432, "map_labels": 0.00027309986762702465, "sanity_checks": 0.00029070000164210796, "total": 0.022141899913549423}}