{"part_id": "0-1-7-12-13-23", "timings_sec": {"read_step": 0.0069315999280661345, "enumerate_faces": 2.5499844923615456e-05, "build_adjacency": 0.0002258999738842249, "extract_features": 0.001069399993866682, "map_labels": 0.0002563998568803072, "sanity_checks": 0.00015830015763640404, "total": 0.008667099755257368}}