{"part_id": "0-1-4-10-10-23", "timings_sec": {"read_step": 0.009630299871787429, "enumerate_faces": 3.700004890561104e-05, "build_adjacency": 0.0004719998687505722, "extract_features": 0.0017556999810039997, "map_labels": 0.00024710013531148434, "sanity_checks": 0.00024949992075562477, "total": 0.012391599826514721}}