{"part_id": "0-1-3-12-12-23", "timings_sec": {"read_step": 0.009686200181022286, "enumerate_faces": 3.100000321865082e-05, "build_adjacency": 0.0005175000987946987, "extract_features": 0.001290000043809414, "map_labels": 0.00022329995408654213, "sanity_checks": 0.00014780019409954548, "total": 0.011895800475031137}}