{"part_id": "0-1-1-7-13-23", "timings_sec": {"read_step": 0.008090399904176593, "enumerate_faces": 2.800021320581436e-05, "build_adjacency": 0.0002882999833673239, "extract_features": 0.0010563998948782682, "map_labels": 0.00020199990831315517, "sanity_checks": 0.00013180007226765156, "total": 0.009796899976208806}}