{"part_id": "0-1-3-6-7-23", "timings_sec": {"read_step": 0.011071400018408895, "enumerate_faces": 2.859998494386673e-05, "build_adjacency": 0.00037310016341507435, "extract_features": 0.0014903999399393797, "map_labels": 0.00021769991144537926, "sanity_checks": 0.0001656000968068838, "total": 0.013346800114959478}}