{"part_id": "0-1-1-5-6-23", "timings_sec": {"read_step": 0.008481600088998675, "enumerate_faces": 2.6900088414549828e-05, "build_adjacency": 0.00029790005646646023, "extract_features": 0.0010204000864177942, "map_labels": 0.00019289995543658733, "sanity_checks": 0.00012550014071166515, "total": 0.010145200416445732}}