{"part_id": "0-1-4-12-13-23", "timings_sec": {"read_step": 0.007511399919167161, "enumerate_faces": 1.9800150766968727e-05, "build_adjacency": 0.00025860010646283627, "extract_features": 0.0009117000736296177, "map_labels": 0.0001751999370753765, "sanity_checks": 0.00011530006304383278, "total": 0.008992000250145793}}