{"part_id": "0-1-4-12-14-23", "timings_sec": {"read_step": 0.00801529991440475, "enumerate_faces": 2.3999949917197227e-05, "build_adjacency": 0.00026359991170465946, "extract_features": 0.0009705000557005405, "map_labels": 0.00019209994934499264, "sanity_checks": 0.00012090010568499565, "total": 0.009586399886757135}}