{"part_id": "0-1-6-7-10-23", "timings_sec": {"read_step": 0.008072900120168924, "enumerate_faces": 0.00011250004172325134, "build_adjacency": 0.0003939999733120203, "extract_features": 0.0009654001332819462, "map_labels": 0.00022449996322393417, "sanity_checks": 0.00012570014223456383, "total": 0.00989500037394464}}