{"part_id": "0-1-2-6-13-23", "timings_sec": {"read_step": 0.00772639992646873, "enumerate_faces": 3.3400021493434906e-05, "build_adjacency": 0.00026400014758110046, "extract_features": 0.0009244999382644892, "map_labels": 0.0002223001793026924, "sanity_checks": 0.0001159000676125288, "total": 0.009286500280722976}}