{"part_id": "0-1-2-3-5-23", "timings_sec": {"read_step": 0.01400750013999641, "enumerate_faces": 3.2899901270866394e-05, "build_adjacency": 0.0004743998870253563, "extract_features": 0.0016318999696522951, "map_labels": 0.00022320006974041462, "sanity_checks": 0.00019620009697973728, "total": 0.01656610006466508}}