{"part_id": "0-1-9-10-14-23", "timings_sec": {"read_step": 0.008479499956592917, "enumerate_faces": 2.610008232295513e-05, "build_adjacency": 0.0002819998189806938, "extract_features": 0.0011330998968333006, "map_labels": 0.00020700017921626568, "sanity_checks": 0.0001360001042485237, "total": 0.010263700038194656}}