{"part_id": "0-1-10-10-10-23", "timings_sec": {"read_step": 0.008722699945792556, "enumerate_faces": 2.510007470846176e-05, "build_adjacency": 0.00029649981297552586, "extract_features": 0.0011213000398129225, "map_labels": 0.00019990000873804092, "sanity_checks": 0.00014919997192919254, "total": 0.0105146998539567}}