{"part_id": "0-1-2-12-14-23", "timings_sec": {"read_step": 0.01160929980687797, "enumerate_faces": 3.8400059565901756e-05, "build_adjacency": 0.0003613999579101801, "extract_features": 0.0013955999165773392, "map_labels": 0.0002834000624716282, "sanity_checks": 0.00018440000712871552, "total": 0.013872499810531735}}