{"part_id": "0-1-2-8-10-23", "timings_sec": {"read_step": 0.00933549995534122, "enumerate_faces": 3.2899901270866394e-05, "build_adjacency": 0.0003223998937755823, "extract_features": 0.0011326000094413757, "map_labels": 0.00022479984909296036, "sanity_checks": 0.00013739988207817078, "total": 0.011185599491000175}}