{"part_id": "0-1-14-19", "timings_sec": {"read_step": 0.0050385999493300915, "enumerate_faces": 2.4999957531690598e-05, "build_adjacency": 0.00017770007252693176, "extract_features": 0.0006322001572698355, "map_labels": 0.00020330003462731838, "sanity_checks": 8.690007962286472e-05, "total": 0.006163700250908732}}