{"part_id": "0-1-6-10-14-23", "timings_sec": {"read_step": 0.007643799996003509, "enumerate_faces": 3.0100112780928612e-05, "build_adjacency": 0.000260199885815382, "extract_features": 0.0009608999826014042, "map_labels": 0.00022149994038045406, "sanity_checks": 0.00013689999468624592, "total": 0.009253399912267923}}