{"part_id": "0-1-5-7-7-23", "timings_sec": {"read_step": 0.007805100176483393, "enumerate_faces": 2.4499837309122086e-05, "build_adjacency": 0.0002630001399666071, "extract_features": 0.0010432000271975994, "map_labels": 0.00019340007565915585, "sanity_checks": 0.00012360000982880592, "total": 0.009452800266444683}}