{"part_id": "0-1-3-3-3-23", "timings_sec": {"read_step": 0.015042199986055493, "enumerate_faces": 3.6899931728839874e-05, "build_adjacency": 0.0005051000043749809, "extract_features": 0.002045900095254183, "map_labels": 0.00024720001965761185, "sanity_checks": 0.00020159990526735783, "total": 0.018078899942338467}}