{"part_id": "0-1-1-12-13-23", "timings_sec": {"read_step": 0.007565299980342388, "enumerate_faces": 2.8199981898069382e-05, "build_adjacency": 0.0002607000060379505, "extract_features": 0.0009322999976575375, "map_labels": 0.0001993000041693449, "sanity_checks": 0.00011890009045600891, "total": 0.0091047000605613}}