{"part_id": "0-1-3-6-8-23", "timings_sec": {"read_step": 0.00932519999332726, "enumerate_faces": 4.000007174909115e-05, "build_adjacency": 0.000358999939635396, "extract_features": 0.0012682999949902296, "map_labels": 0.0002609998919069767, "sanity_checks": 0.00016469997353851795, "total": 0.011418199865147471}}