{"part_id": "0-1-5-11-12-23", "timings_sec": {"read_step": 0.010151800001040101, "enumerate_faces": 2.8900103643536568e-05, "build_adjacency": 0.00032810005359351635, "extract_features": 0.0011978000402450562, "map_labels": 0.00020899996161460876, "sanity_checks": 0.00015360000543296337, "total": 0.012069200165569782}}