{"part_id": "0-1-5-5-13-23", "timings_sec": {"read_step": 0.007734899874776602, "enumerate_faces": 2.4999957531690598e-05, "build_adjacency": 0.00026260013692080975, "extract_features": 0.0009641998913139105, "map_labels": 0.00021529989317059517, "sanity_checks": 0.0001267001498490572, "total": 0.009328699903562665}}