{"part_id": "0-1-6-9-9-23", "timings_sec": {"read_step": 0.007211099844425917, "enumerate_faces": 3.2499898225069046e-05, "build_adjacency": 0.0002530999481678009, "extract_features": 0.0009464998729526997, "map_labels": 0.00023300014436244965, "sanity_checks": 0.00012349989265203476, "total": 0.00879969960078597}}