{"part_id": "0-1-6-6-12-23", "timings_sec": {"read_step": 0.006234900094568729, "enumerate_faces": 2.6499852538108826e-05, "build_adjacency": 0.00021909992210566998, "extract_features": 0.0007698000408709049, "map_labels": 0.00018640002235770226, "sanity_checks": 0.00010609999299049377, "total": 0.007542799925431609}}