{"part_id": "0-1-1-11-19", "timings_sec": {"read_step": 0.008947400143370032, "enumerate_faces": 3.409991040825844e-05, "build_adjacency": 0.00030450010672211647, "extract_features": 0.0010905000381171703, "map_labels": 0.00022259983234107494, "sanity_checks": 0.00014340016059577465, "total": 0.010742500191554427}}