{"part_id": "0-1-9-13-13-23", "timings_sec": {"read_step": 0.00669110007584095, "enumerate_faces": 2.3999949917197227e-05, "build_adjacency": 0.0002272001001983881, "extract_features": 0.0008656999561935663, "map_labels": 0.0001884999219328165, "sanity_checks": 0.00011190003715455532, "total": 0.008108400041237473}}