{"part_id": "0-1-5-11-14-23", "timings_sec": {"read_step": 0.009648200124502182, "enumerate_faces": 3.220001235604286e-05, "build_adjacency": 0.0003198001068085432, "extract_features": 0.0011634998954832554, "map_labels": 0.0002210000529885292, "sanity_checks": 0.00015700003132224083, "total": 0.011541700223460793}}