{"part_id": "0-1-5-7-12-23", "timings_sec": {"read_step": 0.008692599833011627, "enumerate_faces": 2.619996666908264e-05, "build_adjacency": 0.0002856000792235136, "extract_features": 0.0017285000067204237, "map_labels": 0.000250800047069788, "sanity_checks": 0.0001501999795436859, "total": 0.011133899912238121}}