{"part_id": "0-1-1-8-8-23", "timings_sec": {"read_step": 0.005987799959257245, "enumerate_faces": 2.8799986466765404e-05, "build_adjacency": 0.00021050008945167065, "extract_features": 0.0012360999826341867, "map_labels": 0.0002695999573916197, "sanity_checks": 0.00017250003293156624, "total": 0.007905300008133054}}