{"part_id": "0-1-2-4-5-23", "timings_sec": {"read_step": 0.008829299826174974, "enumerate_faces": 3.3899908885359764e-05, "build_adjacency": 0.00031189993023872375, "extract_features": 0.0010470000561326742, "map_labels": 0.0002342001534998417, "sanity_checks": 0.00013260007835924625, "total": 0.01058889995329082}}