{"part_id": "0-1-1-10-14-23", "timings_sec": {"read_step": 0.008317600004374981, "enumerate_faces": 3.200001083314419e-05, "build_adjacency": 0.00028520007617771626, "extract_features": 0.0010111001320183277, "map_labels": 0.00021229987032711506, "sanity_checks": 0.00013149995356798172, "total": 0.009989700047299266}}