{"part_id": "0-1-4-5-6-23", "timings_sec": {"read_step": 0.007367599988356233, "enumerate_faces": 2.519995905458927e-05, "build_adjacency": 0.0002552000805735588, "extract_features": 0.000924399821087718, "map_labels": 0.00018790015019476414, "sanity_checks": 0.00011809985153377056, "total": 0.008878399850800633}}