{"part_id": "0-1-5-13-19", "timings_sec": {"read_step": 0.006332300137728453, "enumerate_faces": 2.329982817173004e-05, "build_adjacency": 0.00021569989621639252, "extract_features": 0.0008483999408781528, "map_labels": 0.00018809991888701916, "sanity_checks": 0.00010079983621835709, "total": 0.007708599558100104}}