{"part_id": "0-1-2-2-9-23", "timings_sec": {"read_step": 0.015775499865412712, "enumerate_faces": 2.8399983420968056e-05, "build_adjacency": 0.0003766000736504793, "extract_features": 0.0012840998824685812, "map_labels": 0.00021139997988939285, "sanity_checks": 0.00015580002218484879, "total": 0.017831799807026982}}