{"part_id": "0-1-5-6-13-23", "timings_sec": {"read_step": 0.006938400212675333, "enumerate_faces": 2.319994382560253e-05, "build_adjacency": 0.00023550004698336124, "extract_features": 0.0008705002255737782, "map_labels": 0.0001830998808145523, "sanity_checks": 0.00011250004172325134, "total": 0.008363200351595879}}