{"part_id": "0-1-5-6-6-23", "timings_sec": {"read_step": 0.005917900009080768, "enumerate_faces": 2.559996210038662e-05, "build_adjacency": 0.00020610005594789982, "extract_features": 0.0007408000528812408, "map_labels": 0.00021029985509812832, "sanity_checks": 9.249988943338394e-05, "total": 0.007193199824541807}}