{"part_id": "0-1-2-3-11-23", "timings_sec": {"read_step": 0.013668499886989594, "enumerate_faces": 3.190012648701668e-05, "build_adjacency": 0.00043180002830922604, "extract_features": 0.0018159998580813408, "map_labels": 0.0002310001291334629, "sanity_checks": 0.00018710014410316944, "total": 0.01636630017310381}}