{"part_id": "0-1-5-9-9-23", "timings_sec": {"read_step": 0.008933500153943896, "enumerate_faces": 2.8900103643536568e-05, "build_adjacency": 0.0002720998600125313, "extract_features": 0.001043400028720498, "map_labels": 0.00020779995247721672, "sanity_checks": 0.00013669999316334724, "total": 0.010622400091961026}}