{"part_id": "0-1-4-9-14-23", "timings_sec": {"read_step": 0.00784749980084598, "enumerate_faces": 3.3400021493434906e-05, "build_adjacency": 0.0002638001460582018, "extract_features": 0.0009811001364141703, "map_labels": 0.00022290018387138844, "sanity_checks": 0.00012689991854131222, "total": 0.009475600207224488}}