{"part_id": "0-1-2-6-12-23", "timings_sec": {"read_step": 0.009474599966779351, "enumerate_faces": 3.110012039542198e-05, "build_adjacency": 0.0003217998892068863, "extract_features": 0.0014106000307947397, "map_labels": 0.0003456000704318285, "sanity_checks": 0.00014479993842542171, "total": 0.01172850001603365}}