{"part_id": "0-1-8-9-9-23", "timings_sec": {"read_step": 0.007464200025424361, "enumerate_faces": 2.2900057956576347e-05, "build_adjacency": 0.0002498000394552946, "extract_features": 0.0009377000387758017, "map_labels": 0.00018960004672408104, "sanity_checks": 0.000120899872854352, "total": 0.008985100081190467}}