{"part_id": "0-1-1-3-14-23", "timings_sec": {"read_step": 0.011556400218978524, "enumerate_faces": 3.1299889087677e-05, "build_adjacency": 0.00038819992914795876, "extract_features": 0.0013047999236732721, "map_labels": 0.00022500008344650269, "sanity_checks": 0.00015569990500807762, "total": 0.013661399949342012}}