{"part_id": "0-1-3-4-11-23", "timings_sec": {"read_step": 0.010347599862143397, "enumerate_faces": 2.7999980375170708e-05, "build_adjacency": 0.00033590011298656464, "extract_features": 0.0013788000214844942, "map_labels": 0.0002454000059515238, "sanity_checks": 0.00017939996905624866, "total": 0.0125150999519974}}