{"part_id": "0-1-7-8-19", "timings_sec": {"read_step": 0.005786300171166658, "enumerate_faces": 2.310005947947502e-05, "build_adjacency": 0.00019749999046325684, "extract_features": 0.0009273998439311981, "map_labels": 0.00019340007565915585, "sanity_checks": 9.580003097653389e-05, "total": 0.007223500171676278}}