{"part_id": "0-1-5-8-8-23", "timings_sec": {"read_step": 0.006330700125545263, "enumerate_faces": 2.429983578622341e-05, "build_adjacency": 0.00022040004841983318, "extract_features": 0.000790199963375926, "map_labels": 0.000197600107640028, "sanity_checks": 0.00010089995339512825, "total": 0.007664100034162402}}