{"part_id": "0-1-8-9-10-23", "timings_sec": {"read_step": 0.007286800071597099, "enumerate_faces": 2.219993621110916e-05, "build_adjacency": 0.0002443999983370304, "extract_features": 0.0010006001684814692, "map_labels": 0.0001922999508678913, "sanity_checks": 0.00012870016507804394, "total": 0.008875000290572643}}