{"part_id": "0-1-4-8-11-23", "timings_sec": {"read_step": 0.008433299837633967, "enumerate_faces": 2.6700086891651154e-05, "build_adjacency": 0.00029310001991689205, "extract_features": 0.0010451001580804586, "map_labels": 0.00020379992201924324, "sanity_checks": 0.00013509998098015785, "total": 0.01013710000552237}}