{"part_id": "0-1-1-9-14-23", "timings_sec": {"read_step": 0.007597899995744228, "enumerate_faces": 2.5499844923615456e-05, "build_adjacency": 0.0002570000942796469, "extract_features": 0.0009424998424947262, "map_labels": 0.00021180021576583385, "sanity_checks": 0.00012440001592040062, "total": 0.009159100009128451}}