{"part_id": "0-1-5-11-13-23", "timings_sec": {"read_step": 0.009080199990421534, "enumerate_faces": 2.840021625161171e-05, "build_adjacency": 0.00031180004589259624, "extract_features": 0.0011342000216245651, "map_labels": 0.00021190010011196136, "sanity_checks": 0.0001417999155819416, "total": 0.01090830028988421}}