{"part_id": "0-1-6-9-14-23", "timings_sec": {"read_step": 0.010555600048974156, "enumerate_faces": 4.179985262453556e-05, "build_adjacency": 0.000287200091406703, "extract_features": 0.0015855999663472176, "map_labels": 0.00030809990130364895, "sanity_checks": 0.00019370019435882568, "total": 0.012972000055015087}}