{"part_id": "0-1-1-13-19", "timings_sec": {"read_step": 0.006252199877053499, "enumerate_faces": 2.800021320581436e-05, "build_adjacency": 0.0002093000803142786, "extract_features": 0.0007350998930633068, "map_labels": 0.00020650005899369717, "sanity_checks": 9.96999442577362e-05, "total": 0.007530800066888332}}