{"part_id": "0-1-2-11-14-23", "timings_sec": {"read_step": 0.012275799876078963, "enumerate_faces": 3.3400021493434906e-05, "build_adjacency": 0.0005061000119894743, "extract_features": 0.0015561000909656286, "map_labels": 0.0002460000105202198, "sanity_checks": 0.00024580000899732113, "total": 0.014863200020045042}}