{"part_id": "0-1-8-13-13-23", "timings_sec": {"read_step": 0.006169300060719252, "enumerate_faces": 2.1700048819184303e-05, "build_adjacency": 0.00020619994029402733, "extract_features": 0.0009662001393735409, "map_labels": 0.0001933998428285122, "sanity_checks": 0.00010269996710121632, "total": 0.007659499999135733}}