{"part_id": "0-1-9-10-12-23", "timings_sec": {"read_step": 0.00879790005274117, "enumerate_faces": 2.95999925583601e-05, "build_adjacency": 0.00028849998489022255, "extract_features": 0.0010806000791490078, "map_labels": 0.00021449988707900047, "sanity_checks": 0.00014230003580451012, "total": 0.010553400032222271}}