{"part_id": "0-1-7-7-14-23", "timings_sec": {"read_step": 0.008004100061953068, "enumerate_faces": 3.409991040825844e-05, "build_adjacency": 0.00027980003505945206, "extract_features": 0.0009927998762577772, "map_labels": 0.0002796999178826809, "sanity_checks": 0.00014579994603991508, "total": 0.009736299747601151}}