{"part_id": "0-1-3-7-11-23", "timings_sec": {"read_step": 0.010375899961218238, "enumerate_faces": 3.369990736246109e-05, "build_adjacency": 0.0003621999640017748, "extract_features": 0.0012592000421136618, "map_labels": 0.00023200013674795628, "sanity_checks": 0.0001727000344544649, "total": 0.012435700045898557}}