{"part_id": "0-1-6-8-13-23", "timings_sec": {"read_step": 0.006690399954095483, "enumerate_faces": 3.220001235604286e-05, "build_adjacency": 0.00022789998911321163, "extract_features": 0.0009522999171167612, "map_labels": 0.0002343000378459692, "sanity_checks": 0.0001230998896062374, "total": 0.008260199800133705}}