{"part_id": "0-1-6-6-11-23", "timings_sec": {"read_step": 0.007797700120136142, "enumerate_faces": 2.2999942302703857e-05, "build_adjacency": 0.00027059996500611305, "extract_features": 0.0010385001078248024, "map_labels": 0.00020519993267953396, "sanity_checks": 0.00012980005703866482, "total": 0.00946480012498796}}