{"part_id": "0-1-1-6-12-23", "timings_sec": {"read_step": 0.007940700044855475, "enumerate_faces": 2.7399975806474686e-05, "build_adjacency": 0.0002617998979985714, "extract_features": 0.0009347000159323215, "map_labels": 0.00021109986118972301, "sanity_checks": 0.0001191999763250351, "total": 0.009494899772107601}}