{"part_id": "0-1-7-7-10-23", "timings_sec": {"read_step": 0.008187900064513087, "enumerate_faces": 2.9399991035461426e-05, "build_adjacency": 0.00028089992702007294, "extract_features": 0.0010204999707639217, "map_labels": 0.00022079981863498688, "sanity_checks": 0.00019899988546967506, "total": 0.009938499657437205}}