{"part_id": "0-1-2-2-12-23", "timings_sec": {"read_step": 0.011369599960744381, "enumerate_faces": 3.7300167605280876e-05, "build_adjacency": 0.00038119987584650517, "extract_features": 0.0012683998793363571, "map_labels": 0.00023989984765648842, "sanity_checks": 0.0001517999917268753, "total": 0.013448199722915888}}