{"part_id": "0-1-2-2-4-23", "timings_sec": {"read_step": 0.009752999991178513, "enumerate_faces": 3.720005042850971e-05, "build_adjacency": 0.0003432999365031719, "extract_features": 0.0011620000004768372, "map_labels": 0.00024630012921988964, "sanity_checks": 0.00014190003275871277, "total": 0.011683700140565634}}