{"part_id": "0-1-3-10-14-23", "timings_sec": {"read_step": 0.009829099988564849, "enumerate_faces": 2.6300083845853806e-05, "build_adjacency": 0.0003271999303251505, "extract_features": 0.0012424001470208168, "map_labels": 0.0002039000391960144, "sanity_checks": 0.00014360016211867332, "total": 0.011772500351071358}}