{"part_id": "0-1-2-3-4-23", "timings_sec": {"read_step": 0.012736500008031726, "enumerate_faces": 3.260001540184021e-05, "build_adjacency": 0.0004400999750941992, "extract_features": 0.001508600078523159, "map_labels": 0.00022540008649230003, "sanity_checks": 0.00018889992497861385, "total": 0.015132100088521838}}