{"part_id": "0-1-4-7-14-23", "timings_sec": {"read_step": 0.007152000209316611, "enumerate_faces": 1.7300015315413475e-05, "build_adjacency": 0.00023999996483325958, "extract_features": 0.0008847001008689404, "map_labels": 0.0001721999142318964, "sanity_checks": 0.00011440017260611057, "total": 0.008580600377172232}}