{"part_id": "0-1-2-3-19", "timings_sec": {"read_step": 0.011475399835035205, "enumerate_faces": 3.1400006264448166e-05, "build_adjacency": 0.0003746000584214926, "extract_features": 0.0012007001787424088, "map_labels": 0.00021629990078508854, "sanity_checks": 0.0001463000662624836, "total": 0.013444700045511127}}