{"part_id": "0-1-3-3-4-23", "timings_sec": {"read_step": 0.015091999899595976, "enumerate_faces": 3.900006413459778e-05, "build_adjacency": 0.0004461999051272869, "extract_features": 0.0015694000758230686, "map_labels": 0.00024279998615384102, "sanity_checks": 0.00018099998123943806, "total": 0.017570399912074208}}