{"part_id": "0-1-1-6-10-23", "timings_sec": {"read_step": 0.007598999887704849, "enumerate_faces": 2.6099849492311478e-05, "build_adjacency": 0.00026340014301240444, "extract_features": 0.000943399965763092, "map_labels": 0.00019589997828006744, "sanity_checks": 0.00012340000830590725, "total": 0.009151199832558632}}