{"part_id": "0-1-6-7-9-23", "timings_sec": {"read_step": 0.007271300069987774, "enumerate_faces": 3.169989213347435e-05, "build_adjacency": 0.000256500206887722, "extract_features": 0.0010034998413175344, "map_labels": 0.00022609997540712357, "sanity_checks": 0.00012059998698532581, "total": 0.008909699972718954}}