{"part_id": "0-1-6-11-12-23", "timings_sec": {"read_step": 0.00923780002631247, "enumerate_faces": 3.369990736246109e-05, "build_adjacency": 0.0003182999789714813, "extract_features": 0.0014047999866306782, "map_labels": 0.0002569998614490032, "sanity_checks": 0.0001533001195639372, "total": 0.011404899880290031}}