{"part_id": "0-1-2-4-10-23", "timings_sec": {"read_step": 0.010445900028571486, "enumerate_faces": 3.8899946957826614e-05, "build_adjacency": 0.000310300150886178, "extract_features": 0.0015594998840242624, "map_labels": 0.00031869998201727867, "sanity_checks": 0.00014150002971291542, "total": 0.012814800022169948}}