{"part_id": "0-1-1-8-10-23", "timings_sec": {"read_step": 0.010537099791690707, "enumerate_faces": 3.360002301633358e-05, "build_adjacency": 0.0003380998969078064, "extract_features": 0.0012101000174880028, "map_labels": 0.00025219982489943504, "sanity_checks": 0.00014050002209842205, "total": 0.012511599576100707}}