{"part_id": "0-1-8-9-11-23", "timings_sec": {"read_step": 0.008589399978518486, "enumerate_faces": 2.659996971487999e-05, "build_adjacency": 0.0002804999239742756, "extract_features": 0.0010544999968260527, "map_labels": 0.0002109999768435955, "sanity_checks": 0.0001401999033987522, "total": 0.010302199749276042}}