{"part_id": "0-1-2-8-19", "timings_sec": {"read_step": 0.008228000020608306, "enumerate_faces": 3.3800024539232254e-05, "build_adjacency": 0.0002794000320136547, "extract_features": 0.0009489001240581274, "map_labels": 0.00024429988116025925, "sanity_checks": 0.00011720019392669201, "total": 0.009851600276306272}}