{"part_id": "0-1-3-3-7-23", "timings_sec": {"read_step": 0.010998800164088607, "enumerate_faces": 3.409991040825844e-05, "build_adjacency": 0.0003605000674724579, "extract_features": 0.001296499976888299, "map_labels": 0.00023799994960427284, "sanity_checks": 0.00016020005568861961, "total": 0.013088100124150515}}