{"part_id": "0-1-2-7-14-23", "timings_sec": {"read_step": 0.010383600136265159, "enumerate_faces": 3.0199997127056122e-05, "build_adjacency": 0.00032570003531873226, "extract_features": 0.0011465998832136393, "map_labels": 0.00020580017007887363, "sanity_checks": 0.00015069986693561077, "total": 0.01224260008893907}}