{"part_id": "0-1-1-1-4-23", "timings_sec": {"read_step": 0.013969799969345331, "enumerate_faces": 3.800005652010441e-05, "build_adjacency": 0.00035630003549158573, "extract_features": 0.0011540998239070177, "map_labels": 0.00023040012456476688, "sanity_checks": 0.0001534000039100647, "total": 0.01590200001373887}}