{"part_id": "0-1-1-3-3-23", "timings_sec": {"read_step": 0.013432599836960435, "enumerate_faces": 3.6899931728839874e-05, "build_adjacency": 0.0004779999144375324, "extract_features": 0.0015597001183778048, "map_labels": 0.00026350002735853195, "sanity_checks": 0.00018619978800415993, "total": 0.015956899616867304}}