{"part_id": "0-1-4-12-12-23", "timings_sec": {"read_step": 0.00863899989053607, "enumerate_faces": 2.3999949917197227e-05, "build_adjacency": 0.00027199997566640377, "extract_features": 0.0010170999448746443, "map_labels": 0.0001938000787049532, "sanity_checks": 0.00012769992463290691, "total": 0.010273599764332175}}