{"part_id": "0-1-8-11-12-23", "timings_sec": {"read_step": 0.009011000161990523, "enumerate_faces": 2.9300106689333916e-05, "build_adjacency": 0.00029850006103515625, "extract_features": 0.0011232001706957817, "map_labels": 0.0002101000864058733, "sanity_checks": 0.00014139991253614426, "total": 0.010813500499352813}}