{"part_id": "0-1-1-1-8-23", "timings_sec": {"read_step": 0.009052000008523464, "enumerate_faces": 4.069996066391468e-05, "build_adjacency": 0.0004662000574171543, "extract_features": 0.0009874000679701567, "map_labels": 0.0002360998187214136, "sanity_checks": 0.00011489982716739178, "total": 0.010897299740463495}}