{"part_id": "0-1-6-11-13-23", "timings_sec": {"read_step": 0.008847399847581983, "enumerate_faces": 3.229989670217037e-05, "build_adjacency": 0.0002772000152617693, "extract_features": 0.0011756999883800745, "map_labels": 0.00022039981558918953, "sanity_checks": 0.0001363998744636774, "total": 0.010689399437978864}}