{"part_id": "0-1-1-5-14-23", "timings_sec": {"read_step": 0.007942500058561563, "enumerate_faces": 3.360002301633358e-05, "build_adjacency": 0.0002808000426739454, "extract_features": 0.000980899902060628, "map_labels": 0.00021709990687668324, "sanity_checks": 0.00043240003287792206, "total": 0.009887299966067076}}