{"part_id": "0-1-7-7-12-23", "timings_sec": {"read_step": 0.00808209995739162, "enumerate_faces": 2.8899870812892914e-05, "build_adjacency": 0.00026670005172491074, "extract_features": 0.0011984000448137522, "map_labels": 0.0002327000256627798, "sanity_checks": 0.00012909993529319763, "total": 0.009937899885699153}}