{"part_id": "0-1-7-13-14-23", "timings_sec": {"read_step": 0.008233799831941724, "enumerate_faces": 3.200001083314419e-05, "build_adjacency": 0.00026830006390810013, "extract_features": 0.0009168998803943396, "map_labels": 0.00023440015502274036, "sanity_checks": 0.00011530006304383278, "total": 0.00980070000514388}}