{"part_id": "0-1-7-11-12-23", "timings_sec": {"read_step": 0.009144899901002645, "enumerate_faces": 3.0399998649954796e-05, "build_adjacency": 0.0004773000255227089, "extract_features": 0.001846899976953864, "map_labels": 0.0003106999211013317, "sanity_checks": 0.00023589981719851494, "total": 0.01204609964042902}}