{"part_id": "0-1-3-6-11-23", "timings_sec": {"read_step": 0.010160199832171202, "enumerate_faces": 3.3300137147307396e-05, "build_adjacency": 0.0003307000733911991, "extract_features": 0.0012141000479459763, "map_labels": 0.0002359999343752861, "sanity_checks": 0.00015570013783872128, "total": 0.012130000162869692}}