{"part_id": "0-1-3-3-14-23", "timings_sec": {"read_step": 0.0129078000318259, "enumerate_faces": 3.0099879950284958e-05, "build_adjacency": 0.0005503001157194376, "extract_features": 0.0016385000199079514, "map_labels": 0.0002482999116182327, "sanity_checks": 0.0001863997895270586, "total": 0.015561399748548865}}