{"part_id": "0-1-7-10-11-23", "timings_sec": {"read_step": 0.009345200145617127, "enumerate_faces": 3.290013410151005e-05, "build_adjacency": 0.00031560007482767105, "extract_features": 0.001179700018838048, "map_labels": 0.00022220006212592125, "sanity_checks": 0.00015410012565553188, "total": 0.01124970056116581}}