{"part_id": "0-1-2-4-14-23", "timings_sec": {"read_step": 0.008205699967220426, "enumerate_faces": 3.220001235604286e-05, "build_adjacency": 0.00027379998937249184, "extract_features": 0.0009868000634014606, "map_labels": 0.000228899996727705, "sanity_checks": 0.00012899981811642647, "total": 0.009856399847194552}}