{"part_id": "0-1-5-7-8-23", "timings_sec": {"read_step": 0.006877099862322211, "enumerate_faces": 2.8199981898069382e-05, "build_adjacency": 0.00023989984765648842, "extract_features": 0.0008596000261604786, "map_labels": 0.00020070001482963562, "sanity_checks": 0.00011080014519393444, "total": 0.008316299878060818}}