{"part_id": "0-1-2-8-14-23", "timings_sec": {"read_step": 0.008963899919763207, "enumerate_faces": 3.2400013878941536e-05, "build_adjacency": 0.00030250009149312973, "extract_features": 0.0011398999486118555, "map_labels": 0.00024279998615384102, "sanity_checks": 0.0001360001042485237, "total": 0.010817500064149499}}