{"part_id": "0-1-5-13-13-23", "timings_sec": {"read_step": 0.007044600090011954, "enumerate_faces": 2.5999965146183968e-05, "build_adjacency": 0.0002408998552709818, "extract_features": 0.0009047999046742916, "map_labels": 0.00019619986414909363, "sanity_checks": 0.00011419993825256824, "total": 0.008526699617505074}}