{"part_id": "0-1-7-9-13-23", "timings_sec": {"read_step": 0.0072731999680399895, "enumerate_faces": 2.859998494386673e-05, "build_adjacency": 0.0002445999998599291, "extract_features": 0.0010157001670449972, "map_labels": 0.00021500000730156898, "sanity_checks": 0.00012819981202483177, "total": 0.008905299939215183}}