{"part_id": "0-1-6-9-12-23", "timings_sec": {"read_step": 0.00789689994417131, "enumerate_faces": 3.7499936297535896e-05, "build_adjacency": 0.00026459991931915283, "extract_features": 0.0009766998700797558, "map_labels": 0.00022769998759031296, "sanity_checks": 0.00012560002505779266, "total": 0.00952899968251586}}