{"part_id": "0-1-5-8-9-23", "timings_sec": {"read_step": 0.007389100035652518, "enumerate_faces": 2.519995905458927e-05, "build_adjacency": 0.00024749990552663803, "extract_features": 0.0010917000472545624, "map_labels": 0.00021929992362856865, "sanity_checks": 0.0001262999139726162, "total": 0.009099099785089493}}