{"part_id": "0-1-3-4-13-23", "timings_sec": {"read_step": 0.011439199792221189, "enumerate_faces": 3.490014933049679e-05, "build_adjacency": 0.0003573000431060791, "extract_features": 0.001244500046595931, "map_labels": 0.0002392998430877924, "sanity_checks": 0.000156699912622571, "total": 0.013471899786964059}}