{"part_id": "0-1-2-5-7-23", "timings_sec": {"read_step": 0.008840500144287944, "enumerate_faces": 3.50000336766243e-05, "build_adjacency": 0.00029840017668902874, "extract_features": 0.0010673999786376953, "map_labels": 0.00024150009267032146, "sanity_checks": 0.00013569998554885387, "total": 0.010618500411510468}}