{"part_id": "0-1-8-12-14-23", "timings_sec": {"read_step": 0.007351000094786286, "enumerate_faces": 2.41999514400959e-05, "build_adjacency": 0.00026459991931915283, "extract_features": 0.0009139000903815031, "map_labels": 0.00019539985805749893, "sanity_checks": 0.00011699995957314968, "total": 0.008866099873557687}}