{"part_id": "0-1-1-6-8-23", "timings_sec": {"read_step": 0.00670470017939806, "enumerate_faces": 2.719997428357601e-05, "build_adjacency": 0.00023450003936886787, "extract_features": 0.000839299988001585, "map_labels": 0.00019640009850263596, "sanity_checks": 0.00010810000821948051, "total": 0.008110200287774205}}