{"part_id": "0-1-3-6-12-23", "timings_sec": {"read_step": 0.008879999862983823, "enumerate_faces": 3.160000778734684e-05, "build_adjacency": 0.00032570003531873226, "extract_features": 0.0011208001524209976, "map_labels": 0.0002297000028192997, "sanity_checks": 0.0001375002320855856, "total": 0.010725300293415785}}