{"part_id": "0-1-6-9-13-23", "timings_sec": {"read_step": 0.00807019998319447, "enumerate_faces": 4.20999713242054e-05, "build_adjacency": 0.0003537999000400305, "extract_features": 0.0014557999093085527, "map_labels": 0.00029699993319809437, "sanity_checks": 0.00018650013953447342, "total": 0.010405399836599827}}