{"part_id": "0-1-2-10-12-23", "timings_sec": {"read_step": 0.015424600103870034, "enumerate_faces": 3.429991193115711e-05, "build_adjacency": 0.0003535000141710043, "extract_features": 0.001254200004041195, "map_labels": 0.00022489996626973152, "sanity_checks": 0.00015540001913905144, "total": 0.017446900019422174}}