{"part_id": "0-1-8-8-12-23", "timings_sec": {"read_step": 0.00802020006813109, "enumerate_faces": 3.2400013878941536e-05, "build_adjacency": 0.0003730999305844307, "extract_features": 0.0009546000510454178, "map_labels": 0.00021449988707900047, "sanity_checks": 0.00011599995195865631, "total": 0.009710799902677536}}