{"part_id": "0-1-1-12-19", "timings_sec": {"read_step": 0.010003300150856376, "enumerate_faces": 3.1700124964118004e-05, "build_adjacency": 0.00026679993607103825, "extract_features": 0.0008924000430852175, "map_labels": 0.00021399999968707561, "sanity_checks": 0.0001105000264942646, "total": 0.01151870028115809}}