{"part_id": "0-1-5-10-10-23", "timings_sec": {"read_step": 0.010257099987939, "enumerate_faces": 3.719981759786606e-05, "build_adjacency": 0.0003198999911546707, "extract_features": 0.0012556000147014856, "map_labels": 0.0002421000972390175, "sanity_checks": 0.0001488998532295227, "total": 0.012260799761861563}}