{"part_id": "0-1-4-9-12-23", "timings_sec": {"read_step": 0.008635799866169691, "enumerate_faces": 2.759997732937336e-05, "build_adjacency": 0.0002772000152617693, "extract_features": 0.0011367998085916042, "map_labels": 0.0002063000574707985, "sanity_checks": 0.00013219984248280525, "total": 0.010415899567306042}}