{"part_id": "0-1-6-8-14-23", "timings_sec": {"read_step": 0.007665500044822693, "enumerate_faces": 3.239978104829788e-05, "build_adjacency": 0.0002454000059515238, "extract_features": 0.000874500023201108, "map_labels": 0.00023230002261698246, "sanity_checks": 0.00011039990931749344, "total": 0.009160499786958098}}