{"part_id": "0-1-3-8-13-23", "timings_sec": {"read_step": 0.011014500167220831, "enumerate_faces": 3.5599805414676666e-05, "build_adjacency": 0.00037640007212758064, "extract_features": 0.001756400102749467, "map_labels": 0.0002843998372554779, "sanity_checks": 0.00024560000747442245, "total": 0.013712899992242455}}