{"part_id": "0-1-2-9-10-23", "timings_sec": {"read_step": 0.008564400020986795, "enumerate_faces": 3.1400006264448166e-05, "build_adjacency": 0.00041300011798739433, "extract_features": 0.0010974998585879803, "map_labels": 0.00022950000129640102, "sanity_checks": 0.00014270003885030746, "total": 0.010478500043973327}}