{"part_id": "0-1-1-2-2-23", "timings_sec": {"read_step": 0.012691100127995014, "enumerate_faces": 3.650016151368618e-05, "build_adjacency": 0.00042259995825588703, "extract_features": 0.0013989000581204891, "map_labels": 0.0002338998019695282, "sanity_checks": 0.00016700010746717453, "total": 0.01495000021532178}}