{"part_id": "0-1-2-3-13-23", "timings_sec": {"read_step": 0.009943699929863214, "enumerate_faces": 3.509991802275181e-05, "build_adjacency": 0.0003657999914139509, "extract_features": 0.0011813999153673649, "map_labels": 0.0002256000880151987, "sanity_checks": 0.00014239992015063763, "total": 0.011893999762833118}}