{"part_id": "0-1-3-9-10-23", "timings_sec": {"read_step": 0.019168199971318245, "enumerate_faces": 4.810001701116562e-05, "build_adjacency": 0.0006447001360356808, "extract_features": 0.0022821000311523676, "map_labels": 0.0002882999833673239, "sanity_checks": 0.00030640000477433205, "total": 0.022737800143659115}}