{"part_id": "0-1-5-8-13-23", "timings_sec": {"read_step": 0.00719309994019568, "enumerate_faces": 2.3900065571069717e-05, "build_adjacency": 0.00023749982938170433, "extract_features": 0.0008589001372456551, "map_labels": 0.0001963998656719923, "sanity_checks": 0.00011410005390644073, "total": 0.008623899891972542}}