{"part_id": "0-1-2-5-8-23", "timings_sec": {"read_step": 0.008038300089538097, "enumerate_faces": 2.6399968191981316e-05, "build_adjacency": 0.00027009984478354454, "extract_features": 0.0009818000253289938, "map_labels": 0.00019759987480938435, "sanity_checks": 0.00012489990331232548, "total": 0.009639099705964327}}