{"part_id": "0-1-2-8-11-23", "timings_sec": {"read_step": 0.009062299970537424, "enumerate_faces": 3.600004129111767e-05, "build_adjacency": 0.00031519983895123005, "extract_features": 0.0011104000732302666, "map_labels": 0.00024250010028481483, "sanity_checks": 0.00014360016211867332, "total": 0.010910000186413527}}