{"part_id": "0-1-2-13-13-23", "timings_sec": {"read_step": 0.00883350009098649, "enumerate_faces": 3.890017978847027e-05, "build_adjacency": 0.00033059995621442795, "extract_features": 0.0010609000455588102, "map_labels": 0.00023479992523789406, "sanity_checks": 0.0001188002061098814, "total": 0.010617500403895974}}