{"part_id": "0-1-2-7-12-23", "timings_sec": {"read_step": 0.007453500060364604, "enumerate_faces": 3.620004281401634e-05, "build_adjacency": 0.0003299999516457319, "extract_features": 0.0009216999169439077, "map_labels": 0.00022840010933578014, "sanity_checks": 0.00011630007065832615, "total": 0.009086100151762366}}