{"part_id": "0-1-2-2-14-23", "timings_sec": {"read_step": 0.009918200084939599, "enumerate_faces": 3.6300159990787506e-05, "build_adjacency": 0.00034300005063414574, "extract_features": 0.001197699923068285, "map_labels": 0.00024739978834986687, "sanity_checks": 0.00014199991710484028, "total": 0.011884599924087524}}