{"part_id": "0-1-7-14-14-23", "timings_sec": {"read_step": 0.008595300139859319, "enumerate_faces": 2.8799986466765404e-05, "build_adjacency": 0.0002603998873382807, "extract_features": 0.0011216001585125923, "map_labels": 0.0002117999829351902, "sanity_checks": 0.0001191999763250351, "total": 0.010337100131437182}}