{"part_id": "0-1-5-7-19", "timings_sec": {"read_step": 0.0072432998567819595, "enumerate_faces": 3.709993325173855e-05, "build_adjacency": 0.00024410011246800423, "extract_features": 0.0009159999899566174, "map_labels": 0.0002636001445353031, "sanity_checks": 0.00015300000086426735, "total": 0.00885710003785789}}