{"part_id": "0-1-10-14-19", "timings_sec": {"read_step": 0.0070004998706281185, "enumerate_faces": 3.069988451898098e-05, "build_adjacency": 0.00023370003327727318, "extract_features": 0.0008241001050919294, "map_labels": 0.00020379992201924324, "sanity_checks": 0.00011159991845488548, "total": 0.00840439973399043}}