{"part_id": "0-1-1-1-14-23", "timings_sec": {"read_step": 0.009819499915465713, "enumerate_faces": 3.1400006264448166e-05, "build_adjacency": 0.0003239000216126442, "extract_features": 0.0011003999970853329, "map_labels": 0.00021289987489581108, "sanity_checks": 0.0001346999779343605, "total": 0.01162279979325831}}