{"part_id": "0-1-10-10-11-23", "timings_sec": {"read_step": 0.015019600046798587, "enumerate_faces": 3.50000336766243e-05, "build_adjacency": 0.0005041998811066151, "extract_features": 0.0019159000366926193, "map_labels": 0.0002601000014692545, "sanity_checks": 0.0002544000744819641, "total": 0.017989200074225664}}