{"part_id": "0-1-2-9-13-23", "timings_sec": {"read_step": 0.00756810000166297, "enumerate_faces": 2.6700086891651154e-05, "build_adjacency": 0.0002562999725341797, "extract_features": 0.0009709999430924654, "map_labels": 0.00020359992049634457, "sanity_checks": 0.00012399978004395962, "total": 0.00914969970472157}}