{"part_id": "0-1-7-12-12-23", "timings_sec": {"read_step": 0.00922879995778203, "enumerate_faces": 3.609992563724518e-05, "build_adjacency": 0.0003078998997807503, "extract_features": 0.001048400066792965, "map_labels": 0.0002367000561207533, "sanity_checks": 0.0001316999550908804, "total": 0.010989599861204624}}