{"part_id": "0-1-3-4-5-23", "timings_sec": {"read_step": 0.007535099983215332, "enumerate_faces": 2.550007775425911e-05, "build_adjacency": 0.00025880010798573494, "extract_features": 0.0010348001960664988, "map_labels": 0.00019630021415650845, "sanity_checks": 0.00012029986828565598, "total": 0.00917080044746399}}