{"part_id": "0-1-3-3-5-23", "timings_sec": {"read_step": 0.01321869995445013, "enumerate_faces": 3.609992563724518e-05, "build_adjacency": 0.00043969997204840183, "extract_features": 0.001554700080305338, "map_labels": 0.00024079997092485428, "sanity_checks": 0.0001762998290359974, "total": 0.015666299732401967}}