{"part_id": "0-1-11-13-19", "timings_sec": {"read_step": 0.0070303999818861485, "enumerate_faces": 2.750009298324585e-05, "build_adjacency": 0.0002516999375075102, "extract_features": 0.0008993998635560274, "map_labels": 0.00020219990983605385, "sanity_checks": 0.0001205001026391983, "total": 0.008531699888408184}}