{"part_id": "0-1-5-12-12-23", "timings_sec": {"read_step": 0.008631400065496564, "enumerate_faces": 2.4700071662664413e-05, "build_adjacency": 0.00029009999707341194, "extract_features": 0.001091300044208765, "map_labels": 0.0001892999280244112, "sanity_checks": 0.0001338000874966383, "total": 0.010360600193962455}}