{"part_id": "0-1-1-3-4-23", "timings_sec": {"read_step": 0.012739599915221334, "enumerate_faces": 3.969995304942131e-05, "build_adjacency": 0.0004319001454859972, "extract_features": 0.0013590001035481691, "map_labels": 0.0002586999908089638, "sanity_checks": 0.00015989993698894978, "total": 0.014988800045102835}}