{"part_id": "0-1-3-10-19", "timings_sec": {"read_step": 0.009981200098991394, "enumerate_faces": 2.0999927073717117e-05, "build_adjacency": 0.0003410999197512865, "extract_features": 0.0012116997968405485, "map_labels": 0.0002031000331044197, "sanity_checks": 0.0001496998593211174, "total": 0.011907799635082483}}