{"part_id": "0-1-7-7-11-23", "timings_sec": {"read_step": 0.009374399902299047, "enumerate_faces": 3.569992259144783e-05, "build_adjacency": 0.00033900002017617226, "extract_features": 0.001129999989643693, "map_labels": 0.000238100066781044, "sanity_checks": 0.00014020013622939587, "total": 0.0112574000377208}}