{"part_id": "0-1-8-10-13-23", "timings_sec": {"read_step": 0.007127200020477176, "enumerate_faces": 2.8900103643536568e-05, "build_adjacency": 0.00024330010637640953, "extract_features": 0.0009298999793827534, "map_labels": 0.00020299991592764854, "sanity_checks": 0.00011779996566474438, "total": 0.008650100091472268}}