{"part_id": "0-1-3-4-4-23", "timings_sec": {"read_step": 0.011262399842962623, "enumerate_faces": 3.800005652010441e-05, "build_adjacency": 0.00038340012542903423, "extract_features": 0.0013124998658895493, "map_labels": 0.0002375999465584755, "sanity_checks": 0.00016469997353851795, "total": 0.013398599810898304}}