{"part_id": "0-1-5-9-14-23", "timings_sec": {"read_step": 0.008936300175264478, "enumerate_faces": 3.260001540184021e-05, "build_adjacency": 0.00027830014005303383, "extract_features": 0.0010146000422537327, "map_labels": 0.00023150001652538776, "sanity_checks": 0.0001314000692218542, "total": 0.010624700458720326}}