{"part_id": "0-1-1-10-12-23", "timings_sec": {"read_step": 0.008487300015985966, "enumerate_faces": 3.1400006264448166e-05, "build_adjacency": 0.00029669981449842453, "extract_features": 0.00105189997702837, "map_labels": 0.00021530012600123882, "sanity_checks": 0.00013539986684918404, "total": 0.010217999806627631}}