{"part_id": "0-1-5-9-11-23", "timings_sec": {"read_step": 0.009542100131511688, "enumerate_faces": 2.8900103643536568e-05, "build_adjacency": 0.0003109998069703579, "extract_features": 0.0011666000355035067, "map_labels": 0.0002158998977392912, "sanity_checks": 0.00015329988673329353, "total": 0.011417799862101674}}