{"part_id": "0-1-1-2-19", "timings_sec": {"read_step": 0.009307999862357974, "enumerate_faces": 4.000007174909115e-05, "build_adjacency": 0.0004428999964147806, "extract_features": 0.0014497998636215925, "map_labels": 0.00022329995408654213, "sanity_checks": 0.0001237001270055771, "total": 0.011587699875235558}}