{"part_id": "0-1-1-3-12-23", "timings_sec": {"read_step": 0.009246599860489368, "enumerate_faces": 2.859998494386673e-05, "build_adjacency": 0.00031429994851350784, "extract_features": 0.0011141998693346977, "map_labels": 0.00020880019292235374, "sanity_checks": 0.00014200014993548393, "total": 0.011054500006139278}}