{"part_id": "0-1-3-13-19", "timings_sec": {"read_step": 0.008630900178104639, "enumerate_faces": 4.4800108298659325e-05, "build_adjacency": 0.0003082000184804201, "extract_features": 0.0009598999749869108, "map_labels": 0.0002272999845445156, "sanity_checks": 0.0001235001254826784, "total": 0.010294600389897823}}