{"part_id": "0-1-4-5-7-23", "timings_sec": {"read_step": 0.006898399908095598, "enumerate_faces": 2.7999980375170708e-05, "build_adjacency": 0.00023700017482042313, "extract_features": 0.0008628999348729849, "map_labels": 0.00020999996922910213, "sanity_checks": 0.0001113000325858593, "total": 0.008347599999979138}}