{"part_id": "0-1-2-2-10-23", "timings_sec": {"read_step": 0.012117699952796102, "enumerate_faces": 3.769993782043457e-05, "build_adjacency": 0.0004322000313550234, "extract_features": 0.0014264998026192188, "map_labels": 0.00023390003480017185, "sanity_checks": 0.00017439993098378181, "total": 0.014422399690374732}}