{"part_id": "0-1-3-3-11-23", "timings_sec": {"read_step": 0.01465180004015565, "enumerate_faces": 3.6800047382712364e-05, "build_adjacency": 0.0005376001354306936, "extract_features": 0.001743400003761053, "map_labels": 0.00024889991618692875, "sanity_checks": 0.00020379992201924324, "total": 0.01742230006493628}}