{"part_id": "0-1-9-11-12-23", "timings_sec": {"read_step": 0.009790799813345075, "enumerate_faces": 3.3400021493434906e-05, "build_adjacency": 0.00031949998810887337, "extract_features": 0.001198899932205677, "map_labels": 0.00022380007430911064, "sanity_checks": 0.00021059997379779816, "total": 0.011776999803259969}}