{"part_id": "0-1-6-7-7-23", "timings_sec": {"read_step": 0.007193300174549222, "enumerate_faces": 2.8499867767095566e-05, "build_adjacency": 0.00024410011246800423, "extract_features": 0.0009975999128073454, "map_labels": 0.00021059997379779816, "sanity_checks": 0.0001159000676125288, "total": 0.008790000109001994}}