{"part_id": "0-1-2-3-8-23", "timings_sec": {"read_step": 0.010623800102621317, "enumerate_faces": 3.1400006264448166e-05, "build_adjacency": 0.00036269985139369965, "extract_features": 0.0012204002123326063, "map_labels": 0.000223799841478467, "sanity_checks": 0.00014370004646480083, "total": 0.012605800060555339}}