{"part_id": "0-1-7-9-12-23", "timings_sec": {"read_step": 0.008861999958753586, "enumerate_faces": 4.119984805583954e-05, "build_adjacency": 0.00045139994472265244, "extract_features": 0.001016800059005618, "map_labels": 0.00023010000586509705, "sanity_checks": 0.0001330999657511711, "total": 0.010734599782153964}}