{"part_id": "0-1-5-8-12-23", "timings_sec": {"read_step": 0.007639399962499738, "enumerate_faces": 2.510007470846176e-05, "build_adjacency": 0.00026439991779625416, "extract_features": 0.001086000120267272, "map_labels": 0.00020159990526735783, "sanity_checks": 0.0001229001209139824, "total": 0.009339400101453066}}