{"part_id": "0-1-6-13-14-23", "timings_sec": {"read_step": 0.010188099928200245, "enumerate_faces": 3.600004129111767e-05, "build_adjacency": 0.0003698000218719244, "extract_features": 0.0012684999965131283, "map_labels": 0.00024809991009533405, "sanity_checks": 0.00017199991270899773, "total": 0.012282499810680747}}