{"part_id": "0-1-2-11-13-23", "timings_sec": {"read_step": 0.01180540001951158, "enumerate_faces": 3.1899893656373024e-05, "build_adjacency": 0.00039829988963901997, "extract_features": 0.0014376998879015446, "map_labels": 0.00028760009445250034, "sanity_checks": 0.0002524999435991049, "total": 0.014213399728760123}}