{"part_id": "0-1-1-3-9-23", "timings_sec": {"read_step": 0.012702800100669265, "enumerate_faces": 3.50000336766243e-05, "build_adjacency": 0.0005355998873710632, "extract_features": 0.0016751999501138926, "map_labels": 0.00027279998175799847, "sanity_checks": 0.00019049993716180325, "total": 0.015411899890750647}}