{"part_id": "0-1-1-7-9-23", "timings_sec": {"read_step": 0.009126999881118536, "enumerate_faces": 3.050011582672596e-05, "build_adjacency": 0.00032059988006949425, "extract_features": 0.0011181000154465437, "map_labels": 0.0002462000120431185, "sanity_checks": 0.00015780003741383553, "total": 0.011000199941918254}}