{"part_id": "0-1-4-4-12-23", "timings_sec": {"read_step": 0.007920000003650784, "enumerate_faces": 2.9300106689333916e-05, "build_adjacency": 0.0002741999924182892, "extract_features": 0.0009787001181393862, "map_labels": 0.0002117000985890627, "sanity_checks": 0.0001284000463783741, "total": 0.00954230036586523}}