{"part_id": "0-1-4-11-13-23", "timings_sec": {"read_step": 0.008377799997106194, "enumerate_faces": 3.1800009310245514e-05, "build_adjacency": 0.00028989999555051327, "extract_features": 0.0010604001581668854, "map_labels": 0.00021989992819726467, "sanity_checks": 0.00013479986228048801, "total": 0.010114599950611591}}