{"part_id": "0-1-6-8-12-23", "timings_sec": {"read_step": 0.007347000064328313, "enumerate_faces": 3.329990431666374e-05, "build_adjacency": 0.0002731001004576683, "extract_features": 0.0009743999689817429, "map_labels": 0.000250800047069788, "sanity_checks": 0.00015139998868107796, "total": 0.009030000073835254}}