{"part_id": "0-1-3-11-19", "timings_sec": {"read_step": 0.009707699995487928, "enumerate_faces": 3.409991040825844e-05, "build_adjacency": 0.00031119980849325657, "extract_features": 0.0011643001344054937, "map_labels": 0.0002389999572187662, "sanity_checks": 0.00014770007692277431, "total": 0.011603999882936478}}