{"part_id": "0-1-6-8-8-23", "timings_sec": {"read_step": 0.005638300208374858, "enumerate_faces": 2.5800196453928947e-05, "build_adjacency": 0.00018729991279542446, "extract_features": 0.0006862001027911901, "map_labels": 0.00020080013200640678, "sanity_checks": 9.130011312663555e-05, "total": 0.006829700665548444}}