{"part_id": "0-1-4-10-13-23", "timings_sec": {"read_step": 0.01325129996985197, "enumerate_faces": 4.429998807609081e-05, "build_adjacency": 0.00040449993684887886, "extract_features": 0.0014059999957680702, "map_labels": 0.00023399991914629936, "sanity_checks": 0.00012649991549551487, "total": 0.015466599725186825}}