{"part_id": "0-1-3-4-12-23", "timings_sec": {"read_step": 0.009162799920886755, "enumerate_faces": 2.869986928999424e-05, "build_adjacency": 0.0003141001798212528, "extract_features": 0.0011436999775469303, "map_labels": 0.0002079999540001154, "sanity_checks": 0.00014830008149147034, "total": 0.011005599983036518}}