{"part_id": "0-1-9-9-19", "timings_sec": {"read_step": 0.007281600032001734, "enumerate_faces": 2.6799971237778664e-05, "build_adjacency": 0.00024669989943504333, "extract_features": 0.0008388001006096601, "map_labels": 0.00019679986871778965, "sanity_checks": 0.00011790008284151554, "total": 0.008708599954843521}}