{"part_id": "0-10-10-10-11-23", "timings_sec": {"read_step": 0.009789800038561225, "enumerate_faces": 2.5999965146183968e-05, "build_adjacency": 0.0003380000125616789, "extract_features": 0.0012873001396656036, "map_labels": 0.00021079997532069683, "sanity_checks": 0.00017019989900290966, "total": 0.011822100030258298}}