{"part_id": "0-10-10-10-19", "timings_sec": {"read_step": 0.007520799990743399, "enumerate_faces": 2.7700094506144524e-05, "build_adjacency": 0.00025120005011558533, "extract_features": 0.0014730999246239662, "map_labels": 0.00024249986745417118, "sanity_checks": 0.0001363998744636774, "total": 0.009651699801906943}}