{"part_id": "0-10-10-10-13-23", "timings_sec": {"read_step": 0.008280100068077445, "enumerate_faces": 2.9700109735131264e-05, "build_adjacency": 0.0002850999590009451, "extract_features": 0.0011048999149352312, "map_labels": 0.00021359999664127827, "sanity_checks": 0.00014539994299411774, "total": 0.010058799991384149}}