{"part_id": "0-10-12-12-12-23", "timings_sec": {"read_step": 0.008917999919503927, "enumerate_faces": 2.569984644651413e-05, "build_adjacency": 0.00030419998802244663, "extract_features": 0.0011928000021725893, "map_labels": 0.0001984999980777502, "sanity_checks": 0.00015360000543296337, "total": 0.010792799759656191}}