{"part_id": "0-10-10-10-10-23", "timings_sec": {"read_step": 0.0091626001521945, "enumerate_faces": 2.7200207114219666e-05, "build_adjacency": 0.0003101998008787632, "extract_features": 0.0011893999762833118, "map_labels": 0.00021139997988939285, "sanity_checks": 0.0002014001365751028, "total": 0.01110220025293529}}