{"part_id": "0-10-10-11-13-23", "timings_sec": {"read_step": 0.009087600046768785, "enumerate_faces": 2.8999987989664078e-05, "build_adjacency": 0.0003116999287158251, "extract_features": 0.0012712001334875822, "map_labels": 0.0002375999465584755, "sanity_checks": 0.00015949993394315243, "total": 0.011096599977463484}}