{"part_id": "0-10-10-10-14-23", "timings_sec": {"read_step": 0.008856599917635322, "enumerate_faces": 3.0499882996082306e-05, "build_adjacency": 0.00037899985909461975, "extract_features": 0.0012028999626636505, "map_labels": 0.00022240006364881992, "sanity_checks": 0.00015130010433495045, "total": 0.010842699790373445}}