{"part_id": "0-10-11-11-13-23", "timings_sec": {"read_step": 0.010649899952113628, "enumerate_faces": 3.83998267352581e-05, "build_adjacency": 0.000510399928316474, "extract_features": 0.0013661999255418777, "map_labels": 0.00023570004850625992, "sanity_checks": 0.00016870000399649143, "total": 0.01296929968520999}}