{"part_id": "0-10-11-12-12-23", "timings_sec": {"read_step": 0.009895599912852049, "enumerate_faces": 2.859998494386673e-05, "build_adjacency": 0.0003557000309228897, "extract_features": 0.001251499867066741, "map_labels": 0.00021769991144537926, "sanity_checks": 0.00016280007548630238, "total": 0.011911899782717228}}