{"part_id": "0-10-11-12-13-23", "timings_sec": {"read_step": 0.009043000172823668, "enumerate_faces": 2.7700094506144524e-05, "build_adjacency": 0.0003030998632311821, "extract_features": 0.0012858000118285418, "map_labels": 0.00021859980188310146, "sanity_checks": 0.00015360000543296337, "total": 0.0110317999497056}}