{"part_id": "0-10-13-13-13-23", "timings_sec": {"read_step": 0.006430200068280101, "enumerate_faces": 2.150004729628563e-05, "build_adjacency": 0.0002266999799758196, "extract_features": 0.0008368000853806734, "map_labels": 0.0001838000025600195, "sanity_checks": 0.00011799996718764305, "total": 0.007817000150680542}}