{"part_id": "0-10-12-14-19", "timings_sec": {"read_step": 0.00680510001257062, "enumerate_faces": 2.369983121752739e-05, "build_adjacency": 0.00024159997701644897, "extract_features": 0.0008948000613600016, "map_labels": 0.00018720002844929695, "sanity_checks": 0.00012029986828565598, "total": 0.00827269977889955}}