{"part_id": "0-10-11-12-14-23", "timings_sec": {"read_step": 0.009403900010511279, "enumerate_faces": 2.7299858629703522e-05, "build_adjacency": 0.00031889998354017735, "extract_features": 0.0012016999535262585, "map_labels": 0.0002117999829351902, "sanity_checks": 0.00015980005264282227, "total": 0.011323399841785431}}