{"part_id": "0-10-10-13-14-23", "timings_sec": {"read_step": 0.008255699882283807, "enumerate_faces": 2.9799994081258774e-05, "build_adjacency": 0.0002717000897973776, "extract_features": 0.0010238001123070717, "map_labels": 0.000219699926674366, "sanity_checks": 0.00013780011795461178, "total": 0.009938500123098493}}