{"part_id": "0-10-14-14-19", "timings_sec": {"read_step": 0.0065385999623686075, "enumerate_faces": 2.5899847969412804e-05, "build_adjacency": 0.00022950000129640102, "extract_features": 0.0008590000215917826, "map_labels": 0.00020439992658793926, "sanity_checks": 0.00011239992454648018, "total": 0.007969799684360623}}