{"part_id": "0-10-12-13-13-23", "timings_sec": {"read_step": 0.007452500052750111, "enumerate_faces": 2.5200191885232925e-05, "build_adjacency": 0.00025209994055330753, "extract_features": 0.0009763999842107296, "map_labels": 0.00022409996017813683, "sanity_checks": 0.000121300108730793, "total": 0.00905160023830831}}