{"part_id": "0-10-12-12-14-23", "timings_sec": {"read_step": 0.008614700054749846, "enumerate_faces": 2.8300099074840546e-05, "build_adjacency": 0.000296400161460042, "extract_features": 0.00110809993930161, "map_labels": 0.00021180021576583385, "sanity_checks": 0.0001401999033987522, "total": 0.010399500373750925}}