{"part_id": "0-10-10-13-13-23", "timings_sec": {"read_step": 0.008105000015348196, "enumerate_faces": 2.6499852538108826e-05, "build_adjacency": 0.00025640008971095085, "extract_features": 0.0009808000177145004, "map_labels": 0.0002009000163525343, "sanity_checks": 0.00013660010881721973, "total": 0.00970620010048151}}