{"part_id": "0-10-13-14-14-23", "timings_sec": {"read_step": 0.007137499982491136, "enumerate_faces": 2.319994382560253e-05, "build_adjacency": 0.0002476000227034092, "extract_features": 0.000939300050958991, "map_labels": 0.0001914000604301691, "sanity_checks": 0.00012960005551576614, "total": 0.008668600115925074}}