{"part_id": "0-11-11-14-19", "timings_sec": {"read_step": 0.008731799898669124, "enumerate_faces": 2.6799971237778664e-05, "build_adjacency": 0.0003012001980096102, "extract_features": 0.0011434000916779041, "map_labels": 0.00020359992049634457, "sanity_checks": 0.00014570006169378757, "total": 0.010552500141784549}}