{"part_id": "0-11-14-19", "timings_sec": {"read_step": 0.006614499958232045, "enumerate_faces": 2.5099841877818108e-05, "build_adjacency": 0.00022040004841983318, "extract_features": 0.000806399853900075, "map_labels": 0.00019459985196590424, "sanity_checks": 0.00010649999603629112, "total": 0.007967499550431967}}