{"part_id": "0-11-19", "timings_sec": {"read_step": 0.0050384001806378365, "enumerate_faces": 2.629985101521015e-05, "build_adjacency": 0.00017930008471012115, "extract_features": 0.0006774000357836485, "map_labels": 0.0002055999357253313, "sanity_checks": 9.310012683272362e-05, "total": 0.006220100214704871}}