{"part_id": "0-11-12-12-19", "timings_sec": {"read_step": 0.008177099982276559, "enumerate_faces": 2.8099864721298218e-05, "build_adjacency": 0.0002842000685632229, "extract_features": 0.001093599945306778, "map_labels": 0.00020830007269978523, "sanity_checks": 0.00013489997945725918, "total": 0.009926199913024902}}