{"part_id": "0-11-12-13-14-23", "timings_sec": {"read_step": 0.008668099995702505, "enumerate_faces": 2.619996666908264e-05, "build_adjacency": 0.00028980011120438576, "extract_features": 0.001080899965018034, "map_labels": 0.00020579993724822998, "sanity_checks": 0.0001401000190526247, "total": 0.010410899994894862}}