{"part_id": "0-11-11-11-11-23", "timings_sec": {"read_step": 0.012441099854186177, "enumerate_faces": 3.0299881473183632e-05, "build_adjacency": 0.0004251999780535698, "extract_features": 0.001572399865835905, "map_labels": 0.00022329995408654213, "sanity_checks": 0.00020200014114379883, "total": 0.014894299674779177}}