{"part_id": "0-11-12-14-19", "timings_sec": {"read_step": 0.0076280999928712845, "enumerate_faces": 2.450007013976574e-05, "build_adjacency": 0.00026539992541074753, "extract_features": 0.0009985000360757113, "map_labels": 0.00021990016102790833, "sanity_checks": 0.00015480001457035542, "total": 0.009291200200095773}}