{"part_id": "0-11-11-13-13-23", "timings_sec": {"read_step": 0.009826400084421039, "enumerate_faces": 3.290013410151005e-05, "build_adjacency": 0.00032759993337094784, "extract_features": 0.0011869999580085278, "map_labels": 0.00022309995256364346, "sanity_checks": 0.00015750015154480934, "total": 0.011754500214010477}}