{"part_id": "0-11-12-12-14-23", "timings_sec": {"read_step": 0.009972400031983852, "enumerate_faces": 2.7899863198399544e-05, "build_adjacency": 0.0003233000170439482, "extract_features": 0.0011944000143557787, "map_labels": 0.0002077000681310892, "sanity_checks": 0.0001651998609304428, "total": 0.01189089985564351}}