{"part_id": "0-11-14-14-19", "timings_sec": {"read_step": 0.007271199952811003, "enumerate_faces": 2.4200184270739555e-05, "build_adjacency": 0.00025120005011558533, "extract_features": 0.0009330001194030046, "map_labels": 0.00020459992811083794, "sanity_checks": 0.00012449990026652813, "total": 0.008808700134977698}}