{"part_id": "0-11-13-13-14-23", "timings_sec": {"read_step": 0.007613800000399351, "enumerate_faces": 2.4799956008791924e-05, "build_adjacency": 0.0002592001110315323, "extract_features": 0.000994600122794509, "map_labels": 0.00021920003928244114, "sanity_checks": 0.00013049994595348835, "total": 0.009242100175470114}}