{"part_id": "0-11-11-11-14-23", "timings_sec": {"read_step": 0.011387600097805262, "enumerate_faces": 3.0800001695752144e-05, "build_adjacency": 0.00037690019235014915, "extract_features": 0.001434100093320012, "map_labels": 0.00022360007278621197, "sanity_checks": 0.00018529989756643772, "total": 0.013638300355523825}}