{"part_id": "0-12-13-13-14-23", "timings_sec": {"read_step": 0.0066778999753296375, "enumerate_faces": 2.2399937734007835e-05, "build_adjacency": 0.00023630005307495594, "extract_features": 0.000858300132676959, "map_labels": 0.00021980004385113716, "sanity_checks": 0.00011190003715455532, "total": 0.008126600179821253}}