{"part_id": "0-12-12-14-14-23", "timings_sec": {"read_step": 0.00785840000025928, "enumerate_faces": 2.340017817914486e-05, "build_adjacency": 0.00027879979461431503, "extract_features": 0.0010389999952167273, "map_labels": 0.00019539985805749893, "sanity_checks": 0.00012880004942417145, "total": 0.009523799875751138}}