{"part_id": "0-12-12-12-14-23", "timings_sec": {"read_step": 0.012184800114482641, "enumerate_faces": 3.8499943912029266e-05, "build_adjacency": 0.0003068000078201294, "extract_features": 0.0012701000086963177, "map_labels": 0.0002620001323521137, "sanity_checks": 0.00018370011821389198, "total": 0.014245900325477123}}