{"part_id": "0-12-13-13-13-23", "timings_sec": {"read_step": 0.006553100189194083, "enumerate_faces": 2.5200191885232925e-05, "build_adjacency": 0.0002313000150024891, "extract_features": 0.000853799981996417, "map_labels": 0.00019940012134611607, "sanity_checks": 0.00010910001583397388, "total": 0.007971900515258312}}