{"part_id": "0-12-12-12-12-23", "timings_sec": {"read_step": 0.008980199927464128, "enumerate_faces": 2.8300099074840546e-05, "build_adjacency": 0.0003119001630693674, "extract_features": 0.0011322000063955784, "map_labels": 0.00021150009706616402, "sanity_checks": 0.00013930001296103, "total": 0.010803400306031108}}