{"part_id": "0-12-12-14-19", "timings_sec": {"read_step": 0.00683470000512898, "enumerate_faces": 2.6300083845853806e-05, "build_adjacency": 0.00024640001356601715, "extract_features": 0.0008932000491768122, "map_labels": 0.0002079999540001154, "sanity_checks": 0.00011399993672966957, "total": 0.008322600042447448}}