{"part_id": "0-12-13-14-19", "timings_sec": {"read_step": 0.0061060001607984304, "enumerate_faces": 2.340017817914486e-05, "build_adjacency": 0.00021359999664127827, "extract_features": 0.0011060999240726233, "map_labels": 0.0002535001840442419, "sanity_checks": 0.00016069994308054447, "total": 0.007863300386816263}}