{"part_id": "0-13-14-14-14-23", "timings_sec": {"read_step": 0.00695340009406209, "enumerate_faces": 2.7799978852272034e-05, "build_adjacency": 0.0002490999177098274, "extract_features": 0.0008865999989211559, "map_labels": 0.00021239998750388622, "sanity_checks": 0.00011449982412159443, "total": 0.008443799801170826}}