{"part_id": "0-13-13-13-13-23", "timings_sec": {"read_step": 0.005590100074186921, "enumerate_faces": 2.3700064048171043e-05, "build_adjacency": 0.0001962999813258648, "extract_features": 0.0008608999196439981, "map_labels": 0.00019499985501170158, "sanity_checks": 9.620003402233124e-05, "total": 0.006962199928238988}}