{"part_id": "0-14-14-19", "timings_sec": {"read_step": 0.004905699985101819, "enumerate_faces": 2.8199981898069382e-05, "build_adjacency": 0.00017699995078146458, "extract_features": 0.0006446000188589096, "map_labels": 0.00019609997980296612, "sanity_checks": 8.5099833086133e-05, "total": 0.006036699749529362}}