{"part_id": "0-2-3-4-11-23", "timings_sec": {"read_step": 0.012892199913039804, "enumerate_faces": 3.729993477463722e-05, "build_adjacency": 0.0004173999186605215, "extract_features": 0.0014462999533861876, "map_labels": 0.00024710013531148434, "sanity_checks": 0.00017730006948113441, "total": 0.015217599924653769}}