{"part_id": "0-2-3-10-14-23", "timings_sec": {"read_step": 0.016739199869334698, "enumerate_faces": 4.4300220906734467e-05, "build_adjacency": 0.0006949999369680882, "extract_features": 0.0024404998403042555, "map_labels": 0.0003041001036763191, "sanity_checks": 0.0003184000961482525, "total": 0.020541500067338347}}