{"part_id": "0-2-9-10-11-23", "timings_sec": {"read_step": 0.009605000028386712, "enumerate_faces": 2.95999925583601e-05, "build_adjacency": 0.00039439997635781765, "extract_features": 0.0012807000894099474, "map_labels": 0.00022089993581175804, "sanity_checks": 0.00016549997963011265, "total": 0.011696100002154708}}