{"part_id": "0-2-3-13-13-23", "timings_sec": {"read_step": 0.013672300148755312, "enumerate_faces": 4.620011895895004e-05, "build_adjacency": 0.0007458999752998352, "extract_features": 0.0019104999955743551, "map_labels": 0.00023879995569586754, "sanity_checks": 0.00017240014858543873, "total": 0.01678610034286976}}