{"part_id": "0-2-11-11-13-23", "timings_sec": {"read_step": 0.011031500063836575, "enumerate_faces": 3.369990736246109e-05, "build_adjacency": 0.0003470999654382467, "extract_features": 0.0013230000622570515, "map_labels": 0.0002517998218536377, "sanity_checks": 0.0002109999768435955, "total": 0.013198099797591567}}