{"part_id": "0-2-4-6-14-23", "timings_sec": {"read_step": 0.006207899888977408, "enumerate_faces": 2.7700094506144524e-05, "build_adjacency": 0.00027270009741187096, "extract_features": 0.0007884998340159655, "map_labels": 0.00019149994477629662, "sanity_checks": 0.00010100007057189941, "total": 0.007589299930259585}}