{"part_id": "0-2-2-3-7-23", "timings_sec": {"read_step": 0.010182199999690056, "enumerate_faces": 3.069988451898098e-05, "build_adjacency": 0.0003386000171303749, "extract_features": 0.0012079998850822449, "map_labels": 0.00022209994494915009, "sanity_checks": 0.0001509999856352806, "total": 0.012132599717006087}}