{"part_id": "0-2-3-7-9-23", "timings_sec": {"read_step": 0.00970320007763803, "enumerate_faces": 3.5800039768218994e-05, "build_adjacency": 0.0003208001144230366, "extract_features": 0.0011563000734895468, "map_labels": 0.00022649997845292091, "sanity_checks": 0.00015480001457035542, "total": 0.011597400298342109}}