{"part_id": "0-2-4-9-11-23", "timings_sec": {"read_step": 0.009318799944594502, "enumerate_faces": 2.6900088414549828e-05, "build_adjacency": 0.0003068000078201294, "extract_features": 0.0011650999076664448, "map_labels": 0.0002001000102609396, "sanity_checks": 0.00015059998258948326, "total": 0.01116829994134605}}