{"part_id": "0-2-11-11-11-23", "timings_sec": {"read_step": 0.011961299926042557, "enumerate_faces": 3.109988756477833e-05, "build_adjacency": 0.00039330008439719677, "extract_features": 0.0015550998505204916, "map_labels": 0.00022319983690977097, "sanity_checks": 0.00018940004520118237, "total": 0.014353399630635977}}