{"part_id": "0-2-7-7-7-23", "timings_sec": {"read_step": 0.007856600219383836, "enumerate_faces": 2.7300091460347176e-05, "build_adjacency": 0.00028570019640028477, "extract_features": 0.0009715999476611614, "map_labels": 0.00021660001948475838, "sanity_checks": 0.00012520002201199532, "total": 0.009483000496402383}}