{"part_id": "0-2-4-13-14-23", "timings_sec": {"read_step": 0.007615600014105439, "enumerate_faces": 2.440018579363823e-05, "build_adjacency": 0.0002723999787122011, "extract_features": 0.0009164998773485422, "map_labels": 0.00019109994173049927, "sanity_checks": 0.00011809985153377056, "total": 0.00913809984922409}}