{"part_id": "0-2-7-13-13-23", "timings_sec": {"read_step": 0.00722109992057085, "enumerate_faces": 4.940014332532883e-05, "build_adjacency": 0.00024850014597177505, "extract_features": 0.00089599983766675, "map_labels": 0.00021270010620355606, "sanity_checks": 0.00012070010416209698, "total": 0.008748400257900357}}