{"part_id": "0-2-2-5-9-23", "timings_sec": {"read_step": 0.009131999919191003, "enumerate_faces": 2.8199981898069382e-05, "build_adjacency": 0.00030880002304911613, "extract_features": 0.0011693998239934444, "map_labels": 0.00023850006982684135, "sanity_checks": 0.00014450005255639553, "total": 0.01102139987051487}}