{"part_id": "0-2-2-4-8-23", "timings_sec": {"read_step": 0.009688700083643198, "enumerate_faces": 3.220001235604286e-05, "build_adjacency": 0.00032769981771707535, "extract_features": 0.001161899883300066, "map_labels": 0.00025589996948838234, "sanity_checks": 0.0001401999033987522, "total": 0.011606599669903517}}