{"part_id": "0-2-4-11-11-23", "timings_sec": {"read_step": 0.011451700003817677, "enumerate_faces": 3.609992563724518e-05, "build_adjacency": 0.00036079995334148407, "extract_features": 0.0013290001079440117, "map_labels": 0.00024090008810162544, "sanity_checks": 0.0001726001501083374, "total": 0.013591100228950381}}