{"part_id": "0-2-8-13-14-23", "timings_sec": {"read_step": 0.007098600035533309, "enumerate_faces": 2.5999965146183968e-05, "build_adjacency": 0.0002476999070495367, "extract_features": 0.0009523001499474049, "map_labels": 0.00019899988546967506, "sanity_checks": 0.0001129999291151762, "total": 0.008636599872261286}}