{"part_id": "0-2-4-8-14-23", "timings_sec": {"read_step": 0.007445799885317683, "enumerate_faces": 3.290013410151005e-05, "build_adjacency": 0.0002614001277834177, "extract_features": 0.0009411000646650791, "map_labels": 0.00023370003327727318, "sanity_checks": 0.00012640003114938736, "total": 0.00904130027629435}}