{"part_id": "0-2-6-11-13-23", "timings_sec": {"read_step": 0.008851999882608652, "enumerate_faces": 3.25001310557127e-05, "build_adjacency": 0.0003074000123888254, "extract_features": 0.0010984998662024736, "map_labels": 0.00025429995730519295, "sanity_checks": 0.00013729999773204327, "total": 0.0106819998472929}}