{"part_id": "0-2-2-9-10-23", "timings_sec": {"read_step": 0.017578799976035953, "enumerate_faces": 4.540011286735535e-05, "build_adjacency": 0.000606900081038475, "extract_features": 0.0024188999086618423, "map_labels": 0.00028259982354938984, "sanity_checks": 0.00024889991618692875, "total": 0.021181499818339944}}