{"part_id": "0-2-5-8-8-23", "timings_sec": {"read_step": 0.0075827999971807, "enumerate_faces": 2.769986167550087e-05, "build_adjacency": 0.0002516999375075102, "extract_features": 0.000934000127017498, "map_labels": 0.00019890000112354755, "sanity_checks": 0.00012029986828565598, "total": 0.009115399792790413}}