{"part_id": "0-2-4-10-14-23", "timings_sec": {"read_step": 0.008270699996501207, "enumerate_faces": 2.7900096029043198e-05, "build_adjacency": 0.0002816000487655401, "extract_features": 0.0010790000669658184, "map_labels": 0.0002047999296337366, "sanity_checks": 0.00013550021685659885, "total": 0.009999500354751945}}