{"part_id": "0-2-2-2-6-23", "timings_sec": {"read_step": 0.014541399898007512, "enumerate_faces": 4.8099784180521965e-05, "build_adjacency": 0.0005020999815315008, "extract_features": 0.0017240000888705254, "map_labels": 0.00032670004293322563, "sanity_checks": 0.00020789983682334423, "total": 0.01735019963234663}}