{"part_id": "0-2-10-11-14-23", "timings_sec": {"read_step": 0.009727900149300694, "enumerate_faces": 2.719997428357601e-05, "build_adjacency": 0.0003370000049471855, "extract_features": 0.0012103000190109015, "map_labels": 0.00020899996161460876, "sanity_checks": 0.0001574999187141657, "total": 0.011668900027871132}}