{"part_id": "0-2-5-8-13-23", "timings_sec": {"read_step": 0.006763300159946084, "enumerate_faces": 2.6300083845853806e-05, "build_adjacency": 0.00023220013827085495, "extract_features": 0.000844599911943078, "map_labels": 0.00020050001330673695, "sanity_checks": 0.0001091999001801014, "total": 0.00817610020749271}}