{"part_id": "0-2-2-4-6-23", "timings_sec": {"read_step": 0.00906259985640645, "enumerate_faces": 3.369990736246109e-05, "build_adjacency": 0.00030519999563694, "extract_features": 0.0011724000796675682, "map_labels": 0.00022929999977350235, "sanity_checks": 0.00013900012709200382, "total": 0.010942199965938926}}