{"part_id": "0-2-7-12-19", "timings_sec": {"read_step": 0.007314799819141626, "enumerate_faces": 3.1300121918320656e-05, "build_adjacency": 0.00025180005468428135, "extract_features": 0.0008921001572161913, "map_labels": 0.00022940011695027351, "sanity_checks": 0.00011509982869029045, "total": 0.008834500098600984}}