{"part_id": "0-2-5-12-12-23", "timings_sec": {"read_step": 0.009099500020965934, "enumerate_faces": 2.9700109735131264e-05, "build_adjacency": 0.0003223000094294548, "extract_features": 0.0011358000338077545, "map_labels": 0.00021409988403320312, "sanity_checks": 0.00014739995822310448, "total": 0.010948800016194582}}