{"part_id": "0-2-6-12-14-23", "timings_sec": {"read_step": 0.007832200033590198, "enumerate_faces": 2.9399991035461426e-05, "build_adjacency": 0.00027459999546408653, "extract_features": 0.0009987999219447374, "map_labels": 0.0002079999540001154, "sanity_checks": 0.00012649991549551487, "total": 0.009469499811530113}}