{"part_id": "0-2-6-11-14-23", "timings_sec": {"read_step": 0.006515400018543005, "enumerate_faces": 2.3799948394298553e-05, "build_adjacency": 0.00024580000899732113, "extract_features": 0.0008004999253898859, "map_labels": 0.00018490012735128403, "sanity_checks": 0.00010239984840154648, "total": 0.007872799877077341}}