{"part_id": "0-2-10-11-13-23", "timings_sec": {"read_step": 0.009423800045624375, "enumerate_faces": 2.8999987989664078e-05, "build_adjacency": 0.00032029999420046806, "extract_features": 0.0011748000979423523, "map_labels": 0.0002210000529885292, "sanity_checks": 0.00015540001913905144, "total": 0.01132430019788444}}