{"part_id": "0-2-7-8-12-23", "timings_sec": {"read_step": 0.00815790006890893, "enumerate_faces": 2.8499867767095566e-05, "build_adjacency": 0.00028469995595514774, "extract_features": 0.0010204999707639217, "map_labels": 0.00020340015180408955, "sanity_checks": 0.00012740003876388073, "total": 0.009822400053963065}}