{"part_id": "0-2-11-12-12-23", "timings_sec": {"read_step": 0.010561499977484345, "enumerate_faces": 3.6800047382712364e-05, "build_adjacency": 0.0003545999061316252, "extract_features": 0.0012558000162243843, "map_labels": 0.00024720001965761185, "sanity_checks": 0.00017399992793798447, "total": 0.012629899894818664}}