{"part_id": "0-2-10-14-19", "timings_sec": {"read_step": 0.00716520007699728, "enumerate_faces": 3.100000321865082e-05, "build_adjacency": 0.0002552999649196863, "extract_features": 0.0009272000752389431, "map_labels": 0.00022290018387138844, "sanity_checks": 0.00011979998089373112, "total": 0.00872140028513968}}