{"part_id": "0-2-10-10-12-23", "timings_sec": {"read_step": 0.010714300209656358, "enumerate_faces": 3.860006108880043e-05, "build_adjacency": 0.00036159995943307877, "extract_features": 0.001815600087866187, "map_labels": 0.00028229993768036366, "sanity_checks": 0.0002655999269336462, "total": 0.013478000182658434}}