{"part_id": "0-2-3-10-13-23", "timings_sec": {"read_step": 0.019166399957612157, "enumerate_faces": 4.359986633062363e-05, "build_adjacency": 0.0006055999547243118, "extract_features": 0.002557900035753846, "map_labels": 0.00028959987685084343, "sanity_checks": 0.0002987000625580549, "total": 0.022961799753829837}}