{"part_id": "0-2-5-11-12-23", "timings_sec": {"read_step": 0.010146399959921837, "enumerate_faces": 4.830001853406429e-05, "build_adjacency": 0.00034549995325505733, "extract_features": 0.0014053999911993742, "map_labels": 0.00028149993158876896, "sanity_checks": 0.00023080012761056423, "total": 0.012457899982109666}}