{"part_id": "0-2-5-13-13-23", "timings_sec": {"read_step": 0.007524800021201372, "enumerate_faces": 2.5300076231360435e-05, "build_adjacency": 0.00025710021145641804, "extract_features": 0.0009320999961346388, "map_labels": 0.0001967002172023058, "sanity_checks": 0.0001238000113517046, "total": 0.0090598005335778}}