{"part_id": "0-2-4-12-19", "timings_sec": {"read_step": 0.007951200008392334, "enumerate_faces": 3.1700124964118004e-05, "build_adjacency": 0.00024860003031790257, "extract_features": 0.0014545999001711607, "map_labels": 0.00028380006551742554, "sanity_checks": 0.00018730014562606812, "total": 0.010157200274989009}}