{"part_id": "0-2-4-4-12-23", "timings_sec": {"read_step": 0.00876659993082285, "enumerate_faces": 3.42000275850296e-05, "build_adjacency": 0.00030339998193085194, "extract_features": 0.001110200071707368, "map_labels": 0.00023210002109408379, "sanity_checks": 0.0001330999657511711, "total": 0.010579599998891354}}