{"part_id": "0-2-9-14-19", "timings_sec": {"read_step": 0.007021100027486682, "enumerate_faces": 3.620004281401634e-05, "build_adjacency": 0.00024310010485351086, "extract_features": 0.0008884998969733715, "map_labels": 0.00022709998302161694, "sanity_checks": 0.00012569990940392017, "total": 0.008541699964553118}}