{"part_id": "0-2-4-9-10-23", "timings_sec": {"read_step": 0.008389099966734648, "enumerate_faces": 2.5900080800056458e-05, "build_adjacency": 0.00028239982202649117, "extract_features": 0.0010556001216173172, "map_labels": 0.00022600009106099606, "sanity_checks": 0.00023419992066919804, "total": 0.010213200002908707}}