{"part_id": "0-2-2-5-6-23", "timings_sec": {"read_step": 0.009069599909707904, "enumerate_faces": 3.4800032153725624e-05, "build_adjacency": 0.00029380014166235924, "extract_features": 0.0010522999800741673, "map_labels": 0.00023319991305470467, "sanity_checks": 0.00013409997336566448, "total": 0.010817799950018525}}