{"part_id": "0-2-3-4-6-23", "timings_sec": {"read_step": 0.011441800044849515, "enumerate_faces": 3.860006108880043e-05, "build_adjacency": 0.0006240000948309898, "extract_features": 0.0012991998810321093, "map_labels": 0.00022109993733465672, "sanity_checks": 0.0002031000331044197, "total": 0.013827800052240491}}