{"part_id": "0-2-10-10-10-23", "timings_sec": {"read_step": 0.00946149998344481, "enumerate_faces": 2.7300091460347176e-05, "build_adjacency": 0.0003288998268544674, "extract_features": 0.0012129999231547117, "map_labels": 0.00022159982472658157, "sanity_checks": 0.00015460001304745674, "total": 0.011406899662688375}}