{"part_id": "0-2-2-11-13-23", "timings_sec": {"read_step": 0.013603799976408482, "enumerate_faces": 3.720005042850971e-05, "build_adjacency": 0.0004964999388903379, "extract_features": 0.0014369001146405935, "map_labels": 0.0002375999465584755, "sanity_checks": 0.00017399992793798447, "total": 0.015985999954864383}}