{"part_id": "0-2-3-10-11-23", "timings_sec": {"read_step": 0.022869299864396453, "enumerate_faces": 4.6900007873773575e-05, "build_adjacency": 0.0007738000713288784, "extract_features": 0.0027680001221597195, "map_labels": 0.0003005999606102705, "sanity_checks": 0.0003712000325322151, "total": 0.02712980005890131}}