{"part_id": "0-2-2-8-11-23", "timings_sec": {"read_step": 0.015532499877735972, "enumerate_faces": 3.990018740296364e-05, "build_adjacency": 0.0005233001429587603, "extract_features": 0.002069300040602684, "map_labels": 0.0003239000216126442, "sanity_checks": 0.0002691000699996948, "total": 0.01875800034031272}}