{"part_id": "0-2-9-11-12-23", "timings_sec": {"read_step": 0.010438900208100677, "enumerate_faces": 2.9399991035461426e-05, "build_adjacency": 0.0003284001722931862, "extract_features": 0.0012215001042932272, "map_labels": 0.0002117999829351902, "sanity_checks": 0.00016029994003474712, "total": 0.012390300398692489}}