{"part_id": "0-2-4-9-19", "timings_sec": {"read_step": 0.006757399998605251, "enumerate_faces": 3.0100112780928612e-05, "build_adjacency": 0.00023370003327727318, "extract_features": 0.0008652000688016415, "map_labels": 0.00019990000873804092, "sanity_checks": 0.00011819996871054173, "total": 0.008204500190913677}}