{"part_id": "0-2-7-8-8-23", "timings_sec": {"read_step": 0.006544699892401695, "enumerate_faces": 3.210012800991535e-05, "build_adjacency": 0.00023399991914629936, "extract_features": 0.0008105998858809471, "map_labels": 0.00022040004841983318, "sanity_checks": 0.00010609999299049377, "total": 0.007947899866849184}}