{"part_id": "0-2-5-10-10-23", "timings_sec": {"read_step": 0.008817600086331367, "enumerate_faces": 2.110004425048828e-05, "build_adjacency": 0.00029440014623105526, "extract_features": 0.001102200010791421, "map_labels": 0.00019249995239078999, "sanity_checks": 0.00017879996448755264, "total": 0.010606600204482675}}