{"part_id": "0-2-4-9-13-23", "timings_sec": {"read_step": 0.007497199811041355, "enumerate_faces": 3.0300114303827286e-05, "build_adjacency": 0.00038100010715425014, "extract_features": 0.0015636999160051346, "map_labels": 0.00022869999520480633, "sanity_checks": 0.0001237001270055771, "total": 0.00982460007071495}}