{"part_id": "0-2-3-7-10-23", "timings_sec": {"read_step": 0.009883200051262975, "enumerate_faces": 2.5200191885232925e-05, "build_adjacency": 0.0003132999408990145, "extract_features": 0.0011849000584334135, "map_labels": 0.0002041999250650406, "sanity_checks": 0.00015110010281205177, "total": 0.011761900270357728}}