{"part_id": "0-2-5-7-12-23", "timings_sec": {"read_step": 0.007407500175759196, "enumerate_faces": 2.519995905458927e-05, "build_adjacency": 0.00025100004859268665, "extract_features": 0.000923600047826767, "map_labels": 0.00018809991888701916, "sanity_checks": 0.00011849985457956791, "total": 0.008913900004699826}}