{"part_id": "0-2-11-12-19", "timings_sec": {"read_step": 0.008409500122070312, "enumerate_faces": 3.109988756477833e-05, "build_adjacency": 0.0002842999529093504, "extract_features": 0.0011826001573354006, "map_labels": 0.00020619994029402733, "sanity_checks": 0.00013589998707175255, "total": 0.010249600047245622}}