{"part_id": "0-2-3-3-14-23", "timings_sec": {"read_step": 0.013590099988505244, "enumerate_faces": 3.429991193115711e-05, "build_adjacency": 0.00046580005437135696, "extract_features": 0.0015864998567849398, "map_labels": 0.00023809983395040035, "sanity_checks": 0.0001897001639008522, "total": 0.01610449980944395}}