{"part_id": "0-2-6-10-14-23", "timings_sec": {"read_step": 0.007036000024527311, "enumerate_faces": 3.7800054997205734e-05, "build_adjacency": 0.00030209985561668873, "extract_features": 0.000964100006967783, "map_labels": 0.0003245000261813402, "sanity_checks": 0.00011770008131861687, "total": 0.008782200049608946}}