{"part_id": "0-2-2-9-11-23", "timings_sec": {"read_step": 0.019110700115561485, "enumerate_faces": 3.8899946957826614e-05, "build_adjacency": 0.0006401001010090113, "extract_features": 0.0024164998903870583, "map_labels": 0.0002978998236358166, "sanity_checks": 0.0003399001434445381, "total": 0.022844000020995736}}