{"part_id": "0-2-7-9-11-23", "timings_sec": {"read_step": 0.009559200145304203, "enumerate_faces": 3.4899916499853134e-05, "build_adjacency": 0.00032260012812912464, "extract_features": 0.0011970000341534615, "map_labels": 0.000238100066781044, "sanity_checks": 0.00015440001152455807, "total": 0.011506200302392244}}