{"part_id": "0-2-3-3-6-23", "timings_sec": {"read_step": 0.01119899982586503, "enumerate_faces": 3.42000275850296e-05, "build_adjacency": 0.0003512999974191189, "extract_features": 0.001245599938556552, "map_labels": 0.00024610012769699097, "sanity_checks": 0.00018330011516809464, "total": 0.013259500032290816}}