{"part_id": "0-2-9-12-19", "timings_sec": {"read_step": 0.006937999976798892, "enumerate_faces": 2.3799948394298553e-05, "build_adjacency": 0.0002465001307427883, "extract_features": 0.0008920000400394201, "map_labels": 0.0002055999357253313, "sanity_checks": 0.00011770008131861687, "total": 0.008423600113019347}}