{"part_id": "0-2-2-12-13-23", "timings_sec": {"read_step": 0.00994889996945858, "enumerate_faces": 3.310013562440872e-05, "build_adjacency": 0.0003500001039355993, "extract_features": 0.0012727000284940004, "map_labels": 0.00022940011695027351, "sanity_checks": 0.00015320000238716602, "total": 0.011987300356850028}}