{"part_id": "0-2-3-10-19", "timings_sec": {"read_step": 0.013922099955379963, "enumerate_faces": 4.0899962186813354e-05, "build_adjacency": 0.0005009998567402363, "extract_features": 0.001906299963593483, "map_labels": 0.0002568000927567482, "sanity_checks": 0.00022469996474683285, "total": 0.016851799795404077}}