{"part_id": "0-2-6-7-13-23", "timings_sec": {"read_step": 0.00624759984202683, "enumerate_faces": 3.060000017285347e-05, "build_adjacency": 0.0002125999890267849, "extract_features": 0.0007682000286877155, "map_labels": 0.00021109986118972301, "sanity_checks": 0.00011259992606937885, "total": 0.0075826996471732855}}