{"part_id": "0-2-10-19", "timings_sec": {"read_step": 0.006585299968719482, "enumerate_faces": 2.5700079277157784e-05, "build_adjacency": 0.0002158998977392912, "extract_features": 0.000864699948579073, "map_labels": 0.00019529997371137142, "sanity_checks": 0.00010349997319281101, "total": 0.007990399841219187}}