{"part_id": "0-2-2-10-13-23", "timings_sec": {"read_step": 0.00903930002823472, "enumerate_faces": 3.4400029107928276e-05, "build_adjacency": 0.00030409987084567547, "extract_features": 0.0010979000944644213, "map_labels": 0.00022409996017813683, "sanity_checks": 0.00013749999925494194, "total": 0.010837299982085824}}