{"part_id": "0-2-7-7-8-23", "timings_sec": {"read_step": 0.006701200036332011, "enumerate_faces": 2.41999514400959e-05, "build_adjacency": 0.00022900011390447617, "extract_features": 0.000829300144687295, "map_labels": 0.00018979981541633606, "sanity_checks": 0.00010870001278817654, "total": 0.00808220007456839}}