{"part_id": "0-2-14-14-19", "timings_sec": {"read_step": 0.006853900151327252, "enumerate_faces": 2.9199989512562752e-05, "build_adjacency": 0.00023629982024431229, "extract_features": 0.0008437999058514833, "map_labels": 0.00020699994638562202, "sanity_checks": 0.00010860012844204903, "total": 0.008278799941763282}}