{"part_id": "0-2-2-6-11-23", "timings_sec": {"read_step": 0.01070630014874041, "enumerate_faces": 3.42000275850296e-05, "build_adjacency": 0.00032410002313554287, "extract_features": 0.0011592998635023832, "map_labels": 0.0002351999282836914, "sanity_checks": 0.00014830008149147034, "total": 0.012607400072738528}}