{"part_id": "0-2-5-10-14-23", "timings_sec": {"read_step": 0.013319199904799461, "enumerate_faces": 4.319986328482628e-05, "build_adjacency": 0.0005482998676598072, "extract_features": 0.00182120013050735, "map_labels": 0.0003105001524090767, "sanity_checks": 0.00022389995865523815, "total": 0.01626629987731576}}