{"part_id": "0-2-9-11-11-23", "timings_sec": {"read_step": 0.010545199969783425, "enumerate_faces": 3.0800001695752144e-05, "build_adjacency": 0.00038800016045570374, "extract_features": 0.0013379999436438084, "map_labels": 0.00021350011229515076, "sanity_checks": 0.00017650006338953972, "total": 0.01269200025126338}}