{"part_id": "0-2-3-7-14-23", "timings_sec": {"read_step": 0.010806999867781997, "enumerate_faces": 2.4300068616867065e-05, "build_adjacency": 0.0003651001024991274, "extract_features": 0.001460100058466196, "map_labels": 0.00021490012295544147, "sanity_checks": 0.00018429988995194435, "total": 0.013055700110271573}}