{"part_id": "0-2-4-7-9-23", "timings_sec": {"read_step": 0.0062859999015927315, "enumerate_faces": 3.460003063082695e-05, "build_adjacency": 0.00020869984291493893, "extract_features": 0.0007235999219119549, "map_labels": 0.0002511998172849417, "sanity_checks": 0.00010229996405541897, "total": 0.007606399478390813}}