{"part_id": "0-2-3-8-10-23", "timings_sec": {"read_step": 0.00959779997356236, "enumerate_faces": 3.520003519952297e-05, "build_adjacency": 0.00032199989072978497, "extract_features": 0.0011668000370264053, "map_labels": 0.0002319000195711851, "sanity_checks": 0.0001550000160932541, "total": 0.011508699972182512}}