{"part_id": "0-2-5-5-19", "timings_sec": {"read_step": 0.007835999829694629, "enumerate_faces": 3.1800009310245514e-05, "build_adjacency": 0.00026849983260035515, "extract_features": 0.0009612999856472015, "map_labels": 0.00021689990535378456, "sanity_checks": 0.00012159999459981918, "total": 0.009436099557206035}}