{"part_id": "0-2-5-6-8-23", "timings_sec": {"read_step": 0.007136000087484717, "enumerate_faces": 3.120000474154949e-05, "build_adjacency": 0.0002598001156002283, "extract_features": 0.0008825999684631824, "map_labels": 0.00021549989469349384, "sanity_checks": 0.00011110003106296062, "total": 0.008636200102046132}}