{"part_id": "0-2-5-9-11-23", "timings_sec": {"read_step": 0.007083500036969781, "enumerate_faces": 2.4799956008791924e-05, "build_adjacency": 0.00024259998463094234, "extract_features": 0.0008936000522226095, "map_labels": 0.0001906000543385744, "sanity_checks": 0.00012010009959340096, "total": 0.0085552001837641}}