{"part_id": "0-2-2-4-12-23", "timings_sec": {"read_step": 0.01248529995791614, "enumerate_faces": 3.210012800991535e-05, "build_adjacency": 0.00037480005994439125, "extract_features": 0.001276999944821, "map_labels": 0.00023030000738799572, "sanity_checks": 0.00015740003436803818, "total": 0.014556900132447481}}