{"part_id": "0-2-7-11-14-23", "timings_sec": {"read_step": 0.009046799968928099, "enumerate_faces": 2.769986167550087e-05, "build_adjacency": 0.0003177998587489128, "extract_features": 0.0012553001288324594, "map_labels": 0.0002457001246511936, "sanity_checks": 0.00014909985475242138, "total": 0.011042399797588587}}