{"part_id": "0-2-9-10-12-23", "timings_sec": {"read_step": 0.008911099983379245, "enumerate_faces": 2.9799994081258774e-05, "build_adjacency": 0.00034989998675882816, "extract_features": 0.0011972999200224876, "map_labels": 0.00021070009097456932, "sanity_checks": 0.00014530005864799023, "total": 0.010844100033864379}}