{"part_id": "0-2-2-8-10-23", "timings_sec": {"read_step": 0.014713499927893281, "enumerate_faces": 3.760005347430706e-05, "build_adjacency": 0.0005566999316215515, "extract_features": 0.002094999887049198, "map_labels": 0.0002991999499499798, "sanity_checks": 0.0002686998341232538, "total": 0.01797069958411157}}