{"part_id": "0-2-10-10-14-23", "timings_sec": {"read_step": 0.008772999979555607, "enumerate_faces": 2.9199989512562752e-05, "build_adjacency": 0.00030189985409379005, "extract_features": 0.0011084000580012798, "map_labels": 0.0002142000012099743, "sanity_checks": 0.0001468001864850521, "total": 0.010573500068858266}}