{"part_id": "0-2-2-2-2-23", "timings_sec": {"read_step": 0.016063200077041984, "enumerate_faces": 3.7300167605280876e-05, "build_adjacency": 0.0005177001003175974, "extract_features": 0.0018794999923557043, "map_labels": 0.00025090016424655914, "sanity_checks": 0.00018909992650151253, "total": 0.018937700428068638}}