{"part_id": "0-2-10-10-11-23", "timings_sec": {"read_step": 0.00991029990836978, "enumerate_faces": 2.9100105166435242e-05, "build_adjacency": 0.0003500001039355993, "extract_features": 0.001293000066652894, "map_labels": 0.00021820003166794777, "sanity_checks": 0.00017400016076862812, "total": 0.011974600376561284}}