{"part_id": "0-2-5-7-19", "timings_sec": {"read_step": 0.00715159997344017, "enumerate_faces": 2.4499837309122086e-05, "build_adjacency": 0.0002462000120431185, "extract_features": 0.0010744999162852764, "map_labels": 0.00020459992811083794, "sanity_checks": 0.00011429982259869576, "total": 0.008815699489787221}}