{"part_id": "0-2-3-7-7-23", "timings_sec": {"read_step": 0.011180900037288666, "enumerate_faces": 3.5300152376294136e-05, "build_adjacency": 0.0003698000218719244, "extract_features": 0.0012432998046278954, "map_labels": 0.00023090001195669174, "sanity_checks": 0.00015130010433495045, "total": 0.013211500132456422}}