{"part_id": "0-2-7-12-14-23", "timings_sec": {"read_step": 0.009143700124695897, "enumerate_faces": 3.7800054997205734e-05, "build_adjacency": 0.0003090000245720148, "extract_features": 0.0010764999315142632, "map_labels": 0.00022999988868832588, "sanity_checks": 0.00013349996879696846, "total": 0.010930499993264675}}