{"part_id": "0-2-2-11-14-23", "timings_sec": {"read_step": 0.010290700010955334, "enumerate_faces": 3.4800032153725624e-05, "build_adjacency": 0.0003891000524163246, "extract_features": 0.0013280001003295183, "map_labels": 0.00023310002870857716, "sanity_checks": 0.0001539001241326332, "total": 0.012429600348696113}}