{"part_id": "0-2-2-4-9-23", "timings_sec": {"read_step": 0.011278199963271618, "enumerate_faces": 3.360002301633358e-05, "build_adjacency": 0.0003687001299113035, "extract_features": 0.0013009000103920698, "map_labels": 0.00023629982024431229, "sanity_checks": 0.000161399831995368, "total": 0.013379099778831005}}