{"part_id": "0-2-5-5-10-23", "timings_sec": {"read_step": 0.009172199992462993, "enumerate_faces": 2.7399975806474686e-05, "build_adjacency": 0.00032199989072978497, "extract_features": 0.00116460002027452, "map_labels": 0.00021869991905987263, "sanity_checks": 0.0001462001819163561, "total": 0.011051099980250001}}