{"part_id": "0-2-2-3-14-23", "timings_sec": {"read_step": 0.011909299995750189, "enumerate_faces": 3.5300152376294136e-05, "build_adjacency": 0.00039670011028647423, "extract_features": 0.0014589999336749315, "map_labels": 0.00026500015519559383, "sanity_checks": 0.0001642000861465931, "total": 0.014229500433430076}}