{"part_id": "0-2-9-9-10-23", "timings_sec": {"read_step": 0.008608900010585785, "enumerate_faces": 2.9199989512562752e-05, "build_adjacency": 0.0002870000898838043, "extract_features": 0.0010967999696731567, "map_labels": 0.0002109999768435955, "sanity_checks": 0.0001471000723540783, "total": 0.010380000108852983}}