{"part_id": "0-2-6-11-11-23", "timings_sec": {"read_step": 0.01051169983111322, "enumerate_faces": 3.320001997053623e-05, "build_adjacency": 0.00035969982855021954, "extract_features": 0.0012992999982088804, "map_labels": 0.0002305998932570219, "sanity_checks": 0.00016609998419880867, "total": 0.012600599555298686}}