{"part_id": "0-2-2-7-12-23", "timings_sec": {"read_step": 0.01483209989964962, "enumerate_faces": 4.2899977415800095e-05, "build_adjacency": 0.0005099000409245491, "extract_features": 0.0019032999407500029, "map_labels": 0.00028130016289651394, "sanity_checks": 0.0002109999768435955, "total": 0.01778049999848008}}