{"part_id": "0-2-3-6-13-23", "timings_sec": {"read_step": 0.010775600094348192, "enumerate_faces": 2.3999949917197227e-05, "build_adjacency": 0.00037049991078674793, "extract_features": 0.0013100998476147652, "map_labels": 0.0002009000163525343, "sanity_checks": 0.00016529997810721397, "total": 0.01284639979712665}}