{"part_id": "0-2-4-8-9-23", "timings_sec": {"read_step": 0.00832489994354546, "enumerate_faces": 3.2400013878941536e-05, "build_adjacency": 0.00026839994825422764, "extract_features": 0.0014950002077966928, "map_labels": 0.0002896001096814871, "sanity_checks": 0.00013369997031986713, "total": 0.010544000193476677}}