{"part_id": "0-2-5-5-7-23", "timings_sec": {"read_step": 0.010775599861517549, "enumerate_faces": 3.5899924114346504e-05, "build_adjacency": 0.0003114999271929264, "extract_features": 0.0011175000108778477, "map_labels": 0.0002451001200824976, "sanity_checks": 0.00014370004646480083, "total": 0.012629299890249968}}