{"part_id": "0-2-9-11-14-23", "timings_sec": {"read_step": 0.007980099879205227, "enumerate_faces": 2.7399975806474686e-05, "build_adjacency": 0.00026670005172491074, "extract_features": 0.001025900011882186, "map_labels": 0.0002093999646604061, "sanity_checks": 0.0001354000996798277, "total": 0.009644899982959032}}