{"part_id": "0-2-12-14-14-23", "timings_sec": {"read_step": 0.00881389994174242, "enumerate_faces": 3.769993782043457e-05, "build_adjacency": 0.00032919994555413723, "extract_features": 0.0015182001516222954, "map_labels": 0.0002250999677926302, "sanity_checks": 0.0001526998821645975, "total": 0.011076799826696515}}