{"part_id": "0-2-4-4-11-23", "timings_sec": {"read_step": 0.009170700097456574, "enumerate_faces": 3.1899893656373024e-05, "build_adjacency": 0.0003154999576508999, "extract_features": 0.0011420000810176134, "map_labels": 0.00021319999359548092, "sanity_checks": 0.00014919997192919254, "total": 0.011022499995306134}}