{"part_id": "0-2-7-9-13-23", "timings_sec": {"read_step": 0.007879100041463971, "enumerate_faces": 3.110012039542198e-05, "build_adjacency": 0.00027059996500611305, "extract_features": 0.0009611998684704304, "map_labels": 0.00021580001339316368, "sanity_checks": 0.00012759980745613575, "total": 0.009485399816185236}}