{"part_id": "0-2-11-14-14-23", "timings_sec": {"read_step": 0.009198900079354644, "enumerate_faces": 2.9300106689333916e-05, "build_adjacency": 0.0003132999408990145, "extract_features": 0.001150700030848384, "map_labels": 0.00021110009402036667, "sanity_checks": 0.000147900078445673, "total": 0.011051200330257416}}