{"part_id": "0-2-3-6-9-23", "timings_sec": {"read_step": 0.011375000001862645, "enumerate_faces": 2.8299866244196892e-05, "build_adjacency": 0.0003932998515665531, "extract_features": 0.0014236001297831535, "map_labels": 0.00020950008183717728, "sanity_checks": 0.00017490005120635033, "total": 0.013604599982500076}}