{"part_id": "0-2-2-5-11-23", "timings_sec": {"read_step": 0.013946500141173601, "enumerate_faces": 3.600004129111767e-05, "build_adjacency": 0.00042559998109936714, "extract_features": 0.0014873999170958996, "map_labels": 0.00023950007744133472, "sanity_checks": 0.00018329988233745098, "total": 0.01631830004043877}}