{"part_id": "0-2-3-4-13-23", "timings_sec": {"read_step": 0.011349699925631285, "enumerate_faces": 3.50000336766243e-05, "build_adjacency": 0.0003963999915868044, "extract_features": 0.0013194000348448753, "map_labels": 0.00023390003480017185, "sanity_checks": 0.00015760003589093685, "total": 0.013492000056430697}}