{"part_id": "0-2-11-14-19", "timings_sec": {"read_step": 0.008011500118300319, "enumerate_faces": 3.3599790185689926e-05, "build_adjacency": 0.00027980003505945206, "extract_features": 0.0012197999749332666, "map_labels": 0.0002561998553574085, "sanity_checks": 0.00014279992319643497, "total": 0.00994369969703257}}