{"part_id": "0-2-2-3-13-23", "timings_sec": {"read_step": 0.01741660013794899, "enumerate_faces": 3.66999302059412e-05, "build_adjacency": 0.0005272999405860901, "extract_features": 0.0018633001018315554, "map_labels": 0.00025420007295906544, "sanity_checks": 0.00020359992049634457, "total": 0.020301700104027987}}