{"part_id": "0-2-4-4-7-23", "timings_sec": {"read_step": 0.007961099967360497, "enumerate_faces": 3.2899901270866394e-05, "build_adjacency": 0.00028280005790293217, "extract_features": 0.0010173998307436705, "map_labels": 0.00023159990087151527, "sanity_checks": 0.00013779988512396812, "total": 0.009663599543273449}}