{"part_id": "0-2-3-9-14-23", "timings_sec": {"read_step": 0.012798500014469028, "enumerate_faces": 3.650016151368618e-05, "build_adjacency": 0.0004437000025063753, "extract_features": 0.0015150001272559166, "map_labels": 0.00023580016568303108, "sanity_checks": 0.00019529997371137142, "total": 0.015224800445139408}}