{"part_id": "0-2-10-12-12-23", "timings_sec": {"read_step": 0.010423599975183606, "enumerate_faces": 3.2700132578611374e-05, "build_adjacency": 0.0003287999425083399, "extract_features": 0.001179700018838048, "map_labels": 0.0002226000651717186, "sanity_checks": 0.00015950016677379608, "total": 0.01234690030105412}}