{"part_id": "0-2-7-19", "timings_sec": {"read_step": 0.005955799948424101, "enumerate_faces": 2.8900103643536568e-05, "build_adjacency": 0.00019780010916292667, "extract_features": 0.000695900060236454, "map_labels": 0.00020320015028119087, "sanity_checks": 9.320001117885113e-05, "total": 0.00717480038292706}}