{"part_id": "0-2-11-13-13-23", "timings_sec": {"read_step": 0.008657400030642748, "enumerate_faces": 3.7599820643663406e-05, "build_adjacency": 0.00031400006264448166, "extract_features": 0.0011881999671459198, "map_labels": 0.0002445001155138016, "sanity_checks": 0.00013780011795461178, "total": 0.010579500114545226}}