{"part_id": "0-2-3-11-12-23", "timings_sec": {"read_step": 0.0174666999373585, "enumerate_faces": 4.0499959141016006e-05, "build_adjacency": 0.00038219988346099854, "extract_features": 0.0013447001110762358, "map_labels": 0.0002318001352250576, "sanity_checks": 0.0001784998457878828, "total": 0.01964439987204969}}