{"part_id": "0-2-3-6-14-23", "timings_sec": {"read_step": 0.01074910000897944, "enumerate_faces": 2.4999957531690598e-05, "build_adjacency": 0.00037049991078674793, "extract_features": 0.0012899998109787703, "map_labels": 0.00020050001330673695, "sanity_checks": 0.0001539001241326332, "total": 0.012788999825716019}}