{"part_id": "0-2-6-7-9-23", "timings_sec": {"read_step": 0.006314000114798546, "enumerate_faces": 3.0700117349624634e-05, "build_adjacency": 0.0002226999495178461, "extract_features": 0.0008203000761568546, "map_labels": 0.00020540016703307629, "sanity_checks": 0.00011499994434416294, "total": 0.0077081003692001104}}