{"part_id": "0-2-11-11-19", "timings_sec": {"read_step": 0.009622500045225024, "enumerate_faces": 3.369990736246109e-05, "build_adjacency": 0.0003249999135732651, "extract_features": 0.0012098001316189766, "map_labels": 0.00023659993894398212, "sanity_checks": 0.00017080013640224934, "total": 0.011598400073125958}}