{"part_id": "0-2-2-3-10-23", "timings_sec": {"read_step": 0.028299199882894754, "enumerate_faces": 4.75000124424696e-05, "build_adjacency": 0.0008841999806463718, "extract_features": 0.0026350999251008034, "map_labels": 0.0003074000123888254, "sanity_checks": 0.00034069991670548916, "total": 0.032514099730178714}}