{"part_id": "0-2-7-7-9-23", "timings_sec": {"read_step": 0.009002699982374907, "enumerate_faces": 3.069988451898098e-05, "build_adjacency": 0.0002896999940276146, "extract_features": 0.0010579999070614576, "map_labels": 0.00021700002253055573, "sanity_checks": 0.00013739988207817078, "total": 0.010735499672591686}}