{"part_id": "0-2-7-8-14-23", "timings_sec": {"read_step": 0.007758900057524443, "enumerate_faces": 2.8300099074840546e-05, "build_adjacency": 0.0002598999999463558, "extract_features": 0.0009288000874221325, "map_labels": 0.00024259998463094234, "sanity_checks": 0.00012609991244971752, "total": 0.009344600141048431}}