{"part_id": "0-2-2-14-14-23", "timings_sec": {"read_step": 0.013952800072729588, "enumerate_faces": 4.449998959898949e-05, "build_adjacency": 0.0004322000313550234, "extract_features": 0.0017025999259203672, "map_labels": 0.0003222001250833273, "sanity_checks": 0.00022959988564252853, "total": 0.016683900030329823}}