{"part_id": "0-2-3-8-11-23", "timings_sec": {"read_step": 0.010409899987280369, "enumerate_faces": 3.4400029107928276e-05, "build_adjacency": 0.0003597999457269907, "extract_features": 0.00135679985396564, "map_labels": 0.00023359991610050201, "sanity_checks": 0.00016229995526373386, "total": 0.012556799687445164}}