{"part_id": "0-2-2-7-9-23", "timings_sec": {"read_step": 0.01386800012551248, "enumerate_faces": 3.869994543492794e-05, "build_adjacency": 0.00047309999354183674, "extract_features": 0.0017550999764353037, "map_labels": 0.00025509996339678764, "sanity_checks": 0.0002373000606894493, "total": 0.016627300065010786}}