{"part_id": "0-2-7-11-13-23", "timings_sec": {"read_step": 0.00810569990426302, "enumerate_faces": 3.4499913454055786e-05, "build_adjacency": 0.0002888001035898924, "extract_features": 0.0010211002081632614, "map_labels": 0.00022980011999607086, "sanity_checks": 0.0001329001970589161, "total": 0.009812800446525216}}