{"part_id": "0-2-3-6-6-23", "timings_sec": {"read_step": 0.009401299990713596, "enumerate_faces": 3.410014323890209e-05, "build_adjacency": 0.0003279999364167452, "extract_features": 0.0011303999926894903, "map_labels": 0.00023789983242750168, "sanity_checks": 0.00014030002057552338, "total": 0.011271999916061759}}