{"part_id": "0-2-6-6-13-23", "timings_sec": {"read_step": 0.006176900118589401, "enumerate_faces": 3.0499882996082306e-05, "build_adjacency": 0.00021379999816417694, "extract_features": 0.0007533000316470861, "map_labels": 0.00022000004537403584, "sanity_checks": 0.0001088001299649477, "total": 0.00750330020673573}}