{"part_id": "0-2-2-10-12-23", "timings_sec": {"read_step": 0.011099300114437938, "enumerate_faces": 3.66999302059412e-05, "build_adjacency": 0.0004158997908234596, "extract_features": 0.0013548999559134245, "map_labels": 0.00022249994799494743, "sanity_checks": 0.0001804002095013857, "total": 0.013309699948877096}}