{"part_id": "0-2-3-3-19", "timings_sec": {"read_step": 0.01245889998972416, "enumerate_faces": 3.779982216656208e-05, "build_adjacency": 0.0004237999673932791, "extract_features": 0.0014426999259740114, "map_labels": 0.0002429999876767397, "sanity_checks": 0.0001781000755727291, "total": 0.01478429976850748}}