{"part_id": "0-2-4-9-9-23", "timings_sec": {"read_step": 0.008055599872022867, "enumerate_faces": 2.850010059773922e-05, "build_adjacency": 0.00026890006847679615, "extract_features": 0.0010724000167101622, "map_labels": 0.000219699926674366, "sanity_checks": 0.00013149995356798172, "total": 0.009776599938049912}}