{"part_id": "0-2-4-7-8-23", "timings_sec": {"read_step": 0.006926100002601743, "enumerate_faces": 3.300001844763756e-05, "build_adjacency": 0.00024640001356601715, "extract_features": 0.0008857999928295612, "map_labels": 0.00021920003928244114, "sanity_checks": 0.00012810016050934792, "total": 0.008438600227236748}}