{"part_id": "0-2-6-9-13-23", "timings_sec": {"read_step": 0.007164000067859888, "enumerate_faces": 2.469983883202076e-05, "build_adjacency": 0.00025040004402399063, "extract_features": 0.000910300062969327, "map_labels": 0.00019689998589456081, "sanity_checks": 0.00011719996109604836, "total": 0.008663499960675836}}