{"part_id": "0-2-4-12-12-23", "timings_sec": {"read_step": 0.008594400016590953, "enumerate_faces": 2.9399991035461426e-05, "build_adjacency": 0.00029699993319809437, "extract_features": 0.0011642000172287226, "map_labels": 0.00021569989621639252, "sanity_checks": 0.0001362999901175499, "total": 0.010436999844387174}}