{"part_id": "0-2-5-6-14-23", "timings_sec": {"read_step": 0.008023299975320697, "enumerate_faces": 3.229989670217037e-05, "build_adjacency": 0.00027590012177824974, "extract_features": 0.0009902999736368656, "map_labels": 0.00021650013513863087, "sanity_checks": 0.00013580010272562504, "total": 0.009674100205302238}}