{"part_id": "0-2-6-6-14-23", "timings_sec": {"read_step": 0.006849100114777684, "enumerate_faces": 2.4300068616867065e-05, "build_adjacency": 0.00023650005459785461, "extract_features": 0.0008781000506132841, "map_labels": 0.00018540001474320889, "sanity_checks": 0.00011870008893311024, "total": 0.008292100392282009}}