{"part_id": "0-2-19", "timings_sec": {"read_step": 0.006113899871706963, "enumerate_faces": 2.519995905458927e-05, "build_adjacency": 0.00015440001152455807, "extract_features": 0.0005504998844116926, "map_labels": 0.00020180013962090015, "sanity_checks": 7.600011304020882e-05, "total": 0.0071217999793589115}}