{"part_id": "0-2-9-12-12-23", "timings_sec": {"read_step": 0.008564299903810024, "enumerate_faces": 2.659996971487999e-05, "build_adjacency": 0.00029250001534819603, "extract_features": 0.001089099794626236, "map_labels": 0.0002092001959681511, "sanity_checks": 0.00013929978013038635, "total": 0.010320999659597874}}