{"part_id": "0-2-4-7-19", "timings_sec": {"read_step": 0.0070096999406814575, "enumerate_faces": 4.1499966755509377e-05, "build_adjacency": 0.00024960003793239594, "extract_features": 0.0011155998799949884, "map_labels": 0.00036589987576007843, "sanity_checks": 0.00013509998098015785, "total": 0.008917399682104588}}