{"part_id": "0-2-4-6-13-23", "timings_sec": {"read_step": 0.0072032001335173845, "enumerate_faces": 3.160000778734684e-05, "build_adjacency": 0.0002590001095086336, "extract_features": 0.0008910999167710543, "map_labels": 0.00022399984300136566, "sanity_checks": 0.0001150001771748066, "total": 0.008723900187760592}}