{"part_id": "0-2-5-13-14-23", "timings_sec": {"read_step": 0.007837500190362334, "enumerate_faces": 2.8700102120637894e-05, "build_adjacency": 0.00027309986762702465, "extract_features": 0.0009784998837858438, "map_labels": 0.00023999996483325958, "sanity_checks": 0.00012550014071166515, "total": 0.009483300149440765}}