{"part_id": "0-2-3-4-10-23", "timings_sec": {"read_step": 0.011554599972441792, "enumerate_faces": 3.800005652010441e-05, "build_adjacency": 0.0003986000083386898, "extract_features": 0.0013731999788433313, "map_labels": 0.00023539992980659008, "sanity_checks": 0.00016709999181330204, "total": 0.01376689993776381}}