{"part_id": "0-2-4-7-10-23", "timings_sec": {"read_step": 0.00837110006250441, "enumerate_faces": 2.8700102120637894e-05, "build_adjacency": 0.00029409979470074177, "extract_features": 0.0010526999831199646, "map_labels": 0.000232999911531806, "sanity_checks": 0.00013720011338591576, "total": 0.010116799967363477}}