{"part_id": "0-2-4-4-5-23", "timings_sec": {"read_step": 0.0088126000482589, "enumerate_faces": 2.6799971237778664e-05, "build_adjacency": 0.00028060004115104675, "extract_features": 0.0010967999696731567, "map_labels": 0.00019190018065273762, "sanity_checks": 0.00012909993529319763, "total": 0.010537800146266818}}