{"part_id": "0-2-8-9-19", "timings_sec": {"read_step": 0.006400000071153045, "enumerate_faces": 2.7299858629703522e-05, "build_adjacency": 0.00021920003928244114, "extract_features": 0.0008111998904496431, "map_labels": 0.00020370003767311573, "sanity_checks": 0.00010890001431107521, "total": 0.0077702999114990234}}