{"part_id": "0-2-7-10-10-23", "timings_sec": {"read_step": 0.008704300038516521, "enumerate_faces": 2.7700094506144524e-05, "build_adjacency": 0.000295999925583601, "extract_features": 0.001120300032198429, "map_labels": 0.00021110009402036667, "sanity_checks": 0.00014400016516447067, "total": 0.010503400349989533}}