{"part_id": "0-2-2-2-10-23", "timings_sec": {"read_step": 0.019188900012522936, "enumerate_faces": 4.4999876990914345e-05, "build_adjacency": 0.0005941002164036036, "extract_features": 0.0020807001274079084, "map_labels": 0.0002701999619603157, "sanity_checks": 0.00021590013056993484, "total": 0.022394800325855613}}