{"part_id": "0-2-2-5-8-23", "timings_sec": {"read_step": 0.007519199978560209, "enumerate_faces": 2.559996210038662e-05, "build_adjacency": 0.0002544000744819641, "extract_features": 0.0009025998879224062, "map_labels": 0.00019370019435882568, "sanity_checks": 0.00012769992463290691, "total": 0.009023200022056699}}