{"part_id": "0-2-4-11-12-23", "timings_sec": {"read_step": 0.010286499978974462, "enumerate_faces": 3.629992716014385e-05, "build_adjacency": 0.0003420999273657799, "extract_features": 0.0012216998729854822, "map_labels": 0.00023959996178746223, "sanity_checks": 0.00015689991414546967, "total": 0.0122830995824188}}