{"part_id": "0-2-6-8-11-23", "timings_sec": {"read_step": 0.00783210014924407, "enumerate_faces": 2.6999972760677338e-05, "build_adjacency": 0.00025969999842345715, "extract_features": 0.0009903998579829931, "map_labels": 0.0002063000574707985, "sanity_checks": 0.0001230000052601099, "total": 0.009438500041142106}}