{"part_id": "0-2-12-13-13-23", "timings_sec": {"read_step": 0.007514999946579337, "enumerate_faces": 2.9499875381588936e-05, "build_adjacency": 0.0002622001338750124, "extract_features": 0.0010531998705118895, "map_labels": 0.00022160005755722523, "sanity_checks": 0.00012109987437725067, "total": 0.009202599758282304}}