{"part_id": "0-2-6-9-14-23", "timings_sec": {"read_step": 0.007421600166708231, "enumerate_faces": 2.4499837309122086e-05, "build_adjacency": 0.0002498000394552946, "extract_features": 0.0009523998014628887, "map_labels": 0.00019190018065273762, "sanity_checks": 0.00012610014528036118, "total": 0.008966300170868635}}