{"part_id": "0-2-4-5-11-23", "timings_sec": {"read_step": 0.009507199982181191, "enumerate_faces": 2.7999980375170708e-05, "build_adjacency": 0.00033359997905790806, "extract_features": 0.0011847999412566423, "map_labels": 0.00023630005307495594, "sanity_checks": 0.0002468000166118145, "total": 0.011536699952557683}}