{"part_id": "0-2-2-11-12-23", "timings_sec": {"read_step": 0.014354600105434656, "enumerate_faces": 3.800005652010441e-05, "build_adjacency": 0.00044080009683966637, "extract_features": 0.0015845999587327242, "map_labels": 0.00024290010333061218, "sanity_checks": 0.00020250002853572369, "total": 0.016863400349393487}}