{"part_id": "0-2-11-13-14-23", "timings_sec": {"read_step": 0.008971600094810128, "enumerate_faces": 3.6300159990787506e-05, "build_adjacency": 0.00030499999411404133, "extract_features": 0.0011527999304234982, "map_labels": 0.00025979988276958466, "sanity_checks": 0.00014929985627532005, "total": 0.01087479991838336}}