{"part_id": "0-2-7-7-11-23", "timings_sec": {"read_step": 0.009210400050505996, "enumerate_faces": 2.859998494386673e-05, "build_adjacency": 0.00031889998354017735, "extract_features": 0.0011617999989539385, "map_labels": 0.00020970008336007595, "sanity_checks": 0.00014689983800053596, "total": 0.01107629993930459}}