{"part_id": "0-2-7-10-14-23", "timings_sec": {"read_step": 0.008428799919784069, "enumerate_faces": 3.2400013878941536e-05, "build_adjacency": 0.00029140012338757515, "extract_features": 0.0010871000122278929, "map_labels": 0.00022799987345933914, "sanity_checks": 0.00018710014410316944, "total": 0.010254800086840987}}