{"part_id": "0-2-8-19", "timings_sec": {"read_step": 0.005497499834746122, "enumerate_faces": 3.0199997127056122e-05, "build_adjacency": 0.0001846000086516142, "extract_features": 0.0006628001574426889, "map_labels": 0.00021379999816417694, "sanity_checks": 8.919998072087765e-05, "total": 0.006678099976852536}}