{"part_id": "0-2-4-6-6-23", "timings_sec": {"read_step": 0.006154400063678622, "enumerate_faces": 2.350006252527237e-05, "build_adjacency": 0.00021489989012479782, "extract_features": 0.0007857999298721552, "map_labels": 0.00019289995543658733, "sanity_checks": 0.00010109995491802692, "total": 0.007472599856555462}}