{"part_id": "0-2-2-6-6-23", "timings_sec": {"read_step": 0.010396899888291955, "enumerate_faces": 4.320009611546993e-05, "build_adjacency": 0.00035179988481104374, "extract_features": 0.001092399936169386, "map_labels": 0.00027989991940557957, "sanity_checks": 0.00016569998115301132, "total": 0.012329899705946445}}