{"part_id": "0-2-3-5-13-23", "timings_sec": {"read_step": 0.01178040006197989, "enumerate_faces": 3.2800016924738884e-05, "build_adjacency": 0.00039410009048879147, "extract_features": 0.0014219998847693205, "map_labels": 0.0002212999388575554, "sanity_checks": 0.00017690006643533707, "total": 0.014027500059455633}}