{"part_id": "0-2-10-11-19", "timings_sec": {"read_step": 0.009333699941635132, "enumerate_faces": 2.8999987989664078e-05, "build_adjacency": 0.0002919998951256275, "extract_features": 0.0012038999702781439, "map_labels": 0.0002749999985098839, "sanity_checks": 0.00020859995856881142, "total": 0.011342199752107263}}