{"part_id": "0-2-11-11-12-23", "timings_sec": {"read_step": 0.011193800019100308, "enumerate_faces": 3.060000017285347e-05, "build_adjacency": 0.00038219988346099854, "extract_features": 0.001495300093665719, "map_labels": 0.00021989992819726467, "sanity_checks": 0.00017489981837570667, "total": 0.01349669974297285}}