{"part_id": "0-2-7-11-11-23", "timings_sec": {"read_step": 0.010502599878236651, "enumerate_faces": 3.4499913454055786e-05, "build_adjacency": 0.00036259996704757214, "extract_features": 0.0013340997975319624, "map_labels": 0.0002343000378459692, "sanity_checks": 0.00017499993555247784, "total": 0.012643099529668689}}