{"part_id": "0-2-8-11-14-23", "timings_sec": {"read_step": 0.008879999862983823, "enumerate_faces": 3.450014628469944e-05, "build_adjacency": 0.00030319998040795326, "extract_features": 0.0011150999926030636, "map_labels": 0.0002327000256627798, "sanity_checks": 0.00014679995365440845, "total": 0.010712299961596727}}