{"part_id": "0-2-4-7-11-23", "timings_sec": {"read_step": 0.008953999960795045, "enumerate_faces": 2.9199989512562752e-05, "build_adjacency": 0.0003109998069703579, "extract_features": 0.0011698000598698854, "map_labels": 0.0002071000635623932, "sanity_checks": 0.00014899997040629387, "total": 0.010820099851116538}}