{"part_id": "0-2-3-12-13-23", "timings_sec": {"read_step": 0.015755699947476387, "enumerate_faces": 4.119984805583954e-05, "build_adjacency": 0.000624700216576457, "extract_features": 0.0019878000020980835, "map_labels": 0.00027600000612437725, "sanity_checks": 0.00026490003801882267, "total": 0.018950300058349967}}