{"part_id": "0-2-2-5-12-23", "timings_sec": {"read_step": 0.009589900029823184, "enumerate_faces": 3.3400021493434906e-05, "build_adjacency": 0.0003241999074816704, "extract_features": 0.0011545000597834587, "map_labels": 0.00022459984757006168, "sanity_checks": 0.00014570006169378757, "total": 0.011472299927845597}}