{"part_id": "0-2-6-10-10-23", "timings_sec": {"read_step": 0.008418799843639135, "enumerate_faces": 3.0399998649954796e-05, "build_adjacency": 0.0003252001479268074, "extract_features": 0.001160099869593978, "map_labels": 0.00023579993285238743, "sanity_checks": 0.00014290004037320614, "total": 0.010313199833035469}}