{"part_id": "0-2-7-8-13-23", "timings_sec": {"read_step": 0.0072888999711722136, "enumerate_faces": 2.4799956008791924e-05, "build_adjacency": 0.00027459999546408653, "extract_features": 0.0011615001130849123, "map_labels": 0.0002313998993486166, "sanity_checks": 0.00012520002201199532, "total": 0.009106399957090616}}