{"part_id": "0-2-3-9-11-23", "timings_sec": {"read_step": 0.014265800127759576, "enumerate_faces": 3.8499943912029266e-05, "build_adjacency": 0.0004755000118166208, "extract_features": 0.001704599941149354, "map_labels": 0.00023710005916655064, "sanity_checks": 0.00020769983530044556, "total": 0.016929199919104576}}