{"part_id": "0-2-2-6-14-23", "timings_sec": {"read_step": 0.009809699840843678, "enumerate_faces": 2.750009298324585e-05, "build_adjacency": 0.0003315999638289213, "extract_features": 0.0012527999933809042, "map_labels": 0.0002055999357253313, "sanity_checks": 0.00013819988816976547, "total": 0.011765399714931846}}