{"part_id": "0-2-4-6-7-23", "timings_sec": {"read_step": 0.0063553000800311565, "enumerate_faces": 2.450007013976574e-05, "build_adjacency": 0.00021309987641870975, "extract_features": 0.000790000194683671, "map_labels": 0.00019609997980296612, "sanity_checks": 0.00010740011930465698, "total": 0.007686400320380926}}