{"part_id": "0-2-6-6-12-23", "timings_sec": {"read_step": 0.00820049992762506, "enumerate_faces": 2.759997732937336e-05, "build_adjacency": 0.00026420014910399914, "extract_features": 0.0009524000342935324, "map_labels": 0.00019199983216822147, "sanity_checks": 0.0001235001254826784, "total": 0.009760200046002865}}