{"part_id": "0-2-8-9-14-23", "timings_sec": {"read_step": 0.00892550009302795, "enumerate_faces": 3.190012648701668e-05, "build_adjacency": 0.0003062998875975609, "extract_features": 0.0010146000422537327, "map_labels": 0.00022159982472658157, "sanity_checks": 0.00013379985466599464, "total": 0.010633699828758836}}