{"part_id": "0-2-8-11-12-23", "timings_sec": {"read_step": 0.01053740014322102, "enumerate_faces": 3.3800024539232254e-05, "build_adjacency": 0.00031869998201727867, "extract_features": 0.0011574001982808113, "map_labels": 0.00022609997540712357, "sanity_checks": 0.0001471000723540783, "total": 0.012420500395819545}}