{"part_id": "0-2-3-8-19", "timings_sec": {"read_step": 0.008893099846318364, "enumerate_faces": 3.160000778734684e-05, "build_adjacency": 0.0003138999454677105, "extract_features": 0.0010436000302433968, "map_labels": 0.0002139001153409481, "sanity_checks": 0.0001287998165935278, "total": 0.010624899761751294}}