{"part_id": "0-2-5-5-6-23", "timings_sec": {"read_step": 0.010224299971014261, "enumerate_faces": 4.100007936358452e-05, "build_adjacency": 0.00038410001434385777, "extract_features": 0.0013802999164909124, "map_labels": 0.00027190009132027626, "sanity_checks": 0.0001743000466376543, "total": 0.012475900119170547}}