{"part_id": "0-2-6-6-11-23", "timings_sec": {"read_step": 0.008178400108590722, "enumerate_faces": 2.510007470846176e-05, "build_adjacency": 0.0002869002055376768, "extract_features": 0.0011817000340670347, "map_labels": 0.00021600001491606236, "sanity_checks": 0.00013819988816976547, "total": 0.010026300325989723}}