{"part_id": "0-2-13-14-14-23", "timings_sec": {"read_step": 0.00773539999499917, "enumerate_faces": 2.5499844923615456e-05, "build_adjacency": 0.00025459984317421913, "extract_features": 0.0009220000356435776, "map_labels": 0.00020859995856881142, "sanity_checks": 0.0001191999763250351, "total": 0.009265299653634429}}