{"part_id": "0-2-4-7-13-23", "timings_sec": {"read_step": 0.007691300008445978, "enumerate_faces": 3.569992259144783e-05, "build_adjacency": 0.0002762000076472759, "extract_features": 0.0009750998578965664, "map_labels": 0.0002313000150024891, "sanity_checks": 0.00014329981058835983, "total": 0.009352899622172117}}