{"part_id": "0-2-6-10-13-23", "timings_sec": {"read_step": 0.009192500030621886, "enumerate_faces": 3.3700140193104744e-05, "build_adjacency": 0.00043429993093013763, "extract_features": 0.0012966000940650702, "map_labels": 0.00029390002600848675, "sanity_checks": 0.00017140014097094536, "total": 0.011422400362789631}}