{"part_id": "0-2-3-14-14-23", "timings_sec": {"read_step": 0.01718690013512969, "enumerate_faces": 4.3800100684165955e-05, "build_adjacency": 0.0004955998156219721, "extract_features": 0.0014891999308019876, "map_labels": 0.00027510011568665504, "sanity_checks": 0.0002484000287950039, "total": 0.019739000126719475}}