{"part_id": "0-2-5-8-11-23", "timings_sec": {"read_step": 0.009137899847701192, "enumerate_faces": 3.0499882996082306e-05, "build_adjacency": 0.00031509995460510254, "extract_features": 0.0011609001085162163, "map_labels": 0.00022369995713233948, "sanity_checks": 0.0001493000891059637, "total": 0.011017399840056896}}