{"part_id": "0-2-7-7-13-23", "timings_sec": {"read_step": 0.006378900026902556, "enumerate_faces": 2.7300091460347176e-05, "build_adjacency": 0.00023819995112717152, "extract_features": 0.0007879000622779131, "map_labels": 0.00020159990526735783, "sanity_checks": 0.00010559987276792526, "total": 0.007739499909803271}}