{"part_id": "0-3-5-13-19", "timings_sec": {"read_step": 0.007413799874484539, "enumerate_faces": 2.559996210038662e-05, "build_adjacency": 0.00025690020993351936, "extract_features": 0.0009331000037491322, "map_labels": 0.00023010000586509705, "sanity_checks": 0.00011990009807050228, "total": 0.008979400154203176}}