{"part_id": "0-3-5-7-13-23", "timings_sec": {"read_step": 0.008645299822092056, "enumerate_faces": 2.8399983420968056e-05, "build_adjacency": 0.0002957000397145748, "extract_features": 0.00107819982804358, "map_labels": 0.00020459992811083794, "sanity_checks": 0.00013669999316334724, "total": 0.010388899594545364}}