{"part_id": "0-3-7-8-12-23", "timings_sec": {"read_step": 0.008472699904814363, "enumerate_faces": 2.7700094506144524e-05, "build_adjacency": 0.00029339990578591824, "extract_features": 0.0010708000045269728, "map_labels": 0.0002017999067902565, "sanity_checks": 0.00013449997641146183, "total": 0.010200899792835116}}