{"part_id": "0-3-8-9-13-23", "timings_sec": {"read_step": 0.007977399975061417, "enumerate_faces": 2.7099857106804848e-05, "build_adjacency": 0.00027149985544383526, "extract_features": 0.0010369999799877405, "map_labels": 0.00022239983081817627, "sanity_checks": 0.00013660010881721973, "total": 0.009671999607235193}}