{"part_id": "0-3-4-7-13-23", "timings_sec": {"read_step": 0.009208899922668934, "enumerate_faces": 3.0399998649954796e-05, "build_adjacency": 0.000287800095975399, "extract_features": 0.0010413001291453838, "map_labels": 0.00021769991144537926, "sanity_checks": 0.00013399985618889332, "total": 0.010920099914073944}}