{"part_id": "0-3-7-8-14-23", "timings_sec": {"read_step": 0.008955700090155005, "enumerate_faces": 2.7999980375170708e-05, "build_adjacency": 0.00027900002896785736, "extract_features": 0.0010365999769419432, "map_labels": 0.00020399992354214191, "sanity_checks": 0.00013659987598657608, "total": 0.010639899875968695}}