{"part_id": "0-3-5-9-12-23", "timings_sec": {"read_step": 0.009690500097349286, "enumerate_faces": 2.9299873858690262e-05, "build_adjacency": 0.0003271999303251505, "extract_features": 0.0012812998611479998, "map_labels": 0.00021600001491606236, "sanity_checks": 0.00015489989891648293, "total": 0.011699199676513672}}