{"part_id": "0-3-10-10-19", "timings_sec": {"read_step": 0.008119599893689156, "enumerate_faces": 2.2999942302703857e-05, "build_adjacency": 0.00028009992092847824, "extract_features": 0.0011678999289870262, "map_labels": 0.000269399955868721, "sanity_checks": 0.0001805000938475132, "total": 0.010040499735623598}}