{"part_id": "0-3-3-10-14-23", "timings_sec": {"read_step": 0.010165699990466237, "enumerate_faces": 3.0100112780928612e-05, "build_adjacency": 0.00036639999598264694, "extract_features": 0.0012994001153856516, "map_labels": 0.0002166999038308859, "sanity_checks": 0.00016229995526373386, "total": 0.012240600073710084}}