{"part_id": "0-3-10-11-13-23", "timings_sec": {"read_step": 0.009903499856591225, "enumerate_faces": 2.9300106689333916e-05, "build_adjacency": 0.00033840001560747623, "extract_features": 0.0012615998275578022, "map_labels": 0.00020439992658793926, "sanity_checks": 0.00016350019723176956, "total": 0.011900699930265546}}