{"part_id": "0-3-11-12-14-23", "timings_sec": {"read_step": 0.010185000021010637, "enumerate_faces": 2.9899878427386284e-05, "build_adjacency": 0.0003638998605310917, "extract_features": 0.0013005000073462725, "map_labels": 0.000286600086838007, "sanity_checks": 0.00028879987075924873, "total": 0.012454699724912643}}