{"part_id": "0-3-3-3-11-23", "timings_sec": {"read_step": 0.01561330002732575, "enumerate_faces": 3.350013867020607e-05, "build_adjacency": 0.0005316999740898609, "extract_features": 0.0017702998593449593, "map_labels": 0.00022769998759031296, "sanity_checks": 0.00020199990831315517, "total": 0.018378499895334244}}