{"part_id": "0-3-9-10-10-23", "timings_sec": {"read_step": 0.01056690001860261, "enumerate_faces": 3.320001997053623e-05, "build_adjacency": 0.0003326998557895422, "extract_features": 0.0012487999629229307, "map_labels": 0.00021580001339316368, "sanity_checks": 0.00016199983656406403, "total": 0.012559399707242846}}