{"part_id": "0-3-3-4-12-23", "timings_sec": {"read_step": 0.010459099896252155, "enumerate_faces": 2.8899870812892914e-05, "build_adjacency": 0.0003486999776214361, "extract_features": 0.0013945000246167183, "map_labels": 0.00021450011990964413, "sanity_checks": 0.00016039982438087463, "total": 0.012606099713593721}}