{"part_id": "0-3-11-13-13-23", "timings_sec": {"read_step": 0.008983900072053075, "enumerate_faces": 2.7300091460347176e-05, "build_adjacency": 0.00030960002914071083, "extract_features": 0.0012246998958289623, "map_labels": 0.0002177001442760229, "sanity_checks": 0.00014759995974600315, "total": 0.010910800192505121}}