{"part_id": "0-3-3-6-6-23", "timings_sec": {"read_step": 0.014893700135871768, "enumerate_faces": 3.2899901270866394e-05, "build_adjacency": 0.00047289999201893806, "extract_features": 0.0017117999959737062, "map_labels": 0.00024500000290572643, "sanity_checks": 0.0002226999495178461, "total": 0.01757899997755885}}