{"part_id": "0-3-3-14-19", "timings_sec": {"read_step": 0.009448299882933497, "enumerate_faces": 3.42000275850296e-05, "build_adjacency": 0.0003355999942868948, "extract_features": 0.001131199998781085, "map_labels": 0.00022309995256364346, "sanity_checks": 0.00014200014993548393, "total": 0.011314400006085634}}