{"part_id": "0-3-7-9-19", "timings_sec": {"read_step": 0.007441000081598759, "enumerate_faces": 2.559996210038662e-05, "build_adjacency": 0.00025109993293881416, "extract_features": 0.0009834000375121832, "map_labels": 0.0002052001655101776, "sanity_checks": 0.0001262999139726162, "total": 0.009032600093632936}}