{"part_id": "0-3-3-9-19", "timings_sec": {"read_step": 0.02137929992750287, "enumerate_faces": 4.659988917410374e-05, "build_adjacency": 0.0007043001241981983, "extract_features": 0.002502799965441227, "map_labels": 0.00032420014031231403, "sanity_checks": 0.0002962998114526272, "total": 0.02525349985808134}}