{"part_id": "0-3-6-6-12-23", "timings_sec": {"read_step": 0.008569999830797315, "enumerate_faces": 2.659996971487999e-05, "build_adjacency": 0.00029630004428327084, "extract_features": 0.0010689001064747572, "map_labels": 0.00020050001330673695, "sanity_checks": 0.0001309998333454132, "total": 0.010293299797922373}}