{"part_id": "0-3-4-9-14-23", "timings_sec": {"read_step": 0.009519200073555112, "enumerate_faces": 3.0100112780928612e-05, "build_adjacency": 0.0003014998510479927, "extract_features": 0.0011446001008152962, "map_labels": 0.00022209994494915009, "sanity_checks": 0.00014249980449676514, "total": 0.011359999887645245}}