{"part_id": "0-3-8-14-19", "timings_sec": {"read_step": 0.00710539985448122, "enumerate_faces": 2.3300061002373695e-05, "build_adjacency": 0.00023850006982684135, "extract_features": 0.0008793999440968037, "map_labels": 0.00019579986110329628, "sanity_checks": 0.00011290004476904869, "total": 0.008555299835279584}}