{"part_id": "0-3-4-7-8-23", "timings_sec": {"read_step": 0.009064200101420283, "enumerate_faces": 3.3700140193104744e-05, "build_adjacency": 0.00028380006551742554, "extract_features": 0.001026500016450882, "map_labels": 0.00020759995095431805, "sanity_checks": 0.00013100006617605686, "total": 0.01074680034071207}}