{"part_id": "0-3-7-7-13-23", "timings_sec": {"read_step": 0.009696000022813678, "enumerate_faces": 2.769986167550087e-05, "build_adjacency": 0.00028929999098181725, "extract_features": 0.0010319999419152737, "map_labels": 0.00020350003615021706, "sanity_checks": 0.0001292999368160963, "total": 0.011377799790352583}}