{"part_id": "0-3-10-11-14-23", "timings_sec": {"read_step": 0.011847299989312887, "enumerate_faces": 3.700004890561104e-05, "build_adjacency": 0.00036639999598264694, "extract_features": 0.001331899780780077, "map_labels": 0.0002389999572187662, "sanity_checks": 0.00017220014706254005, "total": 0.013993799919262528}}