{"part_id": "0-3-5-12-14-23", "timings_sec": {"read_step": 0.009735000086948276, "enumerate_faces": 2.9100105166435242e-05, "build_adjacency": 0.00032199989072978497, "extract_features": 0.0011709998361766338, "map_labels": 0.00021030008792877197, "sanity_checks": 0.00015109986998140812, "total": 0.01161849987693131}}