{"part_id": "0-3-4-5-6-23", "timings_sec": {"read_step": 0.008361699990928173, "enumerate_faces": 2.2300053387880325e-05, "build_adjacency": 0.0002804999239742756, "extract_features": 0.0010611999314278364, "map_labels": 0.00017690006643533707, "sanity_checks": 0.00012969993986189365, "total": 0.010032299906015396}}