{"part_id": "0-3-4-7-11-23", "timings_sec": {"read_step": 0.009827699977904558, "enumerate_faces": 2.9700109735131264e-05, "build_adjacency": 0.0003383001312613487, "extract_features": 0.0012737999204546213, "map_labels": 0.00021050008945167065, "sanity_checks": 0.00025070016272366047, "total": 0.01193070039153099}}