{"part_id": "0-3-10-12-13-23", "timings_sec": {"read_step": 0.009236800018697977, "enumerate_faces": 3.300001844763756e-05, "build_adjacency": 0.0003153998404741287, "extract_features": 0.001150800148025155, "map_labels": 0.00022929999977350235, "sanity_checks": 0.00014800019562244415, "total": 0.011113300221040845}}