{"part_id": "0-3-4-9-10-23", "timings_sec": {"read_step": 0.00898899999447167, "enumerate_faces": 2.5999965146183968e-05, "build_adjacency": 0.0003060000017285347, "extract_features": 0.0012695000041276217, "map_labels": 0.00020260014571249485, "sanity_checks": 0.00015659979544579983, "total": 0.010949699906632304}}