{"part_id": "0-3-10-12-14-23", "timings_sec": {"read_step": 0.010299899848178029, "enumerate_faces": 3.4800032153725624e-05, "build_adjacency": 0.0003377001266926527, "extract_features": 0.0012046999763697386, "map_labels": 0.0002609000075608492, "sanity_checks": 0.0001585001591593027, "total": 0.012296500150114298}}