{"part_id": "0-3-5-10-10-23", "timings_sec": {"read_step": 0.010160600068047643, "enumerate_faces": 3.0100112780928612e-05, "build_adjacency": 0.00033870013430714607, "extract_features": 0.001275799935683608, "map_labels": 0.00022140005603432655, "sanity_checks": 0.00016999989748001099, "total": 0.012196600204333663}}