{"part_id": "0-3-8-12-13-23", "timings_sec": {"read_step": 0.009306499967351556, "enumerate_faces": 3.069988451898098e-05, "build_adjacency": 0.0002864000853151083, "extract_features": 0.0010303000453859568, "map_labels": 0.00020790006965398788, "sanity_checks": 0.00013830000534653664, "total": 0.011000100057572126}}