{"part_id": "0-3-11-12-12-23", "timings_sec": {"read_step": 0.010852999985218048, "enumerate_faces": 2.900022082030773e-05, "build_adjacency": 0.00036530010402202606, "extract_features": 0.0013518999330699444, "map_labels": 0.00021600001491606236, "sanity_checks": 0.0001745999325066805, "total": 0.012989800190553069}}