{"part_id": "0-3-10-10-14-23", "timings_sec": {"read_step": 0.00959909986704588, "enumerate_faces": 3.069988451898098e-05, "build_adjacency": 0.0003241999074816704, "extract_features": 0.0012072999961674213, "map_labels": 0.00021670013666152954, "sanity_checks": 0.0001564000267535448, "total": 0.011534399818629026}}