{"part_id": "0-3-3-10-19", "timings_sec": {"read_step": 0.009223099797964096, "enumerate_faces": 2.8999987989664078e-05, "build_adjacency": 0.0003198999911546707, "extract_features": 0.0011529999319463968, "map_labels": 0.00020499993115663528, "sanity_checks": 0.00015069986693561077, "total": 0.011080699507147074}}