{"part_id": "0-3-5-7-19", "timings_sec": {"read_step": 0.007661599898710847, "enumerate_faces": 2.3900065571069717e-05, "build_adjacency": 0.00026430003345012665, "extract_features": 0.0010400000028312206, "map_labels": 0.0002477997913956642, "sanity_checks": 0.0001629998441785574, "total": 0.009400599636137486}}