{"part_id": "0-3-4-5-10-23", "timings_sec": {"read_step": 0.009612600086256862, "enumerate_faces": 3.0100112780928612e-05, "build_adjacency": 0.000327100045979023, "extract_features": 0.0012107000220566988, "map_labels": 0.0002217001747339964, "sanity_checks": 0.00015320000238716602, "total": 0.011555400444194674}}