{"part_id": "0-3-3-11-11-23", "timings_sec": {"read_step": 0.012571899918839335, "enumerate_faces": 3.200001083314419e-05, "build_adjacency": 0.00042860000394284725, "extract_features": 0.0015385998412966728, "map_labels": 0.00022229994647204876, "sanity_checks": 0.00019500008784234524, "total": 0.014988399809226394}}