{"part_id": "0-3-8-8-12-23", "timings_sec": {"read_step": 0.006836300017312169, "enumerate_faces": 3.110012039542198e-05, "build_adjacency": 0.00024170009419322014, "extract_features": 0.0008659998420625925, "map_labels": 0.0002266999799758196, "sanity_checks": 0.00011090002954006195, "total": 0.008312700083479285}}