{"part_id": "0-3-4-11-12-23", "timings_sec": {"read_step": 0.010669199982658029, "enumerate_faces": 2.9199989512562752e-05, "build_adjacency": 0.00036850012838840485, "extract_features": 0.0014782999642193317, "map_labels": 0.00027929991483688354, "sanity_checks": 0.00021039997227489948, "total": 0.013034899951890111}}