{"part_id": "0-3-6-9-12-23", "timings_sec": {"read_step": 0.008522900054231286, "enumerate_faces": 2.519995905458927e-05, "build_adjacency": 0.0002891998738050461, "extract_features": 0.0010991999879479408, "map_labels": 0.0001938999630510807, "sanity_checks": 0.0001392001286149025, "total": 0.010269599966704845}}