{"part_id": "0-3-4-9-9-23", "timings_sec": {"read_step": 0.008862500078976154, "enumerate_faces": 2.9899878427386284e-05, "build_adjacency": 0.0003021999727934599, "extract_features": 0.0011256001889705658, "map_labels": 0.00023280014283955097, "sanity_checks": 0.00014839996583759785, "total": 0.010701400227844715}}