{"part_id": "0-3-8-9-10-23", "timings_sec": {"read_step": 0.008666299981996417, "enumerate_faces": 2.9199989512562752e-05, "build_adjacency": 0.00030070007778704166, "extract_features": 0.0011316000018268824, "map_labels": 0.0002155001275241375, "sanity_checks": 0.00014730007387697697, "total": 0.010490600252524018}}