{"part_id": "0-3-3-8-12-23", "timings_sec": {"read_step": 0.0175949998665601, "enumerate_faces": 4.67000063508749e-05, "build_adjacency": 0.0005870000459253788, "extract_features": 0.0017494000494480133, "map_labels": 0.00025189993903040886, "sanity_checks": 0.00018199998885393143, "total": 0.02041199989616871}}