{"part_id": "0-3-8-10-11-23", "timings_sec": {"read_step": 0.009824100183323026, "enumerate_faces": 2.740020863711834e-05, "build_adjacency": 0.0003331999760121107, "extract_features": 0.0012942999601364136, "map_labels": 0.00022649997845292091, "sanity_checks": 0.00017070001922547817, "total": 0.011876200325787067}}