{"part_id": "0-3-5-10-13-23", "timings_sec": {"read_step": 0.008999800076708198, "enumerate_faces": 2.6099849492311478e-05, "build_adjacency": 0.00030280021019279957, "extract_features": 0.0011554998345673084, "map_labels": 0.0002030001487582922, "sanity_checks": 0.0001449999399483204, "total": 0.01083220005966723}}