{"part_id": "0-3-7-12-14-23", "timings_sec": {"read_step": 0.007749699987471104, "enumerate_faces": 2.859998494386673e-05, "build_adjacency": 0.00026860018260776997, "extract_features": 0.0009695999324321747, "map_labels": 0.0002052001655101776, "sanity_checks": 0.00012730015441775322, "total": 0.009349000407382846}}