{"part_id": "0-3-3-3-4-23", "timings_sec": {"read_step": 0.01338190003298223, "enumerate_faces": 3.7599820643663406e-05, "build_adjacency": 0.0004379998426884413, "extract_features": 0.0014792000874876976, "map_labels": 0.0002587998751550913, "sanity_checks": 0.0001799999736249447, "total": 0.01577549963258207}}