{"part_id": "0-3-3-3-7-23", "timings_sec": {"read_step": 0.014045999851077795, "enumerate_faces": 3.539980389177799e-05, "build_adjacency": 0.0004395002033561468, "extract_features": 0.0015404000878334045, "map_labels": 0.00023179990239441395, "sanity_checks": 0.00019310018979012966, "total": 0.016486200038343668}}