{"part_id": "0-3-10-12-12-23", "timings_sec": {"read_step": 0.010286400094628334, "enumerate_faces": 3.620004281401634e-05, "build_adjacency": 0.0003458999563008547, "extract_features": 0.0012536998838186264, "map_labels": 0.00023119989782571793, "sanity_checks": 0.00015810015611350536, "total": 0.012311500031501055}}