{"part_id": "0-3-9-9-12-23", "timings_sec": {"read_step": 0.010102599859237671, "enumerate_faces": 4.539988003671169e-05, "build_adjacency": 0.00036429986357688904, "extract_features": 0.0015581999905407429, "map_labels": 0.00028249993920326233, "sanity_checks": 0.0002204999327659607, "total": 0.012573499465361238}}