{"part_id": "0-3-4-6-7-23", "timings_sec": {"read_step": 0.008941699983552098, "enumerate_faces": 2.2999942302703857e-05, "build_adjacency": 0.00027469987981021404, "extract_features": 0.0010161001700907946, "map_labels": 0.0001876999158412218, "sanity_checks": 0.00013010017573833466, "total": 0.010573300067335367}}