{"part_id": "0-3-4-4-4-23", "timings_sec": {"read_step": 0.008667699992656708, "enumerate_faces": 2.8099864721298218e-05, "build_adjacency": 0.00029939995147287846, "extract_features": 0.0010961999651044607, "map_labels": 0.0002055000513792038, "sanity_checks": 0.00014329981058835983, "total": 0.010440199635922909}}