{"part_id": "0-3-4-8-12-23", "timings_sec": {"read_step": 0.008997099939733744, "enumerate_faces": 3.0300114303827286e-05, "build_adjacency": 0.0003021000884473324, "extract_features": 0.0011092000640928745, "map_labels": 0.00021610013209283352, "sanity_checks": 0.00014230003580451012, "total": 0.010797100374475121}}