{"part_id": "0-3-9-11-12-23", "timings_sec": {"read_step": 0.011198500171303749, "enumerate_faces": 3.3800024539232254e-05, "build_adjacency": 0.0003690000157803297, "extract_features": 0.001361799892038107, "map_labels": 0.0002297998871654272, "sanity_checks": 0.00017070001922547817, "total": 0.013363600010052323}}