{"part_id": "0-3-9-14-14-23", "timings_sec": {"read_step": 0.008551200153306127, "enumerate_faces": 2.5799963623285294e-05, "build_adjacency": 0.00029479991644620895, "extract_features": 0.0010909999255090952, "map_labels": 0.00019569997675716877, "sanity_checks": 0.00014399993233382702, "total": 0.010302499867975712}}