{"part_id": "0-3-5-5-12-23", "timings_sec": {"read_step": 0.010003299918025732, "enumerate_faces": 3.950018435716629e-05, "build_adjacency": 0.0003573000431060791, "extract_features": 0.0012742001563310623, "map_labels": 0.0002384998369961977, "sanity_checks": 0.00016540009528398514, "total": 0.012078200234100223}}