{"part_id": "0-3-8-8-8-23", "timings_sec": {"read_step": 0.006502300035208464, "enumerate_faces": 2.369983121752739e-05, "build_adjacency": 0.00022179982624948025, "extract_features": 0.0008896999061107635, "map_labels": 0.00018789991736412048, "sanity_checks": 0.00010629999451339245, "total": 0.007931699510663748}}