{"part_id": "0-3-6-13-14-23", "timings_sec": {"read_step": 0.00823169993236661, "enumerate_faces": 2.8499867767095566e-05, "build_adjacency": 0.00027909991331398487, "extract_features": 0.0009729000739753246, "map_labels": 0.0002085000742226839, "sanity_checks": 0.00012960005551576614, "total": 0.009850299917161465}}