{"part_id": "0-3-11-11-19", "timings_sec": {"read_step": 0.01009260001592338, "enumerate_faces": 3.0100112780928612e-05, "build_adjacency": 0.00034730019979178905, "extract_features": 0.0012535001151263714, "map_labels": 0.00022109993733465672, "sanity_checks": 0.00016089994460344315, "total": 0.01210550032556057}}