{"part_id": "0-3-6-12-12-23", "timings_sec": {"read_step": 0.009145499905571342, "enumerate_faces": 2.7399975806474686e-05, "build_adjacency": 0.0003269000444561243, "extract_features": 0.001155399950221181, "map_labels": 0.00019899988546967506, "sanity_checks": 0.00013910001143813133, "total": 0.010993299772962928}}