{"part_id": "0-3-6-7-12-23", "timings_sec": {"read_step": 0.007736800005659461, "enumerate_faces": 2.9799994081258774e-05, "build_adjacency": 0.0002568999771028757, "extract_features": 0.0009248999413102865, "map_labels": 0.00021399999968707561, "sanity_checks": 0.0001183999702334404, "total": 0.009280799888074398}}