{"part_id": "0-3-5-6-12-23", "timings_sec": {"read_step": 0.008873699931427836, "enumerate_faces": 2.8499867767095566e-05, "build_adjacency": 0.00031090015545487404, "extract_features": 0.0011140001006424427, "map_labels": 0.00021139997988939285, "sanity_checks": 0.00014599994756281376, "total": 0.010684499982744455}}