{"part_id": "0-3-8-11-13-23", "timings_sec": {"read_step": 0.008963200030848384, "enumerate_faces": 2.350006252527237e-05, "build_adjacency": 0.0002989000640809536, "extract_features": 0.0011136999819427729, "map_labels": 0.00018870015628635883, "sanity_checks": 0.00014410004951059818, "total": 0.01073210034519434}}