{"part_id": "0-3-4-7-7-23", "timings_sec": {"read_step": 0.008781499927863479, "enumerate_faces": 3.150012344121933e-05, "build_adjacency": 0.00030399998649954796, "extract_features": 0.0013174000196158886, "map_labels": 0.0002218000590801239, "sanity_checks": 0.00013689999468624592, "total": 0.010793100111186504}}