{"part_id": "0-3-6-8-19", "timings_sec": {"read_step": 0.006593700032681227, "enumerate_faces": 2.5300076231360435e-05, "build_adjacency": 0.00022920011542737484, "extract_features": 0.0008248998783528805, "map_labels": 0.0002017999067902565, "sanity_checks": 0.00010740011930465698, "total": 0.007982300128787756}}