{"part_id": "0-3-7-7-9-23", "timings_sec": {"read_step": 0.008527900092303753, "enumerate_faces": 2.659996971487999e-05, "build_adjacency": 0.00030960002914071083, "extract_features": 0.001172299962490797, "map_labels": 0.0002148000057786703, "sanity_checks": 0.00013960013166069984, "total": 0.010390800191089511}}