{"part_id": "0-3-12-14-14-23", "timings_sec": {"read_step": 0.008891899837180972, "enumerate_faces": 2.5999965146183968e-05, "build_adjacency": 0.00030640000477433205, "extract_features": 0.0011193000245839357, "map_labels": 0.00019700010307133198, "sanity_checks": 0.00019480008631944656, "total": 0.010735400021076202}}