{"part_id": "0-3-3-5-13-23", "timings_sec": {"read_step": 0.012487499974668026, "enumerate_faces": 3.509991802275181e-05, "build_adjacency": 0.00042290007695555687, "extract_features": 0.001476299948990345, "map_labels": 0.00023330003023147583, "sanity_checks": 0.00017719995230436325, "total": 0.014832299901172519}}