{"part_id": "0-3-7-13-13-23", "timings_sec": {"read_step": 0.007783400127664208, "enumerate_faces": 3.0700117349624634e-05, "build_adjacency": 0.00027059996500611305, "extract_features": 0.0009975999128073454, "map_labels": 0.00020699994638562202, "sanity_checks": 0.00012440001592040062, "total": 0.009413700085133314}}