{"part_id": "0-3-7-8-10-23", "timings_sec": {"read_step": 0.008640300016850233, "enumerate_faces": 2.659996971487999e-05, "build_adjacency": 0.00028689997270703316, "extract_features": 0.00106819998472929, "map_labels": 0.000197600107640028, "sanity_checks": 0.00013869977556169033, "total": 0.010358299827203155}}