{"part_id": "0-3-10-13-14-23", "timings_sec": {"read_step": 0.00874439999461174, "enumerate_faces": 3.3400021493434906e-05, "build_adjacency": 0.00030339998193085194, "extract_features": 0.0011169998906552792, "map_labels": 0.000215600011870265, "sanity_checks": 0.00014199991710484028, "total": 0.010555799817666411}}