{"part_id": "0-3-10-10-10-23", "timings_sec": {"read_step": 0.009928299812600017, "enumerate_faces": 2.7999980375170708e-05, "build_adjacency": 0.0003326998557895422, "extract_features": 0.0012822002172470093, "map_labels": 0.00020250002853572369, "sanity_checks": 0.00016449997201561928, "total": 0.011938199866563082}}