{"part_id": "0-3-4-4-10-23", "timings_sec": {"read_step": 0.00953559996560216, "enumerate_faces": 3.490014933049679e-05, "build_adjacency": 0.0003170999698340893, "extract_features": 0.0012886000331491232, "map_labels": 0.0002359999343752861, "sanity_checks": 0.0001463000662624836, "total": 0.011558500118553638}}