{"part_id": "0-3-8-8-19", "timings_sec": {"read_step": 0.006677699973806739, "enumerate_faces": 2.619996666908264e-05, "build_adjacency": 0.00024610012769699097, "extract_features": 0.0008395998738706112, "map_labels": 0.00020499993115663528, "sanity_checks": 0.00010899989865720272, "total": 0.008103599771857262}}