{"part_id": "0-3-4-6-12-23", "timings_sec": {"read_step": 0.008724000072106719, "enumerate_faces": 3.0899886041879654e-05, "build_adjacency": 0.00030170008540153503, "extract_features": 0.0010909999255090952, "map_labels": 0.00022829999215900898, "sanity_checks": 0.00013810000382363796, "total": 0.010513999965041876}}