{"part_id": "0-3-6-14-14-23", "timings_sec": {"read_step": 0.009161800146102905, "enumerate_faces": 3.220001235604286e-05, "build_adjacency": 0.0002850000746548176, "extract_features": 0.0010582997929304838, "map_labels": 0.0002180999144911766, "sanity_checks": 0.00012909993529319763, "total": 0.010884499875828624}}