{"part_id": "0-3-6-9-10-23", "timings_sec": {"read_step": 0.009726100135594606, "enumerate_faces": 3.25001310557127e-05, "build_adjacency": 0.000305800000205636, "extract_features": 0.0011458001099526882, "map_labels": 0.00022619985975325108, "sanity_checks": 0.00014839996583759785, "total": 0.011584800202399492}}