{"part_id": "0-3-6-6-10-23", "timings_sec": {"read_step": 0.006541699869558215, "enumerate_faces": 2.6099849492311478e-05, "build_adjacency": 0.0002272001001983881, "extract_features": 0.0008905001450330019, "map_labels": 0.00023090001195669174, "sanity_checks": 0.00010920013301074505, "total": 0.008025600109249353}}