{"part_id": "0-3-3-4-13-23", "timings_sec": {"read_step": 0.009780199965462089, "enumerate_faces": 2.8199981898069382e-05, "build_adjacency": 0.0003341999836266041, "extract_features": 0.0012016999535262585, "map_labels": 0.00020709983073174953, "sanity_checks": 0.00014899997040629387, "total": 0.011700399685651064}}