{"part_id": "0-3-3-10-13-23", "timings_sec": {"read_step": 0.010300500085577369, "enumerate_faces": 3.2400013878941536e-05, "build_adjacency": 0.00034829997457563877, "extract_features": 0.001247999956831336, "map_labels": 0.00022529996931552887, "sanity_checks": 0.0001596000511199236, "total": 0.012314100051298738}}