{"part_id": "0-3-3-4-6-23", "timings_sec": {"read_step": 0.01757289981469512, "enumerate_faces": 3.9499951526522636e-05, "build_adjacency": 0.0003876001574099064, "extract_features": 0.002180999843403697, "map_labels": 0.0003185998648405075, "sanity_checks": 0.000385599909350276, "total": 0.02088519954122603}}