{"part_id": "0-3-12-14-19", "timings_sec": {"read_step": 0.007790399948135018, "enumerate_faces": 2.6399968191981316e-05, "build_adjacency": 0.00027279998175799847, "extract_features": 0.0009914999827742577, "map_labels": 0.00019509997218847275, "sanity_checks": 0.00012320000678300858, "total": 0.009399399859830737}}