{"part_id": "0-3-5-5-13-23", "timings_sec": {"read_step": 0.009137000190094113, "enumerate_faces": 3.100000321865082e-05, "build_adjacency": 0.00032049999572336674, "extract_features": 0.0011426000855863094, "map_labels": 0.00021469988860189915, "sanity_checks": 0.00014119991101324558, "total": 0.010987000074237585}}