{"part_id": "0-3-8-9-12-23", "timings_sec": {"read_step": 0.009020600002259016, "enumerate_faces": 2.9300106689333916e-05, "build_adjacency": 0.00029939995147287846, "extract_features": 0.0011229000519961119, "map_labels": 0.0002204999327659607, "sanity_checks": 0.00014450005255639553, "total": 0.010837200097739697}}