{"part_id": "0-3-8-8-9-23", "timings_sec": {"read_step": 0.00776359997689724, "enumerate_faces": 2.450007013976574e-05, "build_adjacency": 0.0002685999497771263, "extract_features": 0.0009879001881927252, "map_labels": 0.00019079982303082943, "sanity_checks": 0.00013010017573833466, "total": 0.009365500183776021}}