{"part_id": "0-3-4-14-14-23", "timings_sec": {"read_step": 0.008790399879217148, "enumerate_faces": 3.369990736246109e-05, "build_adjacency": 0.0003108999226242304, "extract_features": 0.0011154001113027334, "map_labels": 0.00022580008953809738, "sanity_checks": 0.0001387998927384615, "total": 0.010614999802783132}}