{"part_id": "0-3-14-14-14-23", "timings_sec": {"read_step": 0.00890460005030036, "enumerate_faces": 3.5400036722421646e-05, "build_adjacency": 0.0003611999563872814, "extract_features": 0.0011024998966604471, "map_labels": 0.00022200006060302258, "sanity_checks": 0.0001379998866468668, "total": 0.0107636998873204}}