{"part_id": "0-3-3-8-11-23", "timings_sec": {"read_step": 0.013676400063559413, "enumerate_faces": 4.630000330507755e-05, "build_adjacency": 0.000587299931794405, "extract_features": 0.0021458000410348177, "map_labels": 0.0002787001430988312, "sanity_checks": 0.0002702998463064432, "total": 0.017004800029098988}}