{"part_id": "0-3-11-11-11-23", "timings_sec": {"read_step": 0.01215639989823103, "enumerate_faces": 3.0100112780928612e-05, "build_adjacency": 0.00041530001908540726, "extract_features": 0.00225939997471869, "map_labels": 0.0002288001123815775, "sanity_checks": 0.00021159998141229153, "total": 0.015301600098609924}}