{"part_id": "0-3-11-12-13-23", "timings_sec": {"read_step": 0.009765800088644028, "enumerate_faces": 2.9199989512562752e-05, "build_adjacency": 0.0003518001176416874, "extract_features": 0.0012815999798476696, "map_labels": 0.00022570020519196987, "sanity_checks": 0.00016029994003474712, "total": 0.011814400320872664}}