{"part_id": "0-3-6-10-13-23", "timings_sec": {"read_step": 0.00842620013281703, "enumerate_faces": 2.95999925583601e-05, "build_adjacency": 0.0002850999590009451, "extract_features": 0.00105489999987185, "map_labels": 0.00021449988707900047, "sanity_checks": 0.0001425999216735363, "total": 0.010152899893000722}}