{"part_id": "0-3-7-11-11-23", "timings_sec": {"read_step": 0.011394599918276072, "enumerate_faces": 3.150012344121933e-05, "build_adjacency": 0.000380899989977479, "extract_features": 0.0014121998101472855, "map_labels": 0.00022050016559660435, "sanity_checks": 0.00017879996448755264, "total": 0.013618499971926212}}