{"part_id": "0-3-3-7-14-23", "timings_sec": {"read_step": 0.019345100037753582, "enumerate_faces": 3.610015846788883e-05, "build_adjacency": 0.0004653001669794321, "extract_features": 0.0022435998544096947, "map_labels": 0.0002725999802350998, "sanity_checks": 0.00027650012634694576, "total": 0.022639200324192643}}