{"part_id": "0-3-10-10-13-23", "timings_sec": {"read_step": 0.009342800127342343, "enumerate_faces": 3.100000321865082e-05, "build_adjacency": 0.00032340013422071934, "extract_features": 0.0016008999664336443, "map_labels": 0.0002117999829351902, "sanity_checks": 0.00015530013479292393, "total": 0.011665200348943472}}