{"part_id": "0-3-3-6-12-23", "timings_sec": {"read_step": 0.013808200135827065, "enumerate_faces": 3.3800024539232254e-05, "build_adjacency": 0.0003676998894661665, "extract_features": 0.001294999849051237, "map_labels": 0.0002499001566320658, "sanity_checks": 0.00017930008471012115, "total": 0.015933900140225887}}