{"part_id": "0-3-3-4-11-23", "timings_sec": {"read_step": 0.014782800106331706, "enumerate_faces": 4.950002767145634e-05, "build_adjacency": 0.0007919000927358866, "extract_features": 0.0022520001512020826, "map_labels": 0.00024339999072253704, "sanity_checks": 0.00021600001491606236, "total": 0.01833560038357973}}