{"part_id": "0-3-7-9-14-23", "timings_sec": {"read_step": 0.008631800068542361, "enumerate_faces": 2.7299858629703522e-05, "build_adjacency": 0.0002957000397145748, "extract_features": 0.0010990998707711697, "map_labels": 0.00020670006051659584, "sanity_checks": 0.00014599994756281376, "total": 0.010406599845737219}}