{"part_id": "0-3-7-9-11-23", "timings_sec": {"read_step": 0.009145400021225214, "enumerate_faces": 3.0700117349624634e-05, "build_adjacency": 0.00031889998354017735, "extract_features": 0.0011826001573354006, "map_labels": 0.00021239998750388622, "sanity_checks": 0.0001458998303860426, "total": 0.011035900097340345}}