{"part_id": "0-3-5-10-12-23", "timings_sec": {"read_step": 0.009855200070887804, "enumerate_faces": 2.8900103643536568e-05, "build_adjacency": 0.00033629988320171833, "extract_features": 0.0013322001323103905, "map_labels": 0.0002226000651717186, "sanity_checks": 0.00015929993242025375, "total": 0.011934500187635422}}