{"part_id": "0-3-6-6-11-23", "timings_sec": {"read_step": 0.005982799921184778, "enumerate_faces": 2.210005186498165e-05, "build_adjacency": 0.0001962999813258648, "extract_features": 0.0007130999583750963, "map_labels": 0.0001876000314950943, "sanity_checks": 9.480002336204052e-05, "total": 0.007196699967607856}}