{"part_id": "0-3-3-4-19", "timings_sec": {"read_step": 0.014162600040435791, "enumerate_faces": 4.1499966755509377e-05, "build_adjacency": 0.00041850004345178604, "extract_features": 0.0014388998970389366, "map_labels": 0.0002506999298930168, "sanity_checks": 0.00017660018056631088, "total": 0.01648880005814135}}