{"part_id": "0-3-9-11-14-23", "timings_sec": {"read_step": 0.01010449999012053, "enumerate_faces": 3.929995000362396e-05, "build_adjacency": 0.0003434000536799431, "extract_features": 0.0014307999517768621, "map_labels": 0.00024279998615384102, "sanity_checks": 0.00016660010442137718, "total": 0.012327400036156178}}