{"part_id": "0-3-6-6-14-23", "timings_sec": {"read_step": 0.005880699958652258, "enumerate_faces": 2.069980837404728e-05, "build_adjacency": 0.00019560009241104126, "extract_features": 0.000709399813786149, "map_labels": 0.00017220014706254005, "sanity_checks": 9.580003097653389e-05, "total": 0.007074399851262569}}