{"part_id": "0-3-3-13-13-23", "timings_sec": {"read_step": 0.012804699828848243, "enumerate_faces": 3.5300152376294136e-05, "build_adjacency": 0.0004237999673932791, "extract_features": 0.0014442999381572008, "map_labels": 0.00022959988564252853, "sanity_checks": 0.00017099990509450436, "total": 0.01510869967751205}}