{"part_id": "0-3-6-7-8-23", "timings_sec": {"read_step": 0.0071084999945014715, "enumerate_faces": 2.6999972760677338e-05, "build_adjacency": 0.00023870007134974003, "extract_features": 0.0008775999303907156, "map_labels": 0.0001952000893652439, "sanity_checks": 0.00011370005086064339, "total": 0.008560700109228492}}