{"part_id": "0-3-7-9-9-23", "timings_sec": {"read_step": 0.008731399895623326, "enumerate_faces": 2.459995448589325e-05, "build_adjacency": 0.0002905000001192093, "extract_features": 0.0011168001219630241, "map_labels": 0.00019789999350905418, "sanity_checks": 0.0001455999445170164, "total": 0.010506799910217524}}