{"part_id": "0-3-8-8-13-23", "timings_sec": {"read_step": 0.0075171999633312225, "enumerate_faces": 2.5499844923615456e-05, "build_adjacency": 0.000260600121691823, "extract_features": 0.0009267998393625021, "map_labels": 0.00019640009850263596, "sanity_checks": 0.00011810008436441422, "total": 0.009044599952176213}}