{"part_id": "0-3-3-6-13-23", "timings_sec": {"read_step": 0.013603700092062354, "enumerate_faces": 3.560003824532032e-05, "build_adjacency": 0.00048399996012449265, "extract_features": 0.0015823999419808388, "map_labels": 0.00021540001034736633, "sanity_checks": 0.00014880020171403885, "total": 0.01606990024447441}}