{"part_id": "0-3-4-8-8-23", "timings_sec": {"read_step": 0.007243599975481629, "enumerate_faces": 2.810009755194187e-05, "build_adjacency": 0.00025400007143616676, "extract_features": 0.0008916000369936228, "map_labels": 0.00021050008945167065, "sanity_checks": 0.0001137999352067709, "total": 0.008741600206121802}}