{"part_id": "0-3-7-14-14-23", "timings_sec": {"read_step": 0.008773799985647202, "enumerate_faces": 2.8799986466765404e-05, "build_adjacency": 0.00031500007025897503, "extract_features": 0.0011096000671386719, "map_labels": 0.00021009985357522964, "sanity_checks": 0.00013509998098015785, "total": 0.010572399944067001}}