{"part_id": "0-3-4-11-13-23", "timings_sec": {"read_step": 0.00951609993353486, "enumerate_faces": 2.6499852538108826e-05, "build_adjacency": 0.0003192001022398472, "extract_features": 0.0012010999489575624, "map_labels": 0.00019829999655485153, "sanity_checks": 0.0001512998715043068, "total": 0.011412499705329537}}