{"part_id": "0-3-7-12-12-23", "timings_sec": {"read_step": 0.009382599964737892, "enumerate_faces": 3.0199997127056122e-05, "build_adjacency": 0.0003239000216126442, "extract_features": 0.0011829999275505543, "map_labels": 0.0002101999707520008, "sanity_checks": 0.00014999997802078724, "total": 0.011279899859800935}}