{"part_id": "0-3-3-5-5-23", "timings_sec": {"read_step": 0.01105859992094338, "enumerate_faces": 3.4800032153725624e-05, "build_adjacency": 0.00038650003261864185, "extract_features": 0.0013604001142084599, "map_labels": 0.00023259990848600864, "sanity_checks": 0.00016639987006783485, "total": 0.01323929987847805}}