{"part_id": "0-3-3-3-9-23", "timings_sec": {"read_step": 0.011618699878454208, "enumerate_faces": 3.4700147807598114e-05, "build_adjacency": 0.0003906001802533865, "extract_features": 0.0013979000505059958, "map_labels": 0.00023220013827085495, "sanity_checks": 0.00017729983665049076, "total": 0.013851400231942534}}