{"part_id": "0-3-7-12-13-23", "timings_sec": {"read_step": 0.008543799864128232, "enumerate_faces": 2.859998494386673e-05, "build_adjacency": 0.0003766000736504793, "extract_features": 0.0011105998419225216, "map_labels": 0.00022320006974041462, "sanity_checks": 0.00014150002971291542, "total": 0.01042429986409843}}