{"part_id": "0-3-8-13-13-23", "timings_sec": {"read_step": 0.008421799866482615, "enumerate_faces": 2.519995905458927e-05, "build_adjacency": 0.00026040012016892433, "extract_features": 0.0009377999231219292, "map_labels": 0.00020130001939833164, "sanity_checks": 0.00012179999612271786, "total": 0.009968299884349108}}