{"part_id": "0-3-4-10-11-23", "timings_sec": {"read_step": 0.010322400135919452, "enumerate_faces": 3.6899931728839874e-05, "build_adjacency": 0.00037589995190501213, "extract_features": 0.001307399943470955, "map_labels": 0.00021610013209283352, "sanity_checks": 0.00016879988834261894, "total": 0.012427499983459711}}