{"part_id": "0-3-11-12-19", "timings_sec": {"read_step": 0.008928600000217557, "enumerate_faces": 2.950010821223259e-05, "build_adjacency": 0.00031409994699060917, "extract_features": 0.0011456001084297895, "map_labels": 0.00023290002718567848, "sanity_checks": 0.00014510005712509155, "total": 0.010795800248160958}}