{"part_id": "0-3-3-5-11-23", "timings_sec": {"read_step": 0.012375999940559268, "enumerate_faces": 3.560003824532032e-05, "build_adjacency": 0.0004246998578310013, "extract_features": 0.0014877000357955694, "map_labels": 0.00023330003023147583, "sanity_checks": 0.00018580001778900623, "total": 0.014743099920451641}}