{"part_id": "0-3-3-12-14-23", "timings_sec": {"read_step": 0.010357599938288331, "enumerate_faces": 3.0099879950284958e-05, "build_adjacency": 0.00034760008566081524, "extract_features": 0.0015813999343663454, "map_labels": 0.00025679985992610455, "sanity_checks": 0.0002609998919069767, "total": 0.012834499590098858}}