{"part_id": "0-3-8-9-11-23", "timings_sec": {"read_step": 0.009447500109672546, "enumerate_faces": 2.6399968191981316e-05, "build_adjacency": 0.00032410002313554287, "extract_features": 0.0013194000348448753, "map_labels": 0.00021270010620355606, "sanity_checks": 0.00015700003132224083, "total": 0.011487100273370743}}