{"part_id": "0-3-5-5-11-23", "timings_sec": {"read_step": 0.010844700038433075, "enumerate_faces": 2.9399991035461426e-05, "build_adjacency": 0.0003744000568985939, "extract_features": 0.0014405001420527697, "map_labels": 0.0002661999315023422, "sanity_checks": 0.00017279991880059242, "total": 0.013128000078722835}}