{"part_id": "0-3-5-5-7-23", "timings_sec": {"read_step": 0.00961679988540709, "enumerate_faces": 2.8799986466765404e-05, "build_adjacency": 0.00032750004902482033, "extract_features": 0.0012863001320511103, "map_labels": 0.00021600001491606236, "sanity_checks": 0.00014690007083117962, "total": 0.011622300138697028}}