{"part_id": "0-3-3-6-10-23", "timings_sec": {"read_step": 0.019198199966922402, "enumerate_faces": 4.549999721348286e-05, "build_adjacency": 0.0006335999350994825, "extract_features": 0.0022364999167621136, "map_labels": 0.00028689997270703316, "sanity_checks": 0.00026819994673132896, "total": 0.022668899735435843}}