{"part_id": "0-3-6-9-14-23", "timings_sec": {"read_step": 0.008488799910992384, "enumerate_faces": 2.9700109735131264e-05, "build_adjacency": 0.0002855001948773861, "extract_features": 0.0010567998979240656, "map_labels": 0.00024289987049996853, "sanity_checks": 0.00013589998707175255, "total": 0.010239599971100688}}