{"part_id": "0-3-3-6-8-23", "timings_sec": {"read_step": 0.014317300170660019, "enumerate_faces": 2.6999972760677338e-05, "build_adjacency": 0.00032839993946254253, "extract_features": 0.0013361999299377203, "map_labels": 0.0002555998507887125, "sanity_checks": 0.00021430011838674545, "total": 0.016478799981996417}}