{"part_id": "0-3-7-9-10-23", "timings_sec": {"read_step": 0.009233100106939673, "enumerate_faces": 3.0199997127056122e-05, "build_adjacency": 0.0003104000352323055, "extract_features": 0.0011714999563992023, "map_labels": 0.0002202000468969345, "sanity_checks": 0.00015620002523064613, "total": 0.011121600167825818}}