{"part_id": "0-3-7-11-14-23", "timings_sec": {"read_step": 0.009890299988910556, "enumerate_faces": 2.5499844923615456e-05, "build_adjacency": 0.0003276001662015915, "extract_features": 0.0012570999097079039, "map_labels": 0.00025200005620718, "sanity_checks": 0.00015700003132224083, "total": 0.011909499997273088}}