{"part_id": "0-3-9-10-13-23", "timings_sec": {"read_step": 0.008835300104692578, "enumerate_faces": 2.9099872335791588e-05, "build_adjacency": 0.00030329986475408077, "extract_features": 0.0011226998176425695, "map_labels": 0.00021610013209283352, "sanity_checks": 0.00019729998894035816, "total": 0.010703799780458212}}