{"part_id": "0-3-7-7-14-23", "timings_sec": {"read_step": 0.007498200051486492, "enumerate_faces": 3.890017978847027e-05, "build_adjacency": 0.00026030000299215317, "extract_features": 0.0009523998014628887, "map_labels": 0.0002071000635623932, "sanity_checks": 0.00012230011634528637, "total": 0.009079200215637684}}