{"part_id": "0-3-5-6-10-23", "timings_sec": {"read_step": 0.00938279996626079, "enumerate_faces": 3.109988756477833e-05, "build_adjacency": 0.0003122999332845211, "extract_features": 0.0011626998893916607, "map_labels": 0.00023450003936886787, "sanity_checks": 0.00014570006169378757, "total": 0.011269099777564406}}