{"part_id": "0-3-4-5-11-23", "timings_sec": {"read_step": 0.010446999920532107, "enumerate_faces": 3.0199997127056122e-05, "build_adjacency": 0.000350200105458498, "extract_features": 0.0013119999784976244, "map_labels": 0.00021569989621639252, "sanity_checks": 0.00016480009071528912, "total": 0.012519899988546968}}