{"part_id": "0-3-6-6-7-23", "timings_sec": {"read_step": 0.006702500162646174, "enumerate_faces": 2.469983883202076e-05, "build_adjacency": 0.00022920011542737484, "extract_features": 0.0008692999836057425, "map_labels": 0.00018269987776875496, "sanity_checks": 0.00010730000212788582, "total": 0.008115699980407953}}