{"part_id": "0-3-3-8-9-23", "timings_sec": {"read_step": 0.022614300018176436, "enumerate_faces": 4.6900007873773575e-05, "build_adjacency": 0.0007527000270783901, "extract_features": 0.0022528001572936773, "map_labels": 0.0002592001110315323, "sanity_checks": 0.00031349994242191315, "total": 0.026239400263875723}}