{"part_id": "0-3-9-11-19", "timings_sec": {"read_step": 0.008844200056046247, "enumerate_faces": 2.7999980375170708e-05, "build_adjacency": 0.0003011999651789665, "extract_features": 0.0011752999853342772, "map_labels": 0.00020340015180408955, "sanity_checks": 0.00014479993842542171, "total": 0.010696900077164173}}