{"part_id": "0-3-11-14-19", "timings_sec": {"read_step": 0.009154600091278553, "enumerate_faces": 3.3499905839562416e-05, "build_adjacency": 0.00029879994690418243, "extract_features": 0.0011783000081777573, "map_labels": 0.00022629997693002224, "sanity_checks": 0.0001409999094903469, "total": 0.011032499838620424}}