{"part_id": "0-3-4-13-14-23", "timings_sec": {"read_step": 0.010789900086820126, "enumerate_faces": 3.2700132578611374e-05, "build_adjacency": 0.0003028998617082834, "extract_features": 0.0010504999663680792, "map_labels": 0.00022580008953809738, "sanity_checks": 0.0001330000814050436, "total": 0.01253480021841824}}