{"part_id": "0-3-10-11-11-23", "timings_sec": {"read_step": 0.01130899996496737, "enumerate_faces": 2.7300091460347176e-05, "build_adjacency": 0.0004040999338030815, "extract_features": 0.001469200011342764, "map_labels": 0.00020560016855597496, "sanity_checks": 0.00018780003301799297, "total": 0.01360300020314753}}