{"part_id": "0-3-5-9-11-23", "timings_sec": {"read_step": 0.017223700182512403, "enumerate_faces": 4.0800077840685844e-05, "build_adjacency": 0.0005701999180018902, "extract_features": 0.002171299885958433, "map_labels": 0.00031029991805553436, "sanity_checks": 0.00017449981532990932, "total": 0.020490799797698855}}