{"part_id": "0-3-5-9-14-23", "timings_sec": {"read_step": 0.009296400006860495, "enumerate_faces": 3.2499898225069046e-05, "build_adjacency": 0.0003152999561280012, "extract_features": 0.0011730000842362642, "map_labels": 0.00022380007430911064, "sanity_checks": 0.00014870008453726768, "total": 0.011189700104296207}}