{"part_id": "0-3-3-3-14-23", "timings_sec": {"read_step": 0.01408570003695786, "enumerate_faces": 3.0199997127056122e-05, "build_adjacency": 0.0004732999950647354, "extract_features": 0.0016596999485045671, "map_labels": 0.0002196000423282385, "sanity_checks": 0.00020599993877112865, "total": 0.016674499958753586}}