{"part_id": "0-4-5-10-12-23", "timings_sec": {"read_step": 0.008311100071296096, "enumerate_faces": 2.5499844923615456e-05, "build_adjacency": 0.0002886999864131212, "extract_features": 0.0012034999672323465, "map_labels": 0.0002077000681310892, "sanity_checks": 0.0001417000312358141, "total": 0.010178199969232082}}