{"part_id": "0-4-5-9-13-23", "timings_sec": {"read_step": 0.010921600041911006, "enumerate_faces": 4.029995761811733e-05, "build_adjacency": 0.00040449993684887886, "extract_features": 0.001426400151103735, "map_labels": 0.0002725999802350998, "sanity_checks": 0.00020590005442500114, "total": 0.013271300122141838}}