{"part_id": "0-4-11-19", "timings_sec": {"read_step": 0.0065020001493394375, "enumerate_faces": 3.9499951526522636e-05, "build_adjacency": 0.00022799987345933914, "extract_features": 0.000821900088340044, "map_labels": 0.0002164999023079872, "sanity_checks": 0.00010979990474879742, "total": 0.007917699869722128}}