{"part_id": "0-4-4-6-9-23", "timings_sec": {"read_step": 0.0074685001745820045, "enumerate_faces": 3.120000474154949e-05, "build_adjacency": 0.0002546000760048628, "extract_features": 0.0009331998880952597, "map_labels": 0.0002234999556094408, "sanity_checks": 0.00012280000373721123, "total": 0.009033800102770329}}