{"part_id": "0-4-7-9-9-23", "timings_sec": {"read_step": 0.0073784999549388885, "enumerate_faces": 2.71000899374485e-05, "build_adjacency": 0.00025470019318163395, "extract_features": 0.000964899780228734, "map_labels": 0.00019990000873804092, "sanity_checks": 0.00012909993529319763, "total": 0.008954199962317944}}