{"part_id": "0-4-4-6-7-23", "timings_sec": {"read_step": 0.006113900104537606, "enumerate_faces": 2.9900111258029938e-05, "build_adjacency": 0.00020699994638562202, "extract_features": 0.0008163000456988811, "map_labels": 0.00021500000730156898, "sanity_checks": 0.00010399986058473587, "total": 0.007486100075766444}}