{"part_id": "0-4-7-14-19", "timings_sec": {"read_step": 0.006047099828720093, "enumerate_faces": 2.459995448589325e-05, "build_adjacency": 0.0002731999848037958, "extract_features": 0.0008143999148160219, "map_labels": 0.00020450004376471043, "sanity_checks": 9.96999442577362e-05, "total": 0.00746349967084825}}