{"part_id": "0-4-9-11-13-23", "timings_sec": {"read_step": 0.008091500028967857, "enumerate_faces": 2.4499837309122086e-05, "build_adjacency": 0.0002741999924182892, "extract_features": 0.0010553000029176474, "map_labels": 0.00025659985840320587, "sanity_checks": 0.0001425000373274088, "total": 0.00984459975734353}}