{"part_id": "0-4-5-5-19", "timings_sec": {"read_step": 0.006851400015875697, "enumerate_faces": 2.4200184270739555e-05, "build_adjacency": 0.00023719994351267815, "extract_features": 0.0008677998557686806, "map_labels": 0.00018990016542375088, "sanity_checks": 0.00011099991388618946, "total": 0.008281500078737736}}