{"part_id": "0-4-4-7-7-23", "timings_sec": {"read_step": 0.00733939977362752, "enumerate_faces": 3.0099879950284958e-05, "build_adjacency": 0.00026210001669824123, "extract_features": 0.0009469999931752682, "map_labels": 0.00023090001195669174, "sanity_checks": 0.00012229988351464272, "total": 0.008931799558922648}}