{"part_id": "0-4-5-6-9-23", "timings_sec": {"read_step": 0.007386200129985809, "enumerate_faces": 2.5999965146183968e-05, "build_adjacency": 0.0002530000638216734, "extract_features": 0.0009570000693202019, "map_labels": 0.00020180013962090015, "sanity_checks": 0.00012360000982880592, "total": 0.008947600377723575}}