{"part_id": "0-4-10-10-13-23", "timings_sec": {"read_step": 0.007811000104993582, "enumerate_faces": 2.559996210038662e-05, "build_adjacency": 0.0002660001628100872, "extract_features": 0.0010188999585807323, "map_labels": 0.00019240006804466248, "sanity_checks": 0.00013280007988214493, "total": 0.009446700336411595}}