{"part_id": "0-4-7-8-13-23", "timings_sec": {"read_step": 0.006716199917718768, "enumerate_faces": 4.060007631778717e-05, "build_adjacency": 0.0002730002161115408, "extract_features": 0.0009152998682111502, "map_labels": 0.00022460008040070534, "sanity_checks": 0.00011180015280842781, "total": 0.00828150031156838}}