{"part_id": "0-4-5-6-14-23", "timings_sec": {"read_step": 0.0073946998454630375, "enumerate_faces": 2.859998494386673e-05, "build_adjacency": 0.00026130001060664654, "extract_features": 0.0009230000432580709, "map_labels": 0.0002343999221920967, "sanity_checks": 0.00015249988064169884, "total": 0.008994499687105417}}