{"part_id": "0-4-4-11-13-23", "timings_sec": {"read_step": 0.008242700016126037, "enumerate_faces": 3.260001540184021e-05, "build_adjacency": 0.0002874999772757292, "extract_features": 0.001209900015965104, "map_labels": 0.0002189998049288988, "sanity_checks": 0.00014249980449676514, "total": 0.010134199634194374}}