{"part_id": "0-4-4-5-10-23", "timings_sec": {"read_step": 0.009161500027403235, "enumerate_faces": 3.4400029107928276e-05, "build_adjacency": 0.0002887002192437649, "extract_features": 0.0010573999024927616, "map_labels": 0.00022440007887780666, "sanity_checks": 0.0001362999901175499, "total": 0.010902700247243047}}