{"part_id": "0-4-7-10-14-23", "timings_sec": {"read_step": 0.00782880000770092, "enumerate_faces": 2.8799986466765404e-05, "build_adjacency": 0.00026819994673132896, "extract_features": 0.0009951998945325613, "map_labels": 0.00019919988699257374, "sanity_checks": 0.00012969993986189365, "total": 0.009449899662286043}}