{"part_id": "0-4-4-10-10-23", "timings_sec": {"read_step": 0.008206099970266223, "enumerate_faces": 2.6799971237778664e-05, "build_adjacency": 0.0002856999635696411, "extract_features": 0.001074400031939149, "map_labels": 0.0002033999189734459, "sanity_checks": 0.00014050002209842205, "total": 0.00993689987808466}}