{"part_id": "0-4-6-6-8-23", "timings_sec": {"read_step": 0.006034100195392966, "enumerate_faces": 2.4900073185563087e-05, "build_adjacency": 0.00021569989621639252, "extract_features": 0.0007870998233556747, "map_labels": 0.00022319983690977097, "sanity_checks": 0.00011119991540908813, "total": 0.007396199740469456}}