{"part_id": "0-4-6-9-14-23", "timings_sec": {"read_step": 0.007584000006318092, "enumerate_faces": 3.3400021493434906e-05, "build_adjacency": 0.0002511998172849417, "extract_features": 0.0009394001681357622, "map_labels": 0.00020819995552301407, "sanity_checks": 0.00012099999003112316, "total": 0.009137199958786368}}