{"part_id": "0-4-5-7-14-23", "timings_sec": {"read_step": 0.006375999888405204, "enumerate_faces": 2.459995448589325e-05, "build_adjacency": 0.00022360007278621197, "extract_features": 0.0008686000946909189, "map_labels": 0.00020519993267953396, "sanity_checks": 0.00010689999908208847, "total": 0.00780489994212985}}