{"part_id": "0-4-6-12-13-23", "timings_sec": {"read_step": 0.006155499955639243, "enumerate_faces": 2.469983883202076e-05, "build_adjacency": 0.00021389988251030445, "extract_features": 0.0009374001529067755, "map_labels": 0.00020119990222156048, "sanity_checks": 0.00010400009341537952, "total": 0.007636699825525284}}