{"part_id": "0-4-4-13-14-23", "timings_sec": {"read_step": 0.006890699965879321, "enumerate_faces": 2.7099857106804848e-05, "build_adjacency": 0.0002498000394552946, "extract_features": 0.0008747999090701342, "map_labels": 0.0001938000787049532, "sanity_checks": 0.00011300016194581985, "total": 0.008349200012162328}}