{"part_id": "0-4-6-10-13-23", "timings_sec": {"read_step": 0.006930999923497438, "enumerate_faces": 2.519995905458927e-05, "build_adjacency": 0.00023779994808137417, "extract_features": 0.0008896999061107635, "map_labels": 0.0001868000254034996, "sanity_checks": 0.00011599995195865631, "total": 0.008386499714106321}}