{"part_id": "0-4-9-9-14-23", "timings_sec": {"read_step": 0.011561299907043576, "enumerate_faces": 3.9999838918447495e-05, "build_adjacency": 0.00044329999946057796, "extract_features": 0.001738700084388256, "map_labels": 0.0002749999985098839, "sanity_checks": 0.00023479992523789406, "total": 0.014293099753558636}}