{"part_id": "0-4-5-5-7-23", "timings_sec": {"read_step": 0.007963799871504307, "enumerate_faces": 2.410006709396839e-05, "build_adjacency": 0.00027299998328089714, "extract_features": 0.0010822000913321972, "map_labels": 0.00020779995247721672, "sanity_checks": 0.0001308000646531582, "total": 0.009681700030341744}}