{"part_id": "0-4-5-8-11-23", "timings_sec": {"read_step": 0.00900939991697669, "enumerate_faces": 2.759997732937336e-05, "build_adjacency": 0.00030489987693727016, "extract_features": 0.0011008998844772577, "map_labels": 0.00019529997371137142, "sanity_checks": 0.00013910001143813133, "total": 0.010777199640870094}}