{"part_id": "0-4-4-6-13-23", "timings_sec": {"read_step": 0.006509500090032816, "enumerate_faces": 2.3300061002373695e-05, "build_adjacency": 0.0002177001442760229, "extract_features": 0.0008189999498426914, "map_labels": 0.00019160006195306778, "sanity_checks": 0.00010639987885951996, "total": 0.007867500185966492}}