{"part_id": "0-4-10-11-12-23", "timings_sec": {"read_step": 0.00956199993379414, "enumerate_faces": 3.0899886041879654e-05, "build_adjacency": 0.00032659992575645447, "extract_features": 0.0012089000083506107, "map_labels": 0.00021780002862215042, "sanity_checks": 0.00015590013936161995, "total": 0.011502099921926856}}