{"part_id": "0-4-4-5-5-23", "timings_sec": {"read_step": 0.007978999987244606, "enumerate_faces": 2.9499875381588936e-05, "build_adjacency": 0.0002904001157730818, "extract_features": 0.001039199996739626, "map_labels": 0.00020330003462731838, "sanity_checks": 0.00013109995052218437, "total": 0.009672499960288405}}