{"part_id": "0-4-6-6-13-23", "timings_sec": {"read_step": 0.006085400003939867, "enumerate_faces": 2.1900050342082977e-05, "build_adjacency": 0.0002093000803142786, "extract_features": 0.0007836997974663973, "map_labels": 0.0001884999219328165, "sanity_checks": 0.00010109995491802692, "total": 0.007389899808913469}}