{"part_id": "0-4-5-7-11-23", "timings_sec": {"read_step": 0.008975300006568432, "enumerate_faces": 2.869986928999424e-05, "build_adjacency": 0.00030960002914071083, "extract_features": 0.0012985998764634132, "map_labels": 0.0002109999768435955, "sanity_checks": 0.00014989986084401608, "total": 0.010973099619150162}}