{"part_id": "0-4-5-11-14-23", "timings_sec": {"read_step": 0.008810400031507015, "enumerate_faces": 2.9299873858690262e-05, "build_adjacency": 0.0003084000200033188, "extract_features": 0.001161899883300066, "map_labels": 0.00021430011838674545, "sanity_checks": 0.00016320007853209972, "total": 0.010687500005587935}}