{"part_id": "0-4-5-6-8-23", "timings_sec": {"read_step": 0.006656199926510453, "enumerate_faces": 2.319994382560253e-05, "build_adjacency": 0.00024170009419322014, "extract_features": 0.0008540998678654432, "map_labels": 0.00019119982607662678, "sanity_checks": 0.00011059991084039211, "total": 0.008076999569311738}}