{"part_id": "0-4-8-13-14-23", "timings_sec": {"read_step": 0.006451599998399615, "enumerate_faces": 2.5399960577487946e-05, "build_adjacency": 0.00022829999215900898, "extract_features": 0.0008412001188844442, "map_labels": 0.00019789999350905418, "sanity_checks": 0.00010890001431107521, "total": 0.007853300077840686}}