{"part_id": "0-4-8-9-13-23", "timings_sec": {"read_step": 0.006630199961364269, "enumerate_faces": 2.6399968191981316e-05, "build_adjacency": 0.00022900011390447617, "extract_features": 0.0008610000368207693, "map_labels": 0.00020289979875087738, "sanity_checks": 0.00011660018935799599, "total": 0.00806610006839037}}