{"part_id": "0-4-8-9-10-23", "timings_sec": {"read_step": 0.007287799846380949, "enumerate_faces": 2.4799956008791924e-05, "build_adjacency": 0.0002546999603509903, "extract_features": 0.0009858000557869673, "map_labels": 0.00020110001787543297, "sanity_checks": 0.00012839981354773045, "total": 0.008882599649950862}}