{"part_id": "0-4-9-13-13-23", "timings_sec": {"read_step": 0.008033900056034327, "enumerate_faces": 4.219985567033291e-05, "build_adjacency": 0.000386199913918972, "extract_features": 0.0013792000245302916, "map_labels": 0.00028849998489022255, "sanity_checks": 0.00018869992345571518, "total": 0.01031869975849986}}