{"part_id": "0-4-5-6-13-23", "timings_sec": {"read_step": 0.005653299856930971, "enumerate_faces": 3.120000474154949e-05, "build_adjacency": 0.0001922999508678913, "extract_features": 0.0006963999476283789, "map_labels": 0.0001946000847965479, "sanity_checks": 9.139999747276306e-05, "total": 0.006859199842438102}}