{"part_id": "0-4-11-12-14-23", "timings_sec": {"read_step": 0.00999179994687438, "enumerate_faces": 3.7499936297535896e-05, "build_adjacency": 0.0003252001479268074, "extract_features": 0.0012284999247640371, "map_labels": 0.00023859995417296886, "sanity_checks": 0.00015649991109967232, "total": 0.011978099821135402}}