{"part_id": "0-4-10-10-19", "timings_sec": {"read_step": 0.009515199810266495, "enumerate_faces": 4.109996370971203e-05, "build_adjacency": 0.00039599998854100704, "extract_features": 0.0013579998631030321, "map_labels": 0.00028730020858347416, "sanity_checks": 0.00019690021872520447, "total": 0.011794500052928925}}