{"part_id": "0-4-4-4-19", "timings_sec": {"read_step": 0.005915200104936957, "enumerate_faces": 2.440018579363823e-05, "build_adjacency": 0.00021070009097456932, "extract_features": 0.000938700046390295, "map_labels": 0.0001992001198232174, "sanity_checks": 0.00010419986210763454, "total": 0.007392400410026312}}