{"part_id": "0-4-7-10-13-23", "timings_sec": {"read_step": 0.007292000111192465, "enumerate_faces": 2.6700086891651154e-05, "build_adjacency": 0.000256099971011281, "extract_features": 0.0010146000422537327, "map_labels": 0.00019910000264644623, "sanity_checks": 0.00013619987294077873, "total": 0.008924700086936355}}