{"part_id": "0-4-10-19", "timings_sec": {"read_step": 0.00631279987283051, "enumerate_faces": 3.579980693757534e-05, "build_adjacency": 0.0002031000331044197, "extract_features": 0.0008077998645603657, "map_labels": 0.00023630005307495594, "sanity_checks": 9.889993816614151e-05, "total": 0.007694699568673968}}