{"part_id": "0-4-5-11-13-23", "timings_sec": {"read_step": 0.008462800178676844, "enumerate_faces": 2.759997732937336e-05, "build_adjacency": 0.0002937000244855881, "extract_features": 0.0011140001006424427, "map_labels": 0.00019320007413625717, "sanity_checks": 0.00014190003275871277, "total": 0.010233200388029218}}