{"part_id": "0-4-6-6-9-23", "timings_sec": {"read_step": 0.006489400053396821, "enumerate_faces": 2.2900057956576347e-05, "build_adjacency": 0.00022780010476708412, "extract_features": 0.0008633001707494259, "map_labels": 0.00018740002997219563, "sanity_checks": 0.00011239992454648018, "total": 0.007903200341388583}}