{"part_id": "0-4-4-9-12-23", "timings_sec": {"read_step": 0.00811370019800961, "enumerate_faces": 3.0499882996082306e-05, "build_adjacency": 0.0002756000030785799, "extract_features": 0.001043700147420168, "map_labels": 0.00022540008649230003, "sanity_checks": 0.00013229995965957642, "total": 0.009821200277656317}}