{"part_id": "0-4-6-11-11-23", "timings_sec": {"read_step": 0.009953700006008148, "enumerate_faces": 3.3700140193104744e-05, "build_adjacency": 0.0003350998740643263, "extract_features": 0.0012240000069141388, "map_labels": 0.00022799987345933914, "sanity_checks": 0.00016229995526373386, "total": 0.011936799855902791}}