{"part_id": "0-4-4-9-10-23", "timings_sec": {"read_step": 0.007728300057351589, "enumerate_faces": 2.7899863198399544e-05, "build_adjacency": 0.0002663999330252409, "extract_features": 0.0010303000453859568, "map_labels": 0.00020130001939833164, "sanity_checks": 0.0001385000068694353, "total": 0.009392699925228953}}