{"part_id": "0-4-7-9-12-23", "timings_sec": {"read_step": 0.007943399948999286, "enumerate_faces": 3.3800024539232254e-05, "build_adjacency": 0.0002842000685632229, "extract_features": 0.0010267999023199081, "map_labels": 0.00022469996474683285, "sanity_checks": 0.0001395998988300562, "total": 0.009652499807998538}}