{"part_id": "0-4-6-13-13-23", "timings_sec": {"read_step": 0.006074599921703339, "enumerate_faces": 2.459995448589325e-05, "build_adjacency": 0.00021820003166794777, "extract_features": 0.000776899978518486, "map_labels": 0.00019289995543658733, "sanity_checks": 0.00010180007666349411, "total": 0.007388999918475747}}