{"part_id": "0-4-6-14-14-23", "timings_sec": {"read_step": 0.006879399996250868, "enumerate_faces": 2.759997732937336e-05, "build_adjacency": 0.00024090008810162544, "extract_features": 0.0008906999137252569, "map_labels": 0.00020190002396702766, "sanity_checks": 0.00011310004629194736, "total": 0.008353600045666099}}