{"part_id": "0-4-7-8-10-23", "timings_sec": {"read_step": 0.008062000153586268, "enumerate_faces": 3.6800047382712364e-05, "build_adjacency": 0.0002661999315023422, "extract_features": 0.000993099994957447, "map_labels": 0.0002677000593394041, "sanity_checks": 0.00012960005551576614, "total": 0.00975540024228394}}