{"part_id": "0-4-8-13-13-23", "timings_sec": {"read_step": 0.006093800067901611, "enumerate_faces": 2.450007013976574e-05, "build_adjacency": 0.0002093000803142786, "extract_features": 0.0008451000321656466, "map_labels": 0.0001917998306453228, "sanity_checks": 0.00010719988495111465, "total": 0.00747169996611774}}