{"part_id": "0-4-10-11-14-23", "timings_sec": {"read_step": 0.0077599999494850636, "enumerate_faces": 2.6999972760677338e-05, "build_adjacency": 0.00027030007913708687, "extract_features": 0.001092399936169386, "map_labels": 0.00021150009706616402, "sanity_checks": 0.0001363998744636774, "total": 0.009497599909082055}}