{"part_id": "0-4-6-6-11-23", "timings_sec": {"read_step": 0.0076876000966876745, "enumerate_faces": 2.7399975806474686e-05, "build_adjacency": 0.0002669999375939369, "extract_features": 0.001064100069925189, "map_labels": 0.00022549997083842754, "sanity_checks": 0.0001620999537408352, "total": 0.009433700004592538}}