{"part_id": "0-4-12-12-14-23", "timings_sec": {"read_step": 0.009131700033321977, "enumerate_faces": 3.269989974796772e-05, "build_adjacency": 0.0002968998160213232, "extract_features": 0.0010899000335484743, "map_labels": 0.00022449996322393417, "sanity_checks": 0.0001355998683720827, "total": 0.010911299614235759}}