{"part_id": "0-4-5-8-10-23", "timings_sec": {"read_step": 0.010534900007769465, "enumerate_faces": 3.4899916499853134e-05, "build_adjacency": 0.0002810000441968441, "extract_features": 0.0011118000838905573, "map_labels": 0.00022040004841983318, "sanity_checks": 0.000210900092497468, "total": 0.012393900193274021}}