{"part_id": "0-4-4-13-19", "timings_sec": {"read_step": 0.006092900177463889, "enumerate_faces": 3.0099879950284958e-05, "build_adjacency": 0.00021159998141229153, "extract_features": 0.0007609000895172358, "map_labels": 0.00023030000738799572, "sanity_checks": 0.00010009994730353355, "total": 0.007425900083035231}}