{"part_id": "0-4-8-8-11-23", "timings_sec": {"read_step": 0.00769710005261004, "enumerate_faces": 2.6399968191981316e-05, "build_adjacency": 0.0002701999619603157, "extract_features": 0.0009941000025719404, "map_labels": 0.0002039000391960144, "sanity_checks": 0.00012749992311000824, "total": 0.0093191999476403}}