{"part_id": "0-4-9-11-11-23", "timings_sec": {"read_step": 0.009936199989169836, "enumerate_faces": 2.95999925583601e-05, "build_adjacency": 0.00034639984369277954, "extract_features": 0.0012983998749405146, "map_labels": 0.00021689990535378456, "sanity_checks": 0.00016920012421905994, "total": 0.011996699729934335}}