{"part_id": "0-4-9-9-10-23", "timings_sec": {"read_step": 0.013784699840471148, "enumerate_faces": 4.5900000259280205e-05, "build_adjacency": 0.00037160003557801247, "extract_features": 0.001143100205808878, "map_labels": 0.00024739978834986687, "sanity_checks": 0.00014159991405904293, "total": 0.01573429978452623}}