{"part_id": "0-4-10-11-13-23", "timings_sec": {"read_step": 0.008616500068455935, "enumerate_faces": 3.1899893656373024e-05, "build_adjacency": 0.00029090000316500664, "extract_features": 0.001104600029066205, "map_labels": 0.00020970008336007595, "sanity_checks": 0.00014570006169378757, "total": 0.010399300139397383}}