{"part_id": "0-4-9-9-9-23", "timings_sec": {"read_step": 0.012567899888381362, "enumerate_faces": 3.909994848072529e-05, "build_adjacency": 0.0004460001364350319, "extract_features": 0.001743599772453308, "map_labels": 0.0002888999879360199, "sanity_checks": 0.00024560000747442245, "total": 0.01533109974116087}}