{"part_id": "0-4-4-5-19", "timings_sec": {"read_step": 0.0064245001412928104, "enumerate_faces": 2.5499844923615456e-05, "build_adjacency": 0.00022489996626973152, "extract_features": 0.0008191999513655901, "map_labels": 0.00018999981693923473, "sanity_checks": 0.00010639987885951996, "total": 0.007790499599650502}}