{"part_id": "0-4-8-10-10-23", "timings_sec": {"read_step": 0.007697300054132938, "enumerate_faces": 2.510007470846176e-05, "build_adjacency": 0.0002655999269336462, "extract_features": 0.001010300125926733, "map_labels": 0.0001916999462991953, "sanity_checks": 0.0001325998455286026, "total": 0.009322599973529577}}