{"part_id": "0-4-4-10-14-23", "timings_sec": {"read_step": 0.007792600197717547, "enumerate_faces": 3.0499882996082306e-05, "build_adjacency": 0.00027359998784959316, "extract_features": 0.001031799940392375, "map_labels": 0.0002109999768435955, "sanity_checks": 0.00013139983639121056, "total": 0.009470899822190404}}