{"part_id": "0-4-4-11-12-23", "timings_sec": {"read_step": 0.010039699962362647, "enumerate_faces": 2.7999980375170708e-05, "build_adjacency": 0.0003208001144230366, "extract_features": 0.0011279999744147062, "map_labels": 0.00021460000425577164, "sanity_checks": 0.0001479999627918005, "total": 0.011879099998623133}}