{"part_id": "0-4-12-12-13-23", "timings_sec": {"read_step": 0.008010300109162927, "enumerate_faces": 3.3700140193104744e-05, "build_adjacency": 0.00029479991644620895, "extract_features": 0.001027100021019578, "map_labels": 0.00022619985975325108, "sanity_checks": 0.00012930016964673996, "total": 0.00972140021622181}}