{"part_id": "0-4-6-12-14-23", "timings_sec": {"read_step": 0.007252199808135629, "enumerate_faces": 2.7900096029043198e-05, "build_adjacency": 0.00025509996339678764, "extract_features": 0.000925400061532855, "map_labels": 0.00020830007269978523, "sanity_checks": 0.00012519978918135166, "total": 0.008794099790975451}}