{"part_id": "0-4-6-6-12-23", "timings_sec": {"read_step": 0.006730600027367473, "enumerate_faces": 2.410006709396839e-05, "build_adjacency": 0.00025340006686747074, "extract_features": 0.0008561001159250736, "map_labels": 0.00020030001178383827, "sanity_checks": 0.00011179991997778416, "total": 0.008176300209015608}}