{"part_id": "0-4-8-12-12-23", "timings_sec": {"read_step": 0.007663600146770477, "enumerate_faces": 2.8799986466765404e-05, "build_adjacency": 0.00027490011416375637, "extract_features": 0.0010001999326050282, "map_labels": 0.00021869991905987263, "sanity_checks": 0.00012489990331232548, "total": 0.009311100002378225}}