{"part_id": "0-4-5-8-9-23", "timings_sec": {"read_step": 0.005832900060340762, "enumerate_faces": 2.5399960577487946e-05, "build_adjacency": 0.00020439992658793926, "extract_features": 0.0007668999023735523, "map_labels": 0.00019090017303824425, "sanity_checks": 0.00010140007361769676, "total": 0.007121900096535683}}