{"part_id": "0-4-4-5-7-23", "timings_sec": {"read_step": 0.006481599994003773, "enumerate_faces": 4.12999652326107e-05, "build_adjacency": 0.0002296001184731722, "extract_features": 0.0008378000929951668, "map_labels": 0.0002139001153409481, "sanity_checks": 0.00010649999603629112, "total": 0.007910700282081962}}