{"part_id": "0-4-14-14-19", "timings_sec": {"read_step": 0.0059903000947088, "enumerate_faces": 2.8499867767095566e-05, "build_adjacency": 0.0002158998977392912, "extract_features": 0.0012055998668074608, "map_labels": 0.00026590004563331604, "sanity_checks": 0.00017889984883368015, "total": 0.007885099621489644}}