{"part_id": "0-4-4-4-7-23", "timings_sec": {"read_step": 0.0062737001571804285, "enumerate_faces": 2.8799986466765404e-05, "build_adjacency": 0.00022280006669461727, "extract_features": 0.0008257001172751188, "map_labels": 0.0002468000166118145, "sanity_checks": 0.00010540010407567024, "total": 0.007703200448304415}}