{"part_id": "0-4-5-6-11-23", "timings_sec": {"read_step": 0.008714300114661455, "enumerate_faces": 3.2899901270866394e-05, "build_adjacency": 0.00029530003666877747, "extract_features": 0.001166400033980608, "map_labels": 0.00021829991601407528, "sanity_checks": 0.00014150002971291542, "total": 0.010568700032308698}}