{"part_id": "0-4-7-10-10-23", "timings_sec": {"read_step": 0.008118399884551764, "enumerate_faces": 2.5700079277157784e-05, "build_adjacency": 0.00028380006551742554, "extract_features": 0.0010528999846428633, "map_labels": 0.00018720002844929695, "sanity_checks": 0.00013779988512396812, "total": 0.009805799927562475}}