{"part_id": "0-4-9-14-19", "timings_sec": {"read_step": 0.01034279982559383, "enumerate_faces": 4.309997893869877e-05, "build_adjacency": 0.00027920003049075603, "extract_features": 0.0014343000948429108, "map_labels": 0.00028980011120438576, "sanity_checks": 0.0001642999704927206, "total": 0.012553500011563301}}