{"part_id": "0-4-4-10-11-23", "timings_sec": {"read_step": 0.009230999974533916, "enumerate_faces": 3.6400044336915016e-05, "build_adjacency": 0.000322599895298481, "extract_features": 0.0011941997800022364, "map_labels": 0.00024500000290572643, "sanity_checks": 0.00015719980001449585, "total": 0.01118639949709177}}