{"part_id": "0-4-7-12-13-23", "timings_sec": {"read_step": 0.006438900018110871, "enumerate_faces": 2.4899840354919434e-05, "build_adjacency": 0.00022660009562969208, "extract_features": 0.0008316000457853079, "map_labels": 0.0002071999479085207, "sanity_checks": 0.00010779988951981068, "total": 0.007836999837309122}}