{"part_id": "0-4-8-11-11-23", "timings_sec": {"read_step": 0.009236800018697977, "enumerate_faces": 2.8099864721298218e-05, "build_adjacency": 0.00032759993337094784, "extract_features": 0.001214400166645646, "map_labels": 0.00021590013056993484, "sanity_checks": 0.00015580002218484879, "total": 0.011178600136190653}}