{"part_id": "0-4-4-4-11-23", "timings_sec": {"read_step": 0.008519399911165237, "enumerate_faces": 3.069988451898098e-05, "build_adjacency": 0.00030610011890530586, "extract_features": 0.0011187000200152397, "map_labels": 0.0002470000181347132, "sanity_checks": 0.00014270003885030746, "total": 0.010364599991589785}}