{"part_id": "0-4-4-4-8-23", "timings_sec": {"read_step": 0.006257599918171763, "enumerate_faces": 3.369990736246109e-05, "build_adjacency": 0.0003448999486863613, "extract_features": 0.0011225000489503145, "map_labels": 0.0002234999556094408, "sanity_checks": 0.00010449998080730438, "total": 0.008086699759587646}}