{"part_id": "0-4-8-8-14-23", "timings_sec": {"read_step": 0.007246500113978982, "enumerate_faces": 3.0399998649954796e-05, "build_adjacency": 0.00024090008810162544, "extract_features": 0.0008971001952886581, "map_labels": 0.00021629990078508854, "sanity_checks": 0.00010699988342821598, "total": 0.008738200180232525}}