{"part_id": "0-4-7-11-13-23", "timings_sec": {"read_step": 0.008691100170835853, "enumerate_faces": 2.750009298324585e-05, "build_adjacency": 0.000282699940726161, "extract_features": 0.0010659999679774046, "map_labels": 0.00020659994333982468, "sanity_checks": 0.0001354999840259552, "total": 0.010409400099888444}}