{"part_id": "0-4-13-13-13-23", "timings_sec": {"read_step": 0.006421100115403533, "enumerate_faces": 3.109988756477833e-05, "build_adjacency": 0.0002217001747339964, "extract_features": 0.0008151999209076166, "map_labels": 0.0002131001092493534, "sanity_checks": 0.00010490021668374538, "total": 0.007807100424543023}}