{"part_id": "0-4-5-7-10-23", "timings_sec": {"read_step": 0.009426699951291084, "enumerate_faces": 3.20998951792717e-05, "build_adjacency": 0.0002949000336229801, "extract_features": 0.0010679999832063913, "map_labels": 0.00022449996322393417, "sanity_checks": 0.00013609998859465122, "total": 0.011182299815118313}}