{"part_id": "0-4-4-10-12-23", "timings_sec": {"read_step": 0.009504699846729636, "enumerate_faces": 3.569992259144783e-05, "build_adjacency": 0.0002943000290542841, "extract_features": 0.0010710000060498714, "map_labels": 0.0002476999070495367, "sanity_checks": 0.00013899989426136017, "total": 0.011292399605736136}}