{"part_id": "0-4-11-11-11-23", "timings_sec": {"read_step": 0.01251520006917417, "enumerate_faces": 4.640012048184872e-05, "build_adjacency": 0.000637599965557456, "extract_features": 0.0021615000441670418, "map_labels": 0.00025519984774291515, "sanity_checks": 0.00020420015789568424, "total": 0.015820100205019116}}