{"part_id": "0-4-10-13-14-23", "timings_sec": {"read_step": 0.007269599940627813, "enumerate_faces": 2.459995448589325e-05, "build_adjacency": 0.0002507998142391443, "extract_features": 0.0009365000296384096, "map_labels": 0.0001862999051809311, "sanity_checks": 0.00012240000069141388, "total": 0.008790199644863605}}