{"part_id": "0-4-4-8-19", "timings_sec": {"read_step": 0.00572899985127151, "enumerate_faces": 2.2799940779805183e-05, "build_adjacency": 0.00019910000264644623, "extract_features": 0.0007265000604093075, "map_labels": 0.00017950008623301983, "sanity_checks": 9.600003249943256e-05, "total": 0.006952899973839521}}