{"part_id": "0-4-4-12-12-23", "timings_sec": {"read_step": 0.008972400100901723, "enumerate_faces": 3.590015694499016e-05, "build_adjacency": 0.0002981000579893589, "extract_features": 0.0016345998737961054, "map_labels": 0.0003144999500364065, "sanity_checks": 0.0002300997730344534, "total": 0.011485599912703037}}