{"part_id": "0-4-6-11-14-23", "timings_sec": {"read_step": 0.008848799858242273, "enumerate_faces": 2.719997428357601e-05, "build_adjacency": 0.0002764000091701746, "extract_features": 0.0010466000530868769, "map_labels": 0.00020370003767311573, "sanity_checks": 0.00013349996879696846, "total": 0.010536199901252985}}