{"part_id": "0-4-5-7-19", "timings_sec": {"read_step": 0.006411100039258599, "enumerate_faces": 2.2300053387880325e-05, "build_adjacency": 0.0002218000590801239, "extract_features": 0.0008278000168502331, "map_labels": 0.00019109994173049927, "sanity_checks": 0.00010529998689889908, "total": 0.007779400097206235}}