{"part_id": "0-4-6-8-12-23", "timings_sec": {"read_step": 0.006859099958091974, "enumerate_faces": 2.459995448589325e-05, "build_adjacency": 0.00023649982176721096, "extract_features": 0.0008808998391032219, "map_labels": 0.0001962999813258648, "sanity_checks": 0.00011310004629194736, "total": 0.008310499601066113}}