{"part_id": "0-4-4-9-14-23", "timings_sec": {"read_step": 0.007607499836012721, "enumerate_faces": 3.2400013878941536e-05, "build_adjacency": 0.0002664998173713684, "extract_features": 0.000956699950620532, "map_labels": 0.00022569997236132622, "sanity_checks": 0.00013399985618889332, "total": 0.009222799446433783}}