{"part_id": "0-4-5-7-7-23", "timings_sec": {"read_step": 0.006325999973341823, "enumerate_faces": 2.5399960577487946e-05, "build_adjacency": 0.0002770000137388706, "extract_features": 0.0008921001572161913, "map_labels": 0.00020880019292235374, "sanity_checks": 0.00011819996871054173, "total": 0.007847500266507268}}