{"part_id": "0-4-4-5-11-23", "timings_sec": {"read_step": 0.009153499966487288, "enumerate_faces": 3.2499898225069046e-05, "build_adjacency": 0.0003160000778734684, "extract_features": 0.0011610998772084713, "map_labels": 0.00022279983386397362, "sanity_checks": 0.00014970009215176105, "total": 0.011035599745810032}}