{"part_id": "0-4-6-8-14-23", "timings_sec": {"read_step": 0.006406599888578057, "enumerate_faces": 2.340017817914486e-05, "build_adjacency": 0.00022579985670745373, "extract_features": 0.0008320000488311052, "map_labels": 0.0001862999051809311, "sanity_checks": 0.00010739988647401333, "total": 0.0077814997639507055}}