{"part_id": "0-4-7-12-19", "timings_sec": {"read_step": 0.004914100049063563, "enumerate_faces": 2.6999972760677338e-05, "build_adjacency": 0.00017889984883368015, "extract_features": 0.0006460000295192003, "map_labels": 0.00019890000112354755, "sanity_checks": 8.539995178580284e-05, "total": 0.0060502998530864716}}