{"part_id": "0-4-8-8-13-23", "timings_sec": {"read_step": 0.0060564999002963305, "enumerate_faces": 2.2300053387880325e-05, "build_adjacency": 0.00020790006965398788, "extract_features": 0.0007672000210732222, "map_labels": 0.00018690014258027077, "sanity_checks": 0.00010109995491802692, "total": 0.0073419001419097185}}