{"part_id": "0-4-10-10-10-23", "timings_sec": {"read_step": 0.011173499980941415, "enumerate_faces": 4.020007327198982e-05, "build_adjacency": 0.0003158000763505697, "extract_features": 0.001209300011396408, "map_labels": 0.00028730020858347416, "sanity_checks": 0.0002810000441968441, "total": 0.0133071003947407}}