{"part_id": "0-4-4-11-19", "timings_sec": {"read_step": 0.008093399927020073, "enumerate_faces": 4.160008393228054e-05, "build_adjacency": 0.0004137998912483454, "extract_features": 0.001356000080704689, "map_labels": 0.0002373000606894493, "sanity_checks": 0.00019789999350905418, "total": 0.010340000037103891}}