{"part_id": "0-4-6-10-11-23", "timings_sec": {"read_step": 0.008592700120061636, "enumerate_faces": 2.9999995604157448e-05, "build_adjacency": 0.0002921998966485262, "extract_features": 0.001116700004786253, "map_labels": 0.00020599993877112865, "sanity_checks": 0.00014839996583759785, "total": 0.010385999921709299}}