{"part_id": "0-4-5-10-10-23", "timings_sec": {"read_step": 0.008598699932917953, "enumerate_faces": 2.9199989512562752e-05, "build_adjacency": 0.00029939995147287846, "extract_features": 0.001211400143802166, "map_labels": 0.00021359999664127827, "sanity_checks": 0.00014579994603991508, "total": 0.010498099960386753}}