{"part_id": "0-4-8-19", "timings_sec": {"read_step": 0.004468800034373999, "enumerate_faces": 2.2799940779805183e-05, "build_adjacency": 0.00016169995069503784, "extract_features": 0.0006422000005841255, "map_labels": 0.0002429999876767397, "sanity_checks": 8.290004916489124e-05, "total": 0.005621399963274598}}