{"part_id": "0-4-5-6-19", "timings_sec": {"read_step": 0.006010500015690923, "enumerate_faces": 2.3900065571069717e-05, "build_adjacency": 0.00021520000882446766, "extract_features": 0.0011483000125735998, "map_labels": 0.00022829999215900898, "sanity_checks": 0.00013899989426136017, "total": 0.007765199989080429}}