{"part_id": "0-4-4-12-14-23", "timings_sec": {"read_step": 0.007662999909371138, "enumerate_faces": 2.7899863198399544e-05, "build_adjacency": 0.00027459999546408653, "extract_features": 0.0009771999903023243, "map_labels": 0.00020159990526735783, "sanity_checks": 0.0001254999078810215, "total": 0.009269799571484327}}