{"part_id": "0-4-11-12-12-23", "timings_sec": {"read_step": 0.01023589982651174, "enumerate_faces": 3.829994238913059e-05, "build_adjacency": 0.00034300005063414574, "extract_features": 0.0012197999749332666, "map_labels": 0.0003792999777942896, "sanity_checks": 0.0002400998491793871, "total": 0.01245639962144196}}