{"part_id": "0-4-6-13-14-23", "timings_sec": {"read_step": 0.0064378001261502504, "enumerate_faces": 2.6300083845853806e-05, "build_adjacency": 0.00022950000129640102, "extract_features": 0.0008465000428259373, "map_labels": 0.0001962999813258648, "sanity_checks": 0.00010760012082755566, "total": 0.007844000356271863}}