{"part_id": "0-4-14-14-14-23", "timings_sec": {"read_step": 0.0071542998775839806, "enumerate_faces": 2.5399960577487946e-05, "build_adjacency": 0.00025969999842345715, "extract_features": 0.0009337000083178282, "map_labels": 0.0001970999874174595, "sanity_checks": 0.00011840020306408405, "total": 0.008688600035384297}}