{"part_id": "0-4-9-10-14-23", "timings_sec": {"read_step": 0.008158400189131498, "enumerate_faces": 2.4300068616867065e-05, "build_adjacency": 0.00026919995434582233, "extract_features": 0.0010164000559598207, "map_labels": 0.00019950000569224358, "sanity_checks": 0.00013360008597373962, "total": 0.009801400359719992}}