{"part_id": "0-4-8-10-11-23", "timings_sec": {"read_step": 0.008560099871829152, "enumerate_faces": 2.750009298324585e-05, "build_adjacency": 0.0002972001675516367, "extract_features": 0.0011116999667137861, "map_labels": 0.00020370003767311573, "sanity_checks": 0.00014580017887055874, "total": 0.010346000315621495}}