{"part_id": "0-4-6-7-11-23", "timings_sec": {"read_step": 0.009269899921491742, "enumerate_faces": 3.210012800991535e-05, "build_adjacency": 0.00029559992253780365, "extract_features": 0.0011438000947237015, "map_labels": 0.00022520008496940136, "sanity_checks": 0.00013870000839233398, "total": 0.011105300160124898}}