{"part_id": "0-4-6-7-19", "timings_sec": {"read_step": 0.005667200079187751, "enumerate_faces": 2.4300068616867065e-05, "build_adjacency": 0.00019409996457397938, "extract_features": 0.0007352998945862055, "map_labels": 0.00018800003454089165, "sanity_checks": 9.440002031624317e-05, "total": 0.0069033000618219376}}