{"part_id": "0-4-11-12-13-23", "timings_sec": {"read_step": 0.01100539998151362, "enumerate_faces": 3.800005652010441e-05, "build_adjacency": 0.00031500007025897503, "extract_features": 0.0012176998425275087, "map_labels": 0.0003016998525708914, "sanity_checks": 0.00023860018700361252, "total": 0.013116399990394711}}