{"part_id": "0-4-4-7-8-23", "timings_sec": {"read_step": 0.006397800054401159, "enumerate_faces": 3.0300114303827286e-05, "build_adjacency": 0.00021890015341341496, "extract_features": 0.000807599863037467, "map_labels": 0.00020819995552301407, "sanity_checks": 0.00010779988951981068, "total": 0.007770600030198693}}