{"part_id": "0-4-12-12-19", "timings_sec": {"read_step": 0.006978699937462807, "enumerate_faces": 3.9899954572319984e-05, "build_adjacency": 0.0002850000746548176, "extract_features": 0.0009343000128865242, "map_labels": 0.00023040012456476688, "sanity_checks": 0.00011650007218122482, "total": 0.00858480017632246}}