{"part_id": "0-4-7-9-10-23", "timings_sec": {"read_step": 0.008923400193452835, "enumerate_faces": 3.96000687032938e-05, "build_adjacency": 0.00028799986466765404, "extract_features": 0.0011296998709440231, "map_labels": 0.00024399999529123306, "sanity_checks": 0.00013830000534653664, "total": 0.010762999998405576}}