{"part_id": "0-4-4-5-14-23", "timings_sec": {"read_step": 0.007694899803027511, "enumerate_faces": 3.2499898225069046e-05, "build_adjacency": 0.00027600000612437725, "extract_features": 0.0009927998762577772, "map_labels": 0.0002313000150024891, "sanity_checks": 0.00013100006617605686, "total": 0.00935849966481328}}