{"part_id": "0-5-9-13-14-23", "timings_sec": {"read_step": 0.007428700104355812, "enumerate_faces": 2.650008536875248e-05, "build_adjacency": 0.0002530000638216734, "extract_features": 0.0009327000007033348, "map_labels": 0.00019319984130561352, "sanity_checks": 0.0001221999991685152, "total": 0.008956300094723701}}