{"part_id": "0-5-8-8-11-23", "timings_sec": {"read_step": 0.008983300067484379, "enumerate_faces": 2.4999957531690598e-05, "build_adjacency": 0.00027510011568665504, "extract_features": 0.001018900191411376, "map_labels": 0.00019159982912242413, "sanity_checks": 0.00013379985466599464, "total": 0.01062770001590252}}