{"part_id": "0-5-9-9-10-23", "timings_sec": {"read_step": 0.009584600105881691, "enumerate_faces": 3.160000778734684e-05, "build_adjacency": 0.0004267999902367592, "extract_features": 0.0016024999786168337, "map_labels": 0.00023910007439553738, "sanity_checks": 0.00022829999215900898, "total": 0.012112900149077177}}