{"part_id": "0-5-8-10-13-23", "timings_sec": {"read_step": 0.010574999963864684, "enumerate_faces": 3.3800024539232254e-05, "build_adjacency": 0.0002701999619603157, "extract_features": 0.0009665000252425671, "map_labels": 0.0002223001793026924, "sanity_checks": 0.0001404997892677784, "total": 0.01220829994417727}}