{"part_id": "0-5-8-11-13-23", "timings_sec": {"read_step": 0.01232540002092719, "enumerate_faces": 3.860006108880043e-05, "build_adjacency": 0.00039900001138448715, "extract_features": 0.0014249999076128006, "map_labels": 0.0002508999314159155, "sanity_checks": 0.00019780010916292667, "total": 0.014636700041592121}}