{"part_id": "0-5-5-7-10-23", "timings_sec": {"read_step": 0.008288100128993392, "enumerate_faces": 2.5799963623285294e-05, "build_adjacency": 0.00029339990578591824, "extract_features": 0.0011075001675635576, "map_labels": 0.0001962999813258648, "sanity_checks": 0.00016179983504116535, "total": 0.010072899982333183}}