{"part_id": "0-5-10-12-12-23", "timings_sec": {"read_step": 0.009810199961066246, "enumerate_faces": 3.429991193115711e-05, "build_adjacency": 0.0003878998104482889, "extract_features": 0.0012310000602155924, "map_labels": 0.00026750005781650543, "sanity_checks": 0.000219699926674366, "total": 0.011950599728152156}}