{"part_id": "0-5-10-11-11-23", "timings_sec": {"read_step": 0.017064400017261505, "enumerate_faces": 4.460010677576065e-05, "build_adjacency": 0.0003770999610424042, "extract_features": 0.0015020999126136303, "map_labels": 0.0003472999669611454, "sanity_checks": 0.0003068000078201294, "total": 0.019642299972474575}}