{"part_id": "0-5-9-11-11-23", "timings_sec": {"read_step": 0.010974599979817867, "enumerate_faces": 3.2800016924738884e-05, "build_adjacency": 0.0003595000598579645, "extract_features": 0.0013419999741017818, "map_labels": 0.00023070001043379307, "sanity_checks": 0.00017410004511475563, "total": 0.013113700086250901}}