{"part_id": "0-5-8-10-10-23", "timings_sec": {"read_step": 0.008047800045460463, "enumerate_faces": 2.6399968191981316e-05, "build_adjacency": 0.00027609989047050476, "extract_features": 0.0010637000668793917, "map_labels": 0.00019400008022785187, "sanity_checks": 0.00020919996313750744, "total": 0.0098172000143677}}