{"part_id": "0-5-8-8-14-23", "timings_sec": {"read_step": 0.011552299838513136, "enumerate_faces": 3.800005652010441e-05, "build_adjacency": 0.00037700007669627666, "extract_features": 0.0013309000059962273, "map_labels": 0.00025569996796548367, "sanity_checks": 0.00018030009232461452, "total": 0.013734200038015842}}