{"part_id": "0-5-5-12-13-23", "timings_sec": {"read_step": 0.007930500200018287, "enumerate_faces": 2.5099841877818108e-05, "build_adjacency": 0.0002756000030785799, "extract_features": 0.0010156999342143536, "map_labels": 0.00019640009850263596, "sanity_checks": 0.00012869993224740028, "total": 0.009572000009939075}}