{"part_id": "0-5-6-6-7-23", "timings_sec": {"read_step": 0.0067968000657856464, "enumerate_faces": 2.450007013976574e-05, "build_adjacency": 0.0002367999404668808, "extract_features": 0.0008721998892724514, "map_labels": 0.00019369996152818203, "sanity_checks": 0.00011699995957314968, "total": 0.008240999886766076}}