{"part_id": "0-5-7-7-13-23", "timings_sec": {"read_step": 0.0062460999470204115, "enumerate_faces": 2.1900050342082977e-05, "build_adjacency": 0.00028309994377195835, "extract_features": 0.000852599972859025, "map_labels": 0.0002009000163525343, "sanity_checks": 0.00011259992606937885, "total": 0.007717199856415391}}