{"part_id": "0-5-5-5-11-23", "timings_sec": {"read_step": 0.009561500046402216, "enumerate_faces": 2.6099849492311478e-05, "build_adjacency": 0.0003304998390376568, "extract_features": 0.0012291001621633768, "map_labels": 0.0002172000240534544, "sanity_checks": 0.00015409989282488823, "total": 0.011518499813973904}}