{"part_id": "0-5-9-10-14-23", "timings_sec": {"read_step": 0.008235699962824583, "enumerate_faces": 2.619996666908264e-05, "build_adjacency": 0.000278000021353364, "extract_features": 0.0010667999740689993, "map_labels": 0.00019759987480938435, "sanity_checks": 0.0001392001286149025, "total": 0.009943499928340316}}