{"part_id": "0-5-5-7-8-23", "timings_sec": {"read_step": 0.007127700140699744, "enumerate_faces": 3.179977647960186e-05, "build_adjacency": 0.0002498000394552946, "extract_features": 0.0008958999533206224, "map_labels": 0.00022140005603432655, "sanity_checks": 0.00011519994586706161, "total": 0.008641799911856651}}