{"part_id": "0-5-10-11-14-23", "timings_sec": {"read_step": 0.014515200164169073, "enumerate_faces": 3.469991497695446e-05, "build_adjacency": 0.0005431000608950853, "extract_features": 0.002004000125452876, "map_labels": 0.00025759986601769924, "sanity_checks": 0.00021740002557635307, "total": 0.01757200015708804}}