{"part_id": "0-5-8-14-19", "timings_sec": {"read_step": 0.006172900088131428, "enumerate_faces": 2.9100105166435242e-05, "build_adjacency": 0.00022229994647204876, "extract_features": 0.0008135000243782997, "map_labels": 0.00021549989469349384, "sanity_checks": 0.00011710007674992085, "total": 0.007570400135591626}}