{"part_id": "0-5-8-11-19", "timings_sec": {"read_step": 0.00759309995919466, "enumerate_faces": 2.9900111258029938e-05, "build_adjacency": 0.00025649997405707836, "extract_features": 0.0009586999658495188, "map_labels": 0.000206399941816926, "sanity_checks": 0.0001275001559406519, "total": 0.009172100108116865}}