{"part_id": "0-5-8-13-19", "timings_sec": {"read_step": 0.005119699984788895, "enumerate_faces": 2.3799948394298553e-05, "build_adjacency": 0.0001917998306453228, "extract_features": 0.0006339000537991524, "map_labels": 0.0001835001166909933, "sanity_checks": 0.0001105000264942646, "total": 0.006263199960812926}}