{"part_id": "0-5-5-6-9-23", "timings_sec": {"read_step": 0.0063928000163286924, "enumerate_faces": 2.6799971237778664e-05, "build_adjacency": 0.00022909999825060368, "extract_features": 0.0008286000229418278, "map_labels": 0.00021020020358264446, "sanity_checks": 0.00011070002801716328, "total": 0.00779820024035871}}