{"part_id": "0-5-5-9-13-23", "timings_sec": {"read_step": 0.008311300072818995, "enumerate_faces": 3.169989213347435e-05, "build_adjacency": 0.000273499870672822, "extract_features": 0.0010011999402195215, "map_labels": 0.0002343000378459692, "sanity_checks": 0.0001314000692218542, "total": 0.009983399882912636}}