{"part_id": "0-5-8-10-19", "timings_sec": {"read_step": 0.009456000057980418, "enumerate_faces": 3.0300114303827286e-05, "build_adjacency": 0.0002699000760912895, "extract_features": 0.0008819000795483589, "map_labels": 0.0002490000333636999, "sanity_checks": 0.00011679995805025101, "total": 0.011003900319337845}}