{"part_id": "0-5-8-9-12-23", "timings_sec": {"read_step": 0.007561700185760856, "enumerate_faces": 2.210005186498165e-05, "build_adjacency": 0.000282699940726161, "extract_features": 0.0010212999768555164, "map_labels": 0.00019529997371137142, "sanity_checks": 0.00012940005399286747, "total": 0.009212500182911754}}