{"part_id": "0-5-7-19", "timings_sec": {"read_step": 0.006490200059488416, "enumerate_faces": 2.8799986466765404e-05, "build_adjacency": 0.00019910000264644623, "extract_features": 0.0010601000394672155, "map_labels": 0.0002242999617010355, "sanity_checks": 0.000121300108730793, "total": 0.008123800158500671}}