{"part_id": "0-5-5-5-19", "timings_sec": {"read_step": 0.007750099990516901, "enumerate_faces": 1.9800150766968727e-05, "build_adjacency": 0.0002468000166118145, "extract_features": 0.0009086001664400101, "map_labels": 0.00017630006186664104, "sanity_checks": 0.00011309981346130371, "total": 0.009214700199663639}}