{"part_id": "0-5-6-7-19", "timings_sec": {"read_step": 0.006059299921616912, "enumerate_faces": 2.8099864721298218e-05, "build_adjacency": 0.00035859993658959866, "extract_features": 0.0009336001239717007, "map_labels": 0.0002047999296337366, "sanity_checks": 0.0001058999914675951, "total": 0.007690299768000841}}