{"part_id": "0-5-6-19", "timings_sec": {"read_step": 0.005432100035250187, "enumerate_faces": 2.759997732937336e-05, "build_adjacency": 0.00018079997971653938, "extract_features": 0.000674000009894371, "map_labels": 0.0001993000041693449, "sanity_checks": 8.760020136833191e-05, "total": 0.0066014002077281475}}