{"part_id": "0-5-5-10-19", "timings_sec": {"read_step": 0.007499400060623884, "enumerate_faces": 3.110012039542198e-05, "build_adjacency": 0.00025999988429248333, "extract_features": 0.0009532000403851271, "map_labels": 0.0001993000041693449, "sanity_checks": 0.0001235001254826784, "total": 0.00906650023534894}}