{"part_id": "0-5-5-5-9-23", "timings_sec": {"read_step": 0.006749399937689304, "enumerate_faces": 1.8700025975704193e-05, "build_adjacency": 0.0002280999906361103, "extract_features": 0.0008485999424010515, "map_labels": 0.00017969985492527485, "sanity_checks": 0.00011100014671683311, "total": 0.008135499898344278}}