{"part_id": "0-5-5-6-14-23", "timings_sec": {"read_step": 0.007483000168576837, "enumerate_faces": 2.6399968191981316e-05, "build_adjacency": 0.0002747999969869852, "extract_features": 0.000969999935477972, "map_labels": 0.00020570005290210247, "sanity_checks": 0.00012360000982880592, "total": 0.009083500131964684}}