{"part_id": "0-5-9-12-13-23", "timings_sec": {"read_step": 0.006973500130698085, "enumerate_faces": 2.9199989512562752e-05, "build_adjacency": 0.0002421000972390175, "extract_features": 0.0010287000332027674, "map_labels": 0.00021130009554326534, "sanity_checks": 0.00012079998850822449, "total": 0.008605600334703922}}