{"part_id": "0-5-11-12-12-23", "timings_sec": {"read_step": 0.014963599853217602, "enumerate_faces": 3.4800032153725624e-05, "build_adjacency": 0.0005803999956697226, "extract_features": 0.0018955001141875982, "map_labels": 0.00022660009562969208, "sanity_checks": 0.0001588000450283289, "total": 0.01785970013588667}}