{"part_id": "0-5-8-9-10-23", "timings_sec": {"read_step": 0.007917399983853102, "enumerate_faces": 2.459995448589325e-05, "build_adjacency": 0.0002607000060379505, "extract_features": 0.0010224999859929085, "map_labels": 0.00019240006804466248, "sanity_checks": 0.00013979990035295486, "total": 0.009557399898767471}}