{"part_id": "0-5-7-11-11-23", "timings_sec": {"read_step": 0.015488999895751476, "enumerate_faces": 3.800005652010441e-05, "build_adjacency": 0.0005422001704573631, "extract_features": 0.0019686000887304544, "map_labels": 0.00034300005063414574, "sanity_checks": 0.0003285999409854412, "total": 0.018709400203078985}}