{"part_id": "0-5-8-9-11-23", "timings_sec": {"read_step": 0.008800200186669827, "enumerate_faces": 3.0300114303827286e-05, "build_adjacency": 0.0003002001903951168, "extract_features": 0.0011798001360148191, "map_labels": 0.00021070009097456932, "sanity_checks": 0.00015120021998882294, "total": 0.010672400938346982}}