{"part_id": "0-5-8-14-14-23", "timings_sec": {"read_step": 0.007668700069189072, "enumerate_faces": 2.950010821223259e-05, "build_adjacency": 0.0002639999147504568, "extract_features": 0.0009544999338686466, "map_labels": 0.00021409988403320312, "sanity_checks": 0.00012240000069141388, "total": 0.009253199910745025}}