{"part_id": "0-5-10-13-14-23", "timings_sec": {"read_step": 0.012705600121989846, "enumerate_faces": 4.1800085455179214e-05, "build_adjacency": 0.00048729986883699894, "extract_features": 0.0017281000036746264, "map_labels": 0.0002956001553684473, "sanity_checks": 0.00024969992227852345, "total": 0.015508100157603621}}