{"part_id": "0-5-7-11-19", "timings_sec": {"read_step": 0.0078044000547379255, "enumerate_faces": 2.510007470846176e-05, "build_adjacency": 0.0002628997899591923, "extract_features": 0.0011581000871956348, "map_labels": 0.00020679994486272335, "sanity_checks": 0.00012889993377029896, "total": 0.009586199885234237}}