{"part_id": "0-5-7-8-10-23", "timings_sec": {"read_step": 0.0069829002022743225, "enumerate_faces": 2.5999965146183968e-05, "build_adjacency": 0.00024960003793239594, "extract_features": 0.0009150002151727676, "map_labels": 0.00019689998589456081, "sanity_checks": 0.00011789985001087189, "total": 0.008488300256431103}}