{"part_id": "0-5-5-12-14-23", "timings_sec": {"read_step": 0.008247400168329477, "enumerate_faces": 3.310013562440872e-05, "build_adjacency": 0.00030179996974766254, "extract_features": 0.0010695001110434532, "map_labels": 0.00020409980788826942, "sanity_checks": 0.0001379998866468668, "total": 0.009993900079280138}}