{"part_id": "0-5-5-5-13-23", "timings_sec": {"read_step": 0.007721000118181109, "enumerate_faces": 2.0999927073717117e-05, "build_adjacency": 0.0002739999908953905, "extract_features": 0.0010058998595923185, "map_labels": 0.0001813999842852354, "sanity_checks": 0.00016200006939470768, "total": 0.009365299949422479}}