{"part_id": "0-5-6-11-14-23", "timings_sec": {"read_step": 0.0071338999550789595, "enumerate_faces": 2.150004729628563e-05, "build_adjacency": 0.00024230009876191616, "extract_features": 0.0009281998500227928, "map_labels": 0.0001808998640626669, "sanity_checks": 0.00011910009197890759, "total": 0.008625899907201529}}