{"part_id": "0-5-7-9-13-23", "timings_sec": {"read_step": 0.007516100071370602, "enumerate_faces": 2.7800211682915688e-05, "build_adjacency": 0.0003264998085796833, "extract_features": 0.000965900020673871, "map_labels": 0.00020469981245696545, "sanity_checks": 0.00012569990940392017, "total": 0.009166699834167957}}