{"part_id": "0-5-7-8-9-23", "timings_sec": {"read_step": 0.008975100005045533, "enumerate_faces": 3.1700124964118004e-05, "build_adjacency": 0.00025880010798573494, "extract_features": 0.0009834000375121832, "map_labels": 0.00022009992972016335, "sanity_checks": 0.00013410020619630814, "total": 0.01060320041142404}}