{"part_id": "0-5-8-12-12-23", "timings_sec": {"read_step": 0.008005699841305614, "enumerate_faces": 3.1800009310245514e-05, "build_adjacency": 0.00029319990426301956, "extract_features": 0.0010407001245766878, "map_labels": 0.00021279999054968357, "sanity_checks": 0.00013429997488856316, "total": 0.009718499844893813}}