{"part_id": "0-5-6-10-14-23", "timings_sec": {"read_step": 0.0067802001722157, "enumerate_faces": 2.4700071662664413e-05, "build_adjacency": 0.00023939996026456356, "extract_features": 0.0009332001209259033, "map_labels": 0.00021580001339316368, "sanity_checks": 0.00012189988046884537, "total": 0.00831520021893084}}