{"part_id": "0-5-6-11-19", "timings_sec": {"read_step": 0.0046223001554608345, "enumerate_faces": 1.719989813864231e-05, "build_adjacency": 0.00016490020789206028, "extract_features": 0.0006111999973654747, "map_labels": 0.00016950001008808613, "sanity_checks": 0.0001026000827550888, "total": 0.005687700351700187}}