{"part_id": "0-5-11-12-19", "timings_sec": {"read_step": 0.012749700108543038, "enumerate_faces": 4.0499959141016006e-05, "build_adjacency": 0.0005067000165581703, "extract_features": 0.0018254001624882221, "map_labels": 0.0002902001142501831, "sanity_checks": 0.00021489989012479782, "total": 0.015627400251105428}}