{"part_id": "0-5-6-8-12-23", "timings_sec": {"read_step": 0.007273300085216761, "enumerate_faces": 2.3700064048171043e-05, "build_adjacency": 0.00025509996339678764, "extract_features": 0.0009005998726934195, "map_labels": 0.00019209994934499264, "sanity_checks": 0.00018259999342262745, "total": 0.008827399928122759}}