{"part_id": "0-5-5-10-10-23", "timings_sec": {"read_step": 0.008909499971196055, "enumerate_faces": 2.519995905458927e-05, "build_adjacency": 0.0003089001402258873, "extract_features": 0.0012707000132650137, "map_labels": 0.00020469981245696545, "sanity_checks": 0.00014979997649788857, "total": 0.0108687998726964}}