{"part_id": "0-5-11-11-14-23", "timings_sec": {"read_step": 0.01522210007533431, "enumerate_faces": 4.300009459257126e-05, "build_adjacency": 0.0005816000048071146, "extract_features": 0.002287099836394191, "map_labels": 0.0002899998798966408, "sanity_checks": 0.00027590012177824974, "total": 0.018699700012803078}}