{"part_id": "0-5-9-9-11-23", "timings_sec": {"read_step": 0.011113099986687303, "enumerate_faces": 2.9900111258029938e-05, "build_adjacency": 0.00031400006264448166, "extract_features": 0.0012141999322921038, "map_labels": 0.00024169986136257648, "sanity_checks": 0.00015799980610609055, "total": 0.013070899760350585}}