{"part_id": "0-5-6-14-19", "timings_sec": {"read_step": 0.00521400012075901, "enumerate_faces": 2.95999925583601e-05, "build_adjacency": 0.00018429988995194435, "extract_features": 0.0006597999017685652, "map_labels": 0.00020510004833340645, "sanity_checks": 8.830009028315544e-05, "total": 0.006381100043654442}}