{"part_id": "0-5-12-13-19", "timings_sec": {"read_step": 0.007980199996381998, "enumerate_faces": 3.369990736246109e-05, "build_adjacency": 0.00023700017482042313, "extract_features": 0.0008704999927431345, "map_labels": 0.0002234999556094408, "sanity_checks": 0.0001146998256444931, "total": 0.00945959985256195}}