{"part_id": "0-5-6-7-14-23", "timings_sec": {"read_step": 0.007265400141477585, "enumerate_faces": 2.6900088414549828e-05, "build_adjacency": 0.00025649997405707836, "extract_features": 0.0010063000954687595, "map_labels": 0.00020150002092123032, "sanity_checks": 0.00012170011177659035, "total": 0.008878300432115793}}