{"part_id": "0-5-11-19", "timings_sec": {"read_step": 0.010422899853438139, "enumerate_faces": 4.0899962186813354e-05, "build_adjacency": 0.00038139987736940384, "extract_features": 0.0019945998210459948, "map_labels": 0.00029360014013946056, "sanity_checks": 0.00017310003750026226, "total": 0.013306499691680074}}