{"part_id": "0-5-12-19", "timings_sec": {"read_step": 0.009639100171625614, "enumerate_faces": 4.000007174909115e-05, "build_adjacency": 0.00031129992567002773, "extract_features": 0.00115130003541708, "map_labels": 0.000264700036495924, "sanity_checks": 0.0001508002169430256, "total": 0.011557200457900763}}