{"part_id": "0-5-5-9-11-23", "timings_sec": {"read_step": 0.009737200103700161, "enumerate_faces": 2.7399975806474686e-05, "build_adjacency": 0.0003237000200897455, "extract_features": 0.001223500119522214, "map_labels": 0.0002072998322546482, "sanity_checks": 0.00016439985483884811, "total": 0.011683499906212091}}