{"part_id": "0-5-5-8-9-23", "timings_sec": {"read_step": 0.008233999833464622, "enumerate_faces": 2.9199989512562752e-05, "build_adjacency": 0.00027130008675158024, "extract_features": 0.001139200059697032, "map_labels": 0.00021449988707900047, "sanity_checks": 0.0001308000646531582, "total": 0.010018999921157956}}