{"part_id": "0-5-5-6-12-23", "timings_sec": {"read_step": 0.007328300038352609, "enumerate_faces": 2.5499844923615456e-05, "build_adjacency": 0.00033309985883533955, "extract_features": 0.0009663000237196684, "map_labels": 0.00022209994494915009, "sanity_checks": 0.0001259001437574625, "total": 0.009001199854537845}}