{"part_id": "0-5-5-11-14-23", "timings_sec": {"read_step": 0.007392900064587593, "enumerate_faces": 2.459995448589325e-05, "build_adjacency": 0.00023959996178746223, "extract_features": 0.0008816001936793327, "map_labels": 0.0001922999508678913, "sanity_checks": 0.00011720019392669201, "total": 0.008848200319334865}}