{"part_id": "0-5-8-11-12-23", "timings_sec": {"read_step": 0.009559799917042255, "enumerate_faces": 3.260001540184021e-05, "build_adjacency": 0.0003162999637424946, "extract_features": 0.0011657001450657845, "map_labels": 0.0002134998794645071, "sanity_checks": 0.0001501999795436859, "total": 0.011438099900260568}}