{"part_id": "0-5-10-10-11-23", "timings_sec": {"read_step": 0.015671799890697002, "enumerate_faces": 4.229997284710407e-05, "build_adjacency": 0.0005393000319600105, "extract_features": 0.0022597000934183598, "map_labels": 0.00027529988437891006, "sanity_checks": 0.0001925998367369175, "total": 0.018980999710038304}}