{"part_id": "0-5-6-8-14-23", "timings_sec": {"read_step": 0.005634500179439783, "enumerate_faces": 1.910002902150154e-05, "build_adjacency": 0.00019759987480938435, "extract_features": 0.0010572001338005066, "map_labels": 0.0002586999908089638, "sanity_checks": 0.00015229987911880016, "total": 0.0073194000869989395}}