{"part_id": "0-5-7-9-12-23", "timings_sec": {"read_step": 0.010653199860826135, "enumerate_faces": 3.2499898225069046e-05, "build_adjacency": 0.00029319990426301956, "extract_features": 0.0010716000106185675, "map_labels": 0.00022080005146563053, "sanity_checks": 0.00014970009215176105, "total": 0.012420999817550182}}