{"part_id": "0-5-9-9-13-23", "timings_sec": {"read_step": 0.007398199988529086, "enumerate_faces": 2.6799971237778664e-05, "build_adjacency": 0.0002584999892860651, "extract_features": 0.000977399991825223, "map_labels": 0.0002063000574707985, "sanity_checks": 0.00012860004790127277, "total": 0.008995800046250224}}