{"part_id": "0-5-7-9-11-23", "timings_sec": {"read_step": 0.009094199864193797, "enumerate_faces": 2.769986167550087e-05, "build_adjacency": 0.00030729989521205425, "extract_features": 0.0013303998857736588, "map_labels": 0.0002177001442760229, "sanity_checks": 0.00015820004045963287, "total": 0.011135499691590667}}