{"part_id": "0-5-6-10-12-23", "timings_sec": {"read_step": 0.008796399924904108, "enumerate_faces": 3.1899893656373024e-05, "build_adjacency": 0.0002896999940276146, "extract_features": 0.0010364002082496881, "map_labels": 0.0001938000787049532, "sanity_checks": 0.0001330999657511711, "total": 0.010481300065293908}}