{"part_id": "0-5-11-13-13-23", "timings_sec": {"read_step": 0.013592100003734231, "enumerate_faces": 4.460010677576065e-05, "build_adjacency": 0.00048390007577836514, "extract_features": 0.0019514001905918121, "map_labels": 0.000269399955868721, "sanity_checks": 0.00025020004250109196, "total": 0.016591600375249982}}