{"part_id": "0-5-5-9-12-23", "timings_sec": {"read_step": 0.008638800121843815, "enumerate_faces": 2.8399983420968056e-05, "build_adjacency": 0.00029440014623105526, "extract_features": 0.0011102999560534954, "map_labels": 0.00020379992201924324, "sanity_checks": 0.00014510005712509155, "total": 0.010420800186693668}}