{"part_id": "0-5-6-6-14-23", "timings_sec": {"read_step": 0.0060968000907450914, "enumerate_faces": 2.410006709396839e-05, "build_adjacency": 0.00021199998445808887, "extract_features": 0.0008367998525500298, "map_labels": 0.00019529997371137142, "sanity_checks": 0.00010189996100962162, "total": 0.0074668999295681715}}