{"part_id": "0-5-7-8-12-23", "timings_sec": {"read_step": 0.00796779990196228, "enumerate_faces": 3.050011582672596e-05, "build_adjacency": 0.00028309994377195835, "extract_features": 0.0009816999081522226, "map_labels": 0.00021410011686384678, "sanity_checks": 0.00013120006769895554, "total": 0.00960840005427599}}