{"part_id": "0-5-5-8-10-23", "timings_sec": {"read_step": 0.008847699966281652, "enumerate_faces": 2.4900073185563087e-05, "build_adjacency": 0.00027900002896785736, "extract_features": 0.0010423001367598772, "map_labels": 0.00020119990222156048, "sanity_checks": 0.00017989985644817352, "total": 0.010574999963864684}}