{"part_id": "0-5-8-13-14-23", "timings_sec": {"read_step": 0.008180500008165836, "enumerate_faces": 3.509991802275181e-05, "build_adjacency": 0.0002544999588280916, "extract_features": 0.0010222999844700098, "map_labels": 0.0002305998932570219, "sanity_checks": 0.0001385000068694353, "total": 0.009861499769613147}}