{"part_id": "0-5-6-7-13-23", "timings_sec": {"read_step": 0.005963600007817149, "enumerate_faces": 2.0900042727589607e-05, "build_adjacency": 0.00020699994638562202, "extract_features": 0.0007988999132066965, "map_labels": 0.00018269987776875496, "sanity_checks": 0.0001020999625325203, "total": 0.0072751997504383326}}