{"part_id": "0-5-6-6-10-23", "timings_sec": {"read_step": 0.004943300038576126, "enumerate_faces": 2.519995905458927e-05, "build_adjacency": 0.0001775999553501606, "extract_features": 0.0006468999199569225, "map_labels": 0.0001868000254034996, "sanity_checks": 8.590007200837135e-05, "total": 0.0060656999703496695}}