{"part_id": "0-5-6-12-14-23", "timings_sec": {"read_step": 0.006500900024548173, "enumerate_faces": 3.2400013878941536e-05, "build_adjacency": 0.0002367999404668808, "extract_features": 0.0008644000627100468, "map_labels": 0.00022149994038045406, "sanity_checks": 0.00011550006456673145, "total": 0.007971500046551228}}