{"part_id": "0-5-5-12-19", "timings_sec": {"read_step": 0.007309200009331107, "enumerate_faces": 2.5799963623285294e-05, "build_adjacency": 0.00025470019318163395, "extract_features": 0.0009385999292135239, "map_labels": 0.0002085000742226839, "sanity_checks": 0.00012270011939108372, "total": 0.008859500288963318}}