{"part_id": "0-5-5-14-19", "timings_sec": {"read_step": 0.006778100039809942, "enumerate_faces": 2.6600202545523643e-05, "build_adjacency": 0.00024039996787905693, "extract_features": 0.0009018999990075827, "map_labels": 0.00020299991592764854, "sanity_checks": 0.00011490005999803543, "total": 0.00826490018516779}}