{"part_id": "0-5-9-9-19", "timings_sec": {"read_step": 0.006649299990385771, "enumerate_faces": 2.3999949917197227e-05, "build_adjacency": 0.00022280006669461727, "extract_features": 0.0008667001966387033, "map_labels": 0.0001871997956186533, "sanity_checks": 0.00011559994891285896, "total": 0.008065599948167801}}