{"part_id": "0-5-5-10-13-23", "timings_sec": {"read_step": 0.009316100040450692, "enumerate_faces": 3.509991802275181e-05, "build_adjacency": 0.00031170016154646873, "extract_features": 0.0010945999529212713, "map_labels": 0.00022929999977350235, "sanity_checks": 0.00013599987141788006, "total": 0.011122799944132566}}