{"part_id": "0-5-5-7-11-23", "timings_sec": {"read_step": 0.009357099886983633, "enumerate_faces": 2.9399991035461426e-05, "build_adjacency": 0.0003238001372665167, "extract_features": 0.0012077998835593462, "map_labels": 0.00021490012295544147, "sanity_checks": 0.0001555001363158226, "total": 0.011288500158116221}}