{"part_id": "0-5-10-11-12-23", "timings_sec": {"read_step": 0.013506700051948428, "enumerate_faces": 4.4800108298659325e-05, "build_adjacency": 0.000523699913173914, "extract_features": 0.0019398999866098166, "map_labels": 0.00023390003480017185, "sanity_checks": 0.0002188999205827713, "total": 0.01646790001541376}}