{"part_id": "0-5-11-13-14-23", "timings_sec": {"read_step": 0.014569999882951379, "enumerate_faces": 4.2800093069672585e-05, "build_adjacency": 0.0005187999922782183, "extract_features": 0.0019249999895691872, "map_labels": 0.0002896999940276146, "sanity_checks": 0.00022659986279904842, "total": 0.01757289981469512}}