{"part_id": "0-5-12-14-14-23", "timings_sec": {"read_step": 0.009687399957329035, "enumerate_faces": 4.1800085455179214e-05, "build_adjacency": 0.00043180002830922604, "extract_features": 0.0014800000935792923, "map_labels": 0.00024530012160539627, "sanity_checks": 0.0001604999415576458, "total": 0.012046800227835774}}