{"part_id": "0-5-9-11-12-23", "timings_sec": {"read_step": 0.014908500015735626, "enumerate_faces": 3.569992259144783e-05, "build_adjacency": 0.0003565999213606119, "extract_features": 0.0012251001317054033, "map_labels": 0.00026709982194006443, "sanity_checks": 0.00016270019114017487, "total": 0.01695570000447333}}