{"part_id": "0-5-12-13-13-23", "timings_sec": {"read_step": 0.011605900013819337, "enumerate_faces": 3.9899954572319984e-05, "build_adjacency": 0.00038979994133114815, "extract_features": 0.0013645999133586884, "map_labels": 0.00026180013082921505, "sanity_checks": 0.0001718001440167427, "total": 0.013833800097927451}}