{"part_id": "0-5-6-7-9-23", "timings_sec": {"read_step": 0.007252400042489171, "enumerate_faces": 2.3999949917197227e-05, "build_adjacency": 0.0002529001794755459, "extract_features": 0.0009341000113636255, "map_labels": 0.0001898000482469797, "sanity_checks": 0.00012289988808333874, "total": 0.008776100119575858}}