{"part_id": "0-5-5-10-14-23", "timings_sec": {"read_step": 0.008873799815773964, "enumerate_faces": 2.7099857106804848e-05, "build_adjacency": 0.00029170000925660133, "extract_features": 0.0010821998585015535, "map_labels": 0.00019940012134611607, "sanity_checks": 0.00013890000991523266, "total": 0.010613099671900272}}