{"part_id": "0-5-5-19", "timings_sec": {"read_step": 0.0058871000073850155, "enumerate_faces": 2.2499822080135345e-05, "build_adjacency": 0.00019779987633228302, "extract_features": 0.0007928998675197363, "map_labels": 0.00018900004215538502, "sanity_checks": 9.689992293715477e-05, "total": 0.00718619953840971}}