{"part_id": "0-5-7-10-14-23", "timings_sec": {"read_step": 0.009045599959790707, "enumerate_faces": 2.8300099074840546e-05, "build_adjacency": 0.0002824000548571348, "extract_features": 0.0011456001084297895, "map_labels": 0.0002109999768435955, "sanity_checks": 0.00013589998707175255, "total": 0.01084880018606782}}