{"part_id": "0-5-14-14-14-23", "timings_sec": {"read_step": 0.00848670001141727, "enumerate_faces": 2.8499867767095566e-05, "build_adjacency": 0.00027059996500611305, "extract_features": 0.0009771999903023243, "map_labels": 0.00020709983073174953, "sanity_checks": 0.00012530013918876648, "total": 0.010095399804413319}}