{"part_id": "0-5-6-10-11-23", "timings_sec": {"read_step": 0.008974399883300066, "enumerate_faces": 2.8499867767095566e-05, "build_adjacency": 0.00030669989064335823, "extract_features": 0.0013068998232483864, "map_labels": 0.00022490019910037518, "sanity_checks": 0.00015480001457035542, "total": 0.010996199678629637}}