{"part_id": "0-6-6-6-11-23", "timings_sec": {"read_step": 0.004729599924758077, "enumerate_faces": 2.4700071662664413e-05, "build_adjacency": 0.00015210011042654514, "extract_features": 0.0006051999516785145, "map_labels": 0.00018960004672408104, "sanity_checks": 7.550022564828396e-05, "total": 0.005776700330898166}}