{"part_id": "0-6-7-10-19", "timings_sec": {"read_step": 0.006675699958577752, "enumerate_faces": 2.9799994081258774e-05, "build_adjacency": 0.00022499985061585903, "extract_features": 0.0008040000684559345, "map_labels": 0.0002133999951183796, "sanity_checks": 0.00010730000212788582, "total": 0.00805519986897707}}