{"part_id": "0-6-12-14-14-23", "timings_sec": {"read_step": 0.007971899816766381, "enumerate_faces": 2.6399968191981316e-05, "build_adjacency": 0.0002590999938547611, "extract_features": 0.0009351000189781189, "map_labels": 0.00024470011703670025, "sanity_checks": 0.00012650014832615852, "total": 0.009563700063154101}}