{"part_id": "0-6-6-6-7-23", "timings_sec": {"read_step": 0.003549500135704875, "enumerate_faces": 2.4300068616867065e-05, "build_adjacency": 0.0001268000341951847, "extract_features": 0.0004939998034387827, "map_labels": 0.0002095999661833048, "sanity_checks": 6.589991971850395e-05, "total": 0.004470099927857518}}