{"part_id": "0-6-9-9-14-23", "timings_sec": {"read_step": 0.006756599992513657, "enumerate_faces": 2.1800165995955467e-05, "build_adjacency": 0.00024090008810162544, "extract_features": 0.0008845000993460417, "map_labels": 0.00017919996753335, "sanity_checks": 0.0001205001026391983, "total": 0.008203500416129827}}