{"part_id": "0-6-8-14-14-23", "timings_sec": {"read_step": 0.0053276000544428825, "enumerate_faces": 2.7999980375170708e-05, "build_adjacency": 0.00028760009445250034, "extract_features": 0.0009702001698315144, "map_labels": 0.0002280999906361103, "sanity_checks": 9.410013444721699e-05, "total": 0.006935600424185395}}