{"part_id": "0-6-6-11-19", "timings_sec": {"read_step": 0.006556299980729818, "enumerate_faces": 2.2999942302703857e-05, "build_adjacency": 0.00022389995865523815, "extract_features": 0.0008440001402050257, "map_labels": 0.00018690014258027077, "sanity_checks": 0.00011090002954006195, "total": 0.007945000194013119}}