{"part_id": "0-6-12-12-13-23", "timings_sec": {"read_step": 0.007329899817705154, "enumerate_faces": 2.5700079277157784e-05, "build_adjacency": 0.00025269994512200356, "extract_features": 0.0009247001726180315, "map_labels": 0.00019979989156126976, "sanity_checks": 0.00011850008741021156, "total": 0.008851299993693829}}