{"part_id": "0-6-12-12-12-23", "timings_sec": {"read_step": 0.007880500052124262, "enumerate_faces": 2.3700064048171043e-05, "build_adjacency": 0.00028389994986355305, "extract_features": 0.0009955000132322311, "map_labels": 0.00019269995391368866, "sanity_checks": 0.00012720003724098206, "total": 0.009503500070422888}}