{"part_id": "0-6-8-13-14-23", "timings_sec": {"read_step": 0.006066699977964163, "enumerate_faces": 2.4300068616867065e-05, "build_adjacency": 0.00022169994190335274, "extract_features": 0.0007828001398593187, "map_labels": 0.00020650005899369717, "sanity_checks": 0.00010109995491802692, "total": 0.0074031001422554255}}