{"part_id": "0-6-11-12-19", "timings_sec": {"read_step": 0.007281900150701404, "enumerate_faces": 2.8799986466765404e-05, "build_adjacency": 0.0002530000638216734, "extract_features": 0.0009331000037491322, "map_labels": 0.00020190002396702766, "sanity_checks": 0.0001235001254826784, "total": 0.00882220035418868}}