{"part_id": "0-6-6-7-7-23", "timings_sec": {"read_step": 0.00517809996381402, "enumerate_faces": 2.0999927073717117e-05, "build_adjacency": 0.0001846000086516142, "extract_features": 0.0006727001164108515, "map_labels": 0.0001835001166909933, "sanity_checks": 8.999998681247234e-05, "total": 0.006329900119453669}}