{"part_id": "0-6-6-14-14-23", "timings_sec": {"read_step": 0.007288099965080619, "enumerate_faces": 3.400002606213093e-05, "build_adjacency": 0.00034509995020926, "extract_features": 0.0012187999673187733, "map_labels": 0.00023719994351267815, "sanity_checks": 0.00016990001313388348, "total": 0.009293099865317345}}