{"part_id": "0-6-9-9-13-23", "timings_sec": {"read_step": 0.007923200028017163, "enumerate_faces": 3.460003063082695e-05, "build_adjacency": 0.0003625000827014446, "extract_features": 0.0011889999732375145, "map_labels": 0.00020410004071891308, "sanity_checks": 0.00011600018478929996, "total": 0.009829400340095162}}