{"part_id": "0-6-7-7-13-23", "timings_sec": {"read_step": 0.004499300150200725, "enumerate_faces": 2.2500054910779e-05, "build_adjacency": 0.00017859996296465397, "extract_features": 0.0005713999271392822, "map_labels": 0.00017460016533732414, "sanity_checks": 7.780012674629688e-05, "total": 0.005524200387299061}}