{"part_id": "0-6-11-19", "timings_sec": {"read_step": 0.005926799960434437, "enumerate_faces": 3.300001844763756e-05, "build_adjacency": 0.00033359997905790806, "extract_features": 0.0007777998689562082, "map_labels": 0.0002234999556094408, "sanity_checks": 0.00010200007818639278, "total": 0.007396699860692024}}