{"part_id": "0-6-7-10-12-23", "timings_sec": {"read_step": 0.012197299860417843, "enumerate_faces": 3.8400059565901756e-05, "build_adjacency": 0.00043800007551908493, "extract_features": 0.0013657000381499529, "map_labels": 0.00021749990992248058, "sanity_checks": 0.00012969993986189365, "total": 0.014386599883437157}}