{"part_id": "0-6-6-10-11-23", "timings_sec": {"read_step": 0.004459099844098091, "enumerate_faces": 2.3399945348501205e-05, "build_adjacency": 0.00015980005264282227, "extract_features": 0.0005497999954968691, "map_labels": 0.00018049986101686954, "sanity_checks": 7.449998520314693e-05, "total": 0.0054470996838063}}