{"part_id": "0-6-7-7-14-23", "timings_sec": {"read_step": 0.005741900065913796, "enumerate_faces": 2.6499852538108826e-05, "build_adjacency": 0.00020890007726848125, "extract_features": 0.000731100095435977, "map_labels": 0.00020869984291493893, "sanity_checks": 0.00010199984535574913, "total": 0.0070190997794270515}}