{"part_id": "0-6-10-10-19", "timings_sec": {"read_step": 0.008471400011330843, "enumerate_faces": 3.3300137147307396e-05, "build_adjacency": 0.0003527998924255371, "extract_features": 0.0012984001077711582, "map_labels": 0.0002443001139909029, "sanity_checks": 0.00018480001017451286, "total": 0.010585000272840261}}