{"part_id": "0-6-11-12-12-23", "timings_sec": {"read_step": 0.008712500100955367, "enumerate_faces": 2.759997732937336e-05, "build_adjacency": 0.00030610011890530586, "extract_features": 0.001123199937865138, "map_labels": 0.0002041999250650406, "sanity_checks": 0.0001471999567002058, "total": 0.01052080001682043}}