{"part_id": "0-6-9-12-14-23", "timings_sec": {"read_step": 0.0073014001827687025, "enumerate_faces": 2.4800188839435577e-05, "build_adjacency": 0.0002516000531613827, "extract_features": 0.0009385000448673964, "map_labels": 0.00018820003606379032, "sanity_checks": 0.0001230000052601099, "total": 0.008827500510960817}}