{"part_id": "0-6-7-9-10-23", "timings_sec": {"read_step": 0.007368999999016523, "enumerate_faces": 2.5700079277157784e-05, "build_adjacency": 0.00025949999690055847, "extract_features": 0.0009540999308228493, "map_labels": 0.00019950000569224358, "sanity_checks": 0.0001292000524699688, "total": 0.008937000064179301}}