{"part_id": "0-6-6-10-14-23", "timings_sec": {"read_step": 0.006127699976786971, "enumerate_faces": 2.259993925690651e-05, "build_adjacency": 0.00038359989412128925, "extract_features": 0.0009330001194030046, "map_labels": 0.0002006001304835081, "sanity_checks": 0.00010600010864436626, "total": 0.007773500168696046}}