{"part_id": "0-6-7-11-12-23", "timings_sec": {"read_step": 0.008354599820449948, "enumerate_faces": 2.5399960577487946e-05, "build_adjacency": 0.00029000011272728443, "extract_features": 0.0010771001689136028, "map_labels": 0.00018580001778900623, "sanity_checks": 0.00013640010729432106, "total": 0.01006930018775165}}