{"part_id": "0-6-6-11-11-23", "timings_sec": {"read_step": 0.00891220010817051, "enumerate_faces": 2.6800204068422318e-05, "build_adjacency": 0.00030499999411404133, "extract_features": 0.0011585000902414322, "map_labels": 0.00020819995552301407, "sanity_checks": 0.00014899997040629387, "total": 0.010759700322523713}}