{"part_id": "0-6-7-12-19", "timings_sec": {"read_step": 0.0060495000798255205, "enumerate_faces": 2.3399945348501205e-05, "build_adjacency": 0.00021089985966682434, "extract_features": 0.0007778999861329794, "map_labels": 0.00018420000560581684, "sanity_checks": 9.909993968904018e-05, "total": 0.0073449998162686825}}