{"part_id": "0-6-7-8-12-23", "timings_sec": {"read_step": 0.006980400066822767, "enumerate_faces": 2.9999995604157448e-05, "build_adjacency": 0.0002452000044286251, "extract_features": 0.0008823999669402838, "map_labels": 0.00020299991592764854, "sanity_checks": 0.0001150001771748066, "total": 0.008456000126898289}}