{"part_id": "0-6-8-8-13-23", "timings_sec": {"read_step": 0.005242000101134181, "enumerate_faces": 3.060000017285347e-05, "build_adjacency": 0.00018989993259310722, "extract_features": 0.0006623999215662479, "map_labels": 0.00020030001178383827, "sanity_checks": 8.679996244609356e-05, "total": 0.0064119999296963215}}