{"part_id": "0-6-8-11-13-23", "timings_sec": {"read_step": 0.007360000163316727, "enumerate_faces": 2.750009298324585e-05, "build_adjacency": 0.0002647999208420515, "extract_features": 0.0009626999963074923, "map_labels": 0.00022280006669461727, "sanity_checks": 0.0001324999611824751, "total": 0.008970300201326609}}