{"part_id": "0-6-6-9-13-23", "timings_sec": {"read_step": 0.005521699786186218, "enumerate_faces": 2.3300061002373695e-05, "build_adjacency": 0.00018909992650151253, "extract_features": 0.0008327001705765724, "map_labels": 0.0002071999479085207, "sanity_checks": 0.00010109995491802692, "total": 0.0068750998470932245}}