{"part_id": "0-6-6-13-13-23", "timings_sec": {"read_step": 0.004412699956446886, "enumerate_faces": 2.3399945348501205e-05, "build_adjacency": 0.00014690007083117962, "extract_features": 0.0005516000092029572, "map_labels": 0.00017450004816055298, "sanity_checks": 7.469998672604561e-05, "total": 0.005383800016716123}}