{"part_id": "0-6-7-10-11-23", "timings_sec": {"read_step": 0.009818999795243144, "enumerate_faces": 3.6300159990787506e-05, "build_adjacency": 0.00033769989386200905, "extract_features": 0.0012294999323785305, "map_labels": 0.00024419999681413174, "sanity_checks": 0.00017269980162382126, "total": 0.011839399579912424}}