{"part_id": "0-6-10-10-12-23", "timings_sec": {"read_step": 0.008290000027045608, "enumerate_faces": 2.9499875381588936e-05, "build_adjacency": 0.0002857998479157686, "extract_features": 0.001072299899533391, "map_labels": 0.00021299999207258224, "sanity_checks": 0.00014059990644454956, "total": 0.010031199548393488}}