{"part_id": "0-6-9-9-9-23", "timings_sec": {"read_step": 0.006901999935507774, "enumerate_faces": 2.200016751885414e-05, "build_adjacency": 0.00024550012312829494, "extract_features": 0.001056700013577938, "map_labels": 0.00020029977895319462, "sanity_checks": 0.00012829992920160294, "total": 0.008554799947887659}}