{"part_id": "0-6-9-10-10-23", "timings_sec": {"read_step": 0.00800499995239079, "enumerate_faces": 2.8899870812892914e-05, "build_adjacency": 0.0002769001293927431, "extract_features": 0.0012103000190109015, "map_labels": 0.0002858999650925398, "sanity_checks": 0.00014450005255639553, "total": 0.009951499989256263}}