{"part_id": "0-6-11-11-11-23", "timings_sec": {"read_step": 0.010963999899104238, "enumerate_faces": 2.9099872335791588e-05, "build_adjacency": 0.0003743001725524664, "extract_features": 0.0013829998206347227, "map_labels": 0.0003231000155210495, "sanity_checks": 0.00017870008014142513, "total": 0.013252199860289693}}