{"part_id": "0-6-7-7-8-23", "timings_sec": {"read_step": 0.005655699875205755, "enumerate_faces": 2.1700048819184303e-05, "build_adjacency": 0.00019470020197331905, "extract_features": 0.0007242998108267784, "map_labels": 0.0001775000710040331, "sanity_checks": 9.510014206171036e-05, "total": 0.0068690001498907804}}