{"part_id": "0-6-9-12-13-23", "timings_sec": {"read_step": 0.007089800201356411, "enumerate_faces": 2.610008232295513e-05, "build_adjacency": 0.00021449988707900047, "extract_features": 0.0007999998051673174, "map_labels": 0.0001954999752342701, "sanity_checks": 0.00010569998994469643, "total": 0.00843159994110465}}