{"part_id": "0-6-10-10-10-23", "timings_sec": {"read_step": 0.008487500017508864, "enumerate_faces": 2.7899863198399544e-05, "build_adjacency": 0.0002840000670403242, "extract_features": 0.0011124000884592533, "map_labels": 0.00020810007117688656, "sanity_checks": 0.00014839996583759785, "total": 0.010268300073221326}}