{"part_id": "0-6-9-9-12-23", "timings_sec": {"read_step": 0.008897100109606981, "enumerate_faces": 2.759997732937336e-05, "build_adjacency": 0.0002576999831944704, "extract_features": 0.0009697000496089458, "map_labels": 0.00019899988546967506, "sanity_checks": 0.00012769992463290691, "total": 0.010478799929842353}}