{"part_id": "0-6-7-9-19", "timings_sec": {"read_step": 0.006398200057446957, "enumerate_faces": 2.7399975806474686e-05, "build_adjacency": 0.00021030008792877197, "extract_features": 0.0008680000901222229, "map_labels": 0.00020859995856881142, "sanity_checks": 0.00010280008427798748, "total": 0.007815300254151225}}