{"part_id": "0-6-7-14-14-23", "timings_sec": {"read_step": 0.009688499849289656, "enumerate_faces": 3.220001235604286e-05, "build_adjacency": 0.00024930015206336975, "extract_features": 0.0009131000842899084, "map_labels": 0.0002229998353868723, "sanity_checks": 0.00012199999764561653, "total": 0.011228099931031466}}