{"part_id": "0-6-6-9-11-23", "timings_sec": {"read_step": 0.0076957999262958765, "enumerate_faces": 2.5799963623285294e-05, "build_adjacency": 0.00026940018869936466, "extract_features": 0.0010458999313414097, "map_labels": 0.00020110001787543297, "sanity_checks": 0.00013669999316334724, "total": 0.009374700020998716}}