{"part_id": "0-6-10-12-13-23", "timings_sec": {"read_step": 0.007414199877530336, "enumerate_faces": 2.8399983420968056e-05, "build_adjacency": 0.000260000117123127, "extract_features": 0.000964700011536479, "map_labels": 0.00019349996000528336, "sanity_checks": 0.00012500002048909664, "total": 0.00898579997010529}}