{"part_id": "0-6-6-10-19", "timings_sec": {"read_step": 0.00586460018530488, "enumerate_faces": 2.4999957531690598e-05, "build_adjacency": 0.00022919988259673119, "extract_features": 0.0007605999708175659, "map_labels": 0.00019040005281567574, "sanity_checks": 0.00010040006600320339, "total": 0.007170200115069747}}