{"part_id": "0-6-10-10-14-23", "timings_sec": {"read_step": 0.0035069999285042286, "enumerate_faces": 2.340017817914486e-05, "build_adjacency": 0.0001284999307245016, "extract_features": 0.00044450000859797, "map_labels": 0.0001875001471489668, "sanity_checks": 6.660004146397114e-05, "total": 0.004357500234618783}}