{"part_id": "0-6-9-13-13-23", "timings_sec": {"read_step": 0.006301600020378828, "enumerate_faces": 2.4899840354919434e-05, "build_adjacency": 0.00021469988860189915, "extract_features": 0.0008002000395208597, "map_labels": 0.00018330011516809464, "sanity_checks": 0.00010790000669658184, "total": 0.007632599910721183}}