{"part_id": "0-6-7-7-10-23", "timings_sec": {"read_step": 0.0073784999549388885, "enumerate_faces": 3.1800009310245514e-05, "build_adjacency": 0.0002620001323521137, "extract_features": 0.0009606999810785055, "map_labels": 0.0002064998261630535, "sanity_checks": 0.0001224998850375414, "total": 0.008961999788880348}}