{"part_id": "0-6-10-11-11-23", "timings_sec": {"read_step": 0.011626600055024028, "enumerate_faces": 3.869994543492794e-05, "build_adjacency": 0.0005274000577628613, "extract_features": 0.0019251999910920858, "map_labels": 0.00026800017803907394, "sanity_checks": 0.00026560015976428986, "total": 0.014651500387117267}}