{"part_id": "0-6-7-8-14-23", "timings_sec": {"read_step": 0.004513000138103962, "enumerate_faces": 2.3900065571069717e-05, "build_adjacency": 0.00016149994917213917, "extract_features": 0.0006014998070895672, "map_labels": 0.00019180006347596645, "sanity_checks": 8.189980871975422e-05, "total": 0.005573599832132459}}