{"part_id": "0-6-6-19", "timings_sec": {"read_step": 0.004105499945580959, "enumerate_faces": 2.210005186498165e-05, "build_adjacency": 0.0001449999399483204, "extract_features": 0.0005371000152081251, "map_labels": 0.00016910000704228878, "sanity_checks": 7.240008562803268e-05, "total": 0.005051200045272708}}