{"part_id": "0-6-9-11-11-23", "timings_sec": {"read_step": 0.009603200014680624, "enumerate_faces": 2.810009755194187e-05, "build_adjacency": 0.0003249999135732651, "extract_features": 0.0013042001519352198, "map_labels": 0.00021660001948475838, "sanity_checks": 0.0001688001211732626, "total": 0.011645900318399072}}