{"part_id": "0-6-6-8-8-23", "timings_sec": {"read_step": 0.004985800012946129, "enumerate_faces": 2.5700079277157784e-05, "build_adjacency": 0.00017650006338953972, "extract_features": 0.0006338001694530249, "map_labels": 0.00020199990831315517, "sanity_checks": 8.539995178580284e-05, "total": 0.006109200185164809}}