{"part_id": "0-6-11-11-13-23", "timings_sec": {"read_step": 0.008957700105383992, "enumerate_faces": 2.7399975806474686e-05, "build_adjacency": 0.00030159996822476387, "extract_features": 0.0012743000406771898, "map_labels": 0.0002330997958779335, "sanity_checks": 0.00015929993242025375, "total": 0.010953399818390608}}