{"part_id": "0-6-9-10-12-23", "timings_sec": {"read_step": 0.007988999830558896, "enumerate_faces": 2.8199981898069382e-05, "build_adjacency": 0.00027529988437891006, "extract_features": 0.001025599893182516, "map_labels": 0.00021660001948475838, "sanity_checks": 0.0001387998927384615, "total": 0.009673499502241611}}