{"part_id": "0-6-10-11-12-23", "timings_sec": {"read_step": 0.009544200031086802, "enumerate_faces": 3.6499928683042526e-05, "build_adjacency": 0.00038109999150037766, "extract_features": 0.00126369995996356, "map_labels": 0.00024569989182054996, "sanity_checks": 0.00015430012717843056, "total": 0.011625499930232763}}