{"part_id": "0-6-7-8-10-23", "timings_sec": {"read_step": 0.006888499949127436, "enumerate_faces": 2.4900073185563087e-05, "build_adjacency": 0.00024030008353292942, "extract_features": 0.0008848998695611954, "map_labels": 0.00019859988242387772, "sanity_checks": 0.00011659995652735233, "total": 0.008353799814358354}}