{"part_id": "0-6-6-8-13-23", "timings_sec": {"read_step": 0.006746299797669053, "enumerate_faces": 2.7799978852272034e-05, "build_adjacency": 0.00022580008953809738, "extract_features": 0.0008205000776797533, "map_labels": 0.00021569989621639252, "sanity_checks": 0.00011410005390644073, "total": 0.008150199893862009}}