{"part_id": "0-6-10-11-19", "timings_sec": {"read_step": 0.011349199805408716, "enumerate_faces": 3.410014323890209e-05, "build_adjacency": 0.0002739999908953905, "extract_features": 0.0012264999095350504, "map_labels": 0.00023490004241466522, "sanity_checks": 0.00013360008597373962, "total": 0.013252299977466464}}