{"part_id": "0-6-11-13-14-23", "timings_sec": {"read_step": 0.0071583997923880816, "enumerate_faces": 2.7399975806474686e-05, "build_adjacency": 0.00023320014588534832, "extract_features": 0.0008650999516248703, "map_labels": 0.0002055999357253313, "sanity_checks": 0.00011390005238354206, "total": 0.008603599853813648}}