{"part_id": "0-6-11-11-12-23", "timings_sec": {"read_step": 0.00986310001462698, "enumerate_faces": 2.8799986466765404e-05, "build_adjacency": 0.0003423001617193222, "extract_features": 0.0012547001242637634, "map_labels": 0.00021240022033452988, "sanity_checks": 0.0001629998441785574, "total": 0.011864300351589918}}