{"part_id": "0-6-10-14-14-23", "timings_sec": {"read_step": 0.008065099827945232, "enumerate_faces": 2.9399991035461426e-05, "build_adjacency": 0.00021820003166794777, "extract_features": 0.0008044999558478594, "map_labels": 0.00020280014723539352, "sanity_checks": 0.00010810000821948051, "total": 0.009428099961951375}}