{"part_id": "0-6-14-19", "timings_sec": {"read_step": 0.004386999877169728, "enumerate_faces": 2.1700048819184303e-05, "build_adjacency": 0.00015879981219768524, "extract_features": 0.0005995000246912241, "map_labels": 0.00017790007404983044, "sanity_checks": 7.740012370049953e-05, "total": 0.005422299960628152}}