{"part_id": "0-6-7-13-14-23", "timings_sec": {"read_step": 0.00768649997189641, "enumerate_faces": 2.7900096029043198e-05, "build_adjacency": 0.00034929998219013214, "extract_features": 0.0012284000404179096, "map_labels": 0.00021789991296827793, "sanity_checks": 0.00017310003750026226, "total": 0.009683100041002035}}