{"part_id": "0-6-9-9-11-23", "timings_sec": {"read_step": 0.008195800008252263, "enumerate_faces": 2.5399960577487946e-05, "build_adjacency": 0.00027840002439916134, "extract_features": 0.00108480011112988, "map_labels": 0.00019910000264644623, "sanity_checks": 0.00014350004494190216, "total": 0.00992700015194714}}