{"part_id": "0-6-8-10-10-23", "timings_sec": {"read_step": 0.009920800104737282, "enumerate_faces": 2.6999972760677338e-05, "build_adjacency": 0.0002592999953776598, "extract_features": 0.000974500086158514, "map_labels": 0.0002180000301450491, "sanity_checks": 0.00014679995365440845, "total": 0.01154640014283359}}