{"part_id": "0-6-6-12-14-23", "timings_sec": {"read_step": 0.006845299853011966, "enumerate_faces": 2.450007013976574e-05, "build_adjacency": 0.00023779994808137417, "extract_features": 0.0008620999287813902, "map_labels": 0.00019489997066557407, "sanity_checks": 0.0001134001649916172, "total": 0.008277999935671687}}