{"part_id": "0-6-9-11-19", "timings_sec": {"read_step": 0.007025800179690123, "enumerate_faces": 2.5399960577487946e-05, "build_adjacency": 0.00024289987049996853, "extract_features": 0.0009149000979959965, "map_labels": 0.0001905001699924469, "sanity_checks": 0.00012109987437725067, "total": 0.008520600153133273}}