{"part_id": "0-6-8-8-9-23", "timings_sec": {"read_step": 0.005439300090074539, "enumerate_faces": 2.510007470846176e-05, "build_adjacency": 0.00018889992497861385, "extract_features": 0.0007145002018660307, "map_labels": 0.00019980012439191341, "sanity_checks": 0.00010249996557831764, "total": 0.0066701003815978765}}