{"part_id": "0-6-7-9-9-23", "timings_sec": {"read_step": 0.006974100135266781, "enumerate_faces": 2.4399952962994576e-05, "build_adjacency": 0.00023859995417296886, "extract_features": 0.0009139000903815031, "map_labels": 0.00018909992650151253, "sanity_checks": 0.0001221999991685152, "total": 0.008462300058454275}}