{"part_id": "0-6-10-10-13-23", "timings_sec": {"read_step": 0.007494200021028519, "enumerate_faces": 3.050011582672596e-05, "build_adjacency": 0.00028110016137361526, "extract_features": 0.001072299899533391, "map_labels": 0.00023310002870857716, "sanity_checks": 0.00013369997031986713, "total": 0.009244900196790695}}