{"part_id": "0-6-9-11-14-23", "timings_sec": {"read_step": 0.008309799944981933, "enumerate_faces": 3.060000017285347e-05, "build_adjacency": 0.0004235000815242529, "extract_features": 0.0015678999479860067, "map_labels": 0.00024369987659156322, "sanity_checks": 0.00021810014732182026, "total": 0.01079359999857843}}