{"part_id": "0-6-8-11-12-23", "timings_sec": {"read_step": 0.009416599990800023, "enumerate_faces": 3.360002301633358e-05, "build_adjacency": 0.00028300005942583084, "extract_features": 0.0010574001353234053, "map_labels": 0.00020699994638562202, "sanity_checks": 0.00013739988207817078, "total": 0.011135000037029386}}