{"part_id": "0-6-8-8-11-23", "timings_sec": {"read_step": 0.00799770001322031, "enumerate_faces": 3.269989974796772e-05, "build_adjacency": 0.0002668001689016819, "extract_features": 0.0009752998594194651, "map_labels": 0.00023990008048713207, "sanity_checks": 0.00012809992767870426, "total": 0.009640499949455261}}