{"part_id": "0-6-8-10-11-23", "timings_sec": {"read_step": 0.00853290013037622, "enumerate_faces": 2.7899863198399544e-05, "build_adjacency": 0.00028789998032152653, "extract_features": 0.0010873000137507915, "map_labels": 0.00022549997083842754, "sanity_checks": 0.0001417000312358141, "total": 0.010303199989721179}}