{"part_id": "0-6-11-13-19", "timings_sec": {"read_step": 0.006602899869903922, "enumerate_faces": 2.7099857106804848e-05, "build_adjacency": 0.00022610020823776722, "extract_features": 0.0008469999302178621, "map_labels": 0.00019950000569224358, "sanity_checks": 0.00014459993690252304, "total": 0.008047199808061123}}