{"part_id": "0-6-10-11-14-23", "timings_sec": {"read_step": 0.008950299816206098, "enumerate_faces": 3.220001235604286e-05, "build_adjacency": 0.0003028998617082834, "extract_features": 0.0011314000003039837, "map_labels": 0.0002935000229626894, "sanity_checks": 0.00023610005155205727, "total": 0.010946399765089154}}