{"part_id": "0-6-8-11-11-23", "timings_sec": {"read_step": 0.008881899993866682, "enumerate_faces": 2.66998540610075e-05, "build_adjacency": 0.0003029999788850546, "extract_features": 0.0011483000125735998, "map_labels": 0.00042690010741353035, "sanity_checks": 0.00015400000847876072, "total": 0.010940799955278635}}