{"part_id": "0-7-10-10-12-23", "timings_sec": {"read_step": 0.010562499985098839, "enumerate_faces": 2.5399960577487946e-05, "build_adjacency": 0.00028929999098181725, "extract_features": 0.0011092000640928745, "map_labels": 0.00020169978961348534, "sanity_checks": 0.0001447000540792942, "total": 0.012332799844443798}}