{"part_id": "0-7-8-13-14-23", "timings_sec": {"read_step": 0.0044154999777674675, "enumerate_faces": 1.9999919459223747e-05, "build_adjacency": 0.00016009993851184845, "extract_features": 0.0005835001356899738, "map_labels": 0.0001775999553501606, "sanity_checks": 7.820012979209423e-05, "total": 0.005434900056570768}}