{"part_id": "0-7-8-8-11-23", "timings_sec": {"read_step": 0.007701799971982837, "enumerate_faces": 2.659996971487999e-05, "build_adjacency": 0.00024390011094510555, "extract_features": 0.0009035000111907721, "map_labels": 0.00021520000882446766, "sanity_checks": 0.00012070010416209698, "total": 0.009211700176820159}}