{"part_id": "0-7-9-9-11-23", "timings_sec": {"read_step": 0.008496800204738975, "enumerate_faces": 2.4799956008791924e-05, "build_adjacency": 0.0002894999925047159, "extract_features": 0.0011246998328715563, "map_labels": 0.0001941998489201069, "sanity_checks": 0.0001509999856352806, "total": 0.010280999820679426}}