{"part_id": "0-7-11-11-12-23", "timings_sec": {"read_step": 0.010095200035721064, "enumerate_faces": 2.5900080800056458e-05, "build_adjacency": 0.0003479002043604851, "extract_features": 0.0013516999315470457, "map_labels": 0.00019880011677742004, "sanity_checks": 0.0001634999644011259, "total": 0.012183000333607197}}