{"part_id": "0-7-8-8-12-23", "timings_sec": {"read_step": 0.006844199961051345, "enumerate_faces": 2.3999949917197227e-05, "build_adjacency": 0.0002772000152617693, "extract_features": 0.0009013998787850142, "map_labels": 0.00018700002692639828, "sanity_checks": 0.00011100014671683311, "total": 0.008344799978658557}}