{"part_id": "0-7-9-9-14-23", "timings_sec": {"read_step": 0.008127499837428331, "enumerate_faces": 2.6799971237778664e-05, "build_adjacency": 0.00026139989495277405, "extract_features": 0.0009725999552756548, "map_labels": 0.00020459992811083794, "sanity_checks": 0.00019890000112354755, "total": 0.009791799588128924}}