{"part_id": "0-7-9-10-19", "timings_sec": {"read_step": 0.006859099958091974, "enumerate_faces": 3.200001083314419e-05, "build_adjacency": 0.00023639993742108345, "extract_features": 0.0010161001700907946, "map_labels": 0.00024649989791214466, "sanity_checks": 0.00011900020763278008, "total": 0.008509100181981921}}