{"part_id": "0-7-7-7-12-23", "timings_sec": {"read_step": 0.010880999965593219, "enumerate_faces": 3.600004129111767e-05, "build_adjacency": 0.00038160011172294617, "extract_features": 0.0014019000809639692, "map_labels": 0.0002501998096704483, "sanity_checks": 0.00018179998733103275, "total": 0.013132499996572733}}