{"part_id": "0-7-10-14-14-23", "timings_sec": {"read_step": 0.008629099931567907, "enumerate_faces": 3.090011887252331e-05, "build_adjacency": 0.0004062000662088394, "extract_features": 0.001242100028321147, "map_labels": 0.00025580008514225483, "sanity_checks": 0.00014750007539987564, "total": 0.010711600305512547}}