{"part_id": "0-7-12-13-14-23", "timings_sec": {"read_step": 0.007258099969476461, "enumerate_faces": 2.329982817173004e-05, "build_adjacency": 0.000255499966442585, "extract_features": 0.0009117000736296177, "map_labels": 0.00018660002388060093, "sanity_checks": 0.00011939997784793377, "total": 0.008754599839448929}}