{"part_id": "0-7-10-12-19", "timings_sec": {"read_step": 0.006965200183913112, "enumerate_faces": 2.6899855583906174e-05, "build_adjacency": 0.00024569989182054996, "extract_features": 0.000900499988347292, "map_labels": 0.00019209994934499264, "sanity_checks": 0.00011659995652735233, "total": 0.008446999825537205}}