{"part_id": "0-7-8-11-13-23", "timings_sec": {"read_step": 0.007066699909046292, "enumerate_faces": 2.71000899374485e-05, "build_adjacency": 0.00024399999529123306, "extract_features": 0.0008939998224377632, "map_labels": 0.00019160006195306778, "sanity_checks": 0.00012179999612271786, "total": 0.008545199874788523}}