{"part_id": "0-7-7-11-13-23", "timings_sec": {"read_step": 0.012080200016498566, "enumerate_faces": 3.820005804300308e-05, "build_adjacency": 0.00041290000081062317, "extract_features": 0.0011392999440431595, "map_labels": 0.00022849999368190765, "sanity_checks": 0.00013700011186301708, "total": 0.014036100124940276}}