{"part_id": "0-7-10-14-19", "timings_sec": {"read_step": 0.006528900004923344, "enumerate_faces": 2.2799940779805183e-05, "build_adjacency": 0.00022869999520480633, "extract_features": 0.0008272000122815371, "map_labels": 0.00018580001778900623, "sanity_checks": 0.00011250004172325134, "total": 0.00790590001270175}}