{"part_id": "0-7-11-13-13-23", "timings_sec": {"read_step": 0.007341500138863921, "enumerate_faces": 2.7799978852272034e-05, "build_adjacency": 0.0002429999876767397, "extract_features": 0.0009085000492632389, "map_labels": 0.00020510004833340645, "sanity_checks": 0.00011730007827281952, "total": 0.008843200281262398}}