{"part_id": "0-7-11-14-14-23", "timings_sec": {"read_step": 0.008507699938490987, "enumerate_faces": 2.8900103643536568e-05, "build_adjacency": 0.0002943000290542841, "extract_features": 0.001088900025933981, "map_labels": 0.00021219998598098755, "sanity_checks": 0.00014500017277896404, "total": 0.01027700025588274}}