{"part_id": "0-7-7-7-10-23", "timings_sec": {"read_step": 0.00671739992685616, "enumerate_faces": 2.719997428357601e-05, "build_adjacency": 0.00023290002718567848, "extract_features": 0.0012902000453323126, "map_labels": 0.0002435001078993082, "sanity_checks": 0.00017730006948113441, "total": 0.00868850015103817}}