{"part_id": "0-7-7-11-14-23", "timings_sec": {"read_step": 0.009004299994558096, "enumerate_faces": 2.8799986466765404e-05, "build_adjacency": 0.0003021000884473324, "extract_features": 0.001097699860110879, "map_labels": 0.0002085000742226839, "sanity_checks": 0.0001417999155819416, "total": 0.010783199919387698}}