{"part_id": "0-7-7-7-7-23", "timings_sec": {"read_step": 0.007864499930292368, "enumerate_faces": 2.969987690448761e-05, "build_adjacency": 0.00029450003057718277, "extract_features": 0.0006671999581158161, "map_labels": 0.00025829998776316643, "sanity_checks": 0.0001564000267535448, "total": 0.009270599810406566}}