{"part_id": "0-7-8-9-10-23", "timings_sec": {"read_step": 0.007512000156566501, "enumerate_faces": 2.8700102120637894e-05, "build_adjacency": 0.0002633999101817608, "extract_features": 0.0009881001897156239, "map_labels": 0.00020459992811083794, "sanity_checks": 0.0001276000402867794, "total": 0.00912440032698214}}