{"part_id": "0-7-7-10-10-23", "timings_sec": {"read_step": 0.008253500098362565, "enumerate_faces": 2.8900103643536568e-05, "build_adjacency": 0.00028709997422993183, "extract_features": 0.0010742999147623777, "map_labels": 0.00021399999968707561, "sanity_checks": 0.0001433000434190035, "total": 0.01000110013410449}}