{"part_id": "0-7-8-9-12-23", "timings_sec": {"read_step": 0.008155900053679943, "enumerate_faces": 2.6399968191981316e-05, "build_adjacency": 0.00026040012016892433, "extract_features": 0.0009510999079793692, "map_labels": 0.00020440015941858292, "sanity_checks": 0.00012400001287460327, "total": 0.009722200222313404}}