{"part_id": "0-7-10-13-14-23", "timings_sec": {"read_step": 0.007345200050622225, "enumerate_faces": 2.4099834263324738e-05, "build_adjacency": 0.0002568000927567482, "extract_features": 0.0009243001695722342, "map_labels": 0.00019079982303082943, "sanity_checks": 0.00012179999612271786, "total": 0.00886299996636808}}