{"part_id": "0-7-12-14-19", "timings_sec": {"read_step": 0.00670409994199872, "enumerate_faces": 2.9199989512562752e-05, "build_adjacency": 0.0002348001580685377, "extract_features": 0.0008331998251378536, "map_labels": 0.00021450011990964413, "sanity_checks": 0.00010999990627169609, "total": 0.008125799940899014}}