{"part_id": "0-7-11-11-14-23", "timings_sec": {"read_step": 0.009872099850326777, "enumerate_faces": 2.9199989512562752e-05, "build_adjacency": 0.0003356998786330223, "extract_features": 0.0012622000649571419, "map_labels": 0.00021840003319084644, "sanity_checks": 0.00016369996592402458, "total": 0.011881299782544374}}