{"part_id": "0-7-8-9-14-23", "timings_sec": {"read_step": 0.006886000046506524, "enumerate_faces": 2.310005947947502e-05, "build_adjacency": 0.0002360998187214136, "extract_features": 0.0008957001846283674, "map_labels": 0.0001870999112725258, "sanity_checks": 0.0001175999641418457, "total": 0.008345599984750152}}