{"part_id": "0-7-8-19", "timings_sec": {"read_step": 0.0044108000583946705, "enumerate_faces": 2.6799971237778664e-05, "build_adjacency": 0.00024259998463094234, "extract_features": 0.000659500015899539, "map_labels": 0.0001813000999391079, "sanity_checks": 7.930002175271511e-05, "total": 0.0056003001518547535}}