{"part_id": "0-7-7-8-10-23", "timings_sec": {"read_step": 0.008085799869149923, "enumerate_faces": 2.5800196453928947e-05, "build_adjacency": 0.0001984001137316227, "extract_features": 0.0013190999161452055, "map_labels": 0.0002709999680519104, "sanity_checks": 0.00017160014249384403, "total": 0.010071700206026435}}