{"part_id": "0-7-11-12-14-23", "timings_sec": {"read_step": 0.008980999933555722, "enumerate_faces": 2.659996971487999e-05, "build_adjacency": 0.0003101998008787632, "extract_features": 0.0011146001052111387, "map_labels": 0.0001967002172023058, "sanity_checks": 0.00014449981972575188, "total": 0.010773599846288562}}