{"part_id": "0-7-8-10-14-23", "timings_sec": {"read_step": 0.007245499873533845, "enumerate_faces": 3.169989213347435e-05, "build_adjacency": 0.00039499998092651367, "extract_features": 0.0015296000055968761, "map_labels": 0.0002421000972390175, "sanity_checks": 0.00019900011830031872, "total": 0.009642899967730045}}