{"part_id": "0-7-7-12-13-23", "timings_sec": {"read_step": 0.00749099999666214, "enumerate_faces": 2.559996210038662e-05, "build_adjacency": 0.0002511998172849417, "extract_features": 0.0009367000311613083, "map_labels": 0.00020050001330673695, "sanity_checks": 0.00011990009807050228, "total": 0.009024899918586016}}