{"part_id": "0-7-9-14-19", "timings_sec": {"read_step": 0.006491299951449037, "enumerate_faces": 2.3399945348501205e-05, "build_adjacency": 0.00020980020053684711, "extract_features": 0.0008014000486582518, "map_labels": 0.00018189987167716026, "sanity_checks": 0.00010609999299049377, "total": 0.00781390001066029}}