{"part_id": "0-7-9-11-13-23", "timings_sec": {"read_step": 0.008643199922516942, "enumerate_faces": 2.9499875381588936e-05, "build_adjacency": 0.00026050000451505184, "extract_features": 0.0014011000748723745, "map_labels": 0.00025209994055330753, "sanity_checks": 0.00020199990831315517, "total": 0.01078839972615242}}