{"part_id": "0-7-9-9-9-23", "timings_sec": {"read_step": 0.007729699835181236, "enumerate_faces": 3.120000474154949e-05, "build_adjacency": 0.00026999996043741703, "extract_features": 0.0010504999663680792, "map_labels": 0.0002180999144911766, "sanity_checks": 0.00013669999316334724, "total": 0.009436199674382806}}