{"part_id": "0-7-10-11-14-23", "timings_sec": {"read_step": 0.00890000001527369, "enumerate_faces": 2.759997732937336e-05, "build_adjacency": 0.00031180004589259624, "extract_features": 0.001163699897006154, "map_labels": 0.0001987998839467764, "sanity_checks": 0.00015059998258948326, "total": 0.010752499802038074}}