{"part_id": "0-7-7-13-13-23", "timings_sec": {"read_step": 0.006488800048828125, "enumerate_faces": 2.4700071662664413e-05, "build_adjacency": 0.00023240013979375362, "extract_features": 0.0008199000731110573, "map_labels": 0.00019990000873804092, "sanity_checks": 0.0001113000325858593, "total": 0.0078770003747195}}