{"part_id": "0-7-9-13-13-23", "timings_sec": {"read_step": 0.006673300173133612, "enumerate_faces": 2.9399991035461426e-05, "build_adjacency": 0.0002308997791260481, "extract_features": 0.0008529000915586948, "map_labels": 0.00020739994943141937, "sanity_checks": 0.00011240015737712383, "total": 0.00810630014166236}}