{"part_id": "0-7-9-10-13-23", "timings_sec": {"read_step": 0.007620199816301465, "enumerate_faces": 2.8900103643536568e-05, "build_adjacency": 0.00025739986449480057, "extract_features": 0.0009750998578965664, "map_labels": 0.0002101000864058733, "sanity_checks": 0.00012980005703866482, "total": 0.009221499785780907}}