{"part_id": "0-7-7-11-11-23", "timings_sec": {"read_step": 0.009517899947240949, "enumerate_faces": 2.640020102262497e-05, "build_adjacency": 0.00033909990452229977, "extract_features": 0.001353000057861209, "map_labels": 0.00022009992972016335, "sanity_checks": 0.0001626000739634037, "total": 0.01161910011433065}}