{"part_id": "0-7-10-11-13-23", "timings_sec": {"read_step": 0.008944900007918477, "enumerate_faces": 4.060007631778717e-05, "build_adjacency": 0.00042860000394284725, "extract_features": 0.0013535998295992613, "map_labels": 0.00022520008496940136, "sanity_checks": 0.00014949985779821873, "total": 0.011142399860545993}}