{"part_id": "0-7-8-11-19", "timings_sec": {"read_step": 0.006385600194334984, "enumerate_faces": 2.4900073185563087e-05, "build_adjacency": 0.00021440000273287296, "extract_features": 0.0008124001324176788, "map_labels": 0.0001968001015484333, "sanity_checks": 0.00011310004629194736, "total": 0.007747200550511479}}