{"part_id": "0-7-8-11-14-23", "timings_sec": {"read_step": 0.009941899916157126, "enumerate_faces": 2.95999925583601e-05, "build_adjacency": 0.0002880999818444252, "extract_features": 0.0010722000151872635, "map_labels": 0.00020919996313750744, "sanity_checks": 0.00013870000839233398, "total": 0.011679699877277017}}