{"part_id": "0-7-7-10-11-23", "timings_sec": {"read_step": 0.009116699919104576, "enumerate_faces": 2.9199989512562752e-05, "build_adjacency": 0.0003518001176416874, "extract_features": 0.0012077998835593462, "map_labels": 0.00021399999968707561, "sanity_checks": 0.0001517999917268753, "total": 0.011071299901232123}}