{"part_id": "0-7-7-9-9-23", "timings_sec": {"read_step": 0.00752629991620779, "enumerate_faces": 2.7799978852272034e-05, "build_adjacency": 0.0002598999999463558, "extract_features": 0.0009598999749869108, "map_labels": 0.0002039000391960144, "sanity_checks": 0.00013619987294077873, "total": 0.009113999782130122}}