{"part_id": "0-7-8-9-13-23", "timings_sec": {"read_step": 0.006476700073108077, "enumerate_faces": 2.2600172087550163e-05, "build_adjacency": 0.00029530003666877747, "extract_features": 0.0009055000264197588, "map_labels": 0.0001970999874174595, "sanity_checks": 0.00011530006304383278, "total": 0.008012500358745456}}