{"part_id": "0-7-9-12-14-23", "timings_sec": {"read_step": 0.007803000044077635, "enumerate_faces": 2.6799971237778664e-05, "build_adjacency": 0.00026890006847679615, "extract_features": 0.000999300042167306, "map_labels": 0.00020070001482963562, "sanity_checks": 0.0002147001214325428, "total": 0.009513400262221694}}