{"part_id": "0-7-11-11-11-23", "timings_sec": {"read_step": 0.010900600114837289, "enumerate_faces": 2.5799963623285294e-05, "build_adjacency": 0.0003704000264406204, "extract_features": 0.0014076000079512596, "map_labels": 0.00020619994029402733, "sanity_checks": 0.00023429980501532555, "total": 0.013144899858161807}}