{"part_id": "0-7-10-12-12-23", "timings_sec": {"read_step": 0.008552999934181571, "enumerate_faces": 2.8899870812892914e-05, "build_adjacency": 0.0002983000595122576, "extract_features": 0.0010993999894708395, "map_labels": 0.0002031000331044197, "sanity_checks": 0.00013910001143813133, "total": 0.010321799898520112}}