{"part_id": "0-7-9-9-19", "timings_sec": {"read_step": 0.006316900020465255, "enumerate_faces": 2.550007775425911e-05, "build_adjacency": 0.00021660001948475838, "extract_features": 0.00098209991119802, "map_labels": 0.000197199871763587, "sanity_checks": 0.00011259992606937885, "total": 0.007850899826735258}}