{"part_id": "0-7-9-13-14-23", "timings_sec": {"read_step": 0.006768499966710806, "enumerate_faces": 2.1800165995955467e-05, "build_adjacency": 0.00023719994351267815, "extract_features": 0.0008903001435101032, "map_labels": 0.00018369988538324833, "sanity_checks": 0.00011730007827281952, "total": 0.00821880018338561}}