{"part_id": "0-7-10-10-11-23", "timings_sec": {"read_step": 0.009294499875977635, "enumerate_faces": 2.4900073185563087e-05, "build_adjacency": 0.0003205002285540104, "extract_features": 0.0012151999399065971, "map_labels": 0.00020050001330673695, "sanity_checks": 0.0001634000800549984, "total": 0.011219000210985541}}