{"part_id": "0-7-9-10-14-23", "timings_sec": {"read_step": 0.00797399994917214, "enumerate_faces": 3.050011582672596e-05, "build_adjacency": 0.0002758998889476061, "extract_features": 0.0010353999678045511, "map_labels": 0.00022600009106099606, "sanity_checks": 0.00013630022294819355, "total": 0.009678100235760212}}