{"part_id": "0-8-12-12-13-23", "timings_sec": {"read_step": 0.0074986000545322895, "enumerate_faces": 2.840021625161171e-05, "build_adjacency": 0.0002543001901358366, "extract_features": 0.0009329000022262335, "map_labels": 0.00020040012896060944, "sanity_checks": 0.00011879997327923775, "total": 0.009033400565385818}}