{"part_id": "0-8-9-12-14-23", "timings_sec": {"read_step": 0.007481600157916546, "enumerate_faces": 2.450007013976574e-05, "build_adjacency": 0.00024770013988018036, "extract_features": 0.0009367000311613083, "map_labels": 0.00018940004520118237, "sanity_checks": 0.00012179999612271786, "total": 0.0090017004404217}}