{"part_id": "0-8-13-14-14-23", "timings_sec": {"read_step": 0.006461000069975853, "enumerate_faces": 2.41999514400959e-05, "build_adjacency": 0.0002272999845445156, "extract_features": 0.0008334999438375235, "map_labels": 0.00020749983377754688, "sanity_checks": 0.00010660011321306229, "total": 0.007860099896788597}}