{"part_id": "0-8-11-12-12-23", "timings_sec": {"read_step": 0.008889900054782629, "enumerate_faces": 3.1800009310245514e-05, "build_adjacency": 0.0003087001387029886, "extract_features": 0.001182599924504757, "map_labels": 0.0002133999951183796, "sanity_checks": 0.00014599994756281376, "total": 0.010772400069981813}}