{"part_id": "0-8-10-13-13-23", "timings_sec": {"read_step": 0.006417599972337484, "enumerate_faces": 2.210005186498165e-05, "build_adjacency": 0.00035710004158318043, "extract_features": 0.0009782998822629452, "map_labels": 0.0002071999479085207, "sanity_checks": 0.0001129999291151762, "total": 0.008095299825072289}}