{"part_id": "0-8-9-14-14-23", "timings_sec": {"read_step": 0.006845900090411305, "enumerate_faces": 2.2500054910779e-05, "build_adjacency": 0.00045590009540319443, "extract_features": 0.0009308999869972467, "map_labels": 0.0001984999980777502, "sanity_checks": 0.00012099999003112316, "total": 0.008574700215831399}}