{"part_id": "0-8-12-14-14-23", "timings_sec": {"read_step": 0.007129499921575189, "enumerate_faces": 2.310005947947502e-05, "build_adjacency": 0.00024940003640949726, "extract_features": 0.000932999886572361, "map_labels": 0.00019379984587430954, "sanity_checks": 0.00012620002962648869, "total": 0.00865499977953732}}