{"part_id": "0-8-12-12-19", "timings_sec": {"read_step": 0.006477400194853544, "enumerate_faces": 3.0199997127056122e-05, "build_adjacency": 0.00023039989173412323, "extract_features": 0.0008296000305563211, "map_labels": 0.0001921001821756363, "sanity_checks": 0.00010629999451339245, "total": 0.007866000290960073}}