{"part_id": "0-8-9-9-10-23", "timings_sec": {"read_step": 0.007426100084558129, "enumerate_faces": 2.4399952962994576e-05, "build_adjacency": 0.0002623000182211399, "extract_features": 0.0009818999096751213, "map_labels": 0.0002006001304835081, "sanity_checks": 0.00023170001804828644, "total": 0.00912700011394918}}