{"part_id": "0-8-13-13-14-23", "timings_sec": {"read_step": 0.004800800001248717, "enumerate_faces": 2.050003968179226e-05, "build_adjacency": 0.00017159990966320038, "extract_features": 0.0006269998848438263, "map_labels": 0.0001713000237941742, "sanity_checks": 0.00013360008597373962, "total": 0.00592479994520545}}