{"part_id": "0-8-8-11-19", "timings_sec": {"read_step": 0.006828800076618791, "enumerate_faces": 2.9399991035461426e-05, "build_adjacency": 0.00023570004850625992, "extract_features": 0.0008626000490039587, "map_labels": 0.00020789983682334423, "sanity_checks": 0.00011329981498420238, "total": 0.008277699816972017}}