{"part_id": "0-8-14-19", "timings_sec": {"read_step": 0.004629200091585517, "enumerate_faces": 2.440018579363823e-05, "build_adjacency": 0.00016499985940754414, "extract_features": 0.0007358998991549015, "map_labels": 0.0001900999341160059, "sanity_checks": 8.150003850460052e-05, "total": 0.005826100008562207}}