{"part_id": "0-8-11-11-11-23", "timings_sec": {"read_step": 0.013017700053751469, "enumerate_faces": 2.750009298324585e-05, "build_adjacency": 0.0003632002044469118, "extract_features": 0.0013778000138700008, "map_labels": 0.00020999996922910213, "sanity_checks": 0.0003829000052064657, "total": 0.015379100339487195}}