{"part_id": "0-8-9-9-11-23", "timings_sec": {"read_step": 0.008200099924579263, "enumerate_faces": 2.6399968191981316e-05, "build_adjacency": 0.0002865998540073633, "extract_features": 0.0010918001644313335, "map_labels": 0.0002041999250650406, "sanity_checks": 0.00014609983190894127, "total": 0.009955199668183923}}