{"part_id": "0-8-14-14-14-23", "timings_sec": {"read_step": 0.006188699975609779, "enumerate_faces": 2.3399945348501205e-05, "build_adjacency": 0.00019980012439191341, "extract_features": 0.0007392000406980515, "map_labels": 0.00019320007413625717, "sanity_checks": 9.540002793073654e-05, "total": 0.007439700188115239}}