{"part_id": "0-8-10-11-13-23", "timings_sec": {"read_step": 0.008101799990981817, "enumerate_faces": 2.9399991035461426e-05, "build_adjacency": 0.0002864000853151083, "extract_features": 0.001064100069925189, "map_labels": 0.00021460000425577164, "sanity_checks": 0.00014030002057552338, "total": 0.009836600162088871}}