{"part_id": "0-8-8-11-13-23", "timings_sec": {"read_step": 0.0076824999414384365, "enumerate_faces": 3.729993477463722e-05, "build_adjacency": 0.00035450002178549767, "extract_features": 0.0009926999919116497, "map_labels": 0.0002272999845445156, "sanity_checks": 0.00012620002962648869, "total": 0.009420499904081225}}