{"part_id": "0-8-12-12-14-23", "timings_sec": {"read_step": 0.007971300045028329, "enumerate_faces": 2.4700071662664413e-05, "build_adjacency": 0.00022699986584484577, "extract_features": 0.0008282999042421579, "map_labels": 0.00020070001482963562, "sanity_checks": 0.00010699988342821598, "total": 0.009358999785035849}}