{"part_id": "0-8-9-13-13-23", "timings_sec": {"read_step": 0.007860299898311496, "enumerate_faces": 3.4700147807598114e-05, "build_adjacency": 0.0003378000110387802, "extract_features": 0.0012046999763697386, "map_labels": 0.00025969999842345715, "sanity_checks": 0.00017559994012117386, "total": 0.009872799972072244}}