{"part_id": "0-8-11-14-14-23", "timings_sec": {"read_step": 0.008001300040632486, "enumerate_faces": 2.469983883202076e-05, "build_adjacency": 0.00027760001830756664, "extract_features": 0.0010255000088363886, "map_labels": 0.00019159982912242413, "sanity_checks": 0.00013260007835924625, "total": 0.009653299814090133}}