{"part_id": "0-8-8-8-10-23", "timings_sec": {"read_step": 0.005932300118729472, "enumerate_faces": 2.3700064048171043e-05, "build_adjacency": 0.00020070001482963562, "extract_features": 0.000753199914470315, "map_labels": 0.0001867001410573721, "sanity_checks": 0.00010079983621835709, "total": 0.007197400089353323}}