{"part_id": "0-8-10-12-12-23", "timings_sec": {"read_step": 0.008160099852830172, "enumerate_faces": 2.8799986466765404e-05, "build_adjacency": 0.0002842000685632229, "extract_features": 0.001030100043863058, "map_labels": 0.00019779987633228302, "sanity_checks": 0.00013779988512396812, "total": 0.009838799713179469}}