{"part_id": "0-8-10-10-14-23", "timings_sec": {"read_step": 0.0077732999343425035, "enumerate_faces": 2.6300083845853806e-05, "build_adjacency": 0.00026490003801882267, "extract_features": 0.001016800059005618, "map_labels": 0.00019580009393393993, "sanity_checks": 0.00013449997641146183, "total": 0.0094116001855582}}