{"part_id": "0-8-8-11-12-23", "timings_sec": {"read_step": 0.009375200141221285, "enumerate_faces": 3.2800016924738884e-05, "build_adjacency": 0.00029200012795627117, "extract_features": 0.001069399993866682, "map_labels": 0.00022609997540712357, "sanity_checks": 0.0001431000418961048, "total": 0.011138600297272205}}