{"part_id": "0-8-8-13-19", "timings_sec": {"read_step": 0.004883399931713939, "enumerate_faces": 2.350006252527237e-05, "build_adjacency": 0.00017370004206895828, "extract_features": 0.0006434000097215176, "map_labels": 0.00024720001965761185, "sanity_checks": 8.830009028315544e-05, "total": 0.006059500155970454}}