{"part_id": "0-8-10-19", "timings_sec": {"read_step": 0.0047824999783188105, "enumerate_faces": 1.6799895092844963e-05, "build_adjacency": 0.0001642000861465931, "extract_features": 0.0006187001708894968, "map_labels": 0.0001634000800549984, "sanity_checks": 8.719996549189091e-05, "total": 0.005832800175994635}}