{"part_id": "0-8-9-9-13-23", "timings_sec": {"read_step": 0.007096499903127551, "enumerate_faces": 2.429983578622341e-05, "build_adjacency": 0.00022190017625689507, "extract_features": 0.0008652000688016415, "map_labels": 0.00018880004063248634, "sanity_checks": 0.00011489982716739178, "total": 0.00851159985177219}}