{"part_id": "0-8-11-12-14-23", "timings_sec": {"read_step": 0.008603599853813648, "enumerate_faces": 2.4999957531690598e-05, "build_adjacency": 0.0002894999925047159, "extract_features": 0.0010859998874366283, "map_labels": 0.00019890000112354755, "sanity_checks": 0.00013890000991523266, "total": 0.010341899702325463}}