{"part_id": "0-8-8-13-13-23", "timings_sec": {"read_step": 0.004860500106588006, "enumerate_faces": 2.4700071662664413e-05, "build_adjacency": 0.00017450004816055298, "extract_features": 0.0006343999411910772, "map_labels": 0.00019040005281567574, "sanity_checks": 8.499994874000549e-05, "total": 0.005969500169157982}}