{"part_id": "0-8-9-11-14-23", "timings_sec": {"read_step": 0.00830750004388392, "enumerate_faces": 2.659996971487999e-05, "build_adjacency": 0.0002850999590009451, "extract_features": 0.0011952000204473734, "map_labels": 0.00024419999681413174, "sanity_checks": 0.00021580001339316368, "total": 0.010274400003254414}}