{"part_id": "0-8-8-9-14-23", "timings_sec": {"read_step": 0.007312200032174587, "enumerate_faces": 3.660004585981369e-05, "build_adjacency": 0.00024560000747442245, "extract_features": 0.0008708999957889318, "map_labels": 0.00022659986279904842, "sanity_checks": 0.0001151000615209341, "total": 0.008807000005617738}}