{"part_id": "0-8-10-11-14-23", "timings_sec": {"read_step": 0.008720100158825517, "enumerate_faces": 2.810009755194187e-05, "build_adjacency": 0.00029070000164210796, "extract_features": 0.0011400999501347542, "map_labels": 0.00020370003767311573, "sanity_checks": 0.0001442998182028532, "total": 0.01052700006403029}}