{"part_id": "0-8-8-10-10-23", "timings_sec": {"read_step": 0.0075298999436199665, "enumerate_faces": 2.5999965146183968e-05, "build_adjacency": 0.0002555998507887125, "extract_features": 0.0009528000373393297, "map_labels": 0.00022549997083842754, "sanity_checks": 0.00012630014680325985, "total": 0.00911609991453588}}