{"part_id": "0-8-10-12-19", "timings_sec": {"read_step": 0.006510899867862463, "enumerate_faces": 3.110012039542198e-05, "build_adjacency": 0.0002313000150024891, "extract_features": 0.0008493999484926462, "map_labels": 0.0001905001699924469, "sanity_checks": 0.00011159991845488548, "total": 0.007924800040200353}}