{"part_id": "0-8-10-12-14-23", "timings_sec": {"read_step": 0.00815299991518259, "enumerate_faces": 2.9899878427386284e-05, "build_adjacency": 0.00040280004031956196, "extract_features": 0.0014601999428123236, "map_labels": 0.00022469996474683285, "sanity_checks": 0.00020409980788826942, "total": 0.010474699549376965}}