{"part_id": "0-9-12-13-13-23", "timings_sec": {"read_step": 0.008577500004321337, "enumerate_faces": 3.2999785616993904e-05, "build_adjacency": 0.00038480013608932495, "extract_features": 0.0013624001294374466, "map_labels": 0.00029250001534819603, "sanity_checks": 0.00018400000408291817, "total": 0.010834200074896216}}