{"part_id": "0-9-9-9-10-23", "timings_sec": {"read_step": 0.007957600057125092, "enumerate_faces": 2.9099872335791588e-05, "build_adjacency": 0.0003861000295728445, "extract_features": 0.0016435999423265457, "map_labels": 0.0002676001749932766, "sanity_checks": 0.00025850022211670876, "total": 0.010542500298470259}}