{"part_id": "0-9-9-13-19", "timings_sec": {"read_step": 0.005776599980890751, "enumerate_faces": 2.2999942302703857e-05, "build_adjacency": 0.00019779987633228302, "extract_features": 0.0007599999662488699, "map_labels": 0.00018000020645558834, "sanity_checks": 0.00010310020297765732, "total": 0.007040500175207853}}