{"part_id": "0-9-13-13-13-23", "timings_sec": {"read_step": 0.006291999947279692, "enumerate_faces": 2.1700048819184303e-05, "build_adjacency": 0.0002125999890267849, "extract_features": 0.0007941999938338995, "map_labels": 0.0001922999508678913, "sanity_checks": 0.0001058999914675951, "total": 0.007618699921295047}}