{"part_id": "0-9-11-11-13-23", "timings_sec": {"read_step": 0.009641099954023957, "enumerate_faces": 3.0700117349624634e-05, "build_adjacency": 0.0003301000688225031, "extract_features": 0.0012382001150399446, "map_labels": 0.00022649997845292091, "sanity_checks": 0.00016319984570145607, "total": 0.011629800079390407}}