{"part_id": "0-9-12-12-14-23", "timings_sec": {"read_step": 0.010802699951454997, "enumerate_faces": 3.169989213347435e-05, "build_adjacency": 0.0002872999757528305, "extract_features": 0.0010679999832063913, "map_labels": 0.0002210000529885292, "sanity_checks": 0.00013749999925494194, "total": 0.012548199854791164}}