{"part_id": "0-9-10-11-13-23", "timings_sec": {"read_step": 0.008556499844416976, "enumerate_faces": 2.5399960577487946e-05, "build_adjacency": 0.00029090000316500664, "extract_features": 0.0017071999609470367, "map_labels": 0.00023230002261698246, "sanity_checks": 0.00023259990848600864, "total": 0.011044899700209498}}