{"part_id": "0-9-9-10-10-23", "timings_sec": {"read_step": 0.009155600098893046, "enumerate_faces": 3.100000321865082e-05, "build_adjacency": 0.0002888001035898924, "extract_features": 0.0011373001616448164, "map_labels": 0.000220100162550807, "sanity_checks": 0.00025539984926581383, "total": 0.011088200379163027}}