{"part_id": "0-9-10-10-10-23", "timings_sec": {"read_step": 0.012811799999326468, "enumerate_faces": 3.6700163036584854e-05, "build_adjacency": 0.00047649978660047054, "extract_features": 0.0018798999954015017, "map_labels": 0.00025550019927322865, "sanity_checks": 0.00024319998919963837, "total": 0.01570360013283789}}