{"part_id": "0-9-13-14-14-23", "timings_sec": {"read_step": 0.008002599934116006, "enumerate_faces": 2.6499852538108826e-05, "build_adjacency": 0.00024099997244775295, "extract_features": 0.0009033998940140009, "map_labels": 0.00020499993115663528, "sanity_checks": 0.00012320000678300858, "total": 0.009501699591055512}}