{"part_id": "0-9-11-11-12-23", "timings_sec": {"read_step": 0.011738200206309557, "enumerate_faces": 3.0100112780928612e-05, "build_adjacency": 0.0003542001359164715, "extract_features": 0.001334100030362606, "map_labels": 0.0002212999388575554, "sanity_checks": 0.00017359992489218712, "total": 0.013851500349119306}}