{"part_id": "0-9-10-12-13-23", "timings_sec": {"read_step": 0.009597099851816893, "enumerate_faces": 3.3800024539232254e-05, "build_adjacency": 0.000403400044888258, "extract_features": 0.001507400069385767, "map_labels": 0.00024419999681413174, "sanity_checks": 0.00021089985966682434, "total": 0.011996799847111106}}