{"part_id": "0-9-10-12-19", "timings_sec": {"read_step": 0.008649100083857775, "enumerate_faces": 2.5900080800056458e-05, "build_adjacency": 0.00024250010028481483, "extract_features": 0.0009274000767618418, "map_labels": 0.0002001000102609396, "sanity_checks": 0.00012159999459981918, "total": 0.010166600346565247}}