{"part_id": "0-9-10-10-19", "timings_sec": {"read_step": 0.007118600187823176, "enumerate_faces": 2.8499867767095566e-05, "build_adjacency": 0.00024399999529123306, "extract_features": 0.0009494000114500523, "map_labels": 0.00020699994638562202, "sanity_checks": 0.00012700003571808338, "total": 0.008674500044435263}}