{"part_id": "0-9-10-11-12-23", "timings_sec": {"read_step": 0.009369400097057223, "enumerate_faces": 2.5800196453928947e-05, "build_adjacency": 0.0003176999744027853, "extract_features": 0.0014743998181074858, "map_labels": 0.00019970000721514225, "sanity_checks": 0.00015940004959702492, "total": 0.01154640014283359}}