{"part_id": "0-9-10-14-14-23", "timings_sec": {"read_step": 0.008562100119888783, "enumerate_faces": 3.100000321865082e-05, "build_adjacency": 0.00027520000003278255, "extract_features": 0.0010417001321911812, "map_labels": 0.00024039996787905693, "sanity_checks": 0.00013649999164044857, "total": 0.010286900214850903}}