{"part_id": "0-9-13-13-14-23", "timings_sec": {"read_step": 0.006696600001305342, "enumerate_faces": 2.3600179702043533e-05, "build_adjacency": 0.00022609997540712357, "extract_features": 0.001232899958267808, "map_labels": 0.00024710013531148434, "sanity_checks": 0.00019149994477629662, "total": 0.008617800194770098}}