{"part_id": "0-9-10-11-14-23", "timings_sec": {"read_step": 0.009150599827989936, "enumerate_faces": 2.7300091460347176e-05, "build_adjacency": 0.00030720001086592674, "extract_features": 0.001187700079753995, "map_labels": 0.00028360006399452686, "sanity_checks": 0.00015920004807412624, "total": 0.011115600122138858}}