{"part_id": "0-9-10-12-14-23", "timings_sec": {"read_step": 0.014192200032994151, "enumerate_faces": 3.569992259144783e-05, "build_adjacency": 0.0004922999069094658, "extract_features": 0.0017678998410701752, "map_labels": 0.0002654001582413912, "sanity_checks": 0.0002554000820964575, "total": 0.01700889994390309}}