{"part_id": "0-9-10-10-12-23", "timings_sec": {"read_step": 0.008834800217300653, "enumerate_faces": 2.9499875381588936e-05, "build_adjacency": 0.0002957000397145748, "extract_features": 0.0011320000048726797, "map_labels": 0.00021399999968707561, "sanity_checks": 0.00014859996736049652, "total": 0.010654600104317069}}