{"part_id": "0-9-10-13-19", "timings_sec": {"read_step": 0.0061935000121593475, "enumerate_faces": 2.2700056433677673e-05, "build_adjacency": 0.000210499856621027, "extract_features": 0.0008239999879151583, "map_labels": 0.00018310011364519596, "sanity_checks": 0.00011599995195865631, "total": 0.007549799978733063}}