{"part_id": "0-9-10-13-13-23", "timings_sec": {"read_step": 0.007428900105878711, "enumerate_faces": 3.100000321865082e-05, "build_adjacency": 0.00025269994512200356, "extract_features": 0.0009316001087427139, "map_labels": 0.00022169994190335274, "sanity_checks": 0.00012520002201199532, "total": 0.008991100126877427}}