{"part_id": "0-9-9-9-14-23", "timings_sec": {"read_step": 0.007770399795845151, "enumerate_faces": 3.1499890610575676e-05, "build_adjacency": 0.00026359991170465946, "extract_features": 0.000997699797153473, "map_labels": 0.0002255002036690712, "sanity_checks": 0.00013979990035295486, "total": 0.009428499499335885}}