{"part_id": "0-9-12-13-14-23", "timings_sec": {"read_step": 0.00795040000230074, "enumerate_faces": 2.7700094506144524e-05, "build_adjacency": 0.0002614001277834177, "extract_features": 0.0009864999447017908, "map_labels": 0.00019109994173049927, "sanity_checks": 0.00012289988808333874, "total": 0.00953999999910593}}