{"part_id": "0-9-11-11-19", "timings_sec": {"read_step": 0.008672199910506606, "enumerate_faces": 2.4900073185563087e-05, "build_adjacency": 0.00029949983581900597, "extract_features": 0.0011075001675635576, "map_labels": 0.0002039000391960144, "sanity_checks": 0.00014739995822310448, "total": 0.010455399984493852}}