{"part_id": "0-9-13-19", "timings_sec": {"read_step": 0.004617299884557724, "enumerate_faces": 2.219993621110916e-05, "build_adjacency": 0.00015999982133507729, "extract_features": 0.0006180999334901571, "map_labels": 0.0001775000710040331, "sanity_checks": 8.519995026290417e-05, "total": 0.005680299596861005}}