{"part_id": "0-9-10-12-12-23", "timings_sec": {"read_step": 0.008407299872487783, "enumerate_faces": 2.619996666908264e-05, "build_adjacency": 0.00029319990426301956, "extract_features": 0.0012275001499801874, "map_labels": 0.0002080998383462429, "sanity_checks": 0.00014839996583759785, "total": 0.010310699697583914}}