{"part_id": "0-9-9-9-11-23", "timings_sec": {"read_step": 0.009143600007519126, "enumerate_faces": 3.1499890610575676e-05, "build_adjacency": 0.0003074000123888254, "extract_features": 0.0011893999762833118, "map_labels": 0.00022659986279904842, "sanity_checks": 0.0001604000572115183, "total": 0.011058899806812406}}