{"part_id": "0-9-14-14-19", "timings_sec": {"read_step": 0.0068206998985260725, "enumerate_faces": 2.200016751885414e-05, "build_adjacency": 0.00021210010163486004, "extract_features": 0.000803499948233366, "map_labels": 0.00018209987320005894, "sanity_checks": 0.00010569998994469643, "total": 0.008146099979057908}}