{"part_id": "0-9-9-10-13-23", "timings_sec": {"read_step": 0.007429199991747737, "enumerate_faces": 2.369983121752739e-05, "build_adjacency": 0.00026320014148950577, "extract_features": 0.000988899962976575, "map_labels": 0.00019689998589456081, "sanity_checks": 0.00013260007835924625, "total": 0.009034499991685152}}