{"part_id": "0-9-12-12-12-23", "timings_sec": {"read_step": 0.008295800071209669, "enumerate_faces": 2.359994687139988e-05, "build_adjacency": 0.00029250001534819603, "extract_features": 0.001083600101992488, "map_labels": 0.00019020005129277706, "sanity_checks": 0.0001385000068694353, "total": 0.010024200193583965}}