{"part_id": "0-9-12-14-14-23", "timings_sec": {"read_step": 0.008956999983638525, "enumerate_faces": 2.4200184270739555e-05, "build_adjacency": 0.0002637000288814306, "extract_features": 0.000987999839708209, "map_labels": 0.00019560009241104126, "sanity_checks": 0.00012740003876388073, "total": 0.010555900167673826}}