{"part_id": "1-1-5-11-11-23", "timings_sec": {"read_step": 0.016488899942487478, "enumerate_faces": 3.4499913454055786e-05, "build_adjacency": 0.00039119995199143887, "extract_features": 0.0014541998971253633, "map_labels": 0.0002351999282836914, "sanity_checks": 0.00018079997971653938, "total": 0.018784799613058567}}