{"part_id": "1-1-4-5-13-23", "timings_sec": {"read_step": 0.0100359998177737, "enumerate_faces": 2.7399975806474686e-05, "build_adjacency": 0.0002828999422490597, "extract_features": 0.0010308998171240091, "map_labels": 0.00019880011677742004, "sanity_checks": 0.00012730015441775322, "total": 0.011703299824148417}}