{"part_id": "1-1-1-2-2-23", "timings_sec": {"read_step": 0.013075500028207898, "enumerate_faces": 3.2400013878941536e-05, "build_adjacency": 0.0004344999324530363, "extract_features": 0.0014528001192957163, "map_labels": 0.00022229994647204876, "sanity_checks": 0.00016220007091760635, "total": 0.015379700111225247}}