{"part_id": "1-1-3-12-12-23", "timings_sec": {"read_step": 0.01565449987538159, "enumerate_faces": 4.930002614855766e-05, "build_adjacency": 0.0007764000911265612, "extract_features": 0.0017619999125599861, "map_labels": 0.00025049992837011814, "sanity_checks": 0.0002009000163525343, "total": 0.018693599849939346}}