{"part_id": "1-1-6-9-9-23", "timings_sec": {"read_step": 0.010062699904665351, "enumerate_faces": 3.3400021493434906e-05, "build_adjacency": 0.0002804999239742756, "extract_features": 0.0010476000607013702, "map_labels": 0.0002283998765051365, "sanity_checks": 0.00013930001296103, "total": 0.011791899800300598}}