{"part_id": "1-1-3-5-6-23", "timings_sec": {"read_step": 0.011734700063243508, "enumerate_faces": 3.660004585981369e-05, "build_adjacency": 0.0003399001434445381, "extract_features": 0.001192399999126792, "map_labels": 0.00032350001856684685, "sanity_checks": 0.00022069993428885937, "total": 0.013847800204530358}}