{"part_id": "1-1-4-6-19", "timings_sec": {"read_step": 0.00862300000153482, "enumerate_faces": 2.9499875381588936e-05, "build_adjacency": 0.0002758998889476061, "extract_features": 0.000990099972113967, "map_labels": 0.00020210002548992634, "sanity_checks": 0.00013950001448392868, "total": 0.010260099777951837}}