{"part_id": "1-1-3-4-6-23", "timings_sec": {"read_step": 0.012400300009176135, "enumerate_faces": 3.560003824532032e-05, "build_adjacency": 0.0005769999697804451, "extract_features": 0.0013405999634414911, "map_labels": 0.00021409988403320312, "sanity_checks": 0.0001642999704927206, "total": 0.014731899835169315}}