{"part_id": "1-1-5-8-11-23", "timings_sec": {"read_step": 0.011423399904742837, "enumerate_faces": 3.0499882996082306e-05, "build_adjacency": 0.0005425999406725168, "extract_features": 0.0013065999373793602, "map_labels": 0.00021399999968707561, "sanity_checks": 0.00015950016677379608, "total": 0.013676599832251668}}