{"part_id": "1-1-4-10-19", "timings_sec": {"read_step": 0.012672899989411235, "enumerate_faces": 4.1599851101636887e-05, "build_adjacency": 0.0004262998700141907, "extract_features": 0.0015722999814897776, "map_labels": 0.00028309994377195835, "sanity_checks": 0.00023099989630281925, "total": 0.015227199532091618}}