{"part_id": "1-1-3-3-10-23", "timings_sec": {"read_step": 0.013741299975663424, "enumerate_faces": 3.169989213347435e-05, "build_adjacency": 0.0004679998382925987, "extract_features": 0.0017586001195013523, "map_labels": 0.00022529996931552887, "sanity_checks": 0.00019080005586147308, "total": 0.01641569985076785}}