{"part_id": "1-1-1-10-14-23", "timings_sec": {"read_step": 0.015037799952551723, "enumerate_faces": 2.9999995604157448e-05, "build_adjacency": 0.0003713001497089863, "extract_features": 0.0012632000725716352, "map_labels": 0.00021410011686384678, "sanity_checks": 0.00014899997040629387, "total": 0.017065400257706642}}