{"part_id": "1-1-2-5-11-23", "timings_sec": {"read_step": 0.014333199942484498, "enumerate_faces": 3.660004585981369e-05, "build_adjacency": 0.0004159000236541033, "extract_features": 0.001941000111401081, "map_labels": 0.00024119997397065163, "sanity_checks": 0.00018720002844929695, "total": 0.017155100125819445}}