{"part_id": "1-1-4-9-12-23", "timings_sec": {"read_step": 0.008878699969500303, "enumerate_faces": 3.210012800991535e-05, "build_adjacency": 0.00029729981906712055, "extract_features": 0.0010911000426858664, "map_labels": 0.00022229994647204876, "sanity_checks": 0.00014040013775229454, "total": 0.010661900043487549}}