{"part_id": "1-1-3-6-10-23", "timings_sec": {"read_step": 0.014821199933066964, "enumerate_faces": 3.869994543492794e-05, "build_adjacency": 0.0003598998300731182, "extract_features": 0.001449699979275465, "map_labels": 0.00024239998310804367, "sanity_checks": 0.00015610014088451862, "total": 0.017067999811843038}}