{"part_id": "1-1-4-13-19", "timings_sec": {"read_step": 0.012506800005212426, "enumerate_faces": 4.12999652326107e-05, "build_adjacency": 0.0004298000130802393, "extract_features": 0.0016849001403898, "map_labels": 0.00026659993454813957, "sanity_checks": 0.00016149994917213917, "total": 0.015090900007635355}}