{"part_id": "1-1-6-8-9-23", "timings_sec": {"read_step": 0.007723100017756224, "enumerate_faces": 3.0700117349624634e-05, "build_adjacency": 0.0002584999892860651, "extract_features": 0.0010929000563919544, "map_labels": 0.00021469988860189915, "sanity_checks": 0.0001221001148223877, "total": 0.009442000184208155}}