{"part_id": "1-1-2-6-13-23", "timings_sec": {"read_step": 0.009530799929052591, "enumerate_faces": 3.060000017285347e-05, "build_adjacency": 0.00031739985570311546, "extract_features": 0.0010840999893844128, "map_labels": 0.0002117000985890627, "sanity_checks": 0.0001308000646531582, "total": 0.011305399937555194}}