{"part_id": "1-1-2-9-13-23", "timings_sec": {"read_step": 0.00828519999049604, "enumerate_faces": 2.2399937734007835e-05, "build_adjacency": 0.0002853998448699713, "extract_features": 0.0010015999432653189, "map_labels": 0.0003053999971598387, "sanity_checks": 0.0001959002111107111, "total": 0.010095899924635887}}