{"part_id": "1-1-4-5-14-23", "timings_sec": {"read_step": 0.01037280005402863, "enumerate_faces": 3.66999302059412e-05, "build_adjacency": 0.00030250009149312973, "extract_features": 0.0010782000608742237, "map_labels": 0.00022820010781288147, "sanity_checks": 0.00013810000382363796, "total": 0.012156500248238444}}