{"part_id": "1-1-5-8-12-23", "timings_sec": {"read_step": 0.00956850009970367, "enumerate_faces": 3.0800001695752144e-05, "build_adjacency": 0.00031250016763806343, "extract_features": 0.0013030997943133116, "map_labels": 0.00021440000273287296, "sanity_checks": 0.00013839988969266415, "total": 0.011567699955776334}}