{"part_id": "1-1-1-8-19", "timings_sec": {"read_step": 0.007733700098469853, "enumerate_faces": 2.5899847969412804e-05, "build_adjacency": 0.00026430003345012665, "extract_features": 0.0009121999610215425, "map_labels": 0.00018079997971653938, "sanity_checks": 0.00011229980736970901, "total": 0.009229199727997184}}