{"part_id": "1-1-5-7-8-23", "timings_sec": {"read_step": 0.008712799986824393, "enumerate_faces": 2.759997732937336e-05, "build_adjacency": 0.0002903998829424381, "extract_features": 0.0012383998837321997, "map_labels": 0.00019449996761977673, "sanity_checks": 0.00013020006008446217, "total": 0.010593899758532643}}