{"part_id": "1-1-6-10-11-23", "timings_sec": {"read_step": 0.01009720005095005, "enumerate_faces": 3.820005804300308e-05, "build_adjacency": 0.0003839000128209591, "extract_features": 0.001271100016310811, "map_labels": 0.00031340005807578564, "sanity_checks": 0.0002443001139909029, "total": 0.012348100310191512}}