{"part_id": "1-1-3-10-14-23", "timings_sec": {"read_step": 0.013007899979129434, "enumerate_faces": 3.5400036722421646e-05, "build_adjacency": 0.00041009997949004173, "extract_features": 0.0014492000918835402, "map_labels": 0.00023879995569586754, "sanity_checks": 0.00022149994038045406, "total": 0.015362899983301759}}