{"part_id": "1-1-2-4-7-23", "timings_sec": {"read_step": 0.009931399952620268, "enumerate_faces": 2.6799971237778664e-05, "build_adjacency": 0.0003450000658631325, "extract_features": 0.0013278999831527472, "map_labels": 0.0002305000089108944, "sanity_checks": 0.00014979997649788857, "total": 0.012011399958282709}}