{"part_id": "1-1-10-10-12-23", "timings_sec": {"read_step": 0.012034300016239285, "enumerate_faces": 2.1200161427259445e-05, "build_adjacency": 0.0003837000112980604, "extract_features": 0.0012366001028567553, "map_labels": 0.00019820011220872402, "sanity_checks": 0.00015370012260973454, "total": 0.01402770052663982}}