{"part_id": "1-1-4-4-11-23", "timings_sec": {"read_step": 0.014690299984067678, "enumerate_faces": 4.310021176934242e-05, "build_adjacency": 0.0005375000182539225, "extract_features": 0.0018593000713735819, "map_labels": 0.0002687000669538975, "sanity_checks": 0.00027059996500611305, "total": 0.017669500317424536}}