{"part_id": "1-1-7-9-19", "timings_sec": {"read_step": 0.011253200005739927, "enumerate_faces": 4.639988765120506e-05, "build_adjacency": 0.0003809998743236065, "extract_features": 0.0014637999702244997, "map_labels": 0.000336499884724617, "sanity_checks": 0.0001805999781936407, "total": 0.013661499600857496}}