{"part_id": "1-1-6-8-12-23", "timings_sec": {"read_step": 0.008310799952596426, "enumerate_faces": 2.9799994081258774e-05, "build_adjacency": 0.00027229986153542995, "extract_features": 0.0009908000938594341, "map_labels": 0.00021450011990964413, "sanity_checks": 0.0001251001376658678, "total": 0.00994330015964806}}