{"part_id": "1-1-3-5-13-23", "timings_sec": {"read_step": 0.010544999968260527, "enumerate_faces": 3.0800001695752144e-05, "build_adjacency": 0.0003366998862475157, "extract_features": 0.0012903001625090837, "map_labels": 0.0002861001994460821, "sanity_checks": 0.00025759986601769924, "total": 0.01274650008417666}}