{"part_id": "1-1-3-6-6-23", "timings_sec": {"read_step": 0.009446399984881282, "enumerate_faces": 4.560011439025402e-05, "build_adjacency": 0.0006591000128537416, "extract_features": 0.0015864998567849398, "map_labels": 0.00024860003031790257, "sanity_checks": 0.00014239992015063763, "total": 0.012128599919378757}}