{"part_id": "1-1-10-14-14-23", "timings_sec": {"read_step": 0.010225099977105856, "enumerate_faces": 2.4799956008791924e-05, "build_adjacency": 0.00034060003235936165, "extract_features": 0.0012175999581813812, "map_labels": 0.0001987998839467764, "sanity_checks": 0.00014979997649788857, "total": 0.012156699784100056}}