{"part_id": "1-1-2-8-13-23", "timings_sec": {"read_step": 0.011724699987098575, "enumerate_faces": 4.4300220906734467e-05, "build_adjacency": 0.00034220004454255104, "extract_features": 0.001265399856492877, "map_labels": 0.00025500007905066013, "sanity_checks": 0.00013830000534653664, "total": 0.013769900193437934}}