{"part_id": "1-1-4-4-8-23", "timings_sec": {"read_step": 0.008374199969694018, "enumerate_faces": 3.9499951526522636e-05, "build_adjacency": 0.00029080011881887913, "extract_features": 0.0010611999314278364, "map_labels": 0.00023819995112717152, "sanity_checks": 0.00012989994138479233, "total": 0.01013379986397922}}