{"part_id": "1-1-10-10-14-23", "timings_sec": {"read_step": 0.009129900019615889, "enumerate_faces": 2.440018579363823e-05, "build_adjacency": 0.0003722000401467085, "extract_features": 0.0011696999426931143, "map_labels": 0.00019690021872520447, "sanity_checks": 0.00015070009976625443, "total": 0.011043800506740808}}