{"part_id": "1-1-2-4-10-23", "timings_sec": {"read_step": 0.009269200032576919, "enumerate_faces": 3.1700124964118004e-05, "build_adjacency": 0.0003128000535070896, "extract_features": 0.0011471998877823353, "map_labels": 0.00021699978969991207, "sanity_checks": 0.00014870008453726768, "total": 0.011126599973067641}}