{"part_id": "1-1-3-6-11-23", "timings_sec": {"read_step": 0.01801769994199276, "enumerate_faces": 4.4899992644786835e-05, "build_adjacency": 0.000627199886366725, "extract_features": 0.002262699883431196, "map_labels": 0.00029809982515871525, "sanity_checks": 0.0002816000487655401, "total": 0.021532199578359723}}