{"part_id": "1-1-6-11-19", "timings_sec": {"read_step": 0.008232299936935306, "enumerate_faces": 3.2400013878941536e-05, "build_adjacency": 0.00029170000925660133, "extract_features": 0.001005199970677495, "map_labels": 0.000219699926674366, "sanity_checks": 0.00013429997488856316, "total": 0.009915599832311273}}