{"part_id": "1-1-5-7-14-23", "timings_sec": {"read_step": 0.009207600029185414, "enumerate_faces": 2.969987690448761e-05, "build_adjacency": 0.00029710005037486553, "extract_features": 0.0010855000000447035, "map_labels": 0.00021059997379779816, "sanity_checks": 0.0001370999962091446, "total": 0.010967599926516414}}