{"part_id": "1-1-1-7-9-23", "timings_sec": {"read_step": 0.009983000112697482, "enumerate_faces": 2.8999987989664078e-05, "build_adjacency": 0.0003415001556277275, "extract_features": 0.001164199784398079, "map_labels": 0.00021740002557635307, "sanity_checks": 0.00013720011338591576, "total": 0.011872300179675221}}