{"part_id": "1-1-1-7-12-23", "timings_sec": {"read_step": 0.009176399791613221, "enumerate_faces": 3.5300152376294136e-05, "build_adjacency": 0.0003831000067293644, "extract_features": 0.001087399898096919, "map_labels": 0.00022029993124306202, "sanity_checks": 0.00013580010272562504, "total": 0.011038299882784486}}