{"part_id": "1-1-1-6-12-23", "timings_sec": {"read_step": 0.011014299932867289, "enumerate_faces": 2.6999972760677338e-05, "build_adjacency": 0.0003714000340551138, "extract_features": 0.0015688000712543726, "map_labels": 0.00023170001804828644, "sanity_checks": 0.00015819980762898922, "total": 0.013371399836614728}}