{"part_id": "1-1-2-7-14-23", "timings_sec": {"read_step": 0.011956800008192658, "enumerate_faces": 3.490014933049679e-05, "build_adjacency": 0.00039529986679553986, "extract_features": 0.0013268000911921263, "map_labels": 0.0002218000590801239, "sanity_checks": 0.0001642999704927206, "total": 0.014099900145083666}}