{"part_id": "1-1-6-6-8-23", "timings_sec": {"read_step": 0.009470900055021048, "enumerate_faces": 4.349998198449612e-05, "build_adjacency": 0.0003372998908162117, "extract_features": 0.0012107000220566988, "map_labels": 0.0003276001662015915, "sanity_checks": 0.0001083998940885067, "total": 0.011498400010168552}}