{"part_id": "1-1-2-7-12-23", "timings_sec": {"read_step": 0.012411100091412663, "enumerate_faces": 3.3899908885359764e-05, "build_adjacency": 0.00037620007060468197, "extract_features": 0.0012922999449074268, "map_labels": 0.00022149994038045406, "sanity_checks": 0.00016069994308054447, "total": 0.01449569989927113}}