{"part_id": "1-1-11-19", "timings_sec": {"read_step": 0.007868200074881315, "enumerate_faces": 3.600004129111767e-05, "build_adjacency": 0.0002574000973254442, "extract_features": 0.0009252000600099564, "map_labels": 0.00023690005764365196, "sanity_checks": 0.0001230000052601099, "total": 0.009446700336411595}}