{"part_id": "1-1-1-4-6-23", "timings_sec": {"read_step": 0.009761499939486384, "enumerate_faces": 3.0700117349624634e-05, "build_adjacency": 0.00032940017990767956, "extract_features": 0.001138799823820591, "map_labels": 0.00022360007278621197, "sanity_checks": 0.00013970001600682735, "total": 0.011623700149357319}}