{"part_id": "1-1-3-13-14-23", "timings_sec": {"read_step": 0.01133730006404221, "enumerate_faces": 3.350013867020607e-05, "build_adjacency": 0.0003784999717026949, "extract_features": 0.0015257999766618013, "map_labels": 0.0002327000256627798, "sanity_checks": 0.00015389989130198956, "total": 0.013661700068041682}}