{"part_id": "1-1-3-4-4-23", "timings_sec": {"read_step": 0.011836400022730231, "enumerate_faces": 3.4800032153725624e-05, "build_adjacency": 0.0004678999539464712, "extract_features": 0.0015086999628692865, "map_labels": 0.00023390003480017185, "sanity_checks": 0.00016220007091760635, "total": 0.014243900077417493}}