{"part_id": "1-1-5-9-10-23", "timings_sec": {"read_step": 0.010570199927315116, "enumerate_faces": 3.200001083314419e-05, "build_adjacency": 0.0004049998242408037, "extract_features": 0.0012429000344127417, "map_labels": 0.0002194000408053398, "sanity_checks": 0.00015430012717843056, "total": 0.012623799964785576}}