{"part_id": "1-1-3-6-9-23", "timings_sec": {"read_step": 0.010633699828758836, "enumerate_faces": 2.9899878427386284e-05, "build_adjacency": 0.0003499998711049557, "extract_features": 0.0012238000053912401, "map_labels": 0.00024790014140307903, "sanity_checks": 0.0001558999065309763, "total": 0.012641199631616473}}