{"part_id": "1-1-3-4-13-23", "timings_sec": {"read_step": 0.010027799988165498, "enumerate_faces": 3.200001083314419e-05, "build_adjacency": 0.00032350001856684685, "extract_features": 0.0012922000605612993, "map_labels": 0.000224399846047163, "sanity_checks": 0.00014239992015063763, "total": 0.012042299844324589}}