{"part_id": "1-1-1-11-14-23", "timings_sec": {"read_step": 0.014101500157266855, "enumerate_faces": 3.520003519952297e-05, "build_adjacency": 0.0003921000752598047, "extract_features": 0.0013568999711424112, "map_labels": 0.00022619985975325108, "sanity_checks": 0.0001683998852968216, "total": 0.016280299983918667}}