{"part_id": "1-1-3-4-9-23", "timings_sec": {"read_step": 0.009765399852767587, "enumerate_faces": 2.5399960577487946e-05, "build_adjacency": 0.0003182999789714813, "extract_features": 0.0011603999882936478, "map_labels": 0.00020299991592764854, "sanity_checks": 0.00015159999020397663, "total": 0.011624099686741829}}