{"part_id": "1-1-2-19", "timings_sec": {"read_step": 0.00811139983125031, "enumerate_faces": 3.2899901270866394e-05, "build_adjacency": 0.00027379998937249184, "extract_features": 0.0009574999567121267, "map_labels": 0.00029520015232264996, "sanity_checks": 0.00012640003114938736, "total": 0.009797199862077832}}