{"part_id": "1-1-1-10-19", "timings_sec": {"read_step": 0.011768599972128868, "enumerate_faces": 3.1299889087677e-05, "build_adjacency": 0.00037949997931718826, "extract_features": 0.0013743001036345959, "map_labels": 0.00022160005755722523, "sanity_checks": 0.00016990001313388348, "total": 0.013945200014859438}}