{"part_id": "1-1-2-2-2-23", "timings_sec": {"read_step": 0.01591990003362298, "enumerate_faces": 3.609992563724518e-05, "build_adjacency": 0.0005082001443952322, "extract_features": 0.0016786998603492975, "map_labels": 0.000264899805188179, "sanity_checks": 0.00019569997675716877, "total": 0.018603499745950103}}