{"part_id": "1-1-1-8-9-23", "timings_sec": {"read_step": 0.008371500065550208, "enumerate_faces": 2.350006252527237e-05, "build_adjacency": 0.00026190001517534256, "extract_features": 0.0009713999461382627, "map_labels": 0.00019049993716180325, "sanity_checks": 0.00012700003571808338, "total": 0.009945800062268972}}