{"part_id": "1-1-3-6-14-23", "timings_sec": {"read_step": 0.009615000104531646, "enumerate_faces": 3.4400029107928276e-05, "build_adjacency": 0.0003229000139981508, "extract_features": 0.0013697999529540539, "map_labels": 0.00022329995408654213, "sanity_checks": 0.00014459993690252304, "total": 0.011709999991580844}}