{"part_id": "1-1-9-12-13-23", "timings_sec": {"read_step": 0.011112800100818276, "enumerate_faces": 3.7300167605280876e-05, "build_adjacency": 0.00034829997457563877, "extract_features": 0.001376299886032939, "map_labels": 0.0002234000712633133, "sanity_checks": 0.0001471999567002058, "total": 0.013245300156995654}}