{"part_id": "1-1-5-10-13-23", "timings_sec": {"read_step": 0.010300799971446395, "enumerate_faces": 2.559996210038662e-05, "build_adjacency": 0.00034060003235936165, "extract_features": 0.0017580001149326563, "map_labels": 0.0002552999649196863, "sanity_checks": 0.00023699994198977947, "total": 0.012917299987748265}}