{"part_id": "1-1-2-5-7-23", "timings_sec": {"read_step": 0.009523999877274036, "enumerate_faces": 2.4999957531690598e-05, "build_adjacency": 0.00030519999563694, "extract_features": 0.0011198001448065042, "map_labels": 0.0001876000314950943, "sanity_checks": 0.0001392001286149025, "total": 0.011300800135359168}}