{"part_id": "1-1-4-7-7-23", "timings_sec": {"read_step": 0.009066599886864424, "enumerate_faces": 2.8199981898069382e-05, "build_adjacency": 0.0002882999833673239, "extract_features": 0.0010323000606149435, "map_labels": 0.00020079989917576313, "sanity_checks": 0.00013449997641146183, "total": 0.010750699788331985}}