{"part_id": "1-1-6-6-14-23", "timings_sec": {"read_step": 0.013074300019070506, "enumerate_faces": 5.429983139038086e-05, "build_adjacency": 0.00045009981840848923, "extract_features": 0.001522500067949295, "map_labels": 0.0003253999166190624, "sanity_checks": 0.0002077000681310892, "total": 0.015634299721568823}}