{"part_id": "1-1-1-3-8-23", "timings_sec": {"read_step": 0.010525200050324202, "enumerate_faces": 3.060000017285347e-05, "build_adjacency": 0.0003424999304115772, "extract_features": 0.0011788001284003258, "map_labels": 0.0002093999646604061, "sanity_checks": 0.00014210003428161144, "total": 0.012428600108250976}}