{"part_id": "1-1-1-8-8-23", "timings_sec": {"read_step": 0.009055000031366944, "enumerate_faces": 2.3999949917197227e-05, "build_adjacency": 0.0002762000076472759, "extract_features": 0.0009650001302361488, "map_labels": 0.0001922999508678913, "sanity_checks": 0.00011949986219406128, "total": 0.010631999932229519}}