{"part_id": "1-1-1-9-11-23", "timings_sec": {"read_step": 0.011774000013247132, "enumerate_faces": 2.0300038158893585e-05, "build_adjacency": 0.000395399983972311, "extract_features": 0.0015324000269174576, "map_labels": 0.00018730014562606812, "sanity_checks": 0.00017530005425214767, "total": 0.01408470026217401}}