{"part_id": "1-1-5-8-10-23", "timings_sec": {"read_step": 0.010614100145176053, "enumerate_faces": 3.1499890610575676e-05, "build_adjacency": 0.00034539983607828617, "extract_features": 0.0014706000220030546, "map_labels": 0.00021109986118972301, "sanity_checks": 0.00016780011355876923, "total": 0.012840499868616462}}