{"part_id": "1-1-5-10-12-23", "timings_sec": {"read_step": 0.00966600002720952, "enumerate_faces": 2.8700102120637894e-05, "build_adjacency": 0.000332399969920516, "extract_features": 0.0012491000816226006, "map_labels": 0.00022279983386397362, "sanity_checks": 0.00015029986388981342, "total": 0.011649299878627062}}