{"part_id": "1-1-7-7-9-23", "timings_sec": {"read_step": 0.010850699851289392, "enumerate_faces": 3.720005042850971e-05, "build_adjacency": 0.0003494999837130308, "extract_features": 0.0012336999643594027, "map_labels": 0.0002375999465584755, "sanity_checks": 0.00015750015154480934, "total": 0.01286619994789362}}