{"part_id": "1-1-2-5-10-23", "timings_sec": {"read_step": 0.0101713000331074, "enumerate_faces": 3.2999785616993904e-05, "build_adjacency": 0.00032880017533898354, "extract_features": 0.0012622000649571419, "map_labels": 0.0002778000198304653, "sanity_checks": 0.00025729998014867306, "total": 0.012330400058999658}}