{"part_id": "1-1-2-10-19", "timings_sec": {"read_step": 0.008692899951711297, "enumerate_faces": 3.4400029107928276e-05, "build_adjacency": 0.0002770000137388706, "extract_features": 0.0010096998885273933, "map_labels": 0.0002422998659312725, "sanity_checks": 0.00012969993986189365, "total": 0.010385999688878655}}