{"part_id": "1-1-7-8-11-23", "timings_sec": {"read_step": 0.009710000129416585, "enumerate_faces": 3.210012800991535e-05, "build_adjacency": 0.0003120000474154949, "extract_features": 0.0011678000446408987, "map_labels": 0.00021500000730156898, "sanity_checks": 0.00014919997192919254, "total": 0.011586100328713655}}