{"part_id": "1-1-1-2-5-23", "timings_sec": {"read_step": 0.011858399957418442, "enumerate_faces": 3.0399998649954796e-05, "build_adjacency": 0.00039829988963901997, "extract_features": 0.0015064999461174011, "map_labels": 0.00022749998606741428, "sanity_checks": 0.00016680010594427586, "total": 0.014187899883836508}}