{"part_id": "1-1-1-5-5-23", "timings_sec": {"read_step": 0.010858099907636642, "enumerate_faces": 2.150004729628563e-05, "build_adjacency": 0.0003682998940348625, "extract_features": 0.001350299920886755, "map_labels": 0.00018780003301799297, "sanity_checks": 0.00016169995069503784, "total": 0.012947699753567576}}