{"part_id": "1-1-4-9-10-23", "timings_sec": {"read_step": 0.009081499883905053, "enumerate_faces": 2.6999972760677338e-05, "build_adjacency": 0.0002967000473290682, "extract_features": 0.0012292000465095043, "map_labels": 0.0002522999420762062, "sanity_checks": 0.00014379993081092834, "total": 0.011030499823391438}}