{"part_id": "1-1-8-8-12-23", "timings_sec": {"read_step": 0.009128000121563673, "enumerate_faces": 3.50000336766243e-05, "build_adjacency": 0.00027909991331398487, "extract_features": 0.0011867000721395016, "map_labels": 0.0002525998279452324, "sanity_checks": 0.00012820004485547543, "total": 0.011009600013494492}}