{"part_id": "1-1-9-14-14-23", "timings_sec": {"read_step": 0.012578200083225965, "enumerate_faces": 4.169996827840805e-05, "build_adjacency": 0.00030880002304911613, "extract_features": 0.0014426999259740114, "map_labels": 0.0003199998755007982, "sanity_checks": 0.00023399991914629936, "total": 0.014925399795174599}}