{"part_id": "1-1-2-8-10-23", "timings_sec": {"read_step": 0.010494499932974577, "enumerate_faces": 3.9400067180395126e-05, "build_adjacency": 0.00030720001086592674, "extract_features": 0.0013344998005777597, "map_labels": 0.0002758000046014786, "sanity_checks": 0.00014919997192919254, "total": 0.01260059978812933}}