{"part_id": "1-1-4-10-10-23", "timings_sec": {"read_step": 0.012944899965077639, "enumerate_faces": 3.910018131136894e-05, "build_adjacency": 0.0005346001125872135, "extract_features": 0.0021230001002550125, "map_labels": 0.00028149993158876896, "sanity_checks": 0.0001634000800549984, "total": 0.016086500370875}}