{"part_id": "1-1-3-4-12-23", "timings_sec": {"read_step": 0.013346000108867884, "enumerate_faces": 3.1899893656373024e-05, "build_adjacency": 0.00042690010741353035, "extract_features": 0.0017309999093413353, "map_labels": 0.0002172000240534544, "sanity_checks": 0.00018609990365803242, "total": 0.01593909994699061}}