{"part_id": "1-1-5-5-12-23", "timings_sec": {"read_step": 0.012255899840965867, "enumerate_faces": 3.569992259144783e-05, "build_adjacency": 0.0003341999836266041, "extract_features": 0.0012044000905007124, "map_labels": 0.0002297000028192997, "sanity_checks": 0.00015820004045963287, "total": 0.014218099880963564}}