{"part_id": "1-1-7-10-14-23", "timings_sec": {"read_step": 0.010879599954932928, "enumerate_faces": 2.719997428357601e-05, "build_adjacency": 0.0003513998817652464, "extract_features": 0.0012598000466823578, "map_labels": 0.00020480016246438026, "sanity_checks": 0.00015689991414546967, "total": 0.012879699934273958}}