{"part_id": "1-1-1-8-13-23", "timings_sec": {"read_step": 0.011132300132885575, "enumerate_faces": 3.160000778734684e-05, "build_adjacency": 0.00037789996713399887, "extract_features": 0.001245599938556552, "map_labels": 0.00021739979274570942, "sanity_checks": 0.00014750007539987564, "total": 0.013152299914509058}}