{"part_id": "1-1-1-2-13-23", "timings_sec": {"read_step": 0.009578000055626035, "enumerate_faces": 2.6999972760677338e-05, "build_adjacency": 0.00031869998201727867, "extract_features": 0.0011507999151945114, "map_labels": 0.00019589997828006744, "sanity_checks": 0.0001450998242944479, "total": 0.011415499728173018}}