{"part_id": "1-1-9-11-14-23", "timings_sec": {"read_step": 0.01231959997676313, "enumerate_faces": 3.3800024539232254e-05, "build_adjacency": 0.0004658999387174845, "extract_features": 0.0015793000347912312, "map_labels": 0.00023780018091201782, "sanity_checks": 0.00020130001939833164, "total": 0.014837700175121427}}