{"part_id": "1-1-1-4-11-23", "timings_sec": {"read_step": 0.010989799862727523, "enumerate_faces": 2.859998494386673e-05, "build_adjacency": 0.00036470009945333004, "extract_features": 0.0013059999328106642, "map_labels": 0.00021820003166794777, "sanity_checks": 0.00016240007244050503, "total": 0.013069699984043837}}