{"part_id": "1-1-6-10-12-23", "timings_sec": {"read_step": 0.00928560015745461, "enumerate_faces": 2.7299858629703522e-05, "build_adjacency": 0.0003029999788850546, "extract_features": 0.0012696001213043928, "map_labels": 0.00021780002862215042, "sanity_checks": 0.00014279992319643497, "total": 0.011246100068092346}}