{"part_id": "1-1-9-9-14-23", "timings_sec": {"read_step": 0.013255099998787045, "enumerate_faces": 3.9899954572319984e-05, "build_adjacency": 0.00031880009919404984, "extract_features": 0.0012421999126672745, "map_labels": 0.0003462000750005245, "sanity_checks": 0.00022879987955093384, "total": 0.015430999919772148}}