{"part_id": "1-1-2-2-10-23", "timings_sec": {"read_step": 0.011616599978879094, "enumerate_faces": 3.4800032153725624e-05, "build_adjacency": 0.0003741001710295677, "extract_features": 0.0017188999336212873, "map_labels": 0.0002622001338750124, "sanity_checks": 0.0002498000394552946, "total": 0.014256400289013982}}