{"part_id": "1-1-11-11-14-23", "timings_sec": {"read_step": 0.010705799795687199, "enumerate_faces": 3.069988451898098e-05, "build_adjacency": 0.0004592000041157007, "extract_features": 0.0013556999620050192, "map_labels": 0.00022300006821751595, "sanity_checks": 0.00017509981989860535, "total": 0.01294949953444302}}