{"part_id": "1-1-9-10-11-23", "timings_sec": {"read_step": 0.010417799931019545, "enumerate_faces": 2.7999980375170708e-05, "build_adjacency": 0.0004322000313550234, "extract_features": 0.0016781000886112452, "map_labels": 0.00023789983242750168, "sanity_checks": 0.0001754998229444027, "total": 0.012969499686732888}}