{"part_id": "1-1-11-12-13-23", "timings_sec": {"read_step": 0.009425200056284666, "enumerate_faces": 2.5399960577487946e-05, "build_adjacency": 0.0003206999972462654, "extract_features": 0.0011856998316943645, "map_labels": 0.00019429996609687805, "sanity_checks": 0.00014980020932853222, "total": 0.011301100021228194}}