{"part_id": "1-1-6-8-11-23", "timings_sec": {"read_step": 0.013009399874135852, "enumerate_faces": 3.369990736246109e-05, "build_adjacency": 0.00031349994242191315, "extract_features": 0.0012823999859392643, "map_labels": 0.0002429999876767397, "sanity_checks": 0.00014379993081092834, "total": 0.015025799628347158}}