{"part_id": "1-1-3-11-12-23", "timings_sec": {"read_step": 0.016289799939841032, "enumerate_faces": 4.050019197165966e-05, "build_adjacency": 0.0005143000744283199, "extract_features": 0.001865800004452467, "map_labels": 0.00025129993446171284, "sanity_checks": 0.00021199998445808887, "total": 0.01917370012961328}}