{"part_id": "1-1-10-11-13-23", "timings_sec": {"read_step": 0.009362000040709972, "enumerate_faces": 3.0099879950284958e-05, "build_adjacency": 0.00034829997457563877, "extract_features": 0.001193600008264184, "map_labels": 0.0002093999646604061, "sanity_checks": 0.00015770015306770802, "total": 0.011301100021228194}}