{"part_id": "1-1-3-8-9-23", "timings_sec": {"read_step": 0.01662629982456565, "enumerate_faces": 3.629992716014385e-05, "build_adjacency": 0.0003634002059698105, "extract_features": 0.0013360001612454653, "map_labels": 0.00024720001965761185, "sanity_checks": 0.00026270002126693726, "total": 0.018871900159865618}}