{"part_id": "1-1-6-12-19", "timings_sec": {"read_step": 0.00744049996137619, "enumerate_faces": 3.3300137147307396e-05, "build_adjacency": 0.0002625999040901661, "extract_features": 0.0009272000752389431, "map_labels": 0.00022400007583200932, "sanity_checks": 0.00011680019088089466, "total": 0.00900440034456551}}