{"part_id": "1-1-7-9-11-23", "timings_sec": {"read_step": 0.017023999942466617, "enumerate_faces": 4.91999089717865e-05, "build_adjacency": 0.0005452001933008432, "extract_features": 0.002010999945923686, "map_labels": 0.00033410009928047657, "sanity_checks": 0.00027369987219572067, "total": 0.02023719996213913}}