{"part_id": "1-1-7-7-12-23", "timings_sec": {"read_step": 0.009046600200235844, "enumerate_faces": 2.8800219297409058e-05, "build_adjacency": 0.00042399996891617775, "extract_features": 0.0010759998112916946, "map_labels": 0.00020860019139945507, "sanity_checks": 0.000138899777084589, "total": 0.01092290016822517}}