{"part_id": "1-1-5-12-13-23", "timings_sec": {"read_step": 0.01323390007019043, "enumerate_faces": 4.029995761811733e-05, "build_adjacency": 0.0005307998508214951, "extract_features": 0.0018499998841434717, "map_labels": 0.00027279998175799847, "sanity_checks": 0.00024110008962452412, "total": 0.016168899834156036}}