{"part_id": "1-1-7-7-8-23", "timings_sec": {"read_step": 0.008130099857226014, "enumerate_faces": 2.5899847969412804e-05, "build_adjacency": 0.00026890006847679615, "extract_features": 0.0011177998967468739, "map_labels": 0.0001854998990893364, "sanity_checks": 0.00012529990635812283, "total": 0.009853499475866556}}