{"part_id": "1-1-1-14-19", "timings_sec": {"read_step": 0.0072801001369953156, "enumerate_faces": 2.41999514400959e-05, "build_adjacency": 0.00034779985435307026, "extract_features": 0.0009178000036627054, "map_labels": 0.00020659994333982468, "sanity_checks": 0.00011439993977546692, "total": 0.008890899829566479}}