{"part_id": "1-1-2-7-13-23", "timings_sec": {"read_step": 0.009618199896067381, "enumerate_faces": 3.3499905839562416e-05, "build_adjacency": 0.0003138999454677105, "extract_features": 0.0010889999102801085, "map_labels": 0.0002189998049288988, "sanity_checks": 0.00013180007226765156, "total": 0.011405399534851313}}