{"part_id": "1-1-9-13-13-23", "timings_sec": {"read_step": 0.008130799978971481, "enumerate_faces": 3.0700117349624634e-05, "build_adjacency": 0.00027469987981021404, "extract_features": 0.0010059999767690897, "map_labels": 0.00027549988590180874, "sanity_checks": 0.00012700003571808338, "total": 0.009844699874520302}}