{"part_id": "1-1-7-13-14-23", "timings_sec": {"read_step": 0.008186500053852797, "enumerate_faces": 2.6399968191981316e-05, "build_adjacency": 0.00027290009893476963, "extract_features": 0.0011875000782310963, "map_labels": 0.00019200006499886513, "sanity_checks": 0.00012390012852847576, "total": 0.009989200392737985}}