{"part_id": "1-1-2-3-9-23", "timings_sec": {"read_step": 0.015049299923703074, "enumerate_faces": 3.409991040825844e-05, "build_adjacency": 0.00038490002043545246, "extract_features": 0.001392400125041604, "map_labels": 0.00023390003480017185, "sanity_checks": 0.00017859996296465397, "total": 0.017273199977353215}}