{"part_id": "1-1-10-11-12-23", "timings_sec": {"read_step": 0.01058030012063682, "enumerate_faces": 2.950010821223259e-05, "build_adjacency": 0.0003505998756736517, "extract_features": 0.001431700075045228, "map_labels": 0.00021110009402036667, "sanity_checks": 0.00016769999638199806, "total": 0.012770900269970298}}