{"part_id": "1-1-2-4-6-23", "timings_sec": {"read_step": 0.011242899810895324, "enumerate_faces": 3.4700147807598114e-05, "build_adjacency": 0.0003575000446289778, "extract_features": 0.0013080001808702946, "map_labels": 0.00023310002870857716, "sanity_checks": 0.00014009978622198105, "total": 0.013316299999132752}}