{"part_id": "1-1-4-13-14-23", "timings_sec": {"read_step": 0.011977599933743477, "enumerate_faces": 3.7700170651078224e-05, "build_adjacency": 0.0003347001038491726, "extract_features": 0.0010444000363349915, "map_labels": 0.00022190017625689507, "sanity_checks": 0.0001278999261558056, "total": 0.01374420034699142}}