{"part_id": "1-1-6-11-13-23", "timings_sec": {"read_step": 0.010686299996450543, "enumerate_faces": 2.9199989512562752e-05, "build_adjacency": 0.0003557000309228897, "extract_features": 0.0012749000452458858, "map_labels": 0.0002071999479085207, "sanity_checks": 0.00022820010781288147, "total": 0.012781500117853284}}