{"part_id": "1-1-1-14-14-23", "timings_sec": {"read_step": 0.014579999959096313, "enumerate_faces": 2.9900111258029938e-05, "build_adjacency": 0.00041859992779791355, "extract_features": 0.0013152000028640032, "map_labels": 0.00023959996178746223, "sanity_checks": 0.0001916999462991953, "total": 0.016774999909102917}}