{"part_id": "1-1-6-8-8-23", "timings_sec": {"read_step": 0.008505200035870075, "enumerate_faces": 3.529991954565048e-05, "build_adjacency": 0.0003891000524163246, "extract_features": 0.0012450998183339834, "map_labels": 0.000219699926674366, "sanity_checks": 0.0001422001514583826, "total": 0.010536599904298782}}