{"part_id": "1-1-2-7-10-23", "timings_sec": {"read_step": 0.010992299998179078, "enumerate_faces": 3.360002301633358e-05, "build_adjacency": 0.0003708999138325453, "extract_features": 0.0013139999937266111, "map_labels": 0.00021890015341341496, "sanity_checks": 0.0001596000511199236, "total": 0.013089300133287907}}