{"part_id": "1-1-3-8-13-23", "timings_sec": {"read_step": 0.016757400007918477, "enumerate_faces": 3.490014933049679e-05, "build_adjacency": 0.000588499940931797, "extract_features": 0.0021951000671833754, "map_labels": 0.00022229994647204876, "sanity_checks": 0.00014699995517730713, "total": 0.019945200067013502}}