{"part_id": "1-1-2-7-9-23", "timings_sec": {"read_step": 0.016103100031614304, "enumerate_faces": 4.460010677576065e-05, "build_adjacency": 0.00043460004962980747, "extract_features": 0.0016858999151736498, "map_labels": 0.00032739993184804916, "sanity_checks": 0.000206399941816926, "total": 0.018801999976858497}}