{"part_id": "1-1-9-9-11-23", "timings_sec": {"read_step": 0.015277500031515956, "enumerate_faces": 4.950002767145634e-05, "build_adjacency": 0.0005459999665617943, "extract_features": 0.0015016000252217054, "map_labels": 0.0003104000352323055, "sanity_checks": 0.0002905998844653368, "total": 0.017975599970668554}}