{"part_id": "1-1-7-11-19", "timings_sec": {"read_step": 0.008876899955794215, "enumerate_faces": 2.529984340071678e-05, "build_adjacency": 0.0002796000335365534, "extract_features": 0.0010829998645931482, "map_labels": 0.00023930007591843605, "sanity_checks": 0.00013700011186301708, "total": 0.010641099885106087}}