{"part_id": "1-1-2-9-14-23", "timings_sec": {"read_step": 0.00882689980790019, "enumerate_faces": 2.3600179702043533e-05, "build_adjacency": 0.0002913998905569315, "extract_features": 0.0010867000091820955, "map_labels": 0.00019669998437166214, "sanity_checks": 0.000143399927765131, "total": 0.010568699799478054}}