{"part_id": "1-1-3-5-14-23", "timings_sec": {"read_step": 0.016086900141090155, "enumerate_faces": 3.6400044336915016e-05, "build_adjacency": 0.0004932999145239592, "extract_features": 0.0017041000537574291, "map_labels": 0.00028859986923635006, "sanity_checks": 0.0001984001137316227, "total": 0.01880770013667643}}