{"part_id": "1-1-4-6-11-23", "timings_sec": {"read_step": 0.010889099910855293, "enumerate_faces": 3.2700132578611374e-05, "build_adjacency": 0.0003599999472498894, "extract_features": 0.0012651998549699783, "map_labels": 0.0002310001291334629, "sanity_checks": 0.00015480001457035542, "total": 0.01293279998935759}}