{"part_id": "1-1-3-8-11-23", "timings_sec": {"read_step": 0.019947899971157312, "enumerate_faces": 4.309997893869877e-05, "build_adjacency": 0.000758900074288249, "extract_features": 0.002300499938428402, "map_labels": 0.00022709998302161694, "sanity_checks": 0.00019120005890727043, "total": 0.02346870000474155}}