{"part_id": "1-1-2-11-14-23", "timings_sec": {"read_step": 0.015474400017410517, "enumerate_faces": 3.4800032153725624e-05, "build_adjacency": 0.00036610011011362076, "extract_features": 0.0015302000101655722, "map_labels": 0.00027059996500611305, "sanity_checks": 0.00016649998724460602, "total": 0.017842600122094154}}