{"part_id": "1-1-11-13-14-23", "timings_sec": {"read_step": 0.009297899901866913, "enumerate_faces": 3.0199997127056122e-05, "build_adjacency": 0.00030729989521205425, "extract_features": 0.0011467000003904104, "map_labels": 0.00022600009106099606, "sanity_checks": 0.00014689983800053596, "total": 0.011154999723657966}}