{"part_id": "1-1-5-9-13-23", "timings_sec": {"read_step": 0.009609699947759509, "enumerate_faces": 2.7799978852272034e-05, "build_adjacency": 0.0003176999744027853, "extract_features": 0.0013862999621778727, "map_labels": 0.00022609997540712357, "sanity_checks": 0.0001387998927384615, "total": 0.011706399731338024}}