{"part_id": "1-1-3-9-14-23", "timings_sec": {"read_step": 0.014112800126895308, "enumerate_faces": 3.820005804300308e-05, "build_adjacency": 0.0003885000478476286, "extract_features": 0.0015469000209122896, "map_labels": 0.0002943000290542841, "sanity_checks": 0.00017199991270899773, "total": 0.01655270019546151}}