{"part_id": "1-1-3-4-11-23", "timings_sec": {"read_step": 0.012088699964806437, "enumerate_faces": 3.100000321865082e-05, "build_adjacency": 0.0003638998605310917, "extract_features": 0.001536400057375431, "map_labels": 0.0002194000408053398, "sanity_checks": 0.0001674999948590994, "total": 0.01440689992159605}}