{"part_id": "1-1-7-11-11-23", "timings_sec": {"read_step": 0.011301799910143018, "enumerate_faces": 3.220001235604286e-05, "build_adjacency": 0.0004471999127417803, "extract_features": 0.0014341999776661396, "map_labels": 0.00021949992515146732, "sanity_checks": 0.00017520016990602016, "total": 0.013610099907964468}}