{"part_id": "1-1-1-6-19", "timings_sec": {"read_step": 0.009038300020620227, "enumerate_faces": 2.8499867767095566e-05, "build_adjacency": 0.00031209993176162243, "extract_features": 0.0010458000469952822, "map_labels": 0.00020059989765286446, "sanity_checks": 0.00012209988199174404, "total": 0.010747399646788836}}