{"part_id": "1-1-5-12-12-23", "timings_sec": {"read_step": 0.009893199894577265, "enumerate_faces": 3.8400059565901756e-05, "build_adjacency": 0.00033840001560747623, "extract_features": 0.0011959001421928406, "map_labels": 0.0002142000012099743, "sanity_checks": 0.00015029986388981342, "total": 0.011830399977043271}}