{"part_id": "1-1-2-12-13-23", "timings_sec": {"read_step": 0.010310000041499734, "enumerate_faces": 3.469991497695446e-05, "build_adjacency": 0.0003543999046087265, "extract_features": 0.0011847000569105148, "map_labels": 0.00023619993589818478, "sanity_checks": 0.00014479993842542171, "total": 0.012264799792319536}}