{"part_id": "1-1-2-2-5-23", "timings_sec": {"read_step": 0.017903000116348267, "enumerate_faces": 4.479987546801567e-05, "build_adjacency": 0.0006534999702125788, "extract_features": 0.002214499982073903, "map_labels": 0.0002813998144119978, "sanity_checks": 0.0002731999848037958, "total": 0.021370399743318558}}