{"part_id": "1-1-1-4-7-23", "timings_sec": {"read_step": 0.010070799849927425, "enumerate_faces": 3.239978104829788e-05, "build_adjacency": 0.00034120003692805767, "extract_features": 0.0011773998849093914, "map_labels": 0.0002125999890267849, "sanity_checks": 0.00014810007996857166, "total": 0.011982499621808529}}