{"part_id": "1-1-13-14-19", "timings_sec": {"read_step": 0.007803100161254406, "enumerate_faces": 3.0899886041879654e-05, "build_adjacency": 0.00023630005307495594, "extract_features": 0.0008457000367343426, "map_labels": 0.00021460000425577164, "sanity_checks": 0.00011639995500445366, "total": 0.00924700009636581}}