{"part_id": "1-1-8-9-11-23", "timings_sec": {"read_step": 0.010475799906998873, "enumerate_faces": 3.739981912076473e-05, "build_adjacency": 0.000323600135743618, "extract_features": 0.0011807000264525414, "map_labels": 0.00023000012151896954, "sanity_checks": 0.00015520001761615276, "total": 0.01240270002745092}}