{"part_id": "1-1-4-5-10-23", "timings_sec": {"read_step": 0.014761900063604116, "enumerate_faces": 3.809994086623192e-05, "build_adjacency": 0.0005074001383036375, "extract_features": 0.0019135999027639627, "map_labels": 0.00028389994986355305, "sanity_checks": 0.0002528000622987747, "total": 0.017757700057700276}}