{"part_id": "1-1-6-11-11-23", "timings_sec": {"read_step": 0.01057229982689023, "enumerate_faces": 4.069996066391468e-05, "build_adjacency": 0.000381499994546175, "extract_features": 0.001991800032556057, "map_labels": 0.00034769997000694275, "sanity_checks": 0.0003043999895453453, "total": 0.013638399774208665}}