{"part_id": "1-1-5-6-13-23", "timings_sec": {"read_step": 0.009198700077831745, "enumerate_faces": 3.8599828258156776e-05, "build_adjacency": 0.00032819993793964386, "extract_features": 0.0009955998975783587, "map_labels": 0.000246299896389246, "sanity_checks": 0.0001275001559406519, "total": 0.010934899793937802}}