{"part_id": "1-1-2-2-12-23", "timings_sec": {"read_step": 0.011420399881899357, "enumerate_faces": 3.50000336766243e-05, "build_adjacency": 0.00038839993067085743, "extract_features": 0.001320800045505166, "map_labels": 0.00021790014579892159, "sanity_checks": 0.00015980005264282227, "total": 0.013542300090193748}}