{"part_id": "1-1-2-7-11-23", "timings_sec": {"read_step": 0.010907100047916174, "enumerate_faces": 3.6499928683042526e-05, "build_adjacency": 0.0003575999289751053, "extract_features": 0.0012777999509125948, "map_labels": 0.00023240013979375362, "sanity_checks": 0.00016109994612634182, "total": 0.012972499942407012}}