{"part_id": "1-1-3-3-6-23", "timings_sec": {"read_step": 0.018606700003147125, "enumerate_faces": 3.4400029107928276e-05, "build_adjacency": 0.0008375998586416245, "extract_features": 0.0022261999547481537, "map_labels": 0.0002263002097606659, "sanity_checks": 0.00022520008496940136, "total": 0.0221564001403749}}