{"part_id": "1-1-10-11-11-23", "timings_sec": {"read_step": 0.011899899924173951, "enumerate_faces": 3.0099879950284958e-05, "build_adjacency": 0.00040060002356767654, "extract_features": 0.0016246999148279428, "map_labels": 0.0002529001794755459, "sanity_checks": 0.00028789998032152653, "total": 0.014496099902316928}}