{"part_id": "1-1-2-10-11-23", "timings_sec": {"read_step": 0.013043900020420551, "enumerate_faces": 3.700004890561104e-05, "build_adjacency": 0.00043260003440082073, "extract_features": 0.001483700005337596, "map_labels": 0.0002343999221920967, "sanity_checks": 0.0001900000497698784, "total": 0.015421600081026554}}