{"part_id": "1-1-1-8-14-23", "timings_sec": {"read_step": 0.008184100035578012, "enumerate_faces": 2.8199981898069382e-05, "build_adjacency": 0.00026880018413066864, "extract_features": 0.0009876999538391829, "map_labels": 0.00020990008488297462, "sanity_checks": 0.00012400001287460327, "total": 0.009802700253203511}}