{"part_id": "1-1-3-9-19", "timings_sec": {"read_step": 0.01170330005697906, "enumerate_faces": 4.950002767145634e-05, "build_adjacency": 0.00038899993523955345, "extract_features": 0.0017661000601947308, "map_labels": 0.00023079989477992058, "sanity_checks": 0.00021239998750388622, "total": 0.014351099962368608}}