{"part_id": "1-1-2-10-14-23", "timings_sec": {"read_step": 0.013358700089156628, "enumerate_faces": 3.6800047382712364e-05, "build_adjacency": 0.00044419988989830017, "extract_features": 0.0013801001477986574, "map_labels": 0.00023710005916655064, "sanity_checks": 0.00017120013944804668, "total": 0.015628100372850895}}