{"part_id": "1-1-2-12-14-23", "timings_sec": {"read_step": 0.011640500044450164, "enumerate_faces": 3.460003063082695e-05, "build_adjacency": 0.00036800000816583633, "extract_features": 0.0012755000498145819, "map_labels": 0.00022909999825060368, "sanity_checks": 0.00015690014697611332, "total": 0.013704600278288126}}