{"part_id": "1-1-2-9-11-23", "timings_sec": {"read_step": 0.011351999826729298, "enumerate_faces": 2.9799994081258774e-05, "build_adjacency": 0.00038579991087317467, "extract_features": 0.0013560999650508165, "map_labels": 0.0002217001747339964, "sanity_checks": 0.00016799988225102425, "total": 0.013513399753719568}}