{"part_id": "1-1-3-5-11-23", "timings_sec": {"read_step": 0.01208529993891716, "enumerate_faces": 2.6999972760677338e-05, "build_adjacency": 0.00038519990630447865, "extract_features": 0.0013441999908536673, "map_labels": 0.00019970000721514225, "sanity_checks": 0.00016859988681972027, "total": 0.014209999702870846}}