{"part_id": "1-1-3-10-19", "timings_sec": {"read_step": 0.011374300112947822, "enumerate_faces": 4.229997284710407e-05, "build_adjacency": 0.0004439998883754015, "extract_features": 0.0013046001549810171, "map_labels": 0.00023820018395781517, "sanity_checks": 0.00020699994638562202, "total": 0.013610400259494781}}