{"part_id": "1-1-1-8-11-23", "timings_sec": {"read_step": 0.009303900180384517, "enumerate_faces": 2.7800211682915688e-05, "build_adjacency": 0.00030809990130364895, "extract_features": 0.001139800064265728, "map_labels": 0.00020510004833340645, "sanity_checks": 0.00014640018343925476, "total": 0.01113110058940947}}