{"part_id": "1-1-1-4-14-23", "timings_sec": {"read_step": 0.014729899819940329, "enumerate_faces": 3.9899954572319984e-05, "build_adjacency": 0.00041479989886283875, "extract_features": 0.0016073000151664019, "map_labels": 0.00025669997557997704, "sanity_checks": 0.00018610013648867607, "total": 0.017234699800610542}}