{"part_id": "1-1-1-12-14-23", "timings_sec": {"read_step": 0.012545700185000896, "enumerate_faces": 3.120000474154949e-05, "build_adjacency": 0.0003518001176416874, "extract_features": 0.0012346000876277685, "map_labels": 0.00021860003471374512, "sanity_checks": 0.00014989986084401608, "total": 0.014531800290569663}}