{"part_id": "1-1-8-8-8-23", "timings_sec": {"read_step": 0.009467600146308541, "enumerate_faces": 3.609992563724518e-05, "build_adjacency": 0.00045299995690584183, "extract_features": 0.0014255999121814966, "map_labels": 0.0002804000396281481, "sanity_checks": 0.0001898000482469797, "total": 0.011852500028908253}}