{"part_id": "1-1-1-1-2-23", "timings_sec": {"read_step": 0.019067399902269244, "enumerate_faces": 3.220001235604286e-05, "build_adjacency": 0.0005481000989675522, "extract_features": 0.0017770000267773867, "map_labels": 0.0002218000590801239, "sanity_checks": 0.00019539985805749893, "total": 0.02184189995750785}}