{"part_id": "1-1-9-10-10-23", "timings_sec": {"read_step": 0.009612900204956532, "enumerate_faces": 3.360002301633358e-05, "build_adjacency": 0.00031560007482767105, "extract_features": 0.0013749999925494194, "map_labels": 0.00023840018548071384, "sanity_checks": 0.00018179998733103275, "total": 0.011757300468161702}}