{"part_id": "1-1-2-14-19", "timings_sec": {"read_step": 0.013246699934825301, "enumerate_faces": 3.1800009310245514e-05, "build_adjacency": 0.0002916997764259577, "extract_features": 0.0010184000711888075, "map_labels": 0.00022840010933578014, "sanity_checks": 0.00012480001896619797, "total": 0.01494179992005229}}