{"part_id": "1-1-1-5-13-23", "timings_sec": {"read_step": 0.010236900066956878, "enumerate_faces": 2.859998494386673e-05, "build_adjacency": 0.00035360013134777546, "extract_features": 0.001202200073748827, "map_labels": 0.00020240014418959618, "sanity_checks": 0.0001385000068694353, "total": 0.012162200408056378}}