{"part_id": "1-1-7-7-11-23", "timings_sec": {"read_step": 0.014702799962833524, "enumerate_faces": 3.260001540184021e-05, "build_adjacency": 0.0003652998711913824, "extract_features": 0.0014248001389205456, "map_labels": 0.00023330003023147583, "sanity_checks": 0.00016339984722435474, "total": 0.016922199865803123}}