{"part_id": "1-1-1-1-7-23", "timings_sec": {"read_step": 0.01672549988143146, "enumerate_faces": 3.8400059565901756e-05, "build_adjacency": 0.000605100067332387, "extract_features": 0.0020264999475330114, "map_labels": 0.0002625000197440386, "sanity_checks": 0.00025809998624026775, "total": 0.019916099961847067}}