{"part_id": "1-1-3-12-19", "timings_sec": {"read_step": 0.010017000138759613, "enumerate_faces": 3.6499928683042526e-05, "build_adjacency": 0.00031090015545487404, "extract_features": 0.001253100112080574, "map_labels": 0.0002554000820964575, "sanity_checks": 0.0001400001347064972, "total": 0.012012900551781058}}