{"part_id": "1-1-11-12-19", "timings_sec": {"read_step": 0.00882590003311634, "enumerate_faces": 2.840021625161171e-05, "build_adjacency": 0.00031400006264448166, "extract_features": 0.0010932998266071081, "map_labels": 0.00020319991745054722, "sanity_checks": 0.00014459993690252304, "total": 0.010609399992972612}}