{"part_id": "1-1-2-8-11-23", "timings_sec": {"read_step": 0.011102600023150444, "enumerate_faces": 4.1899969801306725e-05, "build_adjacency": 0.000354300020262599, "extract_features": 0.0012437000405043364, "map_labels": 0.0002578999847173691, "sanity_checks": 0.00016450020484626293, "total": 0.013164900243282318}}