{"part_id": "1-1-8-12-14-23", "timings_sec": {"read_step": 0.010676800040528178, "enumerate_faces": 3.569992259144783e-05, "build_adjacency": 0.00029719993472099304, "extract_features": 0.001448499970138073, "map_labels": 0.00025759986601769924, "sanity_checks": 0.0001379000023007393, "total": 0.01285369973629713}}