{"part_id": "1-1-1-4-9-23", "timings_sec": {"read_step": 0.009902700083330274, "enumerate_faces": 2.519995905458927e-05, "build_adjacency": 0.0003853999078273773, "extract_features": 0.0011992000509053469, "map_labels": 0.0001954999752342701, "sanity_checks": 0.0001534998882561922, "total": 0.01186149986460805}}