{"part_id": "1-1-6-14-19", "timings_sec": {"read_step": 0.00886599998921156, "enumerate_faces": 3.929995000362396e-05, "build_adjacency": 0.0002513001672923565, "extract_features": 0.0011919999960809946, "map_labels": 0.00030930014327168465, "sanity_checks": 0.00018770014867186546, "total": 0.010845600394532084}}