{"part_id": "1-1-8-10-10-23", "timings_sec": {"read_step": 0.01700440002605319, "enumerate_faces": 4.4999876990914345e-05, "build_adjacency": 0.0006084998603910208, "extract_features": 0.0020401000510901213, "map_labels": 0.00030070007778704166, "sanity_checks": 0.00028520007617771626, "total": 0.020283899968490005}}