{"part_id": "1-1-1-1-9-23", "timings_sec": {"read_step": 0.01122350012883544, "enumerate_faces": 3.860006108880043e-05, "build_adjacency": 0.00046209990978240967, "extract_features": 0.0018186999950557947, "map_labels": 0.00023250002413988113, "sanity_checks": 0.00015030009672045708, "total": 0.013925700215622783}}