{"part_id": "1-1-4-6-13-23", "timings_sec": {"read_step": 0.007994499988853931, "enumerate_faces": 3.4400029107928276e-05, "build_adjacency": 0.0002601000014692545, "extract_features": 0.001064100069925189, "map_labels": 0.00021169986575841904, "sanity_checks": 0.00012030010111629963, "total": 0.009685100056231022}}