{"part_id": "1-1-3-10-12-23", "timings_sec": {"read_step": 0.015555300051346421, "enumerate_faces": 3.810017369687557e-05, "build_adjacency": 0.0005000999663025141, "extract_features": 0.0017840999644249678, "map_labels": 0.00023650005459785461, "sanity_checks": 0.00022060004994273186, "total": 0.018334700260311365}}