{"part_id": "1-1-7-9-9-23", "timings_sec": {"read_step": 0.014852799940854311, "enumerate_faces": 4.509999416768551e-05, "build_adjacency": 0.0004412999842315912, "extract_features": 0.0017067999579012394, "map_labels": 0.0003162999637424946, "sanity_checks": 0.00021600001491606236, "total": 0.017578299855813384}}