{"part_id": "1-1-12-14-14-23", "timings_sec": {"read_step": 0.008867500117048621, "enumerate_faces": 2.8499867767095566e-05, "build_adjacency": 0.00030489987693727016, "extract_features": 0.0010857000015676022, "map_labels": 0.00020490004681050777, "sanity_checks": 0.0001479999627918005, "total": 0.010639499872922897}}