{"part_id": "1-1-1-6-8-23", "timings_sec": {"read_step": 0.007644300116226077, "enumerate_faces": 2.559996210038662e-05, "build_adjacency": 0.0002546999603509903, "extract_features": 0.0009298999793827534, "map_labels": 0.00020050001330673695, "sanity_checks": 0.00011730007827281952, "total": 0.009172300109639764}}