{"part_id": "1-1-3-3-9-23", "timings_sec": {"read_step": 0.016813999973237514, "enumerate_faces": 3.660004585981369e-05, "build_adjacency": 0.0007805000059306622, "extract_features": 0.002389900153502822, "map_labels": 0.00024159997701644897, "sanity_checks": 0.00035470002330839634, "total": 0.020617300178855658}}