{"part_id": "1-1-1-5-7-23", "timings_sec": {"read_step": 0.010247899917885661, "enumerate_faces": 2.219993621110916e-05, "build_adjacency": 0.00032579991966485977, "extract_features": 0.0011457998771220446, "map_labels": 0.00019120005890727043, "sanity_checks": 0.00014059990644454956, "total": 0.012073499616235495}}