{"part_id": "1-1-3-7-12-23", "timings_sec": {"read_step": 0.011258699931204319, "enumerate_faces": 3.220001235604286e-05, "build_adjacency": 0.00036129984073340893, "extract_features": 0.0018143001943826675, "map_labels": 0.00022549997083842754, "sanity_checks": 0.00015689991414546967, "total": 0.013848899863660336}}