{"part_id": "1-1-8-11-11-23", "timings_sec": {"read_step": 0.020135500002652407, "enumerate_faces": 5.200016312301159e-05, "build_adjacency": 0.0005979998968541622, "extract_features": 0.0023087000008672476, "map_labels": 0.0003114000428467989, "sanity_checks": 0.0002718998584896326, "total": 0.02367749996483326}}