{"part_id": "1-1-2-3-5-23", "timings_sec": {"read_step": 0.016400099964812398, "enumerate_faces": 4.1499966755509377e-05, "build_adjacency": 0.0006570001132786274, "extract_features": 0.0017047000583261251, "map_labels": 0.00023699994198977947, "sanity_checks": 0.00018190010450780392, "total": 0.019222200149670243}}