{"part_id": "1-1-3-13-13-23", "timings_sec": {"read_step": 0.01223789993673563, "enumerate_faces": 3.50000336766243e-05, "build_adjacency": 0.0003899000585079193, "extract_features": 0.0013212000485509634, "map_labels": 0.00023390003480017185, "sanity_checks": 0.0001550999004393816, "total": 0.01437300001271069}}