{"part_id": "1-1-3-11-19", "timings_sec": {"read_step": 0.015354899922385812, "enumerate_faces": 3.7400051951408386e-05, "build_adjacency": 0.0004835000727325678, "extract_features": 0.001882700016722083, "map_labels": 0.00028900010511279106, "sanity_checks": 0.00020410004071891308, "total": 0.018251600209623575}}