{"part_id": "1-1-4-9-9-23", "timings_sec": {"read_step": 0.009906199993565679, "enumerate_faces": 2.4300068616867065e-05, "build_adjacency": 0.0003171998541802168, "extract_features": 0.0012103000190109015, "map_labels": 0.0002039000391960144, "sanity_checks": 0.00014370004646480083, "total": 0.01180560002103448}}