{"part_id": "1-1-1-7-11-23", "timings_sec": {"read_step": 0.010436899960041046, "enumerate_faces": 2.95999925583601e-05, "build_adjacency": 0.00034920009784400463, "extract_features": 0.0012552000116556883, "map_labels": 0.00022040004841983318, "sanity_checks": 0.00015380000695586205, "total": 0.012445100117474794}}