{"part_id": "1-1-1-6-7-23", "timings_sec": {"read_step": 0.009755999781191349, "enumerate_faces": 2.9700109735131264e-05, "build_adjacency": 0.00033970014192163944, "extract_features": 0.0011555999517440796, "map_labels": 0.00022210017777979374, "sanity_checks": 0.00014079990796744823, "total": 0.011643900070339441}}