{"part_id": "1-1-2-7-8-23", "timings_sec": {"read_step": 0.013908500084653497, "enumerate_faces": 3.8899946957826614e-05, "build_adjacency": 0.0003961999900639057, "extract_features": 0.0012735000345855951, "map_labels": 0.00036429986357688904, "sanity_checks": 0.0001534000039100647, "total": 0.016134799923747778}}