{"part_id": "1-1-8-13-14-23", "timings_sec": {"read_step": 0.011348300147801638, "enumerate_faces": 4.2400090023875237e-05, "build_adjacency": 0.0005044999998062849, "extract_features": 0.002011100063100457, "map_labels": 0.0003228001296520233, "sanity_checks": 0.0002305000089108944, "total": 0.014459600439295173}}