{"part_id": "1-1-9-11-19", "timings_sec": {"read_step": 0.010465600062161684, "enumerate_faces": 3.83998267352581e-05, "build_adjacency": 0.00048319995403289795, "extract_features": 0.0015226001851260662, "map_labels": 0.00022900011390447617, "sanity_checks": 0.00016469997353851795, "total": 0.0129035001154989}}