{"part_id": "1-1-8-9-12-23", "timings_sec": {"read_step": 0.009461699984967709, "enumerate_faces": 3.7800054997205734e-05, "build_adjacency": 0.00029450003057718277, "extract_features": 0.0010742000304162502, "map_labels": 0.0002476999070495367, "sanity_checks": 0.0001455000601708889, "total": 0.011261400068178773}}