{"part_id": "1-1-8-9-9-23", "timings_sec": {"read_step": 0.010427499888464808, "enumerate_faces": 3.6400044336915016e-05, "build_adjacency": 0.0003349999897181988, "extract_features": 0.0013661999255418777, "map_labels": 0.0002218999434262514, "sanity_checks": 0.00015569990500807762, "total": 0.012542699696496129}}