{"part_id": "1-1-2-9-10-23", "timings_sec": {"read_step": 0.010206200182437897, "enumerate_faces": 3.100000321865082e-05, "build_adjacency": 0.00034360005520284176, "extract_features": 0.0012558999005705118, "map_labels": 0.00022419984452426434, "sanity_checks": 0.0001517001073807478, "total": 0.012212600093334913}}