{"part_id": "1-1-5-12-14-23", "timings_sec": {"read_step": 0.01396270003169775, "enumerate_faces": 3.360002301633358e-05, "build_adjacency": 0.0003704000264406204, "extract_features": 0.0016981998924165964, "map_labels": 0.0002397999633103609, "sanity_checks": 0.00026050000451505184, "total": 0.016565199941396713}}