{"part_id": "1-1-2-8-8-23", "timings_sec": {"read_step": 0.010916500119492412, "enumerate_faces": 3.760005347430706e-05, "build_adjacency": 0.0004455000162124634, "extract_features": 0.0011376000475138426, "map_labels": 0.00021670013666152954, "sanity_checks": 0.00013759988360106945, "total": 0.012891500256955624}}