{"part_id": "1-1-2-3-14-23", "timings_sec": {"read_step": 0.02038420015014708, "enumerate_faces": 4.42001037299633e-05, "build_adjacency": 0.0007545999251306057, "extract_features": 0.0022338000126183033, "map_labels": 0.0002368998248130083, "sanity_checks": 0.0001962999813258648, "total": 0.023849999997764826}}