{"part_id": "1-1-1-6-9-23", "timings_sec": {"read_step": 0.008700500009581447, "enumerate_faces": 2.8799986466765404e-05, "build_adjacency": 0.00028229993768036366, "extract_features": 0.0010067000985145569, "map_labels": 0.00020480016246438026, "sanity_checks": 0.00013149995356798172, "total": 0.010354600148275495}}