{"part_id": "1-1-1-11-12-23", "timings_sec": {"read_step": 0.01266370015218854, "enumerate_faces": 2.9799994081258774e-05, "build_adjacency": 0.00042479997500777245, "extract_features": 0.0014986000023782253, "map_labels": 0.0002205998171120882, "sanity_checks": 0.00017730006948113441, "total": 0.015014800010249019}}