{"part_id": "1-1-3-5-12-23", "timings_sec": {"read_step": 0.011795399943366647, "enumerate_faces": 2.7899863198399544e-05, "build_adjacency": 0.000523699913173914, "extract_features": 0.0013969000428915024, "map_labels": 0.00023199990391731262, "sanity_checks": 0.00017310003750026226, "total": 0.014148999704048038}}