{"part_id": "1-1-1-5-6-23", "timings_sec": {"read_step": 0.008284100098535419, "enumerate_faces": 2.0399922505021095e-05, "build_adjacency": 0.00026810006238520145, "extract_features": 0.0009927002247422934, "map_labels": 0.0001898000482469797, "sanity_checks": 0.00012720003724098206, "total": 0.009882300393655896}}