{"part_id": "1-1-4-14-19", "timings_sec": {"read_step": 0.010197499999776483, "enumerate_faces": 3.490014933049679e-05, "build_adjacency": 0.0003223998937755823, "extract_features": 0.0015084999613463879, "map_labels": 0.000300500076264143, "sanity_checks": 0.0002000001259148121, "total": 0.012563800206407905}}