{"part_id": "1-1-2-3-6-23", "timings_sec": {"read_step": 0.02273400011472404, "enumerate_faces": 4.600011743605137e-05, "build_adjacency": 0.0004887999966740608, "extract_features": 0.0016205001156777143, "map_labels": 0.00023610005155205727, "sanity_checks": 0.00018159998580813408, "total": 0.025307000381872058}}