{"part_id": "1-1-1-8-12-23", "timings_sec": {"read_step": 0.014253199798986316, "enumerate_faces": 3.3800024539232254e-05, "build_adjacency": 0.0005075999069958925, "extract_features": 0.0017636001575738192, "map_labels": 0.0002709999680519104, "sanity_checks": 0.00022950000129640102, "total": 0.01705869985744357}}