{"part_id": "1-1-8-8-10-23", "timings_sec": {"read_step": 0.012202400015667081, "enumerate_faces": 4.569999873638153e-05, "build_adjacency": 0.00042319996282458305, "extract_features": 0.0015410000924021006, "map_labels": 0.00028799986466765404, "sanity_checks": 0.00020110001787543297, "total": 0.014701399952173233}}