{"part_id": "1-1-7-7-10-23", "timings_sec": {"read_step": 0.008639400126412511, "enumerate_faces": 2.429983578622341e-05, "build_adjacency": 0.0002856000792235136, "extract_features": 0.0010731001384556293, "map_labels": 0.00019829999655485153, "sanity_checks": 0.00013890000991523266, "total": 0.010359600186347961}}