{"part_id": "1-1-10-12-12-23", "timings_sec": {"read_step": 0.009461999870836735, "enumerate_faces": 2.6899855583906174e-05, "build_adjacency": 0.0003209998831152916, "extract_features": 0.0011940998956561089, "map_labels": 0.0002039000391960144, "sanity_checks": 0.00014970009215176105, "total": 0.011357599636539817}}