{"part_id": "1-1-4-4-5-23", "timings_sec": {"read_step": 0.015482800081372261, "enumerate_faces": 4.360009916126728e-05, "build_adjacency": 0.0005604000762104988, "extract_features": 0.0019064000807702541, "map_labels": 0.0002834999468177557, "sanity_checks": 0.00020890007726848125, "total": 0.018485600361600518}}