{"part_id": "1-1-5-11-12-23", "timings_sec": {"read_step": 0.011534900171682239, "enumerate_faces": 3.3599790185689926e-05, "build_adjacency": 0.00044560013338923454, "extract_features": 0.0014187998604029417, "map_labels": 0.00021900003775954247, "sanity_checks": 0.00019070017151534557, "total": 0.013842600164934993}}