{"part_id": "1-1-9-11-13-23", "timings_sec": {"read_step": 0.010193200083449483, "enumerate_faces": 3.390014171600342e-05, "build_adjacency": 0.0003333000931888819, "extract_features": 0.0014299999456852674, "map_labels": 0.0002875998616218567, "sanity_checks": 0.00016000005416572094, "total": 0.012438000179827213}}