{"part_id": "1-1-2-2-19", "timings_sec": {"read_step": 0.015065099811181426, "enumerate_faces": 3.190012648701668e-05, "build_adjacency": 0.0006297999061644077, "extract_features": 0.002180800074711442, "map_labels": 0.0002460998948663473, "sanity_checks": 0.00018580001778900623, "total": 0.018339499831199646}}