{"part_id": "1-1-4-8-11-23", "timings_sec": {"read_step": 0.010790199972689152, "enumerate_faces": 3.400002606213093e-05, "build_adjacency": 0.00037439982406795025, "extract_features": 0.0012062001042068005, "map_labels": 0.00022330018691718578, "sanity_checks": 0.00015780003741383553, "total": 0.012785900151357055}}