{"part_id": "1-1-10-10-19", "timings_sec": {"read_step": 0.009093000087887049, "enumerate_faces": 2.6300083845853806e-05, "build_adjacency": 0.0003078998997807503, "extract_features": 0.0011166001204401255, "map_labels": 0.00019789999350905418, "sanity_checks": 0.00013990001752972603, "total": 0.010881600202992558}}