{"part_id": "1-1-2-5-14-23", "timings_sec": {"read_step": 0.011078600073233247, "enumerate_faces": 3.309990279376507e-05, "build_adjacency": 0.00036360020749270916, "extract_features": 0.0013042998034507036, "map_labels": 0.00021949992515146732, "sanity_checks": 0.00014819996431469917, "total": 0.013147299876436591}}