{"part_id": "1-1-7-8-12-23", "timings_sec": {"read_step": 0.008796700043603778, "enumerate_faces": 3.3400021493434906e-05, "build_adjacency": 0.00029150000773370266, "extract_features": 0.001063500065356493, "map_labels": 0.00023159990087151527, "sanity_checks": 0.000134600093588233, "total": 0.010551300132647157}}