{"part_id": "1-1-3-3-8-23", "timings_sec": {"read_step": 0.011561700142920017, "enumerate_faces": 3.310013562440872e-05, "build_adjacency": 0.0004024000372737646, "extract_features": 0.0014863000251352787, "map_labels": 0.00020910007879137993, "sanity_checks": 0.00016569998115301132, "total": 0.01385830040089786}}