{"part_id": "1-1-3-7-19", "timings_sec": {"read_step": 0.013256999896839261, "enumerate_faces": 3.6499928683042526e-05, "build_adjacency": 0.0003863000310957432, "extract_features": 0.0018740999512374401, "map_labels": 0.000259599881246686, "sanity_checks": 0.0002707999665290117, "total": 0.016084299655631185}}