{"part_id": "1-1-4-9-11-23", "timings_sec": {"read_step": 0.01046490017324686, "enumerate_faces": 2.6300083845853806e-05, "build_adjacency": 0.0003486999776214361, "extract_features": 0.0012479000724852085, "map_labels": 0.00020830007269978523, "sanity_checks": 0.00015689991414546967, "total": 0.012453000294044614}}