{"part_id": "1-1-3-4-8-23", "timings_sec": {"read_step": 0.009602100122720003, "enumerate_faces": 3.869994543492794e-05, "build_adjacency": 0.0003320001997053623, "extract_features": 0.0017478999216109514, "map_labels": 0.00022959988564252853, "sanity_checks": 0.00015169987455010414, "total": 0.012101999949663877}}