{"part_id": "1-1-1-4-10-23", "timings_sec": {"read_step": 0.00900670001283288, "enumerate_faces": 2.629985101521015e-05, "build_adjacency": 0.00029550003819167614, "extract_features": 0.001080899965018034, "map_labels": 0.00019700010307133198, "sanity_checks": 0.00013950001448392868, "total": 0.010745899984613061}}