{"part_id": "1-1-4-4-13-23", "timings_sec": {"read_step": 0.012884400086477399, "enumerate_faces": 3.920006565749645e-05, "build_adjacency": 0.00029269978404045105, "extract_features": 0.0013003000058233738, "map_labels": 0.0002695999573916197, "sanity_checks": 0.00015089986845850945, "total": 0.01493709976784885}}