{"part_id": "1-1-10-10-13-23", "timings_sec": {"read_step": 0.009408199926838279, "enumerate_faces": 2.41999514400959e-05, "build_adjacency": 0.00031729997135698795, "extract_features": 0.0011504001449793577, "map_labels": 0.0002072998322546482, "sanity_checks": 0.0001471000723540783, "total": 0.011254499899223447}}