{"part_id": "1-1-1-7-7-23", "timings_sec": {"read_step": 0.00828219996765256, "enumerate_faces": 2.4300068616867065e-05, "build_adjacency": 0.0002801001537591219, "extract_features": 0.0012348999734967947, "map_labels": 0.00019569997675716877, "sanity_checks": 0.0001284999307245016, "total": 0.010145700071007013}}