{"part_id": "1-1-3-11-14-23", "timings_sec": {"read_step": 0.017043900210410357, "enumerate_faces": 3.820005804300308e-05, "build_adjacency": 0.0006735001225024462, "extract_features": 0.0016171999741345644, "map_labels": 0.00023829983547329903, "sanity_checks": 0.00019570020958781242, "total": 0.01980680041015148}}