{"part_id": "1-1-2-5-19", "timings_sec": {"read_step": 0.012530300067737699, "enumerate_faces": 3.260001540184021e-05, "build_adjacency": 0.0004001001361757517, "extract_features": 0.0013432998675853014, "map_labels": 0.00022569997236132622, "sanity_checks": 0.0001637998502701521, "total": 0.01469579990953207}}