{"part_id": "1-1-9-13-19", "timings_sec": {"read_step": 0.010268900077790022, "enumerate_faces": 3.820005804300308e-05, "build_adjacency": 0.0002935999073088169, "extract_features": 0.0009923998732119799, "map_labels": 0.00026650005020201206, "sanity_checks": 0.00012049986980855465, "total": 0.011980099836364388}}