{"part_id": "1-1-3-12-13-23", "timings_sec": {"read_step": 0.017945599975064397, "enumerate_faces": 4.369998350739479e-05, "build_adjacency": 0.0005701999180018902, "extract_features": 0.001653800019994378, "map_labels": 0.0002405999694019556, "sanity_checks": 0.00019049993716180325, "total": 0.02064439980313182}}