{"part_id": "1-1-4-6-7-23", "timings_sec": {"read_step": 0.009022800019010901, "enumerate_faces": 3.400002606213093e-05, "build_adjacency": 0.00028149993158876896, "extract_features": 0.0010805998463183641, "map_labels": 0.0002457001246511936, "sanity_checks": 0.00012869993224740028, "total": 0.01079329987987876}}