{"part_id": "1-1-1-5-11-23", "timings_sec": {"read_step": 0.011849800124764442, "enumerate_faces": 2.8200214728713036e-05, "build_adjacency": 0.00047649978660047054, "extract_features": 0.001425800146535039, "map_labels": 0.00021299999207258224, "sanity_checks": 0.0001675998792052269, "total": 0.014160900143906474}}