{"part_id": "1-1-2-2-9-23", "timings_sec": {"read_step": 0.014739499893039465, "enumerate_faces": 4.160008393228054e-05, "build_adjacency": 0.0007261000573635101, "extract_features": 0.0018160000909119844, "map_labels": 0.0002562999725341797, "sanity_checks": 0.000201700022444129, "total": 0.01778120012022555}}