{"part_id": "1-1-2-6-9-23", "timings_sec": {"read_step": 0.011675199959427118, "enumerate_faces": 3.3499905839562416e-05, "build_adjacency": 0.00035099987871944904, "extract_features": 0.0012590999249368906, "map_labels": 0.0002297000028192997, "sanity_checks": 0.00015820004045963287, "total": 0.013706699712201953}}