{"part_id": "1-10-12-13-14-23", "timings_sec": {"read_step": 0.009750599972903728, "enumerate_faces": 3.539980389177799e-05, "build_adjacency": 0.0003037999849766493, "extract_features": 0.0015654000453650951, "map_labels": 0.00031579984351992607, "sanity_checks": 0.00023170001804828644, "total": 0.012202699668705463}}