{"part_id": "1-10-12-12-14-23", "timings_sec": {"read_step": 0.010848399950191379, "enumerate_faces": 3.6999816074967384e-05, "build_adjacency": 0.00033750012516975403, "extract_features": 0.00121380016207695, "map_labels": 0.00023499992676079273, "sanity_checks": 0.00016700010746717453, "total": 0.012838700087741017}}