{"part_id": "1-10-10-13-19", "timings_sec": {"read_step": 0.00772639992646873, "enumerate_faces": 3.2700132578611374e-05, "build_adjacency": 0.00027590012177824974, "extract_features": 0.0010014001745730639, "map_labels": 0.0002305000089108944, "sanity_checks": 0.0001316999550908804, "total": 0.00939860031940043}}