{"part_id": "1-10-11-12-14-23", "timings_sec": {"read_step": 0.01122490013949573, "enumerate_faces": 3.5800039768218994e-05, "build_adjacency": 0.00037260004319250584, "extract_features": 0.001357699977234006, "map_labels": 0.00026599992997944355, "sanity_checks": 0.00017390004359185696, "total": 0.013430900173261762}}