{"part_id": "1-10-10-19", "timings_sec": {"read_step": 0.007466400042176247, "enumerate_faces": 3.360002301633358e-05, "build_adjacency": 0.0002527001779526472, "extract_features": 0.0009091999381780624, "map_labels": 0.00023199990391731262, "sanity_checks": 0.00012450013309717178, "total": 0.009018400218337774}}