{"part_id": "1-10-13-13-14-23", "timings_sec": {"read_step": 0.012948099989444017, "enumerate_faces": 4.710000939667225e-05, "build_adjacency": 0.00043789995834231377, "extract_features": 0.0016558000352233648, "map_labels": 0.0003333000931888819, "sanity_checks": 0.00014919997192919254, "total": 0.015571400057524443}}