{"part_id": "1-10-13-13-13-23", "timings_sec": {"read_step": 0.012195799965411425, "enumerate_faces": 3.729993477463722e-05, "build_adjacency": 0.0002796999178826809, "extract_features": 0.001360700000077486, "map_labels": 0.0002731001004576683, "sanity_checks": 0.00014070002362132072, "total": 0.014287299942225218}}