{"part_id": "1-10-10-12-14-23", "timings_sec": {"read_step": 0.01225290005095303, "enumerate_faces": 4.549999721348286e-05, "build_adjacency": 0.0003500001039355993, "extract_features": 0.0016634000930935144, "map_labels": 0.00029699993319809437, "sanity_checks": 0.00024330010637640953, "total": 0.014852100284770131}}