{"part_id": "1-10-11-13-14-23", "timings_sec": {"read_step": 0.010229199891909957, "enumerate_faces": 3.4999800845980644e-05, "build_adjacency": 0.00033670011907815933, "extract_features": 0.0013774000108242035, "map_labels": 0.0002571998629719019, "sanity_checks": 0.00016399985179305077, "total": 0.012399499537423253}}