{"part_id": "1-10-10-10-19", "timings_sec": {"read_step": 0.012058099964633584, "enumerate_faces": 4.529999569058418e-05, "build_adjacency": 0.00045749987475574017, "extract_features": 0.0012471999507397413, "map_labels": 0.0002655999269336462, "sanity_checks": 0.00014960020780563354, "total": 0.01422329992055893}}