{"part_id": "1-10-10-11-13-23", "timings_sec": {"read_step": 0.016538399970158935, "enumerate_faces": 3.890017978847027e-05, "build_adjacency": 0.0003706000279635191, "extract_features": 0.0014070000033825636, "map_labels": 0.0002492000348865986, "sanity_checks": 0.00017189979553222656, "total": 0.018776000011712313}}