{"part_id": "1-10-12-13-13-23", "timings_sec": {"read_step": 0.00928100012242794, "enumerate_faces": 4.309997893869877e-05, "build_adjacency": 0.0003053999971598387, "extract_features": 0.0011086000595241785, "map_labels": 0.0002577998675405979, "sanity_checks": 0.00014880020171403885, "total": 0.011144700227305293}}