{"part_id": "1-10-11-12-12-23", "timings_sec": {"read_step": 0.012289599981158972, "enumerate_faces": 3.900006413459778e-05, "build_adjacency": 0.0004227999597787857, "extract_features": 0.001406800001859665, "map_labels": 0.0002452000044286251, "sanity_checks": 0.0001789000816643238, "total": 0.014582300093024969}}