{"part_id": "1-10-10-12-12-23", "timings_sec": {"read_step": 0.01840979978442192, "enumerate_faces": 4.9900030717253685e-05, "build_adjacency": 0.00039219995960593224, "extract_features": 0.0018756999634206295, "map_labels": 0.0003244001418352127, "sanity_checks": 0.00026030000299215317, "total": 0.021312299882993102}}