{"part_id": "1-10-10-10-11-23", "timings_sec": {"read_step": 0.016820000018924475, "enumerate_faces": 4.8999907448887825e-05, "build_adjacency": 0.0005927998572587967, "extract_features": 0.0021735001355409622, "map_labels": 0.0003598998300731182, "sanity_checks": 0.00028789998032152653, "total": 0.020283099729567766}}