{"part_id": "1-10-10-14-14-23", "timings_sec": {"read_step": 0.01151810004375875, "enumerate_faces": 5.769985727965832e-05, "build_adjacency": 0.0005166998598724604, "extract_features": 0.0012668000999838114, "map_labels": 0.0002943000290542841, "sanity_checks": 0.0001629998441785574, "total": 0.013816599734127522}}