{"part_id": "1-10-10-10-10-23", "timings_sec": {"read_step": 0.016744600143283606, "enumerate_faces": 4.67000063508749e-05, "build_adjacency": 0.000589099945500493, "extract_features": 0.0019990000873804092, "map_labels": 0.00032389978878200054, "sanity_checks": 0.0002951000351458788, "total": 0.019998400006443262}}