{"part_id": "1-10-11-11-14-23", "timings_sec": {"read_step": 0.013358799973502755, "enumerate_faces": 3.829994238913059e-05, "build_adjacency": 0.0004171000327914953, "extract_features": 0.002161799930036068, "map_labels": 0.00035220012068748474, "sanity_checks": 0.00033279997296631336, "total": 0.016660999972373247}}