{"part_id": "1-10-10-13-13-23", "timings_sec": {"read_step": 0.009037199895828962, "enumerate_faces": 4.610000178217888e-05, "build_adjacency": 0.00037940009497106075, "extract_features": 0.0016594999469816685, "map_labels": 0.0003551999107003212, "sanity_checks": 0.00016870000399649143, "total": 0.011646099854260683}}