{"part_id": "1-10-13-14-14-23", "timings_sec": {"read_step": 0.015844699926674366, "enumerate_faces": 7.389998063445091e-05, "build_adjacency": 0.00045410008169710636, "extract_features": 0.0016749000642448664, "map_labels": 0.00037480005994439125, "sanity_checks": 0.00021440000273287296, "total": 0.018636800115928054}}