{"part_id": "1-11-11-12-13-23", "timings_sec": {"read_step": 0.014742600033059716, "enumerate_faces": 5.000014789402485e-05, "build_adjacency": 0.0018241999205201864, "extract_features": 0.0023860998917371035, "map_labels": 0.0003426999319344759, "sanity_checks": 0.00027359998784959316, "total": 0.0196191999129951}}