{"part_id": "1-11-11-11-13-23", "timings_sec": {"read_step": 0.014593200059607625, "enumerate_faces": 4.1400082409381866e-05, "build_adjacency": 0.00041089998558163643, "extract_features": 0.0015333001501858234, "map_labels": 0.000250999815762043, "sanity_checks": 0.0001962999813258648, "total": 0.017026100074872375}}