{"part_id": "1-11-12-12-19", "timings_sec": {"read_step": 0.010500299977138638, "enumerate_faces": 3.800005652010441e-05, "build_adjacency": 0.00032810005359351635, "extract_features": 0.0012246000114828348, "map_labels": 0.00023399991914629936, "sanity_checks": 0.00015159999020397663, "total": 0.01247660000808537}}