{"part_id": "1-11-12-19", "timings_sec": {"read_step": 0.008721200050786138, "enumerate_faces": 3.6499928683042526e-05, "build_adjacency": 0.00042940001003444195, "extract_features": 0.0010005999356508255, "map_labels": 0.00024090008810162544, "sanity_checks": 0.00012869993224740028, "total": 0.010557299945503473}}