{"part_id": "1-11-11-11-11-23", "timings_sec": {"read_step": 0.023743600118905306, "enumerate_faces": 5.219993181526661e-05, "build_adjacency": 0.0007332002278417349, "extract_features": 0.002691499888896942, "map_labels": 0.0004018999170511961, "sanity_checks": 0.00033660000190138817, "total": 0.027959000086411834}}