{"part_id": "1-11-11-14-19", "timings_sec": {"read_step": 0.015264600049704313, "enumerate_faces": 3.800005652010441e-05, "build_adjacency": 0.00034239981323480606, "extract_features": 0.0012590999249368906, "map_labels": 0.0002498000394552946, "sanity_checks": 0.00016840011812746525, "total": 0.017322300001978874}}