{"part_id": "1-11-13-14-14-23", "timings_sec": {"read_step": 0.010952800046652555, "enumerate_faces": 3.720005042850971e-05, "build_adjacency": 0.0003223000094294548, "extract_features": 0.0011748999822884798, "map_labels": 0.0002475001383572817, "sanity_checks": 0.00015649991109967232, "total": 0.012891200138255954}}