{"part_id": "1-11-13-14-19", "timings_sec": {"read_step": 0.00894719990901649, "enumerate_faces": 3.5499921068549156e-05, "build_adjacency": 0.00029619992710649967, "extract_features": 0.0011990000493824482, "map_labels": 0.0002354998141527176, "sanity_checks": 0.00013320008292794228, "total": 0.010846599703654647}}