{"part_id": "1-11-11-12-14-23", "timings_sec": {"read_step": 0.01745599997229874, "enumerate_faces": 4.939991049468517e-05, "build_adjacency": 0.0006450999062508345, "extract_features": 0.001709100091829896, "map_labels": 0.00030889990739524364, "sanity_checks": 0.0001938999630510807, "total": 0.02036239975132048}}