{"part_id": "1-11-12-12-14-23", "timings_sec": {"read_step": 0.014944700058549643, "enumerate_faces": 3.8400059565901756e-05, "build_adjacency": 0.00037129991687834263, "extract_features": 0.001353600062429905, "map_labels": 0.00025649997405707836, "sanity_checks": 0.00016789999790489674, "total": 0.017132400069385767}}