{"part_id": "1-12-14-14-19", "timings_sec": {"read_step": 0.01028829999268055, "enumerate_faces": 5.350005812942982e-05, "build_adjacency": 0.0004569999873638153, "extract_features": 0.0015309001319110394, "map_labels": 0.00031649996526539326, "sanity_checks": 0.00019910000264644623, "total": 0.012845300137996674}}