{"part_id": "1-12-12-13-13-23", "timings_sec": {"read_step": 0.013646600069478154, "enumerate_faces": 4.860013723373413e-05, "build_adjacency": 0.00041089998558163643, "extract_features": 0.0011666000355035067, "map_labels": 0.00024880003184080124, "sanity_checks": 0.00014399993233382702, "total": 0.01566550019197166}}