{"part_id": "1-12-13-13-13-23", "timings_sec": {"read_step": 0.01116110011935234, "enumerate_faces": 4.840013571083546e-05, "build_adjacency": 0.0004491000436246395, "extract_features": 0.0016304999589920044, "map_labels": 0.00031059980392456055, "sanity_checks": 0.00019360007718205452, "total": 0.013793300138786435}}