{"part_id": "1-12-12-12-19", "timings_sec": {"read_step": 0.01502820011228323, "enumerate_faces": 4.600011743605137e-05, "build_adjacency": 0.0004932000301778316, "extract_features": 0.0016852000262588263, "map_labels": 0.00028490019030869007, "sanity_checks": 0.000201700022444129, "total": 0.017739200498908758}}