{"part_id": "1-12-12-13-19", "timings_sec": {"read_step": 0.010138799902051687, "enumerate_faces": 3.5899924114346504e-05, "build_adjacency": 0.0002761001233011484, "extract_features": 0.0010389001108705997, "map_labels": 0.00023290002718567848, "sanity_checks": 0.00012720003724098206, "total": 0.011849800124764442}}