{"part_id": "1-12-14-19", "timings_sec": {"read_step": 0.008361399872228503, "enumerate_faces": 3.9599835872650146e-05, "build_adjacency": 0.00025120005011558533, "extract_features": 0.0010944998357445002, "map_labels": 0.0003564001526683569, "sanity_checks": 0.0001854998990893364, "total": 0.010288599645718932}}