{"part_id": "1-13-13-13-19", "timings_sec": {"read_step": 0.0072558000683784485, "enumerate_faces": 3.8400059565901756e-05, "build_adjacency": 0.00022680009715259075, "extract_features": 0.000879799947142601, "map_labels": 0.0002812000457197428, "sanity_checks": 0.0001113000325858593, "total": 0.008793300250545144}}