{"part_id": "1-13-14-14-19", "timings_sec": {"read_step": 0.011069499887526035, "enumerate_faces": 6.980006583034992e-05, "build_adjacency": 0.0003442999441176653, "extract_features": 0.0009333000052720308, "map_labels": 0.00025310018099844456, "sanity_checks": 0.00011579995043575764, "total": 0.012785800034180284}}