{"part_id": "1-13-13-13-14-23", "timings_sec": {"read_step": 0.009852000046521425, "enumerate_faces": 4.449998959898949e-05, "build_adjacency": 0.00042940001003444195, "extract_features": 0.0012835999950766563, "map_labels": 0.0008723000064492226, "sanity_checks": 0.00019409996457397938, "total": 0.012675900012254715}}