{"part_id": "1-14-19", "timings_sec": {"read_step": 0.006877099862322211, "enumerate_faces": 4.300009459257126e-05, "build_adjacency": 0.000286600086838007, "extract_features": 0.000830500153824687, "map_labels": 0.0002778000198304653, "sanity_checks": 0.00012969993986189365, "total": 0.008444700157269835}}