{"part_id": "1-2-2-2-7-23", "timings_sec": {"read_step": 0.02004630002193153, "enumerate_faces": 3.7400051951408386e-05, "build_adjacency": 0.0005453000776469707, "extract_features": 0.0017952998168766499, "map_labels": 0.00027199997566640377, "sanity_checks": 0.00019980012439191341, "total": 0.022896100068464875}}