{"part_id": "1-2-7-10-19", "timings_sec": {"read_step": 0.00839770003221929, "enumerate_faces": 2.9999995604157448e-05, "build_adjacency": 0.00027469987981021404, "extract_features": 0.0010176000650972128, "map_labels": 0.00021449988707900047, "sanity_checks": 0.00013580010272562504, "total": 0.0100702999625355}}