{"part_id": "1-2-9-9-9-23", "timings_sec": {"read_step": 0.011747699929401278, "enumerate_faces": 3.4899916499853134e-05, "build_adjacency": 0.00030780001543462276, "extract_features": 0.0011940000113099813, "map_labels": 0.00023110001347959042, "sanity_checks": 0.00015229987911880016, "total": 0.013667799765244126}}