{"part_id": "1-2-9-9-14-23", "timings_sec": {"read_step": 0.01551359985023737, "enumerate_faces": 3.4800032153725624e-05, "build_adjacency": 0.00030509987846016884, "extract_features": 0.0013389999512583017, "map_labels": 0.00030729989521205425, "sanity_checks": 0.0001503999810665846, "total": 0.017650199588388205}}