{"part_id": "1-2-3-3-10-23", "timings_sec": {"read_step": 0.01943719992414117, "enumerate_faces": 3.0899886041879654e-05, "build_adjacency": 0.0006558999884873629, "extract_features": 0.002253199927508831, "map_labels": 0.0002296001184731722, "sanity_checks": 0.00025659985840320587, "total": 0.02286339970305562}}