{"part_id": "1-2-4-9-10-23", "timings_sec": {"read_step": 0.010441899998113513, "enumerate_faces": 2.9900111258029938e-05, "build_adjacency": 0.0003665999975055456, "extract_features": 0.0012892000377178192, "map_labels": 0.00020769983530044556, "sanity_checks": 0.00016189995221793652, "total": 0.01249719993211329}}