{"part_id": "1-2-4-7-7-23", "timings_sec": {"read_step": 0.008301799884065986, "enumerate_faces": 2.8399983420968056e-05, "build_adjacency": 0.00026459991931915283, "extract_features": 0.0011127002071589231, "map_labels": 0.00021039997227489948, "sanity_checks": 0.00012690015137195587, "total": 0.010044800117611885}}