{"part_id": "1-2-4-4-14-23", "timings_sec": {"read_step": 0.00910770008340478, "enumerate_faces": 3.1800009310245514e-05, "build_adjacency": 0.0003073001280426979, "extract_features": 0.0010995001066476107, "map_labels": 0.00021989992819726467, "sanity_checks": 0.00014199991710484028, "total": 0.010908200172707438}}