{"part_id": "1-2-7-7-14-23", "timings_sec": {"read_step": 0.007602900033816695, "enumerate_faces": 2.5900080800056458e-05, "build_adjacency": 0.00025829998776316643, "extract_features": 0.0009361000265926123, "map_labels": 0.00021820003166794777, "sanity_checks": 0.00014030002057552338, "total": 0.009181700181216002}}