{"part_id": "1-2-2-7-12-23", "timings_sec": {"read_step": 0.021632200106978416, "enumerate_faces": 4.739989526569843e-05, "build_adjacency": 0.0005596000701189041, "extract_features": 0.0020936999935656786, "map_labels": 0.00028220005333423615, "sanity_checks": 0.00031400006264448166, "total": 0.024929100181907415}}