{"part_id": "1-2-2-8-11-23", "timings_sec": {"read_step": 0.015232499921694398, "enumerate_faces": 5.110003985464573e-05, "build_adjacency": 0.0006093999836593866, "extract_features": 0.0021456999238580465, "map_labels": 0.00029319990426301956, "sanity_checks": 0.0003003000747412443, "total": 0.01863219984807074}}