{"part_id": "1-2-5-9-13-23", "timings_sec": {"read_step": 0.013499499997124076, "enumerate_faces": 3.290013410151005e-05, "build_adjacency": 0.00033050007186830044, "extract_features": 0.001726000104099512, "map_labels": 0.0002737001050263643, "sanity_checks": 0.00027219997718930244, "total": 0.016134800389409065}}