{"part_id": "1-2-6-6-8-23", "timings_sec": {"read_step": 0.006908299867063761, "enumerate_faces": 5.389982834458351e-05, "build_adjacency": 0.00031809997744858265, "extract_features": 0.0011169000063091516, "map_labels": 0.0002779001370072365, "sanity_checks": 0.00018780003301799297, "total": 0.008862899849191308}}