{"part_id": "1-2-3-8-11-23", "timings_sec": {"read_step": 0.013146000215783715, "enumerate_faces": 2.6700086891651154e-05, "build_adjacency": 0.0004431998822838068, "extract_features": 0.0017517998348921537, "map_labels": 0.00024039996787905693, "sanity_checks": 0.00030960002914071083, "total": 0.015917700016871095}}