{"part_id": "1-2-6-10-12-23", "timings_sec": {"read_step": 0.011331500019878149, "enumerate_faces": 3.0199997127056122e-05, "build_adjacency": 0.000363500090315938, "extract_features": 0.0014675999991595745, "map_labels": 0.00021199998445808887, "sanity_checks": 0.0001605998259037733, "total": 0.01356539991684258}}