{"part_id": "1-2-3-5-10-23", "timings_sec": {"read_step": 0.012052800040692091, "enumerate_faces": 2.119992859661579e-05, "build_adjacency": 0.00039659999310970306, "extract_features": 0.0016247001476585865, "map_labels": 0.00023010000586509705, "sanity_checks": 0.00018189987167716026, "total": 0.014507299987599254}}