{"part_id": "1-2-4-7-10-23", "timings_sec": {"read_step": 0.010314099956303835, "enumerate_faces": 1.8900027498602867e-05, "build_adjacency": 0.0003871999215334654, "extract_features": 0.0012346000876277685, "map_labels": 0.00019049993716180325, "sanity_checks": 0.00016210018657147884, "total": 0.012307400116696954}}