{"part_id": "1-2-7-8-12-23", "timings_sec": {"read_step": 0.009013100061565638, "enumerate_faces": 2.8399983420968056e-05, "build_adjacency": 0.00029559992253780365, "extract_features": 0.0012076999992132187, "map_labels": 0.00018960004672408104, "sanity_checks": 0.00013509998098015785, "total": 0.010869499994441867}}