{"part_id": "1-2-3-5-13-23", "timings_sec": {"read_step": 0.009928599931299686, "enumerate_faces": 2.1700048819184303e-05, "build_adjacency": 0.00031489995308220387, "extract_features": 0.0014344998635351658, "map_labels": 0.0002071000635623932, "sanity_checks": 0.00015639979392290115, "total": 0.012063199654221535}}