{"part_id": "1-2-4-8-11-23", "timings_sec": {"read_step": 0.011930099921301007, "enumerate_faces": 3.3700140193104744e-05, "build_adjacency": 0.00040380004793405533, "extract_features": 0.0015157000161707401, "map_labels": 0.000238100066781044, "sanity_checks": 0.00016629998572170734, "total": 0.014287700178101659}}