{"part_id": "1-2-6-7-12-23", "timings_sec": {"read_step": 0.009142900118604302, "enumerate_faces": 2.7799978852272034e-05, "build_adjacency": 0.0002999999560415745, "extract_features": 0.0011410999577492476, "map_labels": 0.00021449988707900047, "sanity_checks": 0.0001368001103401184, "total": 0.010963100008666515}}