{"part_id": "1-2-8-11-12-23", "timings_sec": {"read_step": 0.015584100037813187, "enumerate_faces": 4.109996370971203e-05, "build_adjacency": 0.0005727999377995729, "extract_features": 0.0017872999887913465, "map_labels": 0.00028709997422993183, "sanity_checks": 0.00016469997353851795, "total": 0.018437099875882268}}