{"part_id": "1-2-6-7-7-23", "timings_sec": {"read_step": 0.009036000119522214, "enumerate_faces": 3.050011582672596e-05, "build_adjacency": 0.00029600015841424465, "extract_features": 0.0011661001481115818, "map_labels": 0.0002171001397073269, "sanity_checks": 0.00013699987903237343, "total": 0.010882700560614467}}