{"part_id": "1-2-3-3-13-23", "timings_sec": {"read_step": 0.019301699940115213, "enumerate_faces": 4.469999112188816e-05, "build_adjacency": 0.0005145999602973461, "extract_features": 0.0027747000567615032, "map_labels": 0.00030170008540153503, "sanity_checks": 0.000349799869582057, "total": 0.023287199903279543}}