{"part_id": "1-2-5-13-13-23", "timings_sec": {"read_step": 0.01001109997741878, "enumerate_faces": 2.8899870812892914e-05, "build_adjacency": 0.0004702000878751278, "extract_features": 0.0011903999838978052, "map_labels": 0.0002022001426666975, "sanity_checks": 0.00015540001913905144, "total": 0.012058200081810355}}