{"part_id": "1-2-4-7-12-23", "timings_sec": {"read_step": 0.00960509991273284, "enumerate_faces": 2.2800173610448837e-05, "build_adjacency": 0.000305800000205636, "extract_features": 0.0013535998295992613, "map_labels": 0.00019369996152818203, "sanity_checks": 0.00013720011338591576, "total": 0.011618199991062284}}