{"part_id": "1-2-3-4-5-23", "timings_sec": {"read_step": 0.012084600050002337, "enumerate_faces": 3.890017978847027e-05, "build_adjacency": 0.0003904998302459717, "extract_features": 0.0014117001555860043, "map_labels": 0.00022540008649230003, "sanity_checks": 0.00017159990966320038, "total": 0.014322700211778283}}