{"part_id": "1-2-2-11-12-23", "timings_sec": {"read_step": 0.01663649990223348, "enumerate_faces": 4.429998807609081e-05, "build_adjacency": 0.0007275999523699284, "extract_features": 0.002526200143620372, "map_labels": 0.00029230001382529736, "sanity_checks": 0.00019900011830031872, "total": 0.02042590011842549}}