{"part_id": "1-2-2-9-11-23", "timings_sec": {"read_step": 0.013665799982845783, "enumerate_faces": 2.9499875381588936e-05, "build_adjacency": 0.00043599982745945454, "extract_features": 0.0016052999999374151, "map_labels": 0.000228899996727705, "sanity_checks": 0.00019540009088814259, "total": 0.01616089977324009}}