{"part_id": "1-2-3-9-11-23", "timings_sec": {"read_step": 0.013314699986949563, "enumerate_faces": 3.200001083314419e-05, "build_adjacency": 0.00047919992357492447, "extract_features": 0.001590800005942583, "map_labels": 0.00022760010324418545, "sanity_checks": 0.00019069993868470192, "total": 0.015834999969229102}}