{"part_id": "1-2-3-8-13-23", "timings_sec": {"read_step": 0.016469300026074052, "enumerate_faces": 3.309990279376507e-05, "build_adjacency": 0.0003895999398082495, "extract_features": 0.0013550999574363232, "map_labels": 0.00022419984452426434, "sanity_checks": 0.00016020005568861961, "total": 0.018631499726325274}}