{"part_id": "1-2-6-11-19", "timings_sec": {"read_step": 0.008170299930498004, "enumerate_faces": 2.0900042727589607e-05, "build_adjacency": 0.00028009992092847824, "extract_features": 0.0009955000132322311, "map_labels": 0.00017870008014142513, "sanity_checks": 0.00013109995052218437, "total": 0.009776599938049912}}