{"part_id": "1-2-6-8-13-23", "timings_sec": {"read_step": 0.009832999901846051, "enumerate_faces": 3.1299889087677e-05, "build_adjacency": 0.0003057001158595085, "extract_features": 0.0010844999924302101, "map_labels": 0.00022160005755722523, "sanity_checks": 0.00014700018800795078, "total": 0.011623100144788623}}