{"part_id": "1-2-3-5-6-23", "timings_sec": {"read_step": 0.01129760011099279, "enumerate_faces": 3.320001997053623e-05, "build_adjacency": 0.0003714000340551138, "extract_features": 0.001424199901521206, "map_labels": 0.00022079981863498688, "sanity_checks": 0.00015480001457035542, "total": 0.013501999899744987}}