{"part_id": "1-2-8-13-14-23", "timings_sec": {"read_step": 0.01605019997805357, "enumerate_faces": 4.269997589290142e-05, "build_adjacency": 0.0005477000959217548, "extract_features": 0.0019422001205384731, "map_labels": 0.00028559984639286995, "sanity_checks": 0.00015569990500807762, "total": 0.019024099921807647}}