{"part_id": "1-2-2-12-14-23", "timings_sec": {"read_step": 0.019073700066655874, "enumerate_faces": 4.560011439025402e-05, "build_adjacency": 0.0007710999343544245, "extract_features": 0.0021383999846875668, "map_labels": 0.00024480000138282776, "sanity_checks": 0.0001898000482469797, "total": 0.022463400149717927}}