{"part_id": "1-2-5-6-12-23", "timings_sec": {"read_step": 0.009596999967470765, "enumerate_faces": 2.7899863198399544e-05, "build_adjacency": 0.0003113001585006714, "extract_features": 0.001106700161471963, "map_labels": 0.00020299991592764854, "sanity_checks": 0.00014050002209842205, "total": 0.01138640008866787}}