{"part_id": "1-2-2-11-14-23", "timings_sec": {"read_step": 0.020005499944090843, "enumerate_faces": 4.279986023902893e-05, "build_adjacency": 0.00046050013042986393, "extract_features": 0.002372599905356765, "map_labels": 0.0002864999696612358, "sanity_checks": 0.0002723000943660736, "total": 0.02344019990414381}}