{"part_id": "1-2-3-14-14-23", "timings_sec": {"read_step": 0.017005900153890252, "enumerate_faces": 3.3700140193104744e-05, "build_adjacency": 0.0005814000032842159, "extract_features": 0.001999200088903308, "map_labels": 0.0002335000317543745, "sanity_checks": 0.00022999988868832588, "total": 0.02008370030671358}}