{"part_id": "1-2-12-12-14-23", "timings_sec": {"read_step": 0.02096310001797974, "enumerate_faces": 4.860013723373413e-05, "build_adjacency": 0.0006065000779926777, "extract_features": 0.0021320998203009367, "map_labels": 0.00032190000638365746, "sanity_checks": 0.0002834999468177557, "total": 0.024355700006708503}}