{"part_id": "1-2-3-12-13-23", "timings_sec": {"read_step": 0.010716099990531802, "enumerate_faces": 3.060000017285347e-05, "build_adjacency": 0.0003425001632422209, "extract_features": 0.0012354999780654907, "map_labels": 0.00020989985205233097, "sanity_checks": 0.00015270011499524117, "total": 0.01268730009905994}}