{"part_id": "1-2-12-13-19", "timings_sec": {"read_step": 0.009887200081720948, "enumerate_faces": 4.300009459257126e-05, "build_adjacency": 0.00040849996730685234, "extract_features": 0.0014160999562591314, "map_labels": 0.00030479999259114265, "sanity_checks": 0.00018969993107020855, "total": 0.012249300023540854}}