{"part_id": "1-2-2-4-13-23", "timings_sec": {"read_step": 0.01777220005169511, "enumerate_faces": 6.13001175224781e-05, "build_adjacency": 0.0006251998711377382, "extract_features": 0.002194999950006604, "map_labels": 0.00040459982119500637, "sanity_checks": 0.00027540000155568123, "total": 0.021333699813112617}}