{"part_id": "1-2-3-7-11-23", "timings_sec": {"read_step": 0.014954199781641364, "enumerate_faces": 3.4499913454055786e-05, "build_adjacency": 0.00039050006307661533, "extract_features": 0.001551999943330884, "map_labels": 0.00023170001804828644, "sanity_checks": 0.00017579994164407253, "total": 0.017338699661195278}}