{"part_id": "1-2-4-6-10-23", "timings_sec": {"read_step": 0.009147499920800328, "enumerate_faces": 3.120000474154949e-05, "build_adjacency": 0.0003028998617082834, "extract_features": 0.0011197999119758606, "map_labels": 0.00022160005755722523, "sanity_checks": 0.00014230003580451012, "total": 0.010965299792587757}}