{"part_id": "1-2-4-7-8-23", "timings_sec": {"read_step": 0.007508500013500452, "enumerate_faces": 2.3899832740426064e-05, "build_adjacency": 0.00025349995121359825, "extract_features": 0.0009667000267654657, "map_labels": 0.00021670013666152954, "sanity_checks": 0.00012260000221431255, "total": 0.009091899963095784}}