{"part_id": "1-2-8-10-13-23", "timings_sec": {"read_step": 0.014079499989748001, "enumerate_faces": 4.7800131142139435e-05, "build_adjacency": 0.0004040999338030815, "extract_features": 0.0014402999076992273, "map_labels": 0.0002967000473290682, "sanity_checks": 0.0002500000409781933, "total": 0.01651840005069971}}