{"part_id": "1-2-3-7-19", "timings_sec": {"read_step": 0.010398699901998043, "enumerate_faces": 2.619996666908264e-05, "build_adjacency": 0.0003676998894661665, "extract_features": 0.0011959997937083244, "map_labels": 0.00020730006508529186, "sanity_checks": 0.00014679995365440845, "total": 0.012342699570581317}}