{"part_id": "1-2-3-5-5-23", "timings_sec": {"read_step": 0.012618400156497955, "enumerate_faces": 3.3300137147307396e-05, "build_adjacency": 0.00037160003557801247, "extract_features": 0.001365399919450283, "map_labels": 0.00021820003166794777, "sanity_checks": 0.000171000137925148, "total": 0.014777900418266654}}