{"part_id": "1-2-6-6-6-23", "timings_sec": {"read_step": 0.009402700001373887, "enumerate_faces": 3.429991193115711e-05, "build_adjacency": 0.00027290009893476963, "extract_features": 0.0009643000084906816, "map_labels": 0.0030428001191467047, "sanity_checks": 0.00012819981202483177, "total": 0.013845199951902032}}