{"part_id": "1-2-9-11-14-23", "timings_sec": {"read_step": 0.010557400062680244, "enumerate_faces": 3.7899939343333244e-05, "build_adjacency": 0.0003458999563008547, "extract_features": 0.0012821001000702381, "map_labels": 0.0002451001200824976, "sanity_checks": 0.00016399985179305077, "total": 0.012632400030270219}}