{"part_id": "1-2-3-11-19", "timings_sec": {"read_step": 0.015911599854007363, "enumerate_faces": 3.969995304942131e-05, "build_adjacency": 0.0004770001396536827, "extract_features": 0.001766999950632453, "map_labels": 0.00023959996178746223, "sanity_checks": 0.00020740018226206303, "total": 0.018642300041392446}}