{"part_id": "1-2-2-12-12-23", "timings_sec": {"read_step": 0.016749799950048327, "enumerate_faces": 3.360002301633358e-05, "build_adjacency": 0.00037679984234273434, "extract_features": 0.0021491998340934515, "map_labels": 0.0003104000352323055, "sanity_checks": 0.00027279998175799847, "total": 0.01989259966649115}}