{"part_id": "1-2-2-7-19", "timings_sec": {"read_step": 0.013374099973589182, "enumerate_faces": 4.309997893869877e-05, "build_adjacency": 0.0006452999077737331, "extract_features": 0.0022739002015441656, "map_labels": 0.0003450000658631325, "sanity_checks": 0.0002620001323521137, "total": 0.016943400260061026}}