{"part_id": "1-2-4-5-13-23", "timings_sec": {"read_step": 0.015435599954798818, "enumerate_faces": 3.909994848072529e-05, "build_adjacency": 0.0006216999609023333, "extract_features": 0.002100700046867132, "map_labels": 0.0002934001386165619, "sanity_checks": 0.0002815001644194126, "total": 0.018772000214084983}}