{"part_id": "1-2-2-8-13-23", "timings_sec": {"read_step": 0.013394200010225177, "enumerate_faces": 4.0999846532940865e-05, "build_adjacency": 0.0005276999436318874, "extract_features": 0.0017627000343054533, "map_labels": 0.0002842000685632229, "sanity_checks": 0.0002212999388575554, "total": 0.016231099842116237}}