{"part_id": "1-2-6-6-19", "timings_sec": {"read_step": 0.008271800121292472, "enumerate_faces": 3.1700124964118004e-05, "build_adjacency": 0.00030239997431635857, "extract_features": 0.0009482000023126602, "map_labels": 0.00019299983978271484, "sanity_checks": 0.00011459994129836559, "total": 0.009861700003966689}}