{"part_id": "1-2-5-6-13-23", "timings_sec": {"read_step": 0.009962100069969893, "enumerate_faces": 2.7800211682915688e-05, "build_adjacency": 0.0003247999120503664, "extract_features": 0.0012592999264597893, "map_labels": 0.00020280014723539352, "sanity_checks": 0.0001379998866468668, "total": 0.011914800154045224}}