{"part_id": "1-2-11-14-14-23", "timings_sec": {"read_step": 0.017567799892276525, "enumerate_faces": 5.259993486106396e-05, "build_adjacency": 0.0006075999699532986, "extract_features": 0.0021280001383274794, "map_labels": 0.0003529000096023083, "sanity_checks": 0.00026819994673132896, "total": 0.020977099891752005}}