{"part_id": "1-2-3-9-14-23", "timings_sec": {"read_step": 0.01552750007249415, "enumerate_faces": 3.550015389919281e-05, "build_adjacency": 0.0006131997797638178, "extract_features": 0.0017035999335348606, "map_labels": 0.00024359999224543571, "sanity_checks": 0.00020650005899369717, "total": 0.018329899990931153}}