{"part_id": "1-2-6-11-14-23", "timings_sec": {"read_step": 0.00972540001384914, "enumerate_faces": 2.8099864721298218e-05, "build_adjacency": 0.00032210000790655613, "extract_features": 0.0012143999338150024, "map_labels": 0.00021289987489581108, "sanity_checks": 0.00015009986236691475, "total": 0.011652999557554722}}