{"part_id": "1-2-4-5-6-23", "timings_sec": {"read_step": 0.009589599911123514, "enumerate_faces": 3.109988756477833e-05, "build_adjacency": 0.0003090000245720148, "extract_features": 0.0011766001116484404, "map_labels": 0.00022459984757006168, "sanity_checks": 0.00013229995965957642, "total": 0.011463199742138386}}