{"part_id": "1-2-4-4-13-23", "timings_sec": {"read_step": 0.009367700200527906, "enumerate_faces": 3.6400044336915016e-05, "build_adjacency": 0.0003132999408990145, "extract_features": 0.0011113001964986324, "map_labels": 0.0002272999845445156, "sanity_checks": 0.0001346999779343605, "total": 0.011190700344741344}}