{"part_id": "1-2-11-13-13-23", "timings_sec": {"read_step": 0.015416000038385391, "enumerate_faces": 3.969995304942131e-05, "build_adjacency": 0.0003847999032586813, "extract_features": 0.002178099937736988, "map_labels": 0.00036450009793043137, "sanity_checks": 0.0002894999925047159, "total": 0.01867259992286563}}