{"part_id": "1-2-7-7-13-23", "timings_sec": {"read_step": 0.008611599914729595, "enumerate_faces": 2.759997732937336e-05, "build_adjacency": 0.0002834999468177557, "extract_features": 0.0010023999493569136, "map_labels": 0.00020659994333982468, "sanity_checks": 0.00012940005399286747, "total": 0.01026109978556633}}