{"part_id": "1-2-6-6-10-23", "timings_sec": {"read_step": 0.010309800039976835, "enumerate_faces": 2.8099864721298218e-05, "build_adjacency": 0.00040130014531314373, "extract_features": 0.0012548998929560184, "map_labels": 0.00021449988707900047, "sanity_checks": 0.0001417000312358141, "total": 0.01235029986128211}}