{"part_id": "1-2-2-4-19", "timings_sec": {"read_step": 0.016498700017109513, "enumerate_faces": 4.409998655319214e-05, "build_adjacency": 0.0005512000061571598, "extract_features": 0.0020296999718993902, "map_labels": 0.0004083998501300812, "sanity_checks": 0.00015279999934136868, "total": 0.019684899831190705}}