{"part_id": "1-2-4-8-9-23", "timings_sec": {"read_step": 0.009065799880772829, "enumerate_faces": 2.4999957531690598e-05, "build_adjacency": 0.0002804999239742756, "extract_features": 0.0012769000604748726, "map_labels": 0.00022169994190335274, "sanity_checks": 0.00013669999316334724, "total": 0.011006599757820368}}