{"part_id": "1-2-6-9-12-23", "timings_sec": {"read_step": 0.013299500104039907, "enumerate_faces": 4.0800077840685844e-05, "build_adjacency": 0.0005232000257819891, "extract_features": 0.0021693999879062176, "map_labels": 0.0002896999940276146, "sanity_checks": 0.00024949992075562477, "total": 0.01657210011035204}}