{"part_id": "1-2-7-14-14-23", "timings_sec": {"read_step": 0.008154600160196424, "enumerate_faces": 2.619996666908264e-05, "build_adjacency": 0.0002663999330252409, "extract_features": 0.0009329000022262335, "map_labels": 0.00019240006804466248, "sanity_checks": 0.00011330004781484604, "total": 0.009685800177976489}}