{"part_id": "1-2-7-13-13-23", "timings_sec": {"read_step": 0.008399499813094735, "enumerate_faces": 2.950010821223259e-05, "build_adjacency": 0.00027849990874528885, "extract_features": 0.0010253998916596174, "map_labels": 0.0002133999951183796, "sanity_checks": 0.00012580002658069134, "total": 0.010072099743410945}}