{"part_id": "1-2-8-9-14-23", "timings_sec": {"read_step": 0.01658619986847043, "enumerate_faces": 4.150019958615303e-05, "build_adjacency": 0.0005821001250296831, "extract_features": 0.002016100101172924, "map_labels": 0.00027709989808499813, "sanity_checks": 0.0002413000911474228, "total": 0.01974430028349161}}