{"part_id": "1-2-3-3-14-23", "timings_sec": {"read_step": 0.019570200005546212, "enumerate_faces": 3.4899916499853134e-05, "build_adjacency": 0.0006309999153017998, "extract_features": 0.0021297000348567963, "map_labels": 0.0002405000850558281, "sanity_checks": 0.0002499001566320658, "total": 0.022856200113892555}}