{"part_id": "1-2-4-6-13-23", "timings_sec": {"read_step": 0.00790000008419156, "enumerate_faces": 2.5499844923615456e-05, "build_adjacency": 0.00025860010646283627, "extract_features": 0.0009794000070542097, "map_labels": 0.00018710014410316944, "sanity_checks": 0.0001246999017894268, "total": 0.009475300088524818}}