{"part_id": "1-2-11-13-14-23", "timings_sec": {"read_step": 0.018694299971684813, "enumerate_faces": 5.979998968541622e-05, "build_adjacency": 0.0006476000417023897, "extract_features": 0.002198199974372983, "map_labels": 0.00031949998810887337, "sanity_checks": 0.0002796999178826809, "total": 0.022199099883437157}}