{"part_id": "1-2-5-7-8-23", "timings_sec": {"read_step": 0.01029270002618432, "enumerate_faces": 2.8300099074840546e-05, "build_adjacency": 0.0003114000428467989, "extract_features": 0.0010933999437838793, "map_labels": 0.00021359999664127827, "sanity_checks": 0.00013579986989498138, "total": 0.012075199978426099}}