{"part_id": "1-2-2-8-19", "timings_sec": {"read_step": 0.011415299959480762, "enumerate_faces": 3.2400013878941536e-05, "build_adjacency": 0.00035479990765452385, "extract_features": 0.0012026999611407518, "map_labels": 0.00022210017777979374, "sanity_checks": 0.00013970001600682735, "total": 0.0133670000359416}}