{"part_id": "1-2-2-14-14-23", "timings_sec": {"read_step": 0.02049660007469356, "enumerate_faces": 4.610000178217888e-05, "build_adjacency": 0.0006302001420408487, "extract_features": 0.0023454001639038324, "map_labels": 0.00029719993472099304, "sanity_checks": 0.0002755001187324524, "total": 0.024091000435873866}}