{"part_id": "1-2-2-4-8-23", "timings_sec": {"read_step": 0.020374099956825376, "enumerate_faces": 4.4899992644786835e-05, "build_adjacency": 0.0006542999763041735, "extract_features": 0.0023091998882591724, "map_labels": 0.00024480000138282776, "sanity_checks": 0.00017359992489218712, "total": 0.023800899740308523}}