{"part_id": "1-2-7-8-10-23", "timings_sec": {"read_step": 0.010488600004464388, "enumerate_faces": 2.6399968191981316e-05, "build_adjacency": 0.0003583999350667, "extract_features": 0.001650799997150898, "map_labels": 0.00021929992362856865, "sanity_checks": 0.00015530013479292393, "total": 0.01289879996329546}}