{"part_id": "1-2-4-11-14-23", "timings_sec": {"read_step": 0.010562699986621737, "enumerate_faces": 2.6900088414549828e-05, "build_adjacency": 0.0003408000338822603, "extract_features": 0.0012315998319536448, "map_labels": 0.00019720010459423065, "sanity_checks": 0.00023539992980659008, "total": 0.012594599975273013}}