{"part_id": "1-2-3-3-6-23", "timings_sec": {"read_step": 0.013067100197076797, "enumerate_faces": 3.590015694499016e-05, "build_adjacency": 0.00047009997069835663, "extract_features": 0.0015817000530660152, "map_labels": 0.00022929999977350235, "sanity_checks": 0.00018560001626610756, "total": 0.01556970039382577}}