{"part_id": "1-2-3-6-9-23", "timings_sec": {"read_step": 0.013031299924477935, "enumerate_faces": 4.2899977415800095e-05, "build_adjacency": 0.00044269999489188194, "extract_features": 0.0017059999518096447, "map_labels": 0.00028060004115104675, "sanity_checks": 0.00028900010511279106, "total": 0.0157924999948591}}