{"part_id": "1-2-5-6-10-23", "timings_sec": {"read_step": 0.01081290002912283, "enumerate_faces": 3.0399998649954796e-05, "build_adjacency": 0.000359599944204092, "extract_features": 0.0014001999516040087, "map_labels": 0.00023010000586509705, "sanity_checks": 0.00015510013327002525, "total": 0.012988300062716007}}