{"part_id": "1-2-13-13-14-23", "timings_sec": {"read_step": 0.010256400099024177, "enumerate_faces": 3.6899931728839874e-05, "build_adjacency": 0.0004409998655319214, "extract_features": 0.0010136000346392393, "map_labels": 0.00023870007134974003, "sanity_checks": 0.00012940005399286747, "total": 0.012116000056266785}}