{"part_id": "1-2-7-10-14-23", "timings_sec": {"read_step": 0.00959510006941855, "enumerate_faces": 2.66998540610075e-05, "build_adjacency": 0.00047750002704560757, "extract_features": 0.0011679001618176699, "map_labels": 0.00019890000112354755, "sanity_checks": 0.0001525001134723425, "total": 0.011618600226938725}}