{"part_id": "1-2-4-13-19", "timings_sec": {"read_step": 0.008681399980559945, "enumerate_faces": 2.6300083845853806e-05, "build_adjacency": 0.00028859986923635006, "extract_features": 0.0009782998822629452, "map_labels": 0.00020319991745054722, "sanity_checks": 0.00013229995965957642, "total": 0.010310099693015218}}