{"part_id": "1-2-3-8-19", "timings_sec": {"read_step": 0.00906719989143312, "enumerate_faces": 3.310013562440872e-05, "build_adjacency": 0.00029399991035461426, "extract_features": 0.001046100165694952, "map_labels": 0.00029250001534819603, "sanity_checks": 0.00015380000695586205, "total": 0.010886700125411153}}