{"part_id": "1-2-5-5-11-23", "timings_sec": {"read_step": 0.011315099895000458, "enumerate_faces": 3.1800009310245514e-05, "build_adjacency": 0.0003645999822765589, "extract_features": 0.0013987000565975904, "map_labels": 0.0002202000468969345, "sanity_checks": 0.00016950001008808613, "total": 0.013499900000169873}}