{"part_id": "1-2-7-8-11-23", "timings_sec": {"read_step": 0.010565200122073293, "enumerate_faces": 3.2800016924738884e-05, "build_adjacency": 0.0003370000049471855, "extract_features": 0.0013307000044733286, "map_labels": 0.0002544999588280916, "sanity_checks": 0.00019160006195306778, "total": 0.012711800169199705}}