{"part_id": "1-2-7-7-11-23", "timings_sec": {"read_step": 0.01243840018287301, "enumerate_faces": 3.429991193115711e-05, "build_adjacency": 0.00039679999463260174, "extract_features": 0.0015335001517087221, "map_labels": 0.00023650005459785461, "sanity_checks": 0.00017739995382726192, "total": 0.014816900249570608}}