{"part_id": "1-2-3-11-14-23", "timings_sec": {"read_step": 0.014651099918410182, "enumerate_faces": 3.0499882996082306e-05, "build_adjacency": 0.00047470000572502613, "extract_features": 0.002201099880039692, "map_labels": 0.00028030015528202057, "sanity_checks": 0.0002482000272721052, "total": 0.017885899869725108}}