{"part_id": "1-2-3-10-14-23", "timings_sec": {"read_step": 0.012159600155428052, "enumerate_faces": 3.110012039542198e-05, "build_adjacency": 0.00039209984242916107, "extract_features": 0.0015271001029759645, "map_labels": 0.0002343000378459692, "sanity_checks": 0.00017070001922547817, "total": 0.014514900278300047}}