{"part_id": "1-2-8-13-13-23", "timings_sec": {"read_step": 0.011951900087296963, "enumerate_faces": 3.679981455206871e-05, "build_adjacency": 0.0004447998944669962, "extract_features": 0.001687800046056509, "map_labels": 0.0002444998826831579, "sanity_checks": 0.00012880004942417145, "total": 0.014494599774479866}}