{"part_id": "1-2-2-12-19", "timings_sec": {"read_step": 0.012565199984237552, "enumerate_faces": 4.849978722631931e-05, "build_adjacency": 0.0003953000996261835, "extract_features": 0.0019751000218093395, "map_labels": 0.0002617998979985714, "sanity_checks": 0.0001913001760840416, "total": 0.015437199966982007}}