{"part_id": "1-2-3-3-12-23", "timings_sec": {"read_step": 0.018007799983024597, "enumerate_faces": 4.800013266503811e-05, "build_adjacency": 0.0007009999826550484, "extract_features": 0.0017822000663727522, "map_labels": 0.00025120005011558533, "sanity_checks": 0.00021299999207258224, "total": 0.021003200206905603}}