{"part_id": "1-2-5-19", "timings_sec": {"read_step": 0.007357999915257096, "enumerate_faces": 3.050011582672596e-05, "build_adjacency": 0.00035390001721680164, "extract_features": 0.0010599999222904444, "map_labels": 0.00020039989612996578, "sanity_checks": 0.00011389981955289841, "total": 0.009116699686273932}}