{"part_id": "1-2-2-9-10-23", "timings_sec": {"read_step": 0.01311929989606142, "enumerate_faces": 3.210012800991535e-05, "build_adjacency": 0.00043320003896951675, "extract_features": 0.0015245000831782818, "map_labels": 0.00023349979892373085, "sanity_checks": 0.00019720010459423065, "total": 0.015539800049737096}}