{"part_id": "1-2-14-14-19", "timings_sec": {"read_step": 0.01162320002913475, "enumerate_faces": 3.939983434975147e-05, "build_adjacency": 0.00027369987219572067, "extract_features": 0.0009558000601828098, "map_labels": 0.0002452998887747526, "sanity_checks": 0.0002155001275241375, "total": 0.013352899812161922}}