{"part_id": "1-2-7-12-13-23", "timings_sec": {"read_step": 0.01332999998703599, "enumerate_faces": 3.9599835872650146e-05, "build_adjacency": 0.0005288999527692795, "extract_features": 0.0018211998976767063, "map_labels": 0.0002761001233011484, "sanity_checks": 0.00035069999285042286, "total": 0.016346499789506197}}