{"part_id": "1-2-4-5-7-23", "timings_sec": {"read_step": 0.010837699985131621, "enumerate_faces": 2.5799963623285294e-05, "build_adjacency": 0.0004867999814450741, "extract_features": 0.0014166999608278275, "map_labels": 0.00023410003632307053, "sanity_checks": 0.00016189995221793652, "total": 0.013162999879568815}}