{"part_id": "1-2-9-12-12-23", "timings_sec": {"read_step": 0.013837799895554781, "enumerate_faces": 4.0400074794888496e-05, "build_adjacency": 0.00035799993202090263, "extract_features": 0.0016357998829334974, "map_labels": 0.0002836999483406544, "sanity_checks": 0.00026299990713596344, "total": 0.016418699640780687}}