{"part_id": "1-2-5-5-14-23", "timings_sec": {"read_step": 0.011214200174435973, "enumerate_faces": 3.750016912817955e-05, "build_adjacency": 0.00037240004166960716, "extract_features": 0.0011893000919371843, "map_labels": 0.00023390003480017185, "sanity_checks": 0.00015980005264282227, "total": 0.013207100564613938}}