{"part_id": "1-2-2-6-11-23", "timings_sec": {"read_step": 0.018683400005102158, "enumerate_faces": 4.2400090023875237e-05, "build_adjacency": 0.00040440005250275135, "extract_features": 0.0016805999912321568, "map_labels": 0.0002388001885265112, "sanity_checks": 0.0001876999158412218, "total": 0.021237300243228674}}