{"part_id": "1-2-3-4-12-23", "timings_sec": {"read_step": 0.01460270001552999, "enumerate_faces": 3.8800062611699104e-05, "build_adjacency": 0.00041149999015033245, "extract_features": 0.0014402999076992273, "map_labels": 0.0002348001580685377, "sanity_checks": 0.0001713000237941742, "total": 0.01689940015785396}}