{"part_id": "1-2-4-10-13-23", "timings_sec": {"read_step": 0.010665900073945522, "enumerate_faces": 4.069996066391468e-05, "build_adjacency": 0.0004718999844044447, "extract_features": 0.0016766998451203108, "map_labels": 0.00037260004319250584, "sanity_checks": 0.00021959980949759483, "total": 0.013447399716824293}}