{"part_id": "1-2-3-4-14-23", "timings_sec": {"read_step": 0.013731800019741058, "enumerate_faces": 3.310013562440872e-05, "build_adjacency": 0.0004353998228907585, "extract_features": 0.0015355001669377089, "map_labels": 0.00022859987802803516, "sanity_checks": 0.0001868000254034996, "total": 0.01615120004862547}}