{"part_id": "1-2-2-2-3-23", "timings_sec": {"read_step": 0.022416000021621585, "enumerate_faces": 3.809994086623192e-05, "build_adjacency": 0.0007999001536518335, "extract_features": 0.002373499795794487, "map_labels": 0.000264100031927228, "sanity_checks": 0.00037429993972182274, "total": 0.026265899883583188}}