{"part_id": "1-2-4-5-14-23", "timings_sec": {"read_step": 0.016413299832493067, "enumerate_faces": 4.169996827840805e-05, "build_adjacency": 0.0005683999042958021, "extract_features": 0.0018980999011546373, "map_labels": 0.00029230001382529736, "sanity_checks": 0.00026270002126693726, "total": 0.01947649964131415}}