{"part_id": "1-2-2-2-11-23", "timings_sec": {"read_step": 0.01762390020303428, "enumerate_faces": 3.909994848072529e-05, "build_adjacency": 0.0004926999099552631, "extract_features": 0.0017556999810039997, "map_labels": 0.00025580008514225483, "sanity_checks": 0.00020410004071891308, "total": 0.020371300168335438}}