{"part_id": "1-2-12-14-14-23", "timings_sec": {"read_step": 0.014908300014212728, "enumerate_faces": 4.75000124424696e-05, "build_adjacency": 0.0005457999650388956, "extract_features": 0.001758800121024251, "map_labels": 0.00028680008836090565, "sanity_checks": 0.00022410019300878048, "total": 0.01777130039408803}}