{"part_id": "1-2-6-6-9-23", "timings_sec": {"read_step": 0.009467400144785643, "enumerate_faces": 2.4499837309122086e-05, "build_adjacency": 0.0003087001387029886, "extract_features": 0.00160879991017282, "map_labels": 0.00025150016881525517, "sanity_checks": 0.00022499985061585903, "total": 0.011885900050401688}}