{"part_id": "1-2-4-4-10-23", "timings_sec": {"read_step": 0.010078300023451447, "enumerate_faces": 2.9799994081258774e-05, "build_adjacency": 0.0003268001601099968, "extract_features": 0.0011910998728126287, "map_labels": 0.00021379999816417694, "sanity_checks": 0.00015739980153739452, "total": 0.011997199850156903}}