{"part_id": "1-2-2-3-6-23", "timings_sec": {"read_step": 0.022947699995711446, "enumerate_faces": 5.0900038331747055e-05, "build_adjacency": 0.0009032001253217459, "extract_features": 0.0028420002199709415, "map_labels": 0.00027980003505945206, "sanity_checks": 0.00020350003615021706, "total": 0.02722710045054555}}