{"part_id": "1-2-7-11-13-23", "timings_sec": {"read_step": 0.010210099862888455, "enumerate_faces": 3.1899893656373024e-05, "build_adjacency": 0.0003323000855743885, "extract_features": 0.0011986999306827784, "map_labels": 0.00022760010324418545, "sanity_checks": 0.00015400000847876072, "total": 0.012154599884524941}}