{"part_id": "1-2-7-7-7-23", "timings_sec": {"read_step": 0.008558100089430809, "enumerate_faces": 2.0999927073717117e-05, "build_adjacency": 0.00028190016746520996, "extract_features": 0.001060600159689784, "map_labels": 0.00019509997218847275, "sanity_checks": 0.00014119991101324558, "total": 0.010257900226861238}}