{"part_id": "1-2-4-5-19", "timings_sec": {"read_step": 0.01058589993044734, "enumerate_faces": 3.300001844763756e-05, "build_adjacency": 0.0002997999545186758, "extract_features": 0.0016455999575555325, "map_labels": 0.0002845001872628927, "sanity_checks": 0.00022869999520480633, "total": 0.013077500043436885}}