{"part_id": "1-2-2-5-13-23", "timings_sec": {"read_step": 0.01563209993764758, "enumerate_faces": 4.659988917410374e-05, "build_adjacency": 0.0004771000239998102, "extract_features": 0.001389099983498454, "map_labels": 0.0003089001402258873, "sanity_checks": 0.00020670006051659584, "total": 0.018060500035062432}}