{"part_id": "1-2-8-10-10-23", "timings_sec": {"read_step": 0.013244699919596314, "enumerate_faces": 4.460010677576065e-05, "build_adjacency": 0.0005520000122487545, "extract_features": 0.002007500035688281, "map_labels": 0.0002842000685632229, "sanity_checks": 0.00028009992092847824, "total": 0.016413100063800812}}