{"part_id": "1-2-9-11-12-23", "timings_sec": {"read_step": 0.013625900028273463, "enumerate_faces": 3.560003824532032e-05, "build_adjacency": 0.0004227999597787857, "extract_features": 0.0014696000143885612, "map_labels": 0.00032119988463819027, "sanity_checks": 0.00017710006795823574, "total": 0.016052199993282557}}