{"part_id": "1-2-14-14-14-23", "timings_sec": {"read_step": 0.009346500039100647, "enumerate_faces": 4.870002157986164e-05, "build_adjacency": 0.0004681998398154974, "extract_features": 0.0016902999486774206, "map_labels": 0.00027629989199340343, "sanity_checks": 0.00020839995704591274, "total": 0.012038399698212743}}