{"part_id": "1-2-7-8-13-23", "timings_sec": {"read_step": 0.00923210009932518, "enumerate_faces": 3.050011582672596e-05, "build_adjacency": 0.00032130000181496143, "extract_features": 0.0010852001141756773, "map_labels": 0.00020749983377754688, "sanity_checks": 0.00013109995052218437, "total": 0.011007700115442276}}