{"part_id": "1-2-9-11-13-23", "timings_sec": {"read_step": 0.01255199988372624, "enumerate_faces": 3.510015085339546e-05, "build_adjacency": 0.00039379997178912163, "extract_features": 0.0012817999813705683, "map_labels": 0.00023459992371499538, "sanity_checks": 0.00015860004350543022, "total": 0.01465589995495975}}