{"part_id": "1-2-9-9-13-23", "timings_sec": {"read_step": 0.010428300127387047, "enumerate_faces": 3.200001083314419e-05, "build_adjacency": 0.0003474999684840441, "extract_features": 0.0012479000724852085, "map_labels": 0.00021379999816417694, "sanity_checks": 0.0001563001424074173, "total": 0.012425800319761038}}