{"part_id": "1-2-8-8-13-23", "timings_sec": {"read_step": 0.012779699871316552, "enumerate_faces": 4.2400090023875237e-05, "build_adjacency": 0.0005065000150352716, "extract_features": 0.0019350999500602484, "map_labels": 0.0002845998387783766, "sanity_checks": 0.0002150998916476965, "total": 0.01576339965686202}}