{"part_id": "1-2-13-14-19", "timings_sec": {"read_step": 0.011746699921786785, "enumerate_faces": 4.2800093069672585e-05, "build_adjacency": 0.0004354999400675297, "extract_features": 0.0015362000558525324, "map_labels": 0.00029790005646646023, "sanity_checks": 0.0001960000954568386, "total": 0.014255100162699819}}