{"part_id": "1-2-8-19", "timings_sec": {"read_step": 0.009517599828541279, "enumerate_faces": 3.8800062611699104e-05, "build_adjacency": 0.00032679992727935314, "extract_features": 0.0012505999766290188, "map_labels": 0.00024239998310804367, "sanity_checks": 0.00016469997353851795, "total": 0.011540899751707911}}