{"part_id": "1-2-7-8-14-23", "timings_sec": {"read_step": 0.009095600107684731, "enumerate_faces": 2.9999995604157448e-05, "build_adjacency": 0.00028689997270703316, "extract_features": 0.0011911001056432724, "map_labels": 0.00021070009097456932, "sanity_checks": 0.0001300000585615635, "total": 0.010944300331175327}}