{"part_id": "1-2-8-8-12-23", "timings_sec": {"read_step": 0.014244999969378114, "enumerate_faces": 3.620004281401634e-05, "build_adjacency": 0.0005047000013291836, "extract_features": 0.0017510999459773302, "map_labels": 0.000304599991068244, "sanity_checks": 0.00024310010485351086, "total": 0.0170847000554204}}