{"part_id": "1-2-9-19", "timings_sec": {"read_step": 0.0065818000584840775, "enumerate_faces": 2.150004729628563e-05, "build_adjacency": 0.0002163001336157322, "extract_features": 0.0010879000183194876, "map_labels": 0.00021150009706616402, "sanity_checks": 0.000112100038677454, "total": 0.0082311003934592}}