{"part_id": "1-2-3-6-13-23", "timings_sec": {"read_step": 0.012133600190281868, "enumerate_faces": 3.400002606213093e-05, "build_adjacency": 0.0004802001640200615, "extract_features": 0.0016890999395400286, "map_labels": 0.0002123001031577587, "sanity_checks": 0.00017450004816055298, "total": 0.0147237004712224}}