{"part_id": "1-2-4-10-11-23", "timings_sec": {"read_step": 0.014147399924695492, "enumerate_faces": 3.2800016924738884e-05, "build_adjacency": 0.00041610002517700195, "extract_features": 0.0016962001100182533, "map_labels": 0.00022769998759031296, "sanity_checks": 0.00018230010755360126, "total": 0.0167025001719594}}