{"part_id": "1-2-2-2-14-23", "timings_sec": {"read_step": 0.015978399896994233, "enumerate_faces": 3.619980998337269e-05, "build_adjacency": 0.0005098001565784216, "extract_features": 0.001889500068500638, "map_labels": 0.00023579993285238743, "sanity_checks": 0.0002009000163525343, "total": 0.018850599881261587}}