{"part_id": "1-2-13-14-14-23", "timings_sec": {"read_step": 0.013827000046148896, "enumerate_faces": 5.229981616139412e-05, "build_adjacency": 0.0004926000256091356, "extract_features": 0.0017671000678092241, "map_labels": 0.00029460014775395393, "sanity_checks": 0.00022919988259673119, "total": 0.016662799986079335}}