{"part_id": "1-2-10-11-19", "timings_sec": {"read_step": 0.011151800164952874, "enumerate_faces": 3.6999816074967384e-05, "build_adjacency": 0.000327100045979023, "extract_features": 0.0012278999201953411, "map_labels": 0.0002500000409781933, "sanity_checks": 0.00015580002218484879, "total": 0.013149600010365248}}