{"part_id": "1-2-5-5-12-23", "timings_sec": {"read_step": 0.011680500116199255, "enumerate_faces": 3.320001997053623e-05, "build_adjacency": 0.00038880016654729843, "extract_features": 0.0014927000738680363, "map_labels": 0.0002256000880151987, "sanity_checks": 0.0001689000055193901, "total": 0.013989700470119715}}