{"part_id": "1-2-7-11-11-23", "timings_sec": {"read_step": 0.012142299907281995, "enumerate_faces": 3.3400021493434906e-05, "build_adjacency": 0.0003871000371873379, "extract_features": 0.0014535998925566673, "map_labels": 0.0002313000150024891, "sanity_checks": 0.0001821999903768301, "total": 0.014429899863898754}}