{"part_id": "1-2-12-12-19", "timings_sec": {"read_step": 0.015164099866524339, "enumerate_faces": 3.96000687032938e-05, "build_adjacency": 0.0004190998151898384, "extract_features": 0.0014239000156521797, "map_labels": 0.00035390001721680164, "sanity_checks": 0.00023390003480017185, "total": 0.017634499818086624}}