{"part_id": "1-2-2-6-13-23", "timings_sec": {"read_step": 0.012220899807289243, "enumerate_faces": 4.440010525286198e-05, "build_adjacency": 0.0005983998998999596, "extract_features": 0.0020376997999846935, "map_labels": 0.00030450010672211647, "sanity_checks": 0.0002633000258356333, "total": 0.015469199744984508}}