{"part_id": "1-2-9-12-19", "timings_sec": {"read_step": 0.008414699928835034, "enumerate_faces": 3.1899893656373024e-05, "build_adjacency": 0.00028089992702007294, "extract_features": 0.001023799879476428, "map_labels": 0.00022040004841983318, "sanity_checks": 0.00012940005399286747, "total": 0.010101099731400609}}