{"part_id": "1-2-5-6-7-23", "timings_sec": {"read_step": 0.011220499873161316, "enumerate_faces": 3.150012344121933e-05, "build_adjacency": 0.00036390009336173534, "extract_features": 0.0013272000942379236, "map_labels": 0.00022769998759031296, "sanity_checks": 0.00024199998006224632, "total": 0.013412800151854753}}