{"part_id": "1-2-4-4-4-23", "timings_sec": {"read_step": 0.009070599917322397, "enumerate_faces": 2.4799956008791924e-05, "build_adjacency": 0.0002886001020669937, "extract_features": 0.0013423999771475792, "map_labels": 0.00019789999350905418, "sanity_checks": 0.00013390020467340946, "total": 0.011058200150728226}}