{"part_id": "1-2-6-12-14-23", "timings_sec": {"read_step": 0.01039830013178289, "enumerate_faces": 2.7799978852272034e-05, "build_adjacency": 0.0003526001237332821, "extract_features": 0.0012206998653709888, "map_labels": 0.00019740010611712933, "sanity_checks": 0.00015279999934136868, "total": 0.01234960020519793}}