{"part_id": "1-2-12-13-13-23", "timings_sec": {"read_step": 0.013330500107258558, "enumerate_faces": 4.529999569058418e-05, "build_adjacency": 0.0003364000003784895, "extract_features": 0.001537900185212493, "map_labels": 0.00031269993633031845, "sanity_checks": 0.00021009985357522964, "total": 0.015772900078445673}}