{"part_id": "1-2-5-5-10-23", "timings_sec": {"read_step": 0.012064100010320544, "enumerate_faces": 3.0199997127056122e-05, "build_adjacency": 0.00039980001747608185, "extract_features": 0.0013822999317198992, "map_labels": 0.0002280999906361103, "sanity_checks": 0.00017509981989860535, "total": 0.014279599767178297}}