{"part_id": "1-2-6-12-12-23", "timings_sec": {"read_step": 0.014581599971279502, "enumerate_faces": 3.320001997053623e-05, "build_adjacency": 0.00031819986179471016, "extract_features": 0.0016546999104321003, "map_labels": 0.00030209985561668873, "sanity_checks": 0.00025749998167157173, "total": 0.01714729960076511}}