{"part_id": "1-2-5-7-12-23", "timings_sec": {"read_step": 0.013699299888685346, "enumerate_faces": 3.4300144761800766e-05, "build_adjacency": 0.0003299000672996044, "extract_features": 0.002306499984115362, "map_labels": 0.0002677999436855316, "sanity_checks": 0.0002592999953776598, "total": 0.016897100023925304}}