{"part_id": "1-2-6-12-19", "timings_sec": {"read_step": 0.0077668000012636185, "enumerate_faces": 2.950010821223259e-05, "build_adjacency": 0.00025589996948838234, "extract_features": 0.0009457999840378761, "map_labels": 0.00019919988699257374, "sanity_checks": 0.00012809992767870426, "total": 0.009325299877673388}}