{"part_id": "1-2-2-8-8-23", "timings_sec": {"read_step": 0.009379900060594082, "enumerate_faces": 3.8499943912029266e-05, "build_adjacency": 0.0003104000352323055, "extract_features": 0.001034500077366829, "map_labels": 0.00021440000273287296, "sanity_checks": 0.00013049994595348835, "total": 0.011108200065791607}}