{"part_id": "1-2-2-5-8-23", "timings_sec": {"read_step": 0.020175500074401498, "enumerate_faces": 3.929995000362396e-05, "build_adjacency": 0.0004504001699388027, "extract_features": 0.001983699854463339, "map_labels": 0.0003208999987691641, "sanity_checks": 0.0002866999711841345, "total": 0.023256500018760562}}