{"part_id": "1-2-5-12-14-23", "timings_sec": {"read_step": 0.009747100062668324, "enumerate_faces": 2.41999514400959e-05, "build_adjacency": 0.0003201998770236969, "extract_features": 0.0018829999025911093, "map_labels": 0.0002874999772757292, "sanity_checks": 0.00019490020349621773, "total": 0.012456899974495173}}