{"part_id": "1-2-5-8-13-23", "timings_sec": {"read_step": 0.0079478002153337, "enumerate_faces": 2.550007775425911e-05, "build_adjacency": 0.0002576999831944704, "extract_features": 0.0009286000858992338, "map_labels": 0.0001914000604301691, "sanity_checks": 0.00012240000069141388, "total": 0.009473400423303246}}