{"part_id": "1-2-6-7-13-23", "timings_sec": {"read_step": 0.008374299854040146, "enumerate_faces": 2.7799978852272034e-05, "build_adjacency": 0.00027219997718930244, "extract_features": 0.00112770008854568, "map_labels": 0.00020399992354214191, "sanity_checks": 0.0001259001437574625, "total": 0.010131899965927005}}