{"part_id": "1-2-6-6-11-23", "timings_sec": {"read_step": 0.009295399999246001, "enumerate_faces": 2.71000899374485e-05, "build_adjacency": 0.00031340005807578564, "extract_features": 0.0013431999832391739, "map_labels": 0.00020040012896060944, "sanity_checks": 0.00014650006778538227, "total": 0.011326000327244401}}