{"part_id": "1-2-3-4-4-23", "timings_sec": {"read_step": 0.012388999806717038, "enumerate_faces": 3.560003824532032e-05, "build_adjacency": 0.0004175999201834202, "extract_features": 0.001430500065907836, "map_labels": 0.00024239998310804367, "sanity_checks": 0.00025829998776316643, "total": 0.014773399801924825}}