{"part_id": "1-2-11-11-13-23", "timings_sec": {"read_step": 0.01764310011640191, "enumerate_faces": 4.969979636371136e-05, "build_adjacency": 0.0006603999063372612, "extract_features": 0.0022454001009464264, "map_labels": 0.0002725999802350998, "sanity_checks": 0.00017930008471012115, "total": 0.02105049998499453}}