{"part_id": "1-2-2-3-12-23", "timings_sec": {"read_step": 0.02575960010290146, "enumerate_faces": 3.8400059565901756e-05, "build_adjacency": 0.0006166000384837389, "extract_features": 0.0025210001040250063, "map_labels": 0.00031869998201727867, "sanity_checks": 0.0004018999170511961, "total": 0.02965620020404458}}