{"part_id": "1-2-4-10-14-23", "timings_sec": {"read_step": 0.015016700141131878, "enumerate_faces": 4.349998198449612e-05, "build_adjacency": 0.00045749987475574017, "extract_features": 0.0014686000067740679, "map_labels": 0.00023359991610050201, "sanity_checks": 0.00016229995526373386, "total": 0.017382199876010418}}