{"part_id": "1-2-2-6-12-23", "timings_sec": {"read_step": 0.016599500086158514, "enumerate_faces": 3.6300159990787506e-05, "build_adjacency": 0.0003899999428540468, "extract_features": 0.0013492999132722616, "map_labels": 0.00024119997397065163, "sanity_checks": 0.00015860004350543022, "total": 0.018774900119751692}}