{"part_id": "1-2-2-9-12-23", "timings_sec": {"read_step": 0.009472500067204237, "enumerate_faces": 2.859998494386673e-05, "build_adjacency": 0.00032410002313554287, "extract_features": 0.0012152998242527246, "map_labels": 0.00022309995256364346, "sanity_checks": 0.00015059998258948326, "total": 0.011414199834689498}}