{"part_id": "1-2-3-6-10-23", "timings_sec": {"read_step": 0.01295990007929504, "enumerate_faces": 3.2800016924738884e-05, "build_adjacency": 0.0004051998257637024, "extract_features": 0.0014649999793618917, "map_labels": 0.00022459984757006168, "sanity_checks": 0.0001829999964684248, "total": 0.015270499745383859}}