{"part_id": "1-2-6-6-12-23", "timings_sec": {"read_step": 0.008662000065669417, "enumerate_faces": 2.9899878427386284e-05, "build_adjacency": 0.00028980011120438576, "extract_features": 0.0010383999906480312, "map_labels": 0.0002118998672813177, "sanity_checks": 0.00012950017116963863, "total": 0.010361500084400177}}