{"part_id": "1-2-7-12-14-23", "timings_sec": {"read_step": 0.013930900022387505, "enumerate_faces": 3.309990279376507e-05, "build_adjacency": 0.00031450018286705017, "extract_features": 0.0011516998056322336, "map_labels": 0.00028110016137361526, "sanity_checks": 0.0002699000760912895, "total": 0.015981200151145458}}