{"part_id": "1-2-5-10-11-23", "timings_sec": {"read_step": 0.011193500133231282, "enumerate_faces": 3.390014171600342e-05, "build_adjacency": 0.00037370016798377037, "extract_features": 0.0013745001051574945, "map_labels": 0.0002296001184731722, "sanity_checks": 0.0002695999573916197, "total": 0.013474800623953342}}