{"part_id": "1-2-5-8-11-23", "timings_sec": {"read_step": 0.010439200093969703, "enumerate_faces": 3.9300182834267616e-05, "build_adjacency": 0.000345699954777956, "extract_features": 0.0012556998990476131, "map_labels": 0.0002188999205827713, "sanity_checks": 0.0001697000116109848, "total": 0.012468500062823296}}