{"part_id": "1-2-11-11-11-23", "timings_sec": {"read_step": 0.017345800064504147, "enumerate_faces": 4.830001853406429e-05, "build_adjacency": 0.0005097000394016504, "extract_features": 0.0017392998561263084, "map_labels": 0.0003116999287158251, "sanity_checks": 0.0002139001153409481, "total": 0.020168700022622943}}