{"part_id": "1-2-2-7-14-23", "timings_sec": {"read_step": 0.016467100009322166, "enumerate_faces": 3.900006413459778e-05, "build_adjacency": 0.0003776999656111002, "extract_features": 0.00222250004298985, "map_labels": 0.0002891998738050461, "sanity_checks": 0.00023559993132948875, "total": 0.01963109988719225}}