{"part_id": "1-2-3-5-8-23", "timings_sec": {"read_step": 0.010462600039318204, "enumerate_faces": 2.9799994081258774e-05, "build_adjacency": 0.00034280004911124706, "extract_features": 0.0012217999901622534, "map_labels": 0.0002266999799758196, "sanity_checks": 0.00015520001761615276, "total": 0.012438900070264935}}