{"part_id": "1-2-4-9-13-23", "timings_sec": {"read_step": 0.00895350007340312, "enumerate_faces": 3.490014933049679e-05, "build_adjacency": 0.0002847001887857914, "extract_features": 0.0010492999572306871, "map_labels": 0.00023850006982684135, "sanity_checks": 0.0001433000434190035, "total": 0.01070420048199594}}