{"part_id": "1-2-4-12-14-23", "timings_sec": {"read_step": 0.009151800069957972, "enumerate_faces": 2.6799971237778664e-05, "build_adjacency": 0.0003024998586624861, "extract_features": 0.0013713999651372433, "map_labels": 0.00021079997532069683, "sanity_checks": 0.00013970001600682735, "total": 0.011202999856323004}}