{"part_id": "1-3-3-10-10-23", "timings_sec": {"read_step": 0.01216699997894466, "enumerate_faces": 2.950010821223259e-05, "build_adjacency": 0.0003921000752598047, "extract_features": 0.0016931998543441296, "map_labels": 0.0002343000378459692, "sanity_checks": 0.00019100005738437176, "total": 0.014707100111991167}}