{"part_id": "1-3-14-14-19", "timings_sec": {"read_step": 0.008666699985042214, "enumerate_faces": 2.569984644651413e-05, "build_adjacency": 0.00028000003658235073, "extract_features": 0.0010152999311685562, "map_labels": 0.0002256000880151987, "sanity_checks": 0.0002193001564592123, "total": 0.010432600043714046}}