{"part_id": "1-3-8-13-14-23", "timings_sec": {"read_step": 0.00915530021302402, "enumerate_faces": 3.3899908885359764e-05, "build_adjacency": 0.0003084000200033188, "extract_features": 0.0013599998783320189, "map_labels": 0.00033210008405148983, "sanity_checks": 0.00027900002896785736, "total": 0.011468700133264065}}