{"part_id": "1-3-6-12-13-23", "timings_sec": {"read_step": 0.009866099804639816, "enumerate_faces": 2.6700086891651154e-05, "build_adjacency": 0.0003925000783056021, "extract_features": 0.0011493000201880932, "map_labels": 0.0002234999556094408, "sanity_checks": 0.0001425999216735363, "total": 0.01180069986730814}}