{"part_id": "1-3-6-13-13-23", "timings_sec": {"read_step": 0.008729799883440137, "enumerate_faces": 2.9299873858690262e-05, "build_adjacency": 0.00029070000164210796, "extract_features": 0.0012885998003184795, "map_labels": 0.00021039997227489948, "sanity_checks": 0.00013129995204508305, "total": 0.010680099483579397}}