{"part_id": "1-3-4-6-10-23", "timings_sec": {"read_step": 0.012892600148916245, "enumerate_faces": 3.0100112780928612e-05, "build_adjacency": 0.0004229999613016844, "extract_features": 0.0016437999438494444, "map_labels": 0.00023090001195669174, "sanity_checks": 0.00019660010002553463, "total": 0.015417000278830528}}