{"part_id": "1-3-5-7-13-23", "timings_sec": {"read_step": 0.011158599983900785, "enumerate_faces": 3.6400044336915016e-05, "build_adjacency": 0.0003370000049471855, "extract_features": 0.0012477000709623098, "map_labels": 0.00022849999368190765, "sanity_checks": 0.0001626000739634037, "total": 0.013170800171792507}}