{"part_id": "1-3-8-8-8-23", "timings_sec": {"read_step": 0.012422099942341447, "enumerate_faces": 3.0499882996082306e-05, "build_adjacency": 0.00038430001586675644, "extract_features": 0.0013349000364542007, "map_labels": 0.0002142000012099743, "sanity_checks": 0.0001651998609304428, "total": 0.014551199739798903}}