{"part_id": "1-3-7-19", "timings_sec": {"read_step": 0.0074031001422554255, "enumerate_faces": 2.66998540610075e-05, "build_adjacency": 0.00024079997092485428, "extract_features": 0.0008807999547570944, "map_labels": 0.00019429996609687805, "sanity_checks": 0.00011320016346871853, "total": 0.008858900051563978}}