{"part_id": "1-3-4-4-9-23", "timings_sec": {"read_step": 0.012403400149196386, "enumerate_faces": 3.320001997053623e-05, "build_adjacency": 0.0004151999019086361, "extract_features": 0.0014464000705629587, "map_labels": 0.00022619985975325108, "sanity_checks": 0.00021440000273287296, "total": 0.014738800004124641}}