{"part_id": "1-3-7-7-10-23", "timings_sec": {"read_step": 0.010475900024175644, "enumerate_faces": 3.890017978847027e-05, "build_adjacency": 0.0003592998255044222, "extract_features": 0.0014784999657422304, "map_labels": 0.00022689998149871826, "sanity_checks": 0.0001588999293744564, "total": 0.012738399906083941}}