{"part_id": "1-3-11-11-14-23", "timings_sec": {"read_step": 0.012466000160202384, "enumerate_faces": 3.260001540184021e-05, "build_adjacency": 0.00045999977737665176, "extract_features": 0.001556699862703681, "map_labels": 0.00022799987345933914, "sanity_checks": 0.00019700010307133198, "total": 0.014940299792215228}}