{"part_id": "1-3-5-9-14-23", "timings_sec": {"read_step": 0.010330400196835399, "enumerate_faces": 3.3499905839562416e-05, "build_adjacency": 0.0003470999654382467, "extract_features": 0.0012606000527739525, "map_labels": 0.00021849991753697395, "sanity_checks": 0.0001579001545906067, "total": 0.012348000193014741}}