{"part_id": "1-3-3-3-19", "timings_sec": {"read_step": 0.023532000137493014, "enumerate_faces": 4.279986023902893e-05, "build_adjacency": 0.0009524000342935324, "extract_features": 0.0027358001098036766, "map_labels": 0.00024339999072253704, "sanity_checks": 0.00021609989926218987, "total": 0.02772250003181398}}