{"part_id": "1-3-6-7-11-23", "timings_sec": {"read_step": 0.010526599828153849, "enumerate_faces": 3.0099879950284958e-05, "build_adjacency": 0.0003700000233948231, "extract_features": 0.0013439999893307686, "map_labels": 0.00020859995856881142, "sanity_checks": 0.0001783999614417553, "total": 0.012657699640840292}}