{"part_id": "1-3-8-9-14-23", "timings_sec": {"read_step": 0.011903600068762898, "enumerate_faces": 2.95999925583601e-05, "build_adjacency": 0.0004016999155282974, "extract_features": 0.0014255999121814966, "map_labels": 0.00021450011990964413, "sanity_checks": 0.00017380015924572945, "total": 0.014148800168186426}}