{"part_id": "1-3-5-8-8-23", "timings_sec": {"read_step": 0.009917400078848004, "enumerate_faces": 2.8299866244196892e-05, "build_adjacency": 0.0003182000946253538, "extract_features": 0.001147200120612979, "map_labels": 0.00022279983386397362, "sanity_checks": 0.0001442998182028532, "total": 0.01177819981239736}}