{"part_id": "1-3-4-6-11-23", "timings_sec": {"read_step": 0.011580999940633774, "enumerate_faces": 2.359994687139988e-05, "build_adjacency": 0.0003847000189125538, "extract_features": 0.001367500051856041, "map_labels": 0.0002649999223649502, "sanity_checks": 0.0002071000635623932, "total": 0.013828899944201112}}