{"part_id": "1-3-4-4-4-23", "timings_sec": {"read_step": 0.009871100075542927, "enumerate_faces": 3.2499898225069046e-05, "build_adjacency": 0.0003299999516457319, "extract_features": 0.0013464998919516802, "map_labels": 0.0002133999951183796, "sanity_checks": 0.00014659995213150978, "total": 0.011940099764615297}}