{"part_id": "1-3-3-6-7-23", "timings_sec": {"read_step": 0.010921299923211336, "enumerate_faces": 2.6700086891651154e-05, "build_adjacency": 0.00036349985748529434, "extract_features": 0.0015211000572890043, "map_labels": 0.0002633000258356333, "sanity_checks": 0.00023539992980659008, "total": 0.01333129988051951}}