{"part_id": "1-3-4-8-12-23", "timings_sec": {"read_step": 0.010822799988090992, "enumerate_faces": 3.729993477463722e-05, "build_adjacency": 0.00033299997448921204, "extract_features": 0.0017822999507188797, "map_labels": 0.00028140004724264145, "sanity_checks": 0.0002305000089108944, "total": 0.013487299904227257}}