{"part_id": "1-3-9-11-12-23", "timings_sec": {"read_step": 0.012171899899840355, "enumerate_faces": 3.3499905839562416e-05, "build_adjacency": 0.000390100060030818, "extract_features": 0.0014261000324040651, "map_labels": 0.00023530004546046257, "sanity_checks": 0.00018170010298490524, "total": 0.014438600046560168}}