{"part_id": "1-3-8-12-14-23", "timings_sec": {"read_step": 0.009896900039166212, "enumerate_faces": 2.95999925583601e-05, "build_adjacency": 0.00041009997949004173, "extract_features": 0.0012622000649571419, "map_labels": 0.00024349987506866455, "sanity_checks": 0.00014970009215176105, "total": 0.011992000043392181}}