{"part_id": "1-3-13-13-13-23", "timings_sec": {"read_step": 0.009102199925109744, "enumerate_faces": 3.0300114303827286e-05, "build_adjacency": 0.0002886999864131212, "extract_features": 0.0011805000249296427, "map_labels": 0.00021399999968707561, "sanity_checks": 0.00014579994603991508, "total": 0.010961499996483326}}