{"part_id": "1-3-3-3-8-23", "timings_sec": {"read_step": 0.027411000104621053, "enumerate_faces": 4.519987851381302e-05, "build_adjacency": 0.0009119999594986439, "extract_features": 0.0031224999111145735, "map_labels": 0.0002941000275313854, "sanity_checks": 0.0003975001163780689, "total": 0.03218229999765754}}