{"part_id": "1-3-9-13-14-23", "timings_sec": {"read_step": 0.009646099992096424, "enumerate_faces": 2.719997428357601e-05, "build_adjacency": 0.0003154999576508999, "extract_features": 0.0012923001777380705, "map_labels": 0.0002079999540001154, "sanity_checks": 0.00014590006321668625, "total": 0.011635000118985772}}