{"part_id": "1-3-4-7-13-23", "timings_sec": {"read_step": 0.015094200149178505, "enumerate_faces": 3.4499913454055786e-05, "build_adjacency": 0.0005322999786585569, "extract_features": 0.00213009980507195, "map_labels": 0.00029470003210008144, "sanity_checks": 0.00019519985653460026, "total": 0.01828099973499775}}