{"part_id": "1-3-3-10-12-23", "timings_sec": {"read_step": 0.017267900053411722, "enumerate_faces": 3.409991040825844e-05, "build_adjacency": 0.0005675000138580799, "extract_features": 0.002471399959176779, "map_labels": 0.00023710005916655064, "sanity_checks": 0.00022829999215900898, "total": 0.0208062999881804}}