{"part_id": "1-3-4-14-19", "timings_sec": {"read_step": 0.0083534000441432, "enumerate_faces": 2.459995448589325e-05, "build_adjacency": 0.0002756000030785799, "extract_features": 0.0010682998690754175, "map_labels": 0.00019740010611712933, "sanity_checks": 0.0001338999718427658, "total": 0.010053199948742986}}