{"part_id": "1-3-7-7-7-23", "timings_sec": {"read_step": 0.012190100038424134, "enumerate_faces": 3.6999816074967384e-05, "build_adjacency": 0.0003831000067293644, "extract_features": 0.0013755999971181154, "map_labels": 0.0002258999738842249, "sanity_checks": 0.00016580009832978249, "total": 0.014377499930560589}}