{"part_id": "1-3-6-10-12-23", "timings_sec": {"read_step": 0.012683600187301636, "enumerate_faces": 2.9199989512562752e-05, "build_adjacency": 0.0004241999704390764, "extract_features": 0.0015336999204009771, "map_labels": 0.00020810007117688656, "sanity_checks": 0.00018489989452064037, "total": 0.015063700033351779}}