{"part_id": "1-3-11-12-12-23", "timings_sec": {"read_step": 0.014705999987199903, "enumerate_faces": 3.409991040825844e-05, "build_adjacency": 0.0006807001773267984, "extract_features": 0.0016983000095933676, "map_labels": 0.00022520008496940136, "sanity_checks": 0.00020989985205233097, "total": 0.01755420002155006}}