{"part_id": "1-3-11-12-14-23", "timings_sec": {"read_step": 0.01356539991684258, "enumerate_faces": 3.120000474154949e-05, "build_adjacency": 0.00043189991265535355, "extract_features": 0.0016316999681293964, "map_labels": 0.0002686998341232538, "sanity_checks": 0.00019869999960064888, "total": 0.016127599636092782}}