{"part_id": "1-3-7-7-14-23", "timings_sec": {"read_step": 0.010791299864649773, "enumerate_faces": 3.320001997053623e-05, "build_adjacency": 0.0003349999897181988, "extract_features": 0.0011835999321192503, "map_labels": 0.00022289995104074478, "sanity_checks": 0.00014829984866082668, "total": 0.01271429960615933}}