{"part_id": "1-3-5-7-8-23", "timings_sec": {"read_step": 0.009641499957069755, "enumerate_faces": 3.229989670217037e-05, "build_adjacency": 0.00030390010215342045, "extract_features": 0.001087200129404664, "map_labels": 0.00022109993733465672, "sanity_checks": 0.0001368001103401184, "total": 0.011422800133004785}}