{"part_id": "1-3-8-10-13-23", "timings_sec": {"read_step": 0.012689800001680851, "enumerate_faces": 3.3899908885359764e-05, "build_adjacency": 0.00041310000233352184, "extract_features": 0.0014711001422256231, "map_labels": 0.00023639993742108345, "sanity_checks": 0.00017779995687305927, "total": 0.015022099949419498}}