{"part_id": "1-3-3-12-13-23", "timings_sec": {"read_step": 0.011235400103032589, "enumerate_faces": 2.5799963623285294e-05, "build_adjacency": 0.0003610001876950264, "extract_features": 0.0012949001975357533, "map_labels": 0.00021370011381804943, "sanity_checks": 0.0001612999476492405, "total": 0.013292100513353944}}