{"part_id": "1-3-3-7-11-23", "timings_sec": {"read_step": 0.018307500053197145, "enumerate_faces": 4.20999713242054e-05, "build_adjacency": 0.0006494999397546053, "extract_features": 0.002196999965235591, "map_labels": 0.00024410011246800423, "sanity_checks": 0.0001863997895270586, "total": 0.02162659983150661}}