{"part_id": "1-3-9-9-12-23", "timings_sec": {"read_step": 0.01130790007300675, "enumerate_faces": 3.1899893656373024e-05, "build_adjacency": 0.0004149000160396099, "extract_features": 0.0014398000203073025, "map_labels": 0.00023910007439553738, "sanity_checks": 0.0001691998913884163, "total": 0.013602799968793988}}