{"part_id": "1-3-3-5-8-23", "timings_sec": {"read_step": 0.010983700165525079, "enumerate_faces": 2.329982817173004e-05, "build_adjacency": 0.0003450000658631325, "extract_features": 0.00126069993712008, "map_labels": 0.00018529989756643772, "sanity_checks": 0.00018490012735128403, "total": 0.012982900021597743}}