{"part_id": "1-3-3-4-14-23", "timings_sec": {"read_step": 0.019934399984776974, "enumerate_faces": 3.929995000362396e-05, "build_adjacency": 0.0005608000792562962, "extract_features": 0.0019388000946491957, "map_labels": 0.00023750006221234798, "sanity_checks": 0.00029949983581900597, "total": 0.023010300006717443}}