{"part_id": "1-3-5-6-19", "timings_sec": {"read_step": 0.011974000139161944, "enumerate_faces": 3.620004281401634e-05, "build_adjacency": 0.0003621000796556473, "extract_features": 0.0017400998622179031, "map_labels": 0.0002904001157730818, "sanity_checks": 0.00026530004106462, "total": 0.014668100280687213}}