{"part_id": "1-3-3-4-11-23", "timings_sec": {"read_step": 0.014985900139436126, "enumerate_faces": 3.409991040825844e-05, "build_adjacency": 0.0005646999925374985, "extract_features": 0.0018007000908255577, "map_labels": 0.0002259998582303524, "sanity_checks": 0.0002142998855561018, "total": 0.017825699876993895}}