{"part_id": "1-3-6-12-19", "timings_sec": {"read_step": 0.010397299891337752, "enumerate_faces": 2.9300106689333916e-05, "build_adjacency": 0.00034030014649033546, "extract_features": 0.0012471999507397413, "map_labels": 0.00020919996313750744, "sanity_checks": 0.00014690007083117962, "total": 0.01237020012922585}}