{"part_id": "1-3-5-11-11-23", "timings_sec": {"read_step": 0.012307299999520183, "enumerate_faces": 2.9900111258029938e-05, "build_adjacency": 0.00042470009066164494, "extract_features": 0.001550000160932541, "map_labels": 0.0002087999600917101, "sanity_checks": 0.00019340007565915585, "total": 0.014714100398123264}}