{"part_id": "1-3-5-10-14-23", "timings_sec": {"read_step": 0.010472999885678291, "enumerate_faces": 2.410006709396839e-05, "build_adjacency": 0.000341600039973855, "extract_features": 0.0012741999235004187, "map_labels": 0.00018869992345571518, "sanity_checks": 0.0001596000511199236, "total": 0.012461199890822172}}