{"part_id": "1-3-8-8-10-23", "timings_sec": {"read_step": 0.011375300120562315, "enumerate_faces": 3.150012344121933e-05, "build_adjacency": 0.00044109998270869255, "extract_features": 0.0014226001221686602, "map_labels": 0.00022320006974041462, "sanity_checks": 0.0001667998731136322, "total": 0.013660500291734934}}