{"part_id": "1-3-4-13-19", "timings_sec": {"read_step": 0.009464999893680215, "enumerate_faces": 2.2799940779805183e-05, "build_adjacency": 0.00030949991196393967, "extract_features": 0.0011054999195039272, "map_labels": 0.00018790015019476414, "sanity_checks": 0.00013569998554885387, "total": 0.011226399801671505}}