{"part_id": "1-3-3-8-13-23", "timings_sec": {"read_step": 0.011474800063297153, "enumerate_faces": 2.6200199499726295e-05, "build_adjacency": 0.0003839998971670866, "extract_features": 0.0013055999297648668, "map_labels": 0.00021849991753697395, "sanity_checks": 0.0001534000039100647, "total": 0.013562500011175871}}