{"part_id": "1-3-12-13-13-23", "timings_sec": {"read_step": 0.01004560012370348, "enumerate_faces": 3.6400044336915016e-05, "build_adjacency": 0.0003198999911546707, "extract_features": 0.0011460001114755869, "map_labels": 0.0002204999327659607, "sanity_checks": 0.00014700018800795078, "total": 0.011915400391444564}}