{"part_id": "1-3-3-10-14-23", "timings_sec": {"read_step": 0.01606189995072782, "enumerate_faces": 3.3800024539232254e-05, "build_adjacency": 0.0005511001218110323, "extract_features": 0.0018399001564830542, "map_labels": 0.0002620997838675976, "sanity_checks": 0.00025659985840320587, "total": 0.019005399895831943}}