{"part_id": "1-3-6-8-12-23", "timings_sec": {"read_step": 0.013797800056636333, "enumerate_faces": 3.8700178265571594e-05, "build_adjacency": 0.00041470001451671124, "extract_features": 0.0015932999085634947, "map_labels": 0.0002226000651717186, "sanity_checks": 0.0001721999142318964, "total": 0.016239300137385726}}