{"part_id": "1-3-5-9-19", "timings_sec": {"read_step": 0.009104300057515502, "enumerate_faces": 3.060000017285347e-05, "build_adjacency": 0.00030470010824501514, "extract_features": 0.0011162001173943281, "map_labels": 0.00022350018844008446, "sanity_checks": 0.0001484001986682415, "total": 0.010927700670436025}}