{"part_id": "1-3-5-6-13-23", "timings_sec": {"read_step": 0.010601599933579564, "enumerate_faces": 3.1299889087677e-05, "build_adjacency": 0.00034549995325505733, "extract_features": 0.0011783000081777573, "map_labels": 0.00023030000738799572, "sanity_checks": 0.00014469982124865055, "total": 0.012531699612736702}}