{"part_id": "1-3-5-11-13-23", "timings_sec": {"read_step": 0.01071049994789064, "enumerate_faces": 2.8300099074840546e-05, "build_adjacency": 0.0003580001648515463, "extract_features": 0.0013375000562518835, "map_labels": 0.00020590005442500114, "sanity_checks": 0.00016540009528398514, "total": 0.012805600417777896}}