{"part_id": "1-3-11-11-13-23", "timings_sec": {"read_step": 0.013422799995169044, "enumerate_faces": 3.329990431666374e-05, "build_adjacency": 0.0004450001288205385, "extract_features": 0.0015844001900404692, "map_labels": 0.00022950000129640102, "sanity_checks": 0.00025919987820088863, "total": 0.015974200097844005}}