{"part_id": "1-3-9-9-19", "timings_sec": {"read_step": 0.008826199918985367, "enumerate_faces": 2.8399983420968056e-05, "build_adjacency": 0.0002897998783737421, "extract_features": 0.0012159000616520643, "map_labels": 0.0001946999691426754, "sanity_checks": 0.00013910001143813133, "total": 0.010694099823012948}}