{"part_id": "1-3-3-3-3-23", "timings_sec": {"read_step": 0.027700899867340922, "enumerate_faces": 3.7499936297535896e-05, "build_adjacency": 0.0009832000359892845, "extract_features": 0.002845700131729245, "map_labels": 0.0002380001824349165, "sanity_checks": 0.00031090015545487404, "total": 0.03211620030924678}}