{"part_id": "1-3-4-8-14-23", "timings_sec": {"read_step": 0.011189500102773309, "enumerate_faces": 2.9799994081258774e-05, "build_adjacency": 0.0003738999366760254, "extract_features": 0.0015508001670241356, "map_labels": 0.0002703999634832144, "sanity_checks": 0.0001585001591593027, "total": 0.013572900323197246}}