{"part_id": "1-3-4-6-14-23", "timings_sec": {"read_step": 0.009825199842453003, "enumerate_faces": 3.3499905839562416e-05, "build_adjacency": 0.0005187999922782183, "extract_features": 0.002071400173008442, "map_labels": 0.00027660001069307327, "sanity_checks": 0.00021119997836649418, "total": 0.012936699902638793}}