{"part_id": "1-3-3-11-19", "timings_sec": {"read_step": 0.0124333999119699, "enumerate_faces": 2.7999980375170708e-05, "build_adjacency": 0.00040900008752942085, "extract_features": 0.0015016000252217054, "map_labels": 0.00020919996313750744, "sanity_checks": 0.00018409988842904568, "total": 0.01476529985666275}}