{"part_id": "1-3-7-8-8-23", "timings_sec": {"read_step": 0.008943699998781085, "enumerate_faces": 2.66998540610075e-05, "build_adjacency": 0.00030239997431635857, "extract_features": 0.0011522001586854458, "map_labels": 0.00018969993107020855, "sanity_checks": 0.00013479986228048801, "total": 0.010749499779194593}}