{"part_id": "1-3-6-11-14-23", "timings_sec": {"read_step": 0.010878799948841333, "enumerate_faces": 3.210012800991535e-05, "build_adjacency": 0.00035179988481104374, "extract_features": 0.0013169001322239637, "map_labels": 0.0002256000880151987, "sanity_checks": 0.00016830000095069408, "total": 0.012973500182852149}}