{"part_id": "1-3-6-6-19", "timings_sec": {"read_step": 0.007758399937301874, "enumerate_faces": 2.5099841877818108e-05, "build_adjacency": 0.00027860002592206, "extract_features": 0.0010204999707639217, "map_labels": 0.00023150001652538776, "sanity_checks": 0.00011850008741021156, "total": 0.009432599879801273}}