{"part_id": "1-3-5-7-14-23", "timings_sec": {"read_step": 0.009192400146275759, "enumerate_faces": 2.6300083845853806e-05, "build_adjacency": 0.0003494999837130308, "extract_features": 0.0012284000404179096, "map_labels": 0.0002125999890267849, "sanity_checks": 0.0001362999901175499, "total": 0.011145500233396888}}