{"part_id": "1-3-8-11-11-23", "timings_sec": {"read_step": 0.012036599917337298, "enumerate_faces": 2.8700102120637894e-05, "build_adjacency": 0.00039570010267198086, "extract_features": 0.0019024000503122807, "map_labels": 0.0002641999162733555, "sanity_checks": 0.0002941000275313854, "total": 0.014921700116246939}}