{"part_id": "1-3-6-9-14-23", "timings_sec": {"read_step": 0.011898200027644634, "enumerate_faces": 3.1800009310245514e-05, "build_adjacency": 0.0005177999846637249, "extract_features": 0.0014468999579548836, "map_labels": 0.00022569997236132622, "sanity_checks": 0.00016440008766949177, "total": 0.014284800039604306}}