{"part_id": "1-3-3-7-9-23", "timings_sec": {"read_step": 0.015435999957844615, "enumerate_faces": 2.9900111258029938e-05, "build_adjacency": 0.000512799946591258, "extract_features": 0.0018063001334667206, "map_labels": 0.00022309995256364346, "sanity_checks": 0.00021500000730156898, "total": 0.018223100109025836}}