{"part_id": "1-3-6-6-10-23", "timings_sec": {"read_step": 0.016195900039747357, "enumerate_faces": 3.329990431666374e-05, "build_adjacency": 0.00032020010985434055, "extract_features": 0.0017794999293982983, "map_labels": 0.00029070000164210796, "sanity_checks": 0.0002772998996078968, "total": 0.018896899884566665}}