{"part_id": "1-3-4-10-19", "timings_sec": {"read_step": 0.009242699947208166, "enumerate_faces": 2.750009298324585e-05, "build_adjacency": 0.00029530003666877747, "extract_features": 0.001092500053346157, "map_labels": 0.00019429996609687805, "sanity_checks": 0.00014160014688968658, "total": 0.010993900243192911}}