{"part_id": "1-3-4-8-10-23", "timings_sec": {"read_step": 0.011744000017642975, "enumerate_faces": 3.110012039542198e-05, "build_adjacency": 0.0004133000038564205, "extract_features": 0.0015963998157531023, "map_labels": 0.00022780010476708412, "sanity_checks": 0.0001751999370753765, "total": 0.01418779999949038}}