{"part_id": "1-3-4-7-19", "timings_sec": {"read_step": 0.01025600009597838, "enumerate_faces": 2.859998494386673e-05, "build_adjacency": 0.000462900148704648, "extract_features": 0.0010309000499546528, "map_labels": 0.00020290003158152103, "sanity_checks": 0.00012770015746355057, "total": 0.012109000468626618}}