{"part_id": "1-3-5-9-10-23", "timings_sec": {"read_step": 0.010870799887925386, "enumerate_faces": 3.2800016924738884e-05, "build_adjacency": 0.0003784999717026949, "extract_features": 0.0014084000140428543, "map_labels": 0.00022229994647204876, "sanity_checks": 0.00016930000856518745, "total": 0.01308209984563291}}