{"part_id": "1-3-3-9-14-23", "timings_sec": {"read_step": 0.013340000063180923, "enumerate_faces": 3.360002301633358e-05, "build_adjacency": 0.0004507999401539564, "extract_features": 0.0015509999357163906, "map_labels": 0.00023410003632307053, "sanity_checks": 0.0001827001105993986, "total": 0.015792200108990073}}