{"part_id": "1-3-8-11-12-23", "timings_sec": {"read_step": 0.013483500108122826, "enumerate_faces": 3.310013562440872e-05, "build_adjacency": 0.0005405999254435301, "extract_features": 0.0015688000712543726, "map_labels": 0.0002288001123815775, "sanity_checks": 0.00018990016542375088, "total": 0.016044700518250465}}