{"part_id": "1-3-6-13-19", "timings_sec": {"read_step": 0.007702399976551533, "enumerate_faces": 2.5700079277157784e-05, "build_adjacency": 0.00035089999437332153, "extract_features": 0.0009911998640745878, "map_labels": 0.00021169986575841904, "sanity_checks": 0.00012420001439750195, "total": 0.00940609979443252}}