{"part_id": "1-3-6-6-8-23", "timings_sec": {"read_step": 0.008325800066813827, "enumerate_faces": 2.9199989512562752e-05, "build_adjacency": 0.00027110008522868156, "extract_features": 0.0009465001057833433, "map_labels": 0.00021350011229515076, "sanity_checks": 0.00013039982877671719, "total": 0.009916500188410282}}