{"part_id": "1-3-7-11-13-23", "timings_sec": {"read_step": 0.01144689996726811, "enumerate_faces": 3.269989974796772e-05, "build_adjacency": 0.00035820016637444496, "extract_features": 0.0014327999670058489, "map_labels": 0.00022939988411962986, "sanity_checks": 0.00016660010442137718, "total": 0.013666599988937378}}