{"part_id": "1-3-4-11-11-23", "timings_sec": {"read_step": 0.01224120007827878, "enumerate_faces": 3.429991193115711e-05, "build_adjacency": 0.0004092000890523195, "extract_features": 0.0016991999000310898, "map_labels": 0.00021460000425577164, "sanity_checks": 0.0001900000497698784, "total": 0.014788500033318996}}