{"part_id": "1-3-7-9-14-23", "timings_sec": {"read_step": 0.009516500169411302, "enumerate_faces": 3.109988756477833e-05, "build_adjacency": 0.00031839986331760883, "extract_features": 0.0015071998350322247, "map_labels": 0.00020370003767311573, "sanity_checks": 0.00015150010585784912, "total": 0.011728399898856878}}