{"part_id": "1-3-7-9-12-23", "timings_sec": {"read_step": 0.010432200040668249, "enumerate_faces": 3.2899901270866394e-05, "build_adjacency": 0.00034580007195472717, "extract_features": 0.0013434998691082, "map_labels": 0.00021039997227489948, "sanity_checks": 0.00015859981067478657, "total": 0.012523399665951729}}