{"part_id": "1-3-6-9-12-23", "timings_sec": {"read_step": 0.010652600089088082, "enumerate_faces": 3.260001540184021e-05, "build_adjacency": 0.0003285999409854412, "extract_features": 0.0012562000192701817, "map_labels": 0.0002466000150889158, "sanity_checks": 0.00016719987615942955, "total": 0.01268379995599389}}