{"part_id": "1-3-8-8-9-23", "timings_sec": {"read_step": 0.009201099863275886, "enumerate_faces": 3.0300114303827286e-05, "build_adjacency": 0.00029399991035461426, "extract_features": 0.0011753998696804047, "map_labels": 0.0002226999495178461, "sanity_checks": 0.0001392001286149025, "total": 0.01106269983574748}}