{"part_id": "1-3-9-12-14-23", "timings_sec": {"read_step": 0.010712599847465754, "enumerate_faces": 3.439979627728462e-05, "build_adjacency": 0.0003447001799941063, "extract_features": 0.0013776998966932297, "map_labels": 0.00023370003327727318, "sanity_checks": 0.00022389995865523815, "total": 0.012926999712362885}}