{"part_id": "1-3-3-4-5-23", "timings_sec": {"read_step": 0.014881499810144305, "enumerate_faces": 3.369990736246109e-05, "build_adjacency": 0.0004851999692618847, "extract_features": 0.0018990999087691307, "map_labels": 0.00022140005603432655, "sanity_checks": 0.00020740018226206303, "total": 0.01772829983383417}}