{"part_id": "1-3-4-10-13-23", "timings_sec": {"read_step": 0.015561699867248535, "enumerate_faces": 3.409991040825844e-05, "build_adjacency": 0.0003964998759329319, "extract_features": 0.001554299844428897, "map_labels": 0.00022229994647204876, "sanity_checks": 0.00016830000095069408, "total": 0.017937199445441365}}