{"part_id": "1-3-12-13-19", "timings_sec": {"read_step": 0.010103699984028935, "enumerate_faces": 2.5499844923615456e-05, "build_adjacency": 0.0003301000688225031, "extract_features": 0.0014104999136179686, "map_labels": 0.00022440007887780666, "sanity_checks": 0.00014560017734766006, "total": 0.01223980006761849}}