{"part_id": "1-3-9-11-13-23", "timings_sec": {"read_step": 0.011249100090935826, "enumerate_faces": 3.7899939343333244e-05, "build_adjacency": 0.00048210006207227707, "extract_features": 0.0013723000884056091, "map_labels": 0.00023209978826344013, "sanity_checks": 0.00018170010298490524, "total": 0.013555200072005391}}