{"part_id": "1-3-5-10-10-23", "timings_sec": {"read_step": 0.007960099959746003, "enumerate_faces": 3.310013562440872e-05, "build_adjacency": 0.00029499991796910763, "extract_features": 0.000932999886572361, "map_labels": 0.00023170001804828644, "sanity_checks": 0.00011470005847513676, "total": 0.009567599976435304}}