{"part_id": "1-3-5-10-12-23", "timings_sec": {"read_step": 0.010826400015503168, "enumerate_faces": 3.6800047382712364e-05, "build_adjacency": 0.00039760000072419643, "extract_features": 0.0013713999651372433, "map_labels": 0.0002506000455468893, "sanity_checks": 0.0001666999887675047, "total": 0.013049500063061714}}