{"part_id": "1-3-7-10-14-23", "timings_sec": {"read_step": 0.010559699963778257, "enumerate_faces": 3.3499905839562416e-05, "build_adjacency": 0.00033970014192163944, "extract_features": 0.0012468998320400715, "map_labels": 0.00021399999968707561, "sanity_checks": 0.00015940004959702492, "total": 0.012553199892863631}}