{"part_id": "1-3-4-10-10-23", "timings_sec": {"read_step": 0.014693600125610828, "enumerate_faces": 3.4400029107928276e-05, "build_adjacency": 0.0004463999066501856, "extract_features": 0.0016060001216828823, "map_labels": 0.0002911998890340328, "sanity_checks": 0.0002657999284565449, "total": 0.017337400000542402}}