{"part_id": "1-3-4-5-9-23", "timings_sec": {"read_step": 0.011791399912908673, "enumerate_faces": 2.8799986466765404e-05, "build_adjacency": 0.0003899000585079193, "extract_features": 0.0015948000364005566, "map_labels": 0.0001984999980777502, "sanity_checks": 0.00017239991575479507, "total": 0.01417579990811646}}