{"part_id": "1-3-3-13-13-23", "timings_sec": {"read_step": 0.01488559995777905, "enumerate_faces": 3.4499913454055786e-05, "build_adjacency": 0.0006045999471098185, "extract_features": 0.0016469999682158232, "map_labels": 0.00022380007430911064, "sanity_checks": 0.00019529997371137142, "total": 0.01759079983457923}}