{"part_id": "1-3-3-8-8-23", "timings_sec": {"read_step": 0.013409100007265806, "enumerate_faces": 2.7299858629703522e-05, "build_adjacency": 0.0004553999751806259, "extract_features": 0.001654299907386303, "map_labels": 0.00021760002709925175, "sanity_checks": 0.00019289995543658733, "total": 0.015956599730998278}}