{"part_id": "1-3-6-14-14-23", "timings_sec": {"read_step": 0.01193000003695488, "enumerate_faces": 2.7999980375170708e-05, "build_adjacency": 0.0003969999961555004, "extract_features": 0.0015136001165956259, "map_labels": 0.00022459984757006168, "sanity_checks": 0.00016789999790489674, "total": 0.014261099975556135}}