{"part_id": "1-3-9-9-9-23", "timings_sec": {"read_step": 0.01186650013551116, "enumerate_faces": 3.1800009310245514e-05, "build_adjacency": 0.00037640007212758064, "extract_features": 0.001358899986371398, "map_labels": 0.00025669997557997704, "sanity_checks": 0.00016910000704228878, "total": 0.01405940018594265}}