{"part_id": "1-3-4-6-13-23", "timings_sec": {"read_step": 0.010132000083103776, "enumerate_faces": 2.5899847969412804e-05, "build_adjacency": 0.00035019987262785435, "extract_features": 0.0012116001453250647, "map_labels": 0.00020789983682334423, "sanity_checks": 0.0001534000039100647, "total": 0.012080999789759517}}