{"part_id": "1-3-10-11-19", "timings_sec": {"read_step": 0.010503299999982119, "enumerate_faces": 2.719997428357601e-05, "build_adjacency": 0.0003364000003784895, "extract_features": 0.0014169998466968536, "map_labels": 0.00019869999960064888, "sanity_checks": 0.0001620999537408352, "total": 0.012644699774682522}}