{"part_id": "1-3-6-14-19", "timings_sec": {"read_step": 0.01451199990697205, "enumerate_faces": 4.219985567033291e-05, "build_adjacency": 0.000582000007852912, "extract_features": 0.0019163000397384167, "map_labels": 0.0002850000746548176, "sanity_checks": 0.0002540999557822943, "total": 0.017591599840670824}}