{"part_id": "1-3-5-9-12-23", "timings_sec": {"read_step": 0.010689500020816922, "enumerate_faces": 2.8799986466765404e-05, "build_adjacency": 0.00036509986966848373, "extract_features": 0.0014414000324904919, "map_labels": 0.00020730006508529186, "sanity_checks": 0.0001651998609304428, "total": 0.012897299835458398}}