{"part_id": "1-3-8-10-12-23", "timings_sec": {"read_step": 0.01295339991338551, "enumerate_faces": 2.9999995604157448e-05, "build_adjacency": 0.00033599999733269215, "extract_features": 0.0013518000487238169, "map_labels": 0.00023279991000890732, "sanity_checks": 0.00016309996135532856, "total": 0.015067099826410413}}