{"part_id": "1-3-5-6-6-23", "timings_sec": {"read_step": 0.015123700024560094, "enumerate_faces": 4.569999873638153e-05, "build_adjacency": 0.0005497001111507416, "extract_features": 0.0013985000550746918, "map_labels": 0.00027050008065998554, "sanity_checks": 0.00023550004698336124, "total": 0.017623600317165256}}