{"part_id": "1-3-5-11-12-23", "timings_sec": {"read_step": 0.011560800019651651, "enumerate_faces": 2.469983883202076e-05, "build_adjacency": 0.0003846001345664263, "extract_features": 0.0014420999214053154, "map_labels": 0.0001993000041693449, "sanity_checks": 0.00017520016990602016, "total": 0.013786700088530779}}