{"part_id": "1-3-3-12-19", "timings_sec": {"read_step": 0.012268700171262026, "enumerate_faces": 3.1499890610575676e-05, "build_adjacency": 0.0003432000521570444, "extract_features": 0.001276999944821, "map_labels": 0.00023010000586509705, "sanity_checks": 0.0001525001134723425, "total": 0.014303000178188086}}