{"part_id": "1-3-7-11-14-23", "timings_sec": {"read_step": 0.011610700050368905, "enumerate_faces": 3.719981759786606e-05, "build_adjacency": 0.00048450008034706116, "extract_features": 0.001365800155326724, "map_labels": 0.0002188000362366438, "sanity_checks": 0.00016999989748001099, "total": 0.013887000037357211}}