{"part_id": "1-3-10-10-13-23", "timings_sec": {"read_step": 0.01332999998703599, "enumerate_faces": 3.1300121918320656e-05, "build_adjacency": 0.000529599841684103, "extract_features": 0.0014957000967115164, "map_labels": 0.0002180000301450491, "sanity_checks": 0.00018470012582838535, "total": 0.015789300203323364}}