{"part_id": "1-3-4-8-9-23", "timings_sec": {"read_step": 0.013017599936574697, "enumerate_faces": 2.9900111258029938e-05, "build_adjacency": 0.0003274998161941767, "extract_features": 0.0015734999906271696, "map_labels": 0.00023710005916655064, "sanity_checks": 0.00016850000247359276, "total": 0.015354099916294217}}