{"part_id": "1-3-4-7-10-23", "timings_sec": {"read_step": 0.011341300094500184, "enumerate_faces": 3.229989670217037e-05, "build_adjacency": 0.0003470999654382467, "extract_features": 0.0013108998537063599, "map_labels": 0.00023639993742108345, "sanity_checks": 0.00019329995848238468, "total": 0.01346129970625043}}