{"part_id": "1-3-7-7-8-23", "timings_sec": {"read_step": 0.009842399973422289, "enumerate_faces": 2.810009755194187e-05, "build_adjacency": 0.00031020003370940685, "extract_features": 0.0013083999510854483, "map_labels": 0.0002498000394552946, "sanity_checks": 0.0001425000373274088, "total": 0.01188140013255179}}