{"part_id": "1-3-3-10-11-23", "timings_sec": {"read_step": 0.01321030012331903, "enumerate_faces": 3.300001844763756e-05, "build_adjacency": 0.0004382000770419836, "extract_features": 0.001617700094357133, "map_labels": 0.00028540007770061493, "sanity_checks": 0.00019959989003837109, "total": 0.01578420028090477}}