{"part_id": "1-3-10-12-12-23", "timings_sec": {"read_step": 0.011337899835780263, "enumerate_faces": 3.1899893656373024e-05, "build_adjacency": 0.00036010006442666054, "extract_features": 0.0014555000234395266, "map_labels": 0.00020250002853572369, "sanity_checks": 0.00016569998115301132, "total": 0.013553599826991558}}