{"part_id": "1-3-4-4-11-23", "timings_sec": {"read_step": 0.01056860014796257, "enumerate_faces": 2.569984644651413e-05, "build_adjacency": 0.00036170007660984993, "extract_features": 0.0013130998704582453, "map_labels": 0.00020640017464756966, "sanity_checks": 0.0001713000237941742, "total": 0.012646800139918923}}