{"part_id": "1-3-5-6-14-23", "timings_sec": {"read_step": 0.011961599811911583, "enumerate_faces": 3.0100112780928612e-05, "build_adjacency": 0.0003847999032586813, "extract_features": 0.0013278999831527472, "map_labels": 0.00021920003928244114, "sanity_checks": 0.00016160006634891033, "total": 0.014085199916735291}}