{"part_id": "1-3-6-8-14-23", "timings_sec": {"read_step": 0.009006900014355779, "enumerate_faces": 3.269989974796772e-05, "build_adjacency": 0.0003120000474154949, "extract_features": 0.0011350999120622873, "map_labels": 0.00021709990687668324, "sanity_checks": 0.0001417999155819416, "total": 0.010845599696040154}}