{"part_id": "1-3-4-5-5-23", "timings_sec": {"read_step": 0.013435800094157457, "enumerate_faces": 3.450014628469944e-05, "build_adjacency": 0.0004336000420153141, "extract_features": 0.0015384999569505453, "map_labels": 0.00022900011390447617, "sanity_checks": 0.00018470012582838535, "total": 0.015856100479140878}}