{"part_id": "1-3-6-6-12-23", "timings_sec": {"read_step": 0.011544000124558806, "enumerate_faces": 3.300001844763756e-05, "build_adjacency": 0.0004482001531869173, "extract_features": 0.0013355000410228968, "map_labels": 0.00022249994799494743, "sanity_checks": 0.00015760003589093685, "total": 0.013740800321102142}}