{"part_id": "1-3-3-6-10-23", "timings_sec": {"read_step": 0.010773699963465333, "enumerate_faces": 2.529984340071678e-05, "build_adjacency": 0.00041459989733994007, "extract_features": 0.001318400027230382, "map_labels": 0.00021209986880421638, "sanity_checks": 0.0001651998609304428, "total": 0.012909299461171031}}