{"part_id": "1-3-6-11-13-23", "timings_sec": {"read_step": 0.010349299991503358, "enumerate_faces": 3.1700124964118004e-05, "build_adjacency": 0.00040440005250275135, "extract_features": 0.001563799800351262, "map_labels": 0.0002508999314159155, "sanity_checks": 0.00015929993242025375, "total": 0.012759399833157659}}