{"part_id": "1-3-5-5-9-23", "timings_sec": {"read_step": 0.011086399899795651, "enumerate_faces": 3.3499905839562416e-05, "build_adjacency": 0.00037020002491772175, "extract_features": 0.001325800083577633, "map_labels": 0.00023199990391731262, "sanity_checks": 0.00016479985788464546, "total": 0.013212699675932527}}