{"part_id": "1-3-4-7-12-23", "timings_sec": {"read_step": 0.015666400082409382, "enumerate_faces": 4.3400097638368607e-05, "build_adjacency": 0.0005425000563263893, "extract_features": 0.002065500011667609, "map_labels": 0.00022769998759031296, "sanity_checks": 0.00015300000086426735, "total": 0.01869850023649633}}