{"part_id": "1-3-8-12-13-23", "timings_sec": {"read_step": 0.011825099820271134, "enumerate_faces": 3.4400029107928276e-05, "build_adjacency": 0.0003863000310957432, "extract_features": 0.0013472998980432749, "map_labels": 0.0002791001461446285, "sanity_checks": 0.00018800003454089165, "total": 0.014060199959203601}}