{"part_id": "1-3-4-12-19", "timings_sec": {"read_step": 0.011201899964362383, "enumerate_faces": 3.860006108880043e-05, "build_adjacency": 0.0003665999975055456, "extract_features": 0.0013097000773996115, "map_labels": 0.0002266999799758196, "sanity_checks": 0.00015760003589093685, "total": 0.013301100116223097}}