{"part_id": "1-3-5-12-12-23", "timings_sec": {"read_step": 0.011282899882644415, "enumerate_faces": 3.2599782571196556e-05, "build_adjacency": 0.00037610018625855446, "extract_features": 0.0013261998537927866, "map_labels": 0.0002460000105202198, "sanity_checks": 0.00022229994647204876, "total": 0.013486099662259221}}