{"part_id": "1-3-5-10-11-23", "timings_sec": {"read_step": 0.012382799992337823, "enumerate_faces": 3.609992563724518e-05, "build_adjacency": 0.0003969001118093729, "extract_features": 0.001445600064471364, "map_labels": 0.00024159997701644897, "sanity_checks": 0.00018279999494552612, "total": 0.01468580006621778}}