{"part_id": "1-3-7-8-9-23", "timings_sec": {"read_step": 0.012924199923872948, "enumerate_faces": 3.190012648701668e-05, "build_adjacency": 0.0004042999353259802, "extract_features": 0.0014460000675171614, "map_labels": 0.0002148000057786703, "sanity_checks": 0.00016719987615942955, "total": 0.015188399935141206}}