{"part_id": "1-3-4-6-12-23", "timings_sec": {"read_step": 0.00917130010202527, "enumerate_faces": 2.300017513334751e-05, "build_adjacency": 0.00031969998963177204, "extract_features": 0.0011336999014019966, "map_labels": 0.00018269987776875496, "sanity_checks": 0.00014060013927519321, "total": 0.010971000185236335}}