{"part_id": "1-3-3-5-9-23", "timings_sec": {"read_step": 0.01582189998589456, "enumerate_faces": 2.759997732937336e-05, "build_adjacency": 0.0005191999953240156, "extract_features": 0.0018261999357491732, "map_labels": 0.00022030016407370567, "sanity_checks": 0.0002142000012099743, "total": 0.018629400059580803}}