{"part_id": "1-3-7-11-12-23", "timings_sec": {"read_step": 0.013885800028219819, "enumerate_faces": 4.1499966755509377e-05, "build_adjacency": 0.0005391000304371119, "extract_features": 0.0018227999098598957, "map_labels": 0.0002275998704135418, "sanity_checks": 0.00019970000721514225, "total": 0.01671649981290102}}