{"part_id": "1-3-10-11-11-23", "timings_sec": {"read_step": 0.012493799906224012, "enumerate_faces": 2.8299866244196892e-05, "build_adjacency": 0.0004157999064773321, "extract_features": 0.0015315997879952192, "map_labels": 0.0002060001716017723, "sanity_checks": 0.00021059997379779816, "total": 0.014886099612340331}}