{"part_id": "1-3-7-7-19", "timings_sec": {"read_step": 0.008703900035470724, "enumerate_faces": 3.20998951792717e-05, "build_adjacency": 0.0003151001874357462, "extract_features": 0.0010893000289797783, "map_labels": 0.00021820003166794777, "sanity_checks": 0.00013269996270537376, "total": 0.010491300141438842}}