{"part_id": "1-3-4-12-14-23", "timings_sec": {"read_step": 0.009169099852442741, "enumerate_faces": 3.090011887252331e-05, "build_adjacency": 0.000309899915009737, "extract_features": 0.0012980001047253609, "map_labels": 0.00021860003471374512, "sanity_checks": 0.00013780011795461178, "total": 0.01116430014371872}}