{"part_id": "1-3-4-4-10-23", "timings_sec": {"read_step": 0.009818300139158964, "enumerate_faces": 2.1900050342082977e-05, "build_adjacency": 0.0003301000688225031, "extract_features": 0.0012385998852550983, "map_labels": 0.00018239999189972878, "sanity_checks": 0.0001517999917268753, "total": 0.011743100127205253}}