{"part_id": "1-3-6-6-7-23", "timings_sec": {"read_step": 0.009273100178688765, "enumerate_faces": 2.9099872335791588e-05, "build_adjacency": 0.00031349994242191315, "extract_features": 0.001089500030502677, "map_labels": 0.00020519993267953396, "sanity_checks": 0.0001455999445170164, "total": 0.011055999901145697}}