{"part_id": "1-3-5-9-9-23", "timings_sec": {"read_step": 0.01016240008175373, "enumerate_faces": 2.719997428357601e-05, "build_adjacency": 0.00036720000207424164, "extract_features": 0.0012727000284940004, "map_labels": 0.00019919988699257374, "sanity_checks": 0.00016189995221793652, "total": 0.012190599925816059}}