{"part_id": "1-3-4-5-8-23", "timings_sec": {"read_step": 0.009620300028473139, "enumerate_faces": 2.4399952962994576e-05, "build_adjacency": 0.0003261999227106571, "extract_features": 0.0011533999349921942, "map_labels": 0.00019390019588172436, "sanity_checks": 0.00020270003005862236, "total": 0.011520900065079331}}