{"part_id": "1-3-12-12-12-23", "timings_sec": {"read_step": 0.013143300078809261, "enumerate_faces": 2.5200191885232925e-05, "build_adjacency": 0.00044970004819333553, "extract_features": 0.001590099884197116, "map_labels": 0.00019970000721514225, "sanity_checks": 0.00018969993107020855, "total": 0.015597700141370296}}