{"part_id": "1-3-4-7-8-23", "timings_sec": {"read_step": 0.009658400202170014, "enumerate_faces": 3.0899886041879654e-05, "build_adjacency": 0.0003128999378532171, "extract_features": 0.0011410999577492476, "map_labels": 0.00021740002557635307, "sanity_checks": 0.0001403999049216509, "total": 0.011501099914312363}}