{"part_id": "1-3-4-8-19", "timings_sec": {"read_step": 0.015066799940541387, "enumerate_faces": 3.3400021493434906e-05, "build_adjacency": 0.0003504999913275242, "extract_features": 0.0012014999520033598, "map_labels": 0.0002359999343752861, "sanity_checks": 0.00015059998258948326, "total": 0.017038799822330475}}