{"part_id": "1-3-5-13-19", "timings_sec": {"read_step": 0.008680199971422553, "enumerate_faces": 3.0100112780928612e-05, "build_adjacency": 0.0002819998189806938, "extract_features": 0.0010944998357445002, "map_labels": 0.00021650013513863087, "sanity_checks": 0.0001292000524699688, "total": 0.010432499926537275}}