{"part_id": "1-3-3-5-13-23", "timings_sec": {"read_step": 0.011227599810808897, "enumerate_faces": 3.200001083314419e-05, "build_adjacency": 0.00036550010554492474, "extract_features": 0.0013268999755382538, "map_labels": 0.00021660001948475838, "sanity_checks": 0.00017110002227127552, "total": 0.013339699944481254}}