{"part_id": "1-3-4-9-14-23", "timings_sec": {"read_step": 0.010428800014778972, "enumerate_faces": 3.400002606213093e-05, "build_adjacency": 0.0003478999715298414, "extract_features": 0.0012350000906735659, "map_labels": 0.0002297000028192997, "sanity_checks": 0.00015380000695586205, "total": 0.012429200112819672}}