{"part_id": "1-3-4-5-19", "timings_sec": {"read_step": 0.011770099867135286, "enumerate_faces": 3.1499890610575676e-05, "build_adjacency": 0.0004634000360965729, "extract_features": 0.0014406000263988972, "map_labels": 0.0002601000014692545, "sanity_checks": 0.00015690014697611332, "total": 0.0141225999686867}}