{"part_id": "1-3-10-10-19", "timings_sec": {"read_step": 0.009099200135096908, "enumerate_faces": 2.5799963623285294e-05, "build_adjacency": 0.00030889990739524364, "extract_features": 0.001155500067397952, "map_labels": 0.00019500008784234524, "sanity_checks": 0.00015569990500807762, "total": 0.010940100066363811}}