{"part_id": "1-3-6-7-10-23", "timings_sec": {"read_step": 0.012188599910587072, "enumerate_faces": 2.559996210038662e-05, "build_adjacency": 0.000413200119510293, "extract_features": 0.0015152001287788153, "map_labels": 0.00020399992354214191, "sanity_checks": 0.00017690006643533707, "total": 0.014523500110954046}}