{"part_id": "1-3-4-13-14-23", "timings_sec": {"read_step": 0.009199799969792366, "enumerate_faces": 2.150004729628563e-05, "build_adjacency": 0.000291300006210804, "extract_features": 0.0010818999726325274, "map_labels": 0.00018880004063248634, "sanity_checks": 0.00013810000382363796, "total": 0.010921400040388107}}