{"part_id": "1-3-6-11-19", "timings_sec": {"read_step": 0.009721900103613734, "enumerate_faces": 3.309990279376507e-05, "build_adjacency": 0.0003162000793963671, "extract_features": 0.0011768999975174665, "map_labels": 0.00022320006974041462, "sanity_checks": 0.00015529990196228027, "total": 0.011626600055024028}}