{"part_id": "1-3-6-7-13-23", "timings_sec": {"read_step": 0.00850269990041852, "enumerate_faces": 2.269982360303402e-05, "build_adjacency": 0.00028300005942583084, "extract_features": 0.0010414998978376389, "map_labels": 0.0001860000193119049, "sanity_checks": 0.00013409997336566448, "total": 0.010169999673962593}}