{"part_id": "1-3-9-10-19", "timings_sec": {"read_step": 0.009372100001201034, "enumerate_faces": 3.8899946957826614e-05, "build_adjacency": 0.00033529987558722496, "extract_features": 0.0012849001213908195, "map_labels": 0.00024480000138282776, "sanity_checks": 0.0002405999694019556, "total": 0.011516599915921688}}