{"part_id": "1-3-5-8-13-23", "timings_sec": {"read_step": 0.00990330008789897, "enumerate_faces": 2.8700102120637894e-05, "build_adjacency": 0.00030700000934302807, "extract_features": 0.0011356000322848558, "map_labels": 0.0002172999083995819, "sanity_checks": 0.00014270003885030746, "total": 0.01173460017889738}}