{"part_id": "1-3-5-13-14-23", "timings_sec": {"read_step": 0.010098599828779697, "enumerate_faces": 3.5899924114346504e-05, "build_adjacency": 0.00033059995621442795, "extract_features": 0.0012159999459981918, "map_labels": 0.0002272001001983881, "sanity_checks": 0.00014949985779821873, "total": 0.01205779961310327}}