{"part_id": "1-3-7-9-13-23", "timings_sec": {"read_step": 0.012219700030982494, "enumerate_faces": 3.1800009310245514e-05, "build_adjacency": 0.0003939999733120203, "extract_features": 0.0018168999813497066, "map_labels": 0.00022780010476708412, "sanity_checks": 0.0001870999112725258, "total": 0.014877300010994077}}