{"part_id": "1-3-9-10-11-23", "timings_sec": {"read_step": 0.010986800072714686, "enumerate_faces": 2.050003968179226e-05, "build_adjacency": 0.0004200001712888479, "extract_features": 0.0022927001118659973, "map_labels": 0.00030170008540153503, "sanity_checks": 0.000224399846047163, "total": 0.014246100327000022}}