{"part_id": "1-3-3-5-7-23", "timings_sec": {"read_step": 0.0141418999992311, "enumerate_faces": 3.900006413459778e-05, "build_adjacency": 0.00047830003313720226, "extract_features": 0.0017351999413222075, "map_labels": 0.00020699994638562202, "sanity_checks": 0.0001854998990893364, "total": 0.016786899883300066}}