{"part_id": "1-3-10-12-19", "timings_sec": {"read_step": 0.01064100000075996, "enumerate_faces": 3.0899886041879654e-05, "build_adjacency": 0.00035680015571415424, "extract_features": 0.0012578999157994986, "map_labels": 0.00020240014418959618, "sanity_checks": 0.0001533001195639372, "total": 0.012642300222069025}}