{"part_id": "1-3-5-9-11-23", "timings_sec": {"read_step": 0.015467200195416808, "enumerate_faces": 3.450014628469944e-05, "build_adjacency": 0.0004763000179082155, "extract_features": 0.0018734000623226166, "map_labels": 0.00022240006364881992, "sanity_checks": 0.0002177001442760229, "total": 0.018291500629857183}}