{"part_id": "1-3-13-14-14-23", "timings_sec": {"read_step": 0.009328000014647841, "enumerate_faces": 3.160000778734684e-05, "build_adjacency": 0.00030969991348683834, "extract_features": 0.001154799945652485, "map_labels": 0.0002532999496906996, "sanity_checks": 0.00014990009367465973, "total": 0.01122729992493987}}