{"part_id": "1-4-11-13-13-23", "timings_sec": {"read_step": 0.008963700151070952, "enumerate_faces": 2.8299866244196892e-05, "build_adjacency": 0.0003942998591810465, "extract_features": 0.0012825001031160355, "map_labels": 0.00024500000290572643, "sanity_checks": 0.00014999997802078724, "total": 0.011063799960538745}}