{"part_id": "1-4-6-13-13-23", "timings_sec": {"read_step": 0.007548199966549873, "enumerate_faces": 2.359994687139988e-05, "build_adjacency": 0.00024039996787905693, "extract_features": 0.0008745999075472355, "map_labels": 0.00018700002692639828, "sanity_checks": 0.00011529983021318913, "total": 0.008989099645987153}}