{"part_id": "1-4-6-6-11-23", "timings_sec": {"read_step": 0.006276899948716164, "enumerate_faces": 2.8999987989664078e-05, "build_adjacency": 0.00032490002922713757, "extract_features": 0.0007886998355388641, "map_labels": 0.00019919988699257374, "sanity_checks": 0.0001021998468786478, "total": 0.007720899535343051}}