{"part_id": "1-4-4-6-11-23", "timings_sec": {"read_step": 0.009838500060141087, "enumerate_faces": 3.150012344121933e-05, "build_adjacency": 0.00032180012203752995, "extract_features": 0.001153100049123168, "map_labels": 0.00023930007591843605, "sanity_checks": 0.000147900078445673, "total": 0.011732100509107113}}