{"part_id": "1-4-7-10-13-23", "timings_sec": {"read_step": 0.00842450000345707, "enumerate_faces": 2.719997428357601e-05, "build_adjacency": 0.0002843998372554779, "extract_features": 0.0011668000370264053, "map_labels": 0.0002555998507887125, "sanity_checks": 0.00020570005290210247, "total": 0.010364199755713344}}