{"part_id": "1-4-7-11-13-23", "timings_sec": {"read_step": 0.009858599863946438, "enumerate_faces": 2.9199989512562752e-05, "build_adjacency": 0.0003108999226242304, "extract_features": 0.001181999919936061, "map_labels": 0.00022789998911321163, "sanity_checks": 0.00014929985627532005, "total": 0.011757899541407824}}