{"part_id": "1-4-5-5-5-23", "timings_sec": {"read_step": 0.009835100034251809, "enumerate_faces": 3.060000017285347e-05, "build_adjacency": 0.00037869997322559357, "extract_features": 0.0012858000118285418, "map_labels": 0.00020750006660819054, "sanity_checks": 0.00014690007083117962, "total": 0.011884600156918168}}