{"part_id": "1-4-12-14-14-23", "timings_sec": {"read_step": 0.008978799916803837, "enumerate_faces": 2.9999995604157448e-05, "build_adjacency": 0.0003013999667018652, "extract_features": 0.0011138999834656715, "map_labels": 0.00020999996922910213, "sanity_checks": 0.00013420009054243565, "total": 0.010768299922347069}}