{"part_id": "1-4-5-12-12-23", "timings_sec": {"read_step": 0.00965669983997941, "enumerate_faces": 2.869986928999424e-05, "build_adjacency": 0.00034360005520284176, "extract_features": 0.0011609999928623438, "map_labels": 0.00022939988411962986, "sanity_checks": 0.00015329988673329353, "total": 0.011572699528187513}}