{"part_id": "1-4-10-11-14-23", "timings_sec": {"read_step": 0.010232399916276336, "enumerate_faces": 3.0499882996082306e-05, "build_adjacency": 0.0003525000065565109, "extract_features": 0.0013226999435573816, "map_labels": 0.000282699940726161, "sanity_checks": 0.00017439993098378181, "total": 0.012395199621096253}}