{"part_id": "1-4-10-11-19", "timings_sec": {"read_step": 0.008906400064006448, "enumerate_faces": 2.54001934081316e-05, "build_adjacency": 0.00028849998489022255, "extract_features": 0.0010948998387902975, "map_labels": 0.00022120005451142788, "sanity_checks": 0.00022779987193644047, "total": 0.010764200007542968}}