{"part_id": "1-4-6-7-19", "timings_sec": {"read_step": 0.007592200068756938, "enumerate_faces": 2.95999925583601e-05, "build_adjacency": 0.00023080012761056423, "extract_features": 0.0008355001918971539, "map_labels": 0.00021059997379779816, "sanity_checks": 0.00010720011778175831, "total": 0.009005900472402573}}