{"part_id": "1-4-6-10-14-23", "timings_sec": {"read_step": 0.008657400030642748, "enumerate_faces": 2.640020102262497e-05, "build_adjacency": 0.00027989991940557957, "extract_features": 0.0011128000915050507, "map_labels": 0.00020110001787543297, "sanity_checks": 0.00015119998715817928, "total": 0.010428800247609615}}