{"part_id": "1-4-8-14-19", "timings_sec": {"read_step": 0.007152599981054664, "enumerate_faces": 2.759997732937336e-05, "build_adjacency": 0.00024090008810162544, "extract_features": 0.0008489000611007214, "map_labels": 0.00020619994029402733, "sanity_checks": 0.00011580018326640129, "total": 0.008592000231146812}}