{"part_id": "1-4-4-4-8-23", "timings_sec": {"read_step": 0.008192900102585554, "enumerate_faces": 3.5800039768218994e-05, "build_adjacency": 0.0004366000648587942, "extract_features": 0.0013812000397592783, "map_labels": 0.00021860003471374512, "sanity_checks": 0.000125400023534894, "total": 0.010390500305220485}}