{"part_id": "1-4-8-10-12-23", "timings_sec": {"read_step": 0.009235400008037686, "enumerate_faces": 2.6999972760677338e-05, "build_adjacency": 0.0003825998865067959, "extract_features": 0.0011361001525074244, "map_labels": 0.00022769998759031296, "sanity_checks": 0.00014219991862773895, "total": 0.011150999926030636}}