{"part_id": "1-4-5-12-14-23", "timings_sec": {"read_step": 0.009635099908336997, "enumerate_faces": 3.0300114303827286e-05, "build_adjacency": 0.00032110000029206276, "extract_features": 0.0011585000902414322, "map_labels": 0.0002578999847173691, "sanity_checks": 0.000148500083014369, "total": 0.011551400180906057}}