{"part_id": "1-4-4-14-14-23", "timings_sec": {"read_step": 0.009129100013524294, "enumerate_faces": 2.610008232295513e-05, "build_adjacency": 0.0002770000137388706, "extract_features": 0.0010584001429378986, "map_labels": 0.0002079999540001154, "sanity_checks": 0.00013049994595348835, "total": 0.010829100152477622}}