{"part_id": "1-4-9-13-14-23", "timings_sec": {"read_step": 0.008146699983626604, "enumerate_faces": 2.66998540610075e-05, "build_adjacency": 0.00026810006238520145, "extract_features": 0.0010579999070614576, "map_labels": 0.00020280014723539352, "sanity_checks": 0.00013449997641146183, "total": 0.009836799930781126}}