{"part_id": "1-4-5-5-14-23", "timings_sec": {"read_step": 0.009325399994850159, "enumerate_faces": 3.360002301633358e-05, "build_adjacency": 0.0003100999165326357, "extract_features": 0.0011344000231474638, "map_labels": 0.0002397000789642334, "sanity_checks": 0.00014120014384388924, "total": 0.011184400180354714}}