{"part_id": "1-4-5-14-14-23", "timings_sec": {"read_step": 0.01486640004441142, "enumerate_faces": 4.329998046159744e-05, "build_adjacency": 0.000628999900072813, "extract_features": 0.0011576998513191938, "map_labels": 0.0002226999495178461, "sanity_checks": 0.00022779987193644047, "total": 0.01714689959771931}}