{"part_id": "1-4-13-13-19", "timings_sec": {"read_step": 0.006702700164169073, "enumerate_faces": 2.7899863198399544e-05, "build_adjacency": 0.00022789998911321163, "extract_features": 0.0007919000927358866, "map_labels": 0.0002058998215943575, "sanity_checks": 0.00010189996100962162, "total": 0.00805819989182055}}