{"part_id": "1-4-6-6-12-23", "timings_sec": {"read_step": 0.00794849987141788, "enumerate_faces": 2.3099826648831367e-05, "build_adjacency": 0.00026530004106462, "extract_features": 0.001102800015360117, "map_labels": 0.00018480001017451286, "sanity_checks": 0.00012599979527294636, "total": 0.009650499559938908}}