{"part_id": "1-4-6-9-9-23", "timings_sec": {"read_step": 0.008261399809271097, "enumerate_faces": 3.050011582672596e-05, "build_adjacency": 0.0002678998280316591, "extract_features": 0.0011706000659614801, "map_labels": 0.00019029993563890457, "sanity_checks": 0.00013390020467340946, "total": 0.010054599959403276}}