{"part_id": "1-4-7-8-13-23", "timings_sec": {"read_step": 0.00784540013410151, "enumerate_faces": 2.8900103643536568e-05, "build_adjacency": 0.00023569981567561626, "extract_features": 0.0008200001902878284, "map_labels": 0.00019449996761977673, "sanity_checks": 0.00010750000365078449, "total": 0.009232000214979053}}