{"part_id": "1-4-12-12-19", "timings_sec": {"read_step": 0.008509699953719974, "enumerate_faces": 3.260001540184021e-05, "build_adjacency": 0.00028249993920326233, "extract_features": 0.0010031999554485083, "map_labels": 0.00021749990992248058, "sanity_checks": 0.00013269996270537376, "total": 0.010178199736401439}}