{"part_id": "1-4-5-6-13-23", "timings_sec": {"read_step": 0.008124800166115165, "enumerate_faces": 2.550007775425911e-05, "build_adjacency": 0.00026919995434582233, "extract_features": 0.0012694001197814941, "map_labels": 0.00028050015680491924, "sanity_checks": 0.00017010001465678215, "total": 0.010139500489458442}}