{"part_id": "1-4-10-10-10-23", "timings_sec": {"read_step": 0.010086300084367394, "enumerate_faces": 3.320001997053623e-05, "build_adjacency": 0.000336900120601058, "extract_features": 0.0012596000451594591, "map_labels": 0.0002164999023079872, "sanity_checks": 0.00016439985483884811, "total": 0.012096900027245283}}