{"part_id": "1-4-4-9-11-23", "timings_sec": {"read_step": 0.010278099915012717, "enumerate_faces": 2.719997428357601e-05, "build_adjacency": 0.00032659992575645447, "extract_features": 0.0012342999689280987, "map_labels": 0.00020750006660819054, "sanity_checks": 0.00016600009985268116, "total": 0.012239699950441718}}