{"part_id": "1-4-11-14-19", "timings_sec": {"read_step": 0.00793089997023344, "enumerate_faces": 2.219993621110916e-05, "build_adjacency": 0.00040840008296072483, "extract_features": 0.0013861998450011015, "map_labels": 0.00019700010307133198, "sanity_checks": 0.00013329996727406979, "total": 0.010077999904751778}}