{"part_id": "1-4-6-7-13-23", "timings_sec": {"read_step": 0.006901599932461977, "enumerate_faces": 2.2999942302703857e-05, "build_adjacency": 0.0003421998117119074, "extract_features": 0.0008122001308947802, "map_labels": 0.00017650006338953972, "sanity_checks": 0.00010629999451339245, "total": 0.0083617998752743}}