{"part_id": "1-4-5-5-6-23", "timings_sec": {"read_step": 0.008134100120514631, "enumerate_faces": 2.8300099074840546e-05, "build_adjacency": 0.0002836999483406544, "extract_features": 0.0009751999750733376, "map_labels": 0.00022460008040070534, "sanity_checks": 0.00015219999477267265, "total": 0.009798100218176842}}