{"part_id": "1-4-9-11-14-23", "timings_sec": {"read_step": 0.009912800043821335, "enumerate_faces": 2.5900080800056458e-05, "build_adjacency": 0.0003206001129001379, "extract_features": 0.0013649999164044857, "map_labels": 0.00019959989003837109, "sanity_checks": 0.00015569990500807762, "total": 0.011979599948972464}}