{"part_id": "1-4-6-9-10-23", "timings_sec": {"read_step": 0.009063800098374486, "enumerate_faces": 3.1599774956703186e-05, "build_adjacency": 0.0004585001152008772, "extract_features": 0.0018223000224679708, "map_labels": 0.00027290009893476963, "sanity_checks": 0.0002568000927567482, "total": 0.011905900202691555}}