{"part_id": "1-4-8-8-8-23", "timings_sec": {"read_step": 0.007401299895718694, "enumerate_faces": 2.95999925583601e-05, "build_adjacency": 0.0002802999224513769, "extract_features": 0.0010848999954760075, "map_labels": 0.00021219998598098755, "sanity_checks": 0.00011470005847513676, "total": 0.009122999850660563}}