{"part_id": "1-4-8-8-10-23", "timings_sec": {"read_step": 0.00856690015643835, "enumerate_faces": 3.060000017285347e-05, "build_adjacency": 0.0002778000198304653, "extract_features": 0.0010666002053767443, "map_labels": 0.00021959980949759483, "sanity_checks": 0.00017639994621276855, "total": 0.010337900137528777}}