{"part_id": "1-4-4-10-12-23", "timings_sec": {"read_step": 0.013648899970576167, "enumerate_faces": 3.829994238913059e-05, "build_adjacency": 0.0005722001660615206, "extract_features": 0.0015364999417215586, "map_labels": 0.0002422998659312725, "sanity_checks": 0.00015119998715817928, "total": 0.01618939987383783}}