{"part_id": "1-4-9-9-13-23", "timings_sec": {"read_step": 0.010636300081387162, "enumerate_faces": 4.2999861761927605e-05, "build_adjacency": 0.0004865999799221754, "extract_features": 0.0018303999677300453, "map_labels": 0.0003629999700933695, "sanity_checks": 0.0003423001617193222, "total": 0.013701600022614002}}