{"part_id": "1-4-6-11-11-23", "timings_sec": {"read_step": 0.011018299963325262, "enumerate_faces": 3.369990736246109e-05, "build_adjacency": 0.00036159995943307877, "extract_features": 0.0013349000364542007, "map_labels": 0.00023010000586509705, "sanity_checks": 0.00016789999790489674, "total": 0.013146499870344996}}