{"part_id": "1-4-11-11-12-23", "timings_sec": {"read_step": 0.011610500048846006, "enumerate_faces": 3.619980998337269e-05, "build_adjacency": 0.00038739992305636406, "extract_features": 0.0014146999455988407, "map_labels": 0.00023339991457760334, "sanity_checks": 0.00018749991431832314, "total": 0.01386969955638051}}