{"part_id": "1-4-7-11-12-23", "timings_sec": {"read_step": 0.010154000017791986, "enumerate_faces": 2.8300099074840546e-05, "build_adjacency": 0.00037189992144703865, "extract_features": 0.001354800071567297, "map_labels": 0.00022199982777237892, "sanity_checks": 0.0001580999232828617, "total": 0.012289099860936403}}