{"part_id": "1-4-5-6-14-23", "timings_sec": {"read_step": 0.0128456000238657, "enumerate_faces": 3.6400044336915016e-05, "build_adjacency": 0.0005024001002311707, "extract_features": 0.001375099876895547, "map_labels": 0.0002172999083995819, "sanity_checks": 0.00013740011490881443, "total": 0.015114200068637729}}