{"part_id": "1-4-4-6-8-23", "timings_sec": {"read_step": 0.007845900021493435, "enumerate_faces": 3.0100112780928612e-05, "build_adjacency": 0.00026270002126693726, "extract_features": 0.0009401999413967133, "map_labels": 0.00021789991296827793, "sanity_checks": 0.00013369997031986713, "total": 0.009430499980226159}}