{"part_id": "1-4-10-13-14-23", "timings_sec": {"read_step": 0.008440099889412522, "enumerate_faces": 2.550007775425911e-05, "build_adjacency": 0.0002793001476675272, "extract_features": 0.0010980998631566763, "map_labels": 0.0001930000726133585, "sanity_checks": 0.00013950001448392868, "total": 0.010175500065088272}}