{"part_id": "1-4-4-7-7-23", "timings_sec": {"read_step": 0.0072668001521378756, "enumerate_faces": 2.529984340071678e-05, "build_adjacency": 0.00024199998006224632, "extract_features": 0.0010746000334620476, "map_labels": 0.00019649998284876347, "sanity_checks": 0.00011330004781484604, "total": 0.008918500039726496}}