{"part_id": "1-4-6-10-19", "timings_sec": {"read_step": 0.007294900016859174, "enumerate_faces": 2.8199981898069382e-05, "build_adjacency": 0.0002444998826831579, "extract_features": 0.0009147999808192253, "map_labels": 0.0002142000012099743, "sanity_checks": 0.00011819996871054173, "total": 0.008814799832180142}}