{"part_id": "1-4-8-11-14-23", "timings_sec": {"read_step": 0.00993430009111762, "enumerate_faces": 2.95999925583601e-05, "build_adjacency": 0.00031839986331760883, "extract_features": 0.0012515000998973846, "map_labels": 0.00022779987193644047, "sanity_checks": 0.00014970009215176105, "total": 0.011911300010979176}}