{"part_id": "1-4-7-12-12-23", "timings_sec": {"read_step": 0.010296499822288752, "enumerate_faces": 3.0199997127056122e-05, "build_adjacency": 0.0003136999439448118, "extract_features": 0.0011152001097798347, "map_labels": 0.0002202000468969345, "sanity_checks": 0.0001446001697331667, "total": 0.012120400089770555}}