{"part_id": "1-4-6-10-10-23", "timings_sec": {"read_step": 0.009106199955567718, "enumerate_faces": 2.9799994081258774e-05, "build_adjacency": 0.0003129001706838608, "extract_features": 0.0011823999229818583, "map_labels": 0.00020810007117688656, "sanity_checks": 0.00014919997192919254, "total": 0.010988600086420774}}