{"part_id": "1-4-5-9-13-23", "timings_sec": {"read_step": 0.00860080006532371, "enumerate_faces": 3.109988756477833e-05, "build_adjacency": 0.00029319990426301956, "extract_features": 0.0010442000348120928, "map_labels": 0.00023040012456476688, "sanity_checks": 0.00013770000077784061, "total": 0.010337400017306209}}