{"part_id": "1-4-5-9-11-23", "timings_sec": {"read_step": 0.010364999994635582, "enumerate_faces": 2.8900103643536568e-05, "build_adjacency": 0.00033870013430714607, "extract_features": 0.0014240001328289509, "map_labels": 0.00021620001643896103, "sanity_checks": 0.00016360008157789707, "total": 0.012536400463432074}}