{"part_id": "1-4-9-9-19", "timings_sec": {"read_step": 0.012438700068742037, "enumerate_faces": 4.000007174909115e-05, "build_adjacency": 0.0004243999719619751, "extract_features": 0.001139800064265728, "map_labels": 0.00022769998759031296, "sanity_checks": 0.0001270999200642109, "total": 0.014397700084373355}}