{"part_id": "1-4-6-8-8-23", "timings_sec": {"read_step": 0.0074090000707656145, "enumerate_faces": 2.8099864721298218e-05, "build_adjacency": 0.00024669989943504333, "extract_features": 0.0008900999091565609, "map_labels": 0.00021580001339316368, "sanity_checks": 0.00012150011025369167, "total": 0.008911199867725372}}