{"part_id": "1-4-6-7-8-23", "timings_sec": {"read_step": 0.007639599964022636, "enumerate_faces": 2.7399975806474686e-05, "build_adjacency": 0.00026430003345012665, "extract_features": 0.0009383999276906252, "map_labels": 0.00025269994512200356, "sanity_checks": 0.00011939997784793377, "total": 0.0092417998239398}}