{"part_id": "1-4-4-10-14-23", "timings_sec": {"read_step": 0.00914729991927743, "enumerate_faces": 4.4599873945117e-05, "build_adjacency": 0.00031049991957843304, "extract_features": 0.0011082999408245087, "map_labels": 0.00021039997227489948, "sanity_checks": 0.00014659995213150978, "total": 0.010967699578031898}}