{"part_id": "1-4-6-12-14-23", "timings_sec": {"read_step": 0.009291000198572874, "enumerate_faces": 3.300001844763756e-05, "build_adjacency": 0.00029450003057718277, "extract_features": 0.0011627001222223043, "map_labels": 0.0002633000258356333, "sanity_checks": 0.00013219984248280525, "total": 0.011176700238138437}}