{"part_id": "1-4-4-7-10-23", "timings_sec": {"read_step": 0.008870899910107255, "enumerate_faces": 2.6799971237778664e-05, "build_adjacency": 0.0003225000109523535, "extract_features": 0.0011273999698460102, "map_labels": 0.00020960019901394844, "sanity_checks": 0.0001401999033987522, "total": 0.010697399964556098}}