{"part_id": "1-4-13-13-14-23", "timings_sec": {"read_step": 0.007659499999135733, "enumerate_faces": 2.7399975806474686e-05, "build_adjacency": 0.00026739994063973427, "extract_features": 0.0011301001068204641, "map_labels": 0.00020020012743771076, "sanity_checks": 0.00012039998546242714, "total": 0.009405000135302544}}