{"part_id": "1-4-6-7-11-23", "timings_sec": {"read_step": 0.010745899984613061, "enumerate_faces": 3.2899901270866394e-05, "build_adjacency": 0.00031599984504282475, "extract_features": 0.001288499915972352, "map_labels": 0.00021510012447834015, "sanity_checks": 0.0001468001864850521, "total": 0.012745199957862496}}