{"part_id": "1-4-5-8-14-23", "timings_sec": {"read_step": 0.012569600017741323, "enumerate_faces": 3.0099879950284958e-05, "build_adjacency": 0.00038100010715425014, "extract_features": 0.0014331000857055187, "map_labels": 0.00021489989012479782, "sanity_checks": 0.00013250019401311874, "total": 0.014761200174689293}}