{"part_id": "1-4-12-12-14-23", "timings_sec": {"read_step": 0.009138900088146329, "enumerate_faces": 2.5900080800056458e-05, "build_adjacency": 0.00033139996230602264, "extract_features": 0.0011118000838905573, "map_labels": 0.00019950000569224358, "sanity_checks": 0.00013890000991523266, "total": 0.010946400230750442}}