{"part_id": "1-4-12-13-19", "timings_sec": {"read_step": 0.007145199924707413, "enumerate_faces": 2.3600179702043533e-05, "build_adjacency": 0.0002383999526500702, "extract_features": 0.0010951999574899673, "map_labels": 0.0001993000041693449, "sanity_checks": 0.00011150003410875797, "total": 0.008813200052827597}}