{"part_id": "1-4-7-7-11-23", "timings_sec": {"read_step": 0.010197099996730685, "enumerate_faces": 2.6899855583906174e-05, "build_adjacency": 0.0004305001348257065, "extract_features": 0.0012298999354243279, "map_labels": 0.0002001000102609396, "sanity_checks": 0.00016069994308054447, "total": 0.01224519987590611}}