{"part_id": "1-4-10-12-12-23", "timings_sec": {"read_step": 0.009995600208640099, "enumerate_faces": 2.7200207114219666e-05, "build_adjacency": 0.000327100045979023, "extract_features": 0.0011983001604676247, "map_labels": 0.00020059989765286446, "sanity_checks": 0.0001503999810665846, "total": 0.011899200500920415}}