{"part_id": "1-4-8-13-19", "timings_sec": {"read_step": 0.006557299988344312, "enumerate_faces": 2.54001934081316e-05, "build_adjacency": 0.0002242999617010355, "extract_features": 0.0007972999010235071, "map_labels": 0.00021510012447834015, "sanity_checks": 0.0001338999718427658, "total": 0.007953300140798092}}