{"part_id": "1-4-10-12-13-23", "timings_sec": {"read_step": 0.009533199947327375, "enumerate_faces": 3.920006565749645e-05, "build_adjacency": 0.0003478000871837139, "extract_features": 0.0011165000032633543, "map_labels": 0.00022300006821751595, "sanity_checks": 0.00014190003275871277, "total": 0.011401600204408169}}