{"part_id": "1-4-4-4-13-23", "timings_sec": {"read_step": 0.011946099810302258, "enumerate_faces": 3.700004890561104e-05, "build_adjacency": 0.00047830003313720226, "extract_features": 0.0014414999168366194, "map_labels": 0.00020350003615021706, "sanity_checks": 0.00012780004180967808, "total": 0.014234199887141585}}