{"part_id": "1-4-10-10-19", "timings_sec": {"read_step": 0.008542299969121814, "enumerate_faces": 3.200001083314419e-05, "build_adjacency": 0.0002802000381052494, "extract_features": 0.0011211000382900238, "map_labels": 0.0002507998142391443, "sanity_checks": 0.00015110010281205177, "total": 0.010377499973401427}}