{"part_id": "1-4-11-11-11-23", "timings_sec": {"read_step": 0.013256099773570895, "enumerate_faces": 3.409991040825844e-05, "build_adjacency": 0.0004214998334646225, "extract_features": 0.001541599864140153, "map_labels": 0.000228899996727705, "sanity_checks": 0.00020459992811083794, "total": 0.015686799306422472}}