{"part_id": "1-4-5-7-11-23", "timings_sec": {"read_step": 0.010936900041997433, "enumerate_faces": 2.9900111258029938e-05, "build_adjacency": 0.00033909990452229977, "extract_features": 0.0012387000024318695, "map_labels": 0.00021350011229515076, "sanity_checks": 0.0002779001370072365, "total": 0.01303600030951202}}