{"part_id": "1-4-11-12-14-23", "timings_sec": {"read_step": 0.01067090011201799, "enumerate_faces": 3.42000275850296e-05, "build_adjacency": 0.0003535998985171318, "extract_features": 0.001273200148716569, "map_labels": 0.00024310010485351086, "sanity_checks": 0.00016229995526373386, "total": 0.012737300246953964}}