{"part_id": "1-4-9-14-14-23", "timings_sec": {"read_step": 0.00870780018158257, "enumerate_faces": 3.109988756477833e-05, "build_adjacency": 0.00028929999098181725, "extract_features": 0.0011946000158786774, "map_labels": 0.0002318001352250576, "sanity_checks": 0.0001370999962091446, "total": 0.010591700207442045}}