{"part_id": "1-4-4-6-14-23", "timings_sec": {"read_step": 0.00826160004362464, "enumerate_faces": 3.190012648701668e-05, "build_adjacency": 0.00030800001695752144, "extract_features": 0.0010154999326914549, "map_labels": 0.00025569996796548367, "sanity_checks": 0.0001362999901175499, "total": 0.010009000077843666}}