{"part_id": "1-4-5-10-10-23", "timings_sec": {"read_step": 0.009855900192633271, "enumerate_faces": 3.3800024539232254e-05, "build_adjacency": 0.0003255000337958336, "extract_features": 0.0012274999171495438, "map_labels": 0.00021629990078508854, "sanity_checks": 0.00016009993851184845, "total": 0.011819100007414818}}