{"part_id": "1-4-4-4-19", "timings_sec": {"read_step": 0.007254499942064285, "enumerate_faces": 2.71000899374485e-05, "build_adjacency": 0.0002468000166118145, "extract_features": 0.0008772001601755619, "map_labels": 0.0002389000728726387, "sanity_checks": 0.00012030010111629963, "total": 0.008764800382778049}}