{"part_id": "1-4-5-14-19", "timings_sec": {"read_step": 0.009319300064817071, "enumerate_faces": 3.1800009310245514e-05, "build_adjacency": 0.0002717000897973776, "extract_features": 0.0010162999387830496, "map_labels": 0.0002229998353868723, "sanity_checks": 0.0001263997983187437, "total": 0.01098849973641336}}