{"part_id": "1-4-8-12-14-23", "timings_sec": {"read_step": 0.009189599892124534, "enumerate_faces": 2.619996666908264e-05, "build_adjacency": 0.000286600086838007, "extract_features": 0.0009920999873429537, "map_labels": 0.00020420015789568424, "sanity_checks": 0.0002717000897973776, "total": 0.010970400180667639}}