{"part_id": "1-4-4-6-13-23", "timings_sec": {"read_step": 0.006725999992340803, "enumerate_faces": 2.3300061002373695e-05, "build_adjacency": 0.00030720001086592674, "extract_features": 0.0008692999836057425, "map_labels": 0.0001827001105993986, "sanity_checks": 0.00010730000212788582, "total": 0.00821580016054213}}