{"part_id": "1-4-12-12-12-23", "timings_sec": {"read_step": 0.013342200079932809, "enumerate_faces": 3.1299889087677e-05, "build_adjacency": 0.0005389999132603407, "extract_features": 0.0023939001839607954, "map_labels": 0.00030179996974766254, "sanity_checks": 0.0002748998813331127, "total": 0.016883099917322397}}