{"part_id": "1-4-7-9-13-23", "timings_sec": {"read_step": 0.008442700142040849, "enumerate_faces": 3.0299881473183632e-05, "build_adjacency": 0.00027860002592206, "extract_features": 0.0010816000867635012, "map_labels": 0.0002644001506268978, "sanity_checks": 0.00014359992928802967, "total": 0.010241200216114521}}