{"part_id": "1-4-6-13-19", "timings_sec": {"read_step": 0.006884200032800436, "enumerate_faces": 3.320001997053623e-05, "build_adjacency": 0.00031979987397789955, "extract_features": 0.0007958000060170889, "map_labels": 0.00021989992819726467, "sanity_checks": 0.00010309997014701366, "total": 0.008355999831110239}}