{"part_id": "1-4-4-4-10-23", "timings_sec": {"read_step": 0.008688600035384297, "enumerate_faces": 2.359994687139988e-05, "build_adjacency": 0.00029710005037486553, "extract_features": 0.0010690002236515284, "map_labels": 0.00020150002092123032, "sanity_checks": 0.00013900012709200382, "total": 0.010418800404295325}}