{"part_id": "1-4-4-7-12-23", "timings_sec": {"read_step": 0.009055999806150794, "enumerate_faces": 2.95999925583601e-05, "build_adjacency": 0.00029850006103515625, "extract_features": 0.0010783998295664787, "map_labels": 0.0002468000166118145, "sanity_checks": 0.0001370999962091446, "total": 0.010846399702131748}}