{"part_id": "1-4-4-7-19", "timings_sec": {"read_step": 0.007878099801018834, "enumerate_faces": 3.2400013878941536e-05, "build_adjacency": 0.00026020011864602566, "extract_features": 0.000910300062969327, "map_labels": 0.00022069993428885937, "sanity_checks": 0.00011679995805025101, "total": 0.009418499888852239}}