{"part_id": "1-4-6-12-12-23", "timings_sec": {"read_step": 0.008882199879735708, "enumerate_faces": 2.5799963623285294e-05, "build_adjacency": 0.0003073001280426979, "extract_features": 0.0012336999643594027, "map_labels": 0.0001946999691426754, "sanity_checks": 0.00013269996270537376, "total": 0.010776399867609143}}