{"part_id": "1-4-5-9-10-23", "timings_sec": {"read_step": 0.010659799911081791, "enumerate_faces": 3.800005652010441e-05, "build_adjacency": 0.0005129999481141567, "extract_features": 0.0013988001737743616, "map_labels": 0.00021980004385113716, "sanity_checks": 0.0001488998532295227, "total": 0.012978299986571074}}