{"part_id": "1-4-5-9-14-23", "timings_sec": {"read_step": 0.008894100086763501, "enumerate_faces": 3.069988451898098e-05, "build_adjacency": 0.00030200020410120487, "extract_features": 0.0012427999172359705, "map_labels": 0.00020750006660819054, "sanity_checks": 0.000143399927765131, "total": 0.010820500086992979}}