{"part_id": "1-4-10-14-14-23", "timings_sec": {"read_step": 0.009204300120472908, "enumerate_faces": 3.4400029107928276e-05, "build_adjacency": 0.0003021999727934599, "extract_features": 0.0011673998087644577, "map_labels": 0.00029990007169544697, "sanity_checks": 0.0002139001153409481, "total": 0.011222100118175149}}