{"part_id": "1-4-5-10-13-23", "timings_sec": {"read_step": 0.009149099932983518, "enumerate_faces": 2.41999514400959e-05, "build_adjacency": 0.0002911000046879053, "extract_features": 0.0010778999421745539, "map_labels": 0.00019619986414909363, "sanity_checks": 0.00023370003327727318, "total": 0.01097219972871244}}