{"part_id": "1-4-13-14-14-23", "timings_sec": {"read_step": 0.007986700162291527, "enumerate_faces": 2.510007470846176e-05, "build_adjacency": 0.0002701999619603157, "extract_features": 0.001019699964672327, "map_labels": 0.00019040005281567574, "sanity_checks": 0.00013299984857439995, "total": 0.009625100065022707}}