{"part_id": "1-4-7-12-19", "timings_sec": {"read_step": 0.0071737999096512794, "enumerate_faces": 2.069980837404728e-05, "build_adjacency": 0.00024259998463094234, "extract_features": 0.0009149000979959965, "map_labels": 0.00021239998750388622, "sanity_checks": 0.00011910009197890759, "total": 0.00868349988013506}}