{"part_id": "1-4-6-8-9-23", "timings_sec": {"read_step": 0.00780349993146956, "enumerate_faces": 2.1900050342082977e-05, "build_adjacency": 0.0002576999831944704, "extract_features": 0.0010052998550236225, "map_labels": 0.00020670006051659584, "sanity_checks": 0.00012909993529319763, "total": 0.009424199815839529}}