{"part_id": "1-4-4-7-11-23", "timings_sec": {"read_step": 0.00998320011422038, "enumerate_faces": 3.139977343380451e-05, "build_adjacency": 0.0003418000414967537, "extract_features": 0.0014865000266581774, "map_labels": 0.0002322997897863388, "sanity_checks": 0.0001533001195639372, "total": 0.012228499865159392}}