{"part_id": "1-4-5-12-13-23", "timings_sec": {"read_step": 0.008746899897232652, "enumerate_faces": 2.840021625161171e-05, "build_adjacency": 0.00047229998745024204, "extract_features": 0.0010827998630702496, "map_labels": 0.00021740002557635307, "sanity_checks": 0.0001330000814050436, "total": 0.010680800070986152}}