{"part_id": "1-4-10-12-14-23", "timings_sec": {"read_step": 0.010079699801281095, "enumerate_faces": 3.460003063082695e-05, "build_adjacency": 0.0003303999546915293, "extract_features": 0.0011874998454004526, "map_labels": 0.0028649000450968742, "sanity_checks": 0.00014859996736049652, "total": 0.014645699644461274}}