{"part_id": "1-4-4-12-19", "timings_sec": {"read_step": 0.0074498001486063, "enumerate_faces": 2.3300061002373695e-05, "build_adjacency": 0.0002484999131411314, "extract_features": 0.0009198999032378197, "map_labels": 0.00018429988995194435, "sanity_checks": 0.00011479994282126427, "total": 0.008940599858760834}}