{"part_id": "1-4-7-8-14-23", "timings_sec": {"read_step": 0.008287600008770823, "enumerate_faces": 3.4899916499853134e-05, "build_adjacency": 0.0003348998725414276, "extract_features": 0.000989499967545271, "map_labels": 0.00021700002253055573, "sanity_checks": 0.00012790015898644924, "total": 0.00999179994687438}}