{"part_id": "1-4-7-10-14-23", "timings_sec": {"read_step": 0.008870799792930484, "enumerate_faces": 2.6800204068422318e-05, "build_adjacency": 0.0003057001158595085, "extract_features": 0.0012420001439750195, "map_labels": 0.0001993998885154724, "sanity_checks": 0.00014100014232099056, "total": 0.010785700287669897}}