{"part_id": "1-4-11-19", "timings_sec": {"read_step": 0.0103428999427706, "enumerate_faces": 3.0300114303827286e-05, "build_adjacency": 0.0003831000067293644, "extract_features": 0.0013550999574363232, "map_labels": 0.00024150009267032146, "sanity_checks": 0.00018360000103712082, "total": 0.012536500114947557}}