{"part_id": "1-4-5-13-19", "timings_sec": {"read_step": 0.007192499935626984, "enumerate_faces": 3.0399998649954796e-05, "build_adjacency": 0.00024889991618692875, "extract_features": 0.0009785001166164875, "map_labels": 0.0002573002129793167, "sanity_checks": 0.00019950000569224358, "total": 0.008907100185751915}}