{"part_id": "1-4-4-4-9-23", "timings_sec": {"read_step": 0.008591299876570702, "enumerate_faces": 2.5099841877818108e-05, "build_adjacency": 0.00027670012786984444, "extract_features": 0.0011726999655365944, "map_labels": 0.0001905001699924469, "sanity_checks": 0.00013329996727406979, "total": 0.010389599949121475}}