{"part_id": "1-4-5-11-11-23", "timings_sec": {"read_step": 0.011505499947816133, "enumerate_faces": 4.109996370971203e-05, "build_adjacency": 0.00045870011672377586, "extract_features": 0.0014402999076992273, "map_labels": 0.00021689990535378456, "sanity_checks": 0.0001830998808145523, "total": 0.013845599722117186}}