{"part_id": "1-4-8-10-10-23", "timings_sec": {"read_step": 0.009475199971348047, "enumerate_faces": 3.769993782043457e-05, "build_adjacency": 0.0003203998785465956, "extract_features": 0.0011385998222976923, "map_labels": 0.00021609989926218987, "sanity_checks": 0.00014649983495473862, "total": 0.011334499344229698}}