{"part_id": "1-4-5-7-10-23", "timings_sec": {"read_step": 0.009793699951842427, "enumerate_faces": 2.6799971237778664e-05, "build_adjacency": 0.0003162999637424946, "extract_features": 0.001338000176474452, "map_labels": 0.00019979989156126976, "sanity_checks": 0.0001455999445170164, "total": 0.011820199899375439}}