{"part_id": "1-4-10-10-13-23", "timings_sec": {"read_step": 0.009880400029942393, "enumerate_faces": 3.5400036722421646e-05, "build_adjacency": 0.00031729997135698795, "extract_features": 0.0011329001281410456, "map_labels": 0.00023410003632307053, "sanity_checks": 0.00015449989587068558, "total": 0.011754600098356605}}