{"part_id": "1-5-9-9-13-23", "timings_sec": {"read_step": 0.01277089980430901, "enumerate_faces": 3.969995304942131e-05, "build_adjacency": 0.00030509987846016884, "extract_features": 0.0014099001418799162, "map_labels": 0.00030489987693727016, "sanity_checks": 0.0001829001121222973, "total": 0.015013399766758084}}