{"part_id": "1-5-6-13-13-23", "timings_sec": {"read_step": 0.007727299816906452, "enumerate_faces": 3.400002606213093e-05, "build_adjacency": 0.0002695999573916197, "extract_features": 0.0009665000252425671, "map_labels": 0.00022940011695027351, "sanity_checks": 0.00019689998589456081, "total": 0.009423699928447604}}