{"part_id": "1-5-6-14-14-23", "timings_sec": {"read_step": 0.010104899993166327, "enumerate_faces": 3.50000336766243e-05, "build_adjacency": 0.00029520015232264996, "extract_features": 0.0012284999247640371, "map_labels": 0.00022849999368190765, "sanity_checks": 0.00013990001752972603, "total": 0.012032000115141273}}