{"part_id": "1-5-10-11-12-23", "timings_sec": {"read_step": 0.011323299957439303, "enumerate_faces": 3.300001844763756e-05, "build_adjacency": 0.0003795998636633158, "extract_features": 0.001369300065562129, "map_labels": 0.0002166999038308859, "sanity_checks": 0.0001767999492585659, "total": 0.013498699758201838}}