{"part_id": "1-5-5-11-13-23", "timings_sec": {"read_step": 0.010312600061297417, "enumerate_faces": 3.1299889087677e-05, "build_adjacency": 0.00034580007195472717, "extract_features": 0.0012356999795883894, "map_labels": 0.00021680002100765705, "sanity_checks": 0.00015730015002191067, "total": 0.012299500172957778}}