{"part_id": "1-5-5-9-9-23", "timings_sec": {"read_step": 0.009831800125539303, "enumerate_faces": 2.619996666908264e-05, "build_adjacency": 0.00032800016924738884, "extract_features": 0.0013305998872965574, "map_labels": 0.00022280006669461727, "sanity_checks": 0.0001542000100016594, "total": 0.011893600225448608}}