{"part_id": "1-5-9-9-14-23", "timings_sec": {"read_step": 0.014657400082796812, "enumerate_faces": 4.4899992644786835e-05, "build_adjacency": 0.0004499999340623617, "extract_features": 0.001754299970343709, "map_labels": 0.0003844001330435276, "sanity_checks": 0.00024179997853934765, "total": 0.017532800091430545}}