{"part_id": "1-5-9-10-13-23", "timings_sec": {"read_step": 0.012857000110670924, "enumerate_faces": 4.1800085455179214e-05, "build_adjacency": 0.0003667999990284443, "extract_features": 0.0012239001225680113, "map_labels": 0.00024790014140307903, "sanity_checks": 0.0001539001241326332, "total": 0.014891300583258271}}