{"part_id": "1-5-5-7-7-23", "timings_sec": {"read_step": 0.009349699830636382, "enumerate_faces": 2.9899878427386284e-05, "build_adjacency": 0.00031049991957843304, "extract_features": 0.0013540000654757023, "map_labels": 0.00021440000273287296, "sanity_checks": 0.00014279992319643497, "total": 0.011401299620047212}}