{"part_id": "1-5-5-8-14-23", "timings_sec": {"read_step": 0.013806500006467104, "enumerate_faces": 4.1499966755509377e-05, "build_adjacency": 0.0005371998995542526, "extract_features": 0.001800099853426218, "map_labels": 0.00027820002287626266, "sanity_checks": 0.0002474000211805105, "total": 0.016710899770259857}}