{"part_id": "1-5-10-12-14-23", "timings_sec": {"read_step": 0.010133899981155992, "enumerate_faces": 4.12999652326107e-05, "build_adjacency": 0.0003969999961555004, "extract_features": 0.0012178998440504074, "map_labels": 0.00022479984909296036, "sanity_checks": 0.0001526998821645975, "total": 0.012167599517852068}}