{"part_id": "1-5-7-9-11-23", "timings_sec": {"read_step": 0.016281699994578958, "enumerate_faces": 6.989995017647743e-05, "build_adjacency": 0.0005568000487983227, "extract_features": 0.0022211000323295593, "map_labels": 0.0004517000634223223, "sanity_checks": 0.0002818000502884388, "total": 0.019863000139594078}}