{"part_id": "1-5-9-9-10-23", "timings_sec": {"read_step": 0.013580500148236752, "enumerate_faces": 4.4800108298659325e-05, "build_adjacency": 0.0005026999861001968, "extract_features": 0.0013567002024501562, "map_labels": 0.00024960003793239594, "sanity_checks": 0.0002747999969869852, "total": 0.016009100480005145}}