{"part_id": "1-5-5-9-14-23", "timings_sec": {"read_step": 0.00928400014527142, "enumerate_faces": 3.2499898225069046e-05, "build_adjacency": 0.00035639991983771324, "extract_features": 0.0012318999506533146, "map_labels": 0.0002242999617010355, "sanity_checks": 0.00015139998868107796, "total": 0.01128049986436963}}