{"part_id": "1-5-9-12-13-23", "timings_sec": {"read_step": 0.013872999930754304, "enumerate_faces": 3.8800062611699104e-05, "build_adjacency": 0.00034289993345737457, "extract_features": 0.00114100007340312, "map_labels": 0.00024580000899732113, "sanity_checks": 0.0001479999627918005, "total": 0.01578949997201562}}