{"part_id": "1-5-12-14-19", "timings_sec": {"read_step": 0.008024800103157759, "enumerate_faces": 2.8399983420968056e-05, "build_adjacency": 0.0002818000502884388, "extract_features": 0.0012020999565720558, "map_labels": 0.00019980012439191341, "sanity_checks": 0.00012260000221431255, "total": 0.009859500220045447}}