{"part_id": "1-5-5-7-10-23", "timings_sec": {"read_step": 0.009836600162088871, "enumerate_faces": 3.300001844763756e-05, "build_adjacency": 0.00032560015097260475, "extract_features": 0.001231200061738491, "map_labels": 0.00022070016711950302, "sanity_checks": 0.00016410020180046558, "total": 0.011811200762167573}}