{"part_id": "1-5-5-11-19", "timings_sec": {"read_step": 0.009352500084787607, "enumerate_faces": 2.4600187316536903e-05, "build_adjacency": 0.000416700029745698, "extract_features": 0.0013939999043941498, "map_labels": 0.00021440000273287296, "sanity_checks": 0.00014609983190894127, "total": 0.011548300040885806}}