{"part_id": "1-5-6-7-8-23", "timings_sec": {"read_step": 0.011549399932846427, "enumerate_faces": 3.829994238913059e-05, "build_adjacency": 0.0002622001338750124, "extract_features": 0.0011710000690072775, "map_labels": 0.00023610005155205727, "sanity_checks": 0.00012099999003112316, "total": 0.013378000119701028}}