{"part_id": "1-5-5-5-5-23", "timings_sec": {"read_step": 0.009626599960029125, "enumerate_faces": 2.3900065571069717e-05, "build_adjacency": 0.00032510003075003624, "extract_features": 0.0011934000067412853, "map_labels": 0.00018579978495836258, "sanity_checks": 0.00015529990196228027, "total": 0.01151009975001216}}