{"part_id": "1-5-8-9-14-23", "timings_sec": {"read_step": 0.011025199899449944, "enumerate_faces": 3.4700147807598114e-05, "build_adjacency": 0.00025759986601769924, "extract_features": 0.000974500086158514, "map_labels": 0.00023030000738799572, "sanity_checks": 0.0001284999307245016, "total": 0.012650799937546253}}