{"part_id": "1-5-6-6-6-23", "timings_sec": {"read_step": 0.007101600058376789, "enumerate_faces": 2.5300076231360435e-05, "build_adjacency": 0.00024610012769699097, "extract_features": 0.0008276998996734619, "map_labels": 0.00019070017151534557, "sanity_checks": 0.00010830000974237919, "total": 0.008499700343236327}}