{"part_id": "1-5-9-12-14-23", "timings_sec": {"read_step": 0.014898699941113591, "enumerate_faces": 4.3899985030293465e-05, "build_adjacency": 0.0005509001202881336, "extract_features": 0.0018937999848276377, "map_labels": 0.0003179998602718115, "sanity_checks": 0.00025560008361935616, "total": 0.017960899975150824}}