{"part_id": "1-5-5-12-13-23", "timings_sec": {"read_step": 0.009567599976435304, "enumerate_faces": 2.719997428357601e-05, "build_adjacency": 0.0003114000428467989, "extract_features": 0.001332300016656518, "map_labels": 0.00019489997066557407, "sanity_checks": 0.0001409999094903469, "total": 0.011574399890378118}}