{"part_id": "1-5-7-13-19", "timings_sec": {"read_step": 0.009033599868416786, "enumerate_faces": 4.7900015488266945e-05, "build_adjacency": 0.00040360004641115665, "extract_features": 0.0010226001031696796, "map_labels": 0.0002498000394552946, "sanity_checks": 0.00012280000373721123, "total": 0.010880300076678395}}