{"part_id": "1-5-8-9-13-23", "timings_sec": {"read_step": 0.010551900137215853, "enumerate_faces": 3.96000687032938e-05, "build_adjacency": 0.0002840999513864517, "extract_features": 0.0010281999129801989, "map_labels": 0.00029239989817142487, "sanity_checks": 0.00021510012447834015, "total": 0.012411300092935562}}