{"part_id": "1-5-7-9-19", "timings_sec": {"read_step": 0.011344400001689792, "enumerate_faces": 4.42001037299633e-05, "build_adjacency": 0.00027600000612437725, "extract_features": 0.0013340001460164785, "map_labels": 0.00040829996578395367, "sanity_checks": 0.00019759987480938435, "total": 0.013604500098153949}}