{"part_id": "1-5-8-8-12-23", "timings_sec": {"read_step": 0.01208089990541339, "enumerate_faces": 3.629992716014385e-05, "build_adjacency": 0.00030620000325143337, "extract_features": 0.0010738000273704529, "map_labels": 0.00023829983547329903, "sanity_checks": 0.00017630006186664104, "total": 0.01391179976053536}}