{"part_id": "1-5-6-10-14-23", "timings_sec": {"read_step": 0.010104399872943759, "enumerate_faces": 4.830001853406429e-05, "build_adjacency": 0.0005365998949855566, "extract_features": 0.001125300070270896, "map_labels": 0.00023030000738799572, "sanity_checks": 0.00014439993537962437, "total": 0.012189299799501896}}