{"part_id": "1-5-6-12-19", "timings_sec": {"read_step": 0.008640300016850233, "enumerate_faces": 2.8900103643536568e-05, "build_adjacency": 0.00027650012634694576, "extract_features": 0.0009483001194894314, "map_labels": 0.00021290010772645473, "sanity_checks": 0.00011899997480213642, "total": 0.010225900448858738}}