{"part_id": "1-5-8-9-12-23", "timings_sec": {"read_step": 0.01165610016323626, "enumerate_faces": 3.720005042850971e-05, "build_adjacency": 0.0003168000839650631, "extract_features": 0.0011885000858455896, "map_labels": 0.00023150001652538776, "sanity_checks": 0.00015840004198253155, "total": 0.013588500441983342}}