{"part_id": "1-5-14-19", "timings_sec": {"read_step": 0.009215299971401691, "enumerate_faces": 2.5399960577487946e-05, "build_adjacency": 0.00021860003471374512, "extract_features": 0.0008934000506997108, "map_labels": 0.000193099956959486, "sanity_checks": 0.0001012999564409256, "total": 0.010647099930793047}}