{"part_id": "1-5-6-6-10-23", "timings_sec": {"read_step": 0.009244299959391356, "enumerate_faces": 3.560003824532032e-05, "build_adjacency": 0.00029559992253780365, "extract_features": 0.0013015000149607658, "map_labels": 0.0002631000243127346, "sanity_checks": 0.00013979990035295486, "total": 0.011279899859800935}}