{"part_id": "1-5-6-19", "timings_sec": {"read_step": 0.006855499930679798, "enumerate_faces": 3.0800001695752144e-05, "build_adjacency": 0.00033769989386200905, "extract_features": 0.0008845999836921692, "map_labels": 0.0002397999633103609, "sanity_checks": 0.00010680011473596096, "total": 0.00845519988797605}}