{"part_id": "1-5-5-10-10-23", "timings_sec": {"read_step": 0.010456599993631244, "enumerate_faces": 3.390014171600342e-05, "build_adjacency": 0.00035589979961514473, "extract_features": 0.001357500208541751, "map_labels": 0.00021980004385113716, "sanity_checks": 0.0001610000617802143, "total": 0.012584700249135494}}