{"part_id": "1-5-6-9-13-23", "timings_sec": {"read_step": 0.012305099982768297, "enumerate_faces": 3.920006565749645e-05, "build_adjacency": 0.0003223998937755823, "extract_features": 0.0016616000793874264, "map_labels": 0.00029710005037486553, "sanity_checks": 0.0001368001103401184, "total": 0.014762200182303786}}