{"part_id": "1-5-5-9-10-23", "timings_sec": {"read_step": 0.00972110009752214, "enumerate_faces": 3.0199997127056122e-05, "build_adjacency": 0.00033169984817504883, "extract_features": 0.001249199965968728, "map_labels": 0.00022529996931552887, "sanity_checks": 0.00022749998606741428, "total": 0.011784999864175916}}