{"part_id": "1-5-5-8-10-23", "timings_sec": {"read_step": 0.007773200049996376, "enumerate_faces": 2.71000899374485e-05, "build_adjacency": 0.0002661999315023422, "extract_features": 0.0011446999851614237, "map_labels": 0.00019659986719489098, "sanity_checks": 0.00012329989112913609, "total": 0.009531099814921618}}