{"part_id": "1-5-5-11-14-23", "timings_sec": {"read_step": 0.010795199777930975, "enumerate_faces": 2.8900103643536568e-05, "build_adjacency": 0.0003565000370144844, "extract_features": 0.0015324000269174576, "map_labels": 0.00021570012904703617, "sanity_checks": 0.00016529997810721397, "total": 0.013094000052660704}}