{"part_id": "1-5-5-6-13-23", "timings_sec": {"read_step": 0.009831100003793836, "enumerate_faces": 2.7799978852272034e-05, "build_adjacency": 0.0002902999985963106, "extract_features": 0.001043700147420168, "map_labels": 0.00021359999664127827, "sanity_checks": 0.00013060006313025951, "total": 0.011537100188434124}}