{"part_id": "1-5-10-11-19", "timings_sec": {"read_step": 0.012353699887171388, "enumerate_faces": 3.629992716014385e-05, "build_adjacency": 0.0003855000250041485, "extract_features": 0.0018136999569833279, "map_labels": 0.00027680001221597195, "sanity_checks": 0.0002669000532478094, "total": 0.01513289986178279}}