{"part_id": "1-5-8-9-9-23", "timings_sec": {"read_step": 0.011983799980953336, "enumerate_faces": 4.260009154677391e-05, "build_adjacency": 0.0004908998962491751, "extract_features": 0.0019387002103030682, "map_labels": 0.00028220005333423615, "sanity_checks": 0.00015029986388981342, "total": 0.014888500096276402}}