{"part_id": "1-5-5-8-19", "timings_sec": {"read_step": 0.013171999948099256, "enumerate_faces": 3.9800070226192474e-05, "build_adjacency": 0.0004616999067366123, "extract_features": 0.0015739998780190945, "map_labels": 0.00027860002592206, "sanity_checks": 0.0002164000179618597, "total": 0.015742499846965075}}