{"part_id": "1-5-12-14-14-23", "timings_sec": {"read_step": 0.009246499976143241, "enumerate_faces": 2.5999965146183968e-05, "build_adjacency": 0.0003044998738914728, "extract_features": 0.0012830998748540878, "map_labels": 0.00020490004681050777, "sanity_checks": 0.00013940013013780117, "total": 0.011204399866983294}}