{"part_id": "1-5-5-8-12-23", "timings_sec": {"read_step": 0.009183899965137243, "enumerate_faces": 3.1300121918320656e-05, "build_adjacency": 0.00030940002761781216, "extract_features": 0.001362399896606803, "map_labels": 0.0002101999707520008, "sanity_checks": 0.00014059990644454956, "total": 0.01123779988847673}}