{"part_id": "1-5-10-13-14-23", "timings_sec": {"read_step": 0.013459299923852086, "enumerate_faces": 3.400002606213093e-05, "build_adjacency": 0.00035390001721680164, "extract_features": 0.0012056000996381044, "map_labels": 0.00023090001195669174, "sanity_checks": 0.00014859996736049652, "total": 0.015432300046086311}}