{"part_id": "1-5-6-7-13-23", "timings_sec": {"read_step": 0.007958999834954739, "enumerate_faces": 2.569984644651413e-05, "build_adjacency": 0.0002723000943660736, "extract_features": 0.0014704999048262835, "map_labels": 0.00024029985070228577, "sanity_checks": 0.0001322000753134489, "total": 0.010099999606609344}}