{"part_id": "1-5-9-10-11-23", "timings_sec": {"read_step": 0.012809299863874912, "enumerate_faces": 4.520011134445667e-05, "build_adjacency": 0.0006613000296056271, "extract_features": 0.002082600025460124, "map_labels": 0.00025880010798573494, "sanity_checks": 0.00018209987320005894, "total": 0.016039300011470914}}