{"part_id": "1-5-5-6-12-23", "timings_sec": {"read_step": 0.008821700001135468, "enumerate_faces": 2.559996210038662e-05, "build_adjacency": 0.0003022998571395874, "extract_features": 0.0011112999636679888, "map_labels": 0.00020839995704591274, "sanity_checks": 0.00013679987750947475, "total": 0.010606099618598819}}