{"part_id": "1-5-5-8-9-23", "timings_sec": {"read_step": 0.008958399994298816, "enumerate_faces": 2.9199989512562752e-05, "build_adjacency": 0.00037560006603598595, "extract_features": 0.001094199949875474, "map_labels": 0.0002185001503676176, "sanity_checks": 0.0001404997892677784, "total": 0.010816399939358234}}