{"part_id": "1-5-7-9-10-23", "timings_sec": {"read_step": 0.011871699942275882, "enumerate_faces": 5.010003224015236e-05, "build_adjacency": 0.0005372001323848963, "extract_features": 0.001631600083783269, "map_labels": 0.0003068000078201294, "sanity_checks": 0.00023699994198977947, "total": 0.014634400140494108}}