{"part_id": "1-5-5-13-14-23", "timings_sec": {"read_step": 0.01315049990080297, "enumerate_faces": 3.9499951526522636e-05, "build_adjacency": 0.0005514000076800585, "extract_features": 0.0018239000346511602, "map_labels": 0.0002266999799758196, "sanity_checks": 0.0001379998866468668, "total": 0.015929999761283398}}