{"part_id": "1-5-8-10-14-23", "timings_sec": {"read_step": 0.011416499968618155, "enumerate_faces": 3.7899939343333244e-05, "build_adjacency": 0.00031429994851350784, "extract_features": 0.0012562000192701817, "map_labels": 0.0003029999788850546, "sanity_checks": 0.00014970009215176105, "total": 0.013477599946781993}}