{"part_id": "1-5-8-8-9-23", "timings_sec": {"read_step": 0.013249299954622984, "enumerate_faces": 3.920006565749645e-05, "build_adjacency": 0.00030620000325143337, "extract_features": 0.0017305000219494104, "map_labels": 0.00038759992457926273, "sanity_checks": 0.00017019989900290966, "total": 0.015882999869063497}}