{"part_id": "1-5-7-8-9-23", "timings_sec": {"read_step": 0.010571499820798635, "enumerate_faces": 5.419994704425335e-05, "build_adjacency": 0.00034289993345737457, "extract_features": 0.0012799000833183527, "map_labels": 0.0003179998602718115, "sanity_checks": 0.00014970009215176105, "total": 0.012716199737042189}}