{"part_id": "1-5-13-13-13-23", "timings_sec": {"read_step": 0.008386499946936965, "enumerate_faces": 2.5900080800056458e-05, "build_adjacency": 0.000268799951300025, "extract_features": 0.0009643998928368092, "map_labels": 0.00020370003767311573, "sanity_checks": 0.00012069987133145332, "total": 0.009969999780878425}}