{"part_id": "1-5-6-11-14-23", "timings_sec": {"read_step": 0.009834400145336986, "enumerate_faces": 3.050011582672596e-05, "build_adjacency": 0.0003309999592602253, "extract_features": 0.0012164001818746328, "map_labels": 0.00021760002709925175, "sanity_checks": 0.00015380000695586205, "total": 0.011783700436353683}}