{"part_id": "1-5-5-9-12-23", "timings_sec": {"read_step": 0.009675799869000912, "enumerate_faces": 2.8099864721298218e-05, "build_adjacency": 0.0003192999865859747, "extract_features": 0.0013188000302761793, "map_labels": 0.00019129994325339794, "sanity_checks": 0.0001493000891059637, "total": 0.011682599782943726}}