{"part_id": "1-5-10-14-14-23", "timings_sec": {"read_step": 0.009447500109672546, "enumerate_faces": 3.310013562440872e-05, "build_adjacency": 0.00031809997744858265, "extract_features": 0.0012332000769674778, "map_labels": 0.00021840003319084644, "sanity_checks": 0.0001479999627918005, "total": 0.011398300295695662}}