{"part_id": "1-5-9-13-19", "timings_sec": {"read_step": 0.011511399876326323, "enumerate_faces": 4.860013723373413e-05, "build_adjacency": 0.000390700064599514, "extract_features": 0.001728900009766221, "map_labels": 0.00028789998032152653, "sanity_checks": 0.00016709999181330204, "total": 0.01413460006006062}}