{"part_id": "1-5-6-8-9-23", "timings_sec": {"read_step": 0.012709100032225251, "enumerate_faces": 4.400010220706463e-05, "build_adjacency": 0.00047319987788796425, "extract_features": 0.001858200179412961, "map_labels": 0.0003090000245720148, "sanity_checks": 0.0002468000166118145, "total": 0.01564030023291707}}