{"part_id": "1-5-8-8-13-23", "timings_sec": {"read_step": 0.009407700039446354, "enumerate_faces": 3.8499943912029266e-05, "build_adjacency": 0.00030969991348683834, "extract_features": 0.0014899000525474548, "map_labels": 0.0002694998402148485, "sanity_checks": 0.00013060006313025951, "total": 0.011645899852737784}}