{"part_id": "1-5-6-10-19", "timings_sec": {"read_step": 0.007863200036808848, "enumerate_faces": 3.090011887252331e-05, "build_adjacency": 0.0002617998979985714, "extract_features": 0.0010828000959008932, "map_labels": 0.00021610013209283352, "sanity_checks": 0.00012600002810359, "total": 0.00958080030977726}}