{"part_id": "1-5-10-13-13-23", "timings_sec": {"read_step": 0.008817499969154596, "enumerate_faces": 2.969987690448761e-05, "build_adjacency": 0.0002894999925047159, "extract_features": 0.0019874998833984137, "map_labels": 0.0002511001657694578, "sanity_checks": 0.0002389999572187662, "total": 0.011614299844950438}}