{"part_id": "1-5-9-10-14-23", "timings_sec": {"read_step": 0.011861199978739023, "enumerate_faces": 3.869994543492794e-05, "build_adjacency": 0.00032899994403123856, "extract_features": 0.0013458000030368567, "map_labels": 0.000272899866104126, "sanity_checks": 0.00015899981372058392, "total": 0.014006599551066756}}