{"part_id": "1-5-8-8-10-23", "timings_sec": {"read_step": 0.009661300107836723, "enumerate_faces": 3.7999823689460754e-05, "build_adjacency": 0.00030150008387863636, "extract_features": 0.0011044000275433064, "map_labels": 0.00024860003031790257, "sanity_checks": 0.0001441999338567257, "total": 0.011498000007122755}}