{"part_id": "1-5-5-5-12-23", "timings_sec": {"read_step": 0.010511100059375167, "enumerate_faces": 3.360002301633358e-05, "build_adjacency": 0.00039749988354742527, "extract_features": 0.0013101000804454088, "map_labels": 0.00021600001491606236, "sanity_checks": 0.00015329988673329353, "total": 0.01262159994803369}}