{"part_id": "1-5-5-5-9-23", "timings_sec": {"read_step": 0.009452099911868572, "enumerate_faces": 2.1399930119514465e-05, "build_adjacency": 0.00030409987084567547, "extract_features": 0.0012596999295055866, "map_labels": 0.0002204999327659607, "sanity_checks": 0.00015350012108683586, "total": 0.011411299696192145}}