{"part_id": "1-5-5-14-14-23", "timings_sec": {"read_step": 0.010120500111952424, "enumerate_faces": 2.95999925583601e-05, "build_adjacency": 0.00031139981001615524, "extract_features": 0.001297500217333436, "map_labels": 0.0002125001046806574, "sanity_checks": 0.00014990009367465973, "total": 0.012121400330215693}}