{"part_id": "1-5-9-9-9-23", "timings_sec": {"read_step": 0.011067199986428022, "enumerate_faces": 4.610000178217888e-05, "build_adjacency": 0.0005129999481141567, "extract_features": 0.0019835999701172113, "map_labels": 0.00028290017507970333, "sanity_checks": 0.00027740001678466797, "total": 0.01417020009830594}}