{"part_id": "1-5-11-11-13-23", "timings_sec": {"read_step": 0.01121559995226562, "enumerate_faces": 3.100000321865082e-05, "build_adjacency": 0.0003627999685704708, "extract_features": 0.0014057999942451715, "map_labels": 0.00021820003166794777, "sanity_checks": 0.00017850007861852646, "total": 0.013411900028586388}}