{"part_id": "1-5-6-11-13-23", "timings_sec": {"read_step": 0.009433400118723512, "enumerate_faces": 3.320001997053623e-05, "build_adjacency": 0.00035710004158318043, "extract_features": 0.0011400999501347542, "map_labels": 0.0001954999752342701, "sanity_checks": 0.00014489982277154922, "total": 0.011304199928417802}}