{"part_id": "1-5-10-10-12-23", "timings_sec": {"read_step": 0.012531799962744117, "enumerate_faces": 3.42000275850296e-05, "build_adjacency": 0.00034820009022951126, "extract_features": 0.00172149995341897, "map_labels": 0.00023570004850625992, "sanity_checks": 0.00017079990357160568, "total": 0.015042199986055493}}