{"part_id": "1-5-11-12-19", "timings_sec": {"read_step": 0.009548200061544776, "enumerate_faces": 3.2300129532814026e-05, "build_adjacency": 0.00032110000029206276, "extract_features": 0.001171699957922101, "map_labels": 0.00021929992362856865, "sanity_checks": 0.00015249988064169884, "total": 0.011445099953562021}}