{"part_id": "1-5-9-10-12-23", "timings_sec": {"read_step": 0.01089679985307157, "enumerate_faces": 3.7400051951408386e-05, "build_adjacency": 0.00034190015867352486, "extract_features": 0.001658499939367175, "map_labels": 0.0003092000260949135, "sanity_checks": 0.00028069992549717426, "total": 0.013524499954655766}}