{"part_id": "1-5-6-13-19", "timings_sec": {"read_step": 0.006736000068485737, "enumerate_faces": 3.1599774956703186e-05, "build_adjacency": 0.00022369995713233948, "extract_features": 0.0007788999937474728, "map_labels": 0.0002205998171120882, "sanity_checks": 0.00010529998689889908, "total": 0.00809609959833324}}