{"part_id": "1-5-8-10-11-23", "timings_sec": {"read_step": 0.014804899925366044, "enumerate_faces": 5.010003224015236e-05, "build_adjacency": 0.0004741000011563301, "extract_features": 0.0015023997984826565, "map_labels": 0.0003337000962346792, "sanity_checks": 0.00022009992972016335, "total": 0.017385299783200026}}