{"part_id": "1-5-7-11-19", "timings_sec": {"read_step": 0.013666499871760607, "enumerate_faces": 4.879990592598915e-05, "build_adjacency": 0.0007053001318126917, "extract_features": 0.0018726000562310219, "map_labels": 0.00030860002152621746, "sanity_checks": 0.00021730014123022556, "total": 0.016819100128486753}}