{"part_id": "1-5-10-19", "timings_sec": {"read_step": 0.007217000005766749, "enumerate_faces": 2.7899863198399544e-05, "build_adjacency": 0.0002462000120431185, "extract_features": 0.0008624999318271875, "map_labels": 0.00022929999977350235, "sanity_checks": 0.0001862999051809311, "total": 0.008769199717789888}}