{"part_id": "1-5-6-10-13-23", "timings_sec": {"read_step": 0.012061499990522861, "enumerate_faces": 3.400002606213093e-05, "build_adjacency": 0.00031420006416738033, "extract_features": 0.0020137999672442675, "map_labels": 0.00027980003505945206, "sanity_checks": 0.00021319999359548092, "total": 0.014916500076651573}}