{"part_id": "1-5-8-12-13-23", "timings_sec": {"read_step": 0.009853800060227513, "enumerate_faces": 3.8899946957826614e-05, "build_adjacency": 0.0003177998587489128, "extract_features": 0.0010887000244110823, "map_labels": 0.0002577998675405979, "sanity_checks": 0.00013619987294077873, "total": 0.011693199630826712}}