{"part_id": "1-5-12-13-19", "timings_sec": {"read_step": 0.007898800075054169, "enumerate_faces": 2.4300068616867065e-05, "build_adjacency": 0.00025289994664490223, "extract_features": 0.0010403001215308905, "map_labels": 0.00022140005603432655, "sanity_checks": 0.00011959997937083244, "total": 0.009557300247251987}}