{"part_id": "1-5-11-14-14-23", "timings_sec": {"read_step": 0.010897000087425113, "enumerate_faces": 3.1700124964118004e-05, "build_adjacency": 0.00034719984978437424, "extract_features": 0.0012737999204546213, "map_labels": 0.0002685999497771263, "sanity_checks": 0.00018440000712871552, "total": 0.013002699939534068}}