{"part_id": "1-5-7-11-14-23", "timings_sec": {"read_step": 0.013305700151249766, "enumerate_faces": 3.810017369687557e-05, "build_adjacency": 0.0004486998077481985, "extract_features": 0.002189100021496415, "map_labels": 0.00028959987685084343, "sanity_checks": 0.00026180013082921505, "total": 0.016533000161871314}}