{"part_id": "1-5-8-12-19", "timings_sec": {"read_step": 0.013032000046223402, "enumerate_faces": 4.549999721348286e-05, "build_adjacency": 0.0004604998975992203, "extract_features": 0.0015257999766618013, "map_labels": 0.0003784999717026949, "sanity_checks": 0.0002351999282836914, "total": 0.015677499817684293}}