{"part_id": "1-5-6-6-19", "timings_sec": {"read_step": 0.007467800052836537, "enumerate_faces": 3.6300159990787506e-05, "build_adjacency": 0.0003554001450538635, "extract_features": 0.0013558999635279179, "map_labels": 0.00025429995730519295, "sanity_checks": 0.00011110003106296062, "total": 0.00958080030977726}}