{"part_id": "1-5-10-12-19", "timings_sec": {"read_step": 0.00868680002167821, "enumerate_faces": 3.200001083314419e-05, "build_adjacency": 0.00029710005037486553, "extract_features": 0.0010824000928550959, "map_labels": 0.0002226000651717186, "sanity_checks": 0.00013490021228790283, "total": 0.010455800453200936}}