{"part_id": "1-6-9-9-14-23", "timings_sec": {"read_step": 0.009232999989762902, "enumerate_faces": 3.0399998649954796e-05, "build_adjacency": 0.0002756000030785799, "extract_features": 0.0010228001046925783, "map_labels": 0.00024640001356601715, "sanity_checks": 0.00013679987750947475, "total": 0.010944999987259507}}