{"part_id": "1-6-10-13-13-23", "timings_sec": {"read_step": 0.009300799807533622, "enumerate_faces": 3.369990736246109e-05, "build_adjacency": 0.00026599992997944355, "extract_features": 0.001557100098580122, "map_labels": 0.0002832000609487295, "sanity_checks": 0.00022779987193644047, "total": 0.011668599676340818}}