{"part_id": "1-6-10-12-13-23", "timings_sec": {"read_step": 0.010480200173333287, "enumerate_faces": 3.660004585981369e-05, "build_adjacency": 0.0003238001372665167, "extract_features": 0.001125300070270896, "map_labels": 0.00023999996483325958, "sanity_checks": 0.00013999990187585354, "total": 0.012345900293439627}}