{"part_id": "1-6-10-10-10-23", "timings_sec": {"read_step": 0.01025470020249486, "enumerate_faces": 3.9700185880064964e-05, "build_adjacency": 0.0003426000475883484, "extract_features": 0.0012286000419408083, "map_labels": 0.0002682998310774565, "sanity_checks": 0.0001639002002775669, "total": 0.012297800509259105}}