{"part_id": "1-6-8-12-19", "timings_sec": {"read_step": 0.010329000186175108, "enumerate_faces": 4.0400074794888496e-05, "build_adjacency": 0.0002482000272721052, "extract_features": 0.0009799001272767782, "map_labels": 0.0002997999545186758, "sanity_checks": 0.00019529997371137142, "total": 0.012092600343748927}}