{"part_id": "1-6-6-8-19", "timings_sec": {"read_step": 0.006143100094050169, "enumerate_faces": 2.7900096029043198e-05, "build_adjacency": 0.000317899975925684, "extract_features": 0.0007879999466240406, "map_labels": 0.00020749983377754688, "sanity_checks": 0.00010139984078705311, "total": 0.007585799787193537}}