{"part_id": "1-6-6-6-10-23", "timings_sec": {"read_step": 0.006481199990957975, "enumerate_faces": 3.2700132578611374e-05, "build_adjacency": 0.00021460000425577164, "extract_features": 0.0009289998561143875, "map_labels": 0.00021570012904703617, "sanity_checks": 0.00010710000060498714, "total": 0.00798030011355877}}