{"part_id": "1-6-7-10-13-23", "timings_sec": {"read_step": 0.009639600059017539, "enumerate_faces": 4.0899962186813354e-05, "build_adjacency": 0.0002866999711841345, "extract_features": 0.0010399001184850931, "map_labels": 0.00025439984165132046, "sanity_checks": 0.00013399985618889332, "total": 0.011395499808713794}}