{"part_id": "1-6-6-13-13-23", "timings_sec": {"read_step": 0.00803950009867549, "enumerate_faces": 3.50000336766243e-05, "build_adjacency": 0.00024410011246800423, "extract_features": 0.0008788001723587513, "map_labels": 0.00024690013378858566, "sanity_checks": 0.00011330004781484604, "total": 0.009557600598782301}}