{"part_id": "1-6-10-10-13-23", "timings_sec": {"read_step": 0.01418339996598661, "enumerate_faces": 4.4899992644786835e-05, "build_adjacency": 0.0005079999100416899, "extract_features": 0.0018563000485301018, "map_labels": 0.00031849998049438, "sanity_checks": 0.00025209994055330753, "total": 0.017163199838250875}}