{"part_id": "1-6-12-14-14-23", "timings_sec": {"read_step": 0.014621600043028593, "enumerate_faces": 4.019984044134617e-05, "build_adjacency": 0.0004792001564055681, "extract_features": 0.0017258001025766134, "map_labels": 0.0002840000670403242, "sanity_checks": 0.00022309995256364346, "total": 0.01737390016205609}}