{"part_id": "1-6-6-8-11-23", "timings_sec": {"read_step": 0.012863100040704012, "enumerate_faces": 4.509999416768551e-05, "build_adjacency": 0.0004956000484526157, "extract_features": 0.0017807998228818178, "map_labels": 0.0003112000413239002, "sanity_checks": 0.0002465001307427883, "total": 0.01574230007827282}}