{"part_id": "1-6-8-12-13-23", "timings_sec": {"read_step": 0.008133600000292063, "enumerate_faces": 3.0099879950284958e-05, "build_adjacency": 0.0002718998584896326, "extract_features": 0.0010102000087499619, "map_labels": 0.00020859995856881142, "sanity_checks": 0.00012070010416209698, "total": 0.00977509981021285}}