{"part_id": "1-6-8-11-12-23", "timings_sec": {"read_step": 0.009521199855953455, "enumerate_faces": 3.200001083314419e-05, "build_adjacency": 0.0003162999637424946, "extract_features": 0.0014860001392662525, "map_labels": 0.00022060004994273186, "sanity_checks": 0.00015030009672045708, "total": 0.011726400116458535}}