{"part_id": "1-6-14-14-14-23", "timings_sec": {"read_step": 0.010500799864530563, "enumerate_faces": 3.6400044336915016e-05, "build_adjacency": 0.0003029999788850546, "extract_features": 0.0012377998791635036, "map_labels": 0.00030269986018538475, "sanity_checks": 0.00022950000129640102, "total": 0.012610199628397822}}