{"part_id": "1-6-6-8-12-23", "timings_sec": {"read_step": 0.007820700062438846, "enumerate_faces": 3.7300167605280876e-05, "build_adjacency": 0.00023320014588534832, "extract_features": 0.0007742000743746758, "map_labels": 0.00024039996787905693, "sanity_checks": 0.0001026000827550888, "total": 0.009208400500938296}}