{"part_id": "1-6-7-9-13-23", "timings_sec": {"read_step": 0.008964000036939979, "enumerate_faces": 4.219985567033291e-05, "build_adjacency": 0.0004513000603765249, "extract_features": 0.0018760999664664268, "map_labels": 0.0002756000030785799, "sanity_checks": 0.00021929992362856865, "total": 0.011828499846160412}}