{"part_id": "1-6-6-7-19", "timings_sec": {"read_step": 0.0092677001375705, "enumerate_faces": 4.4899992644786835e-05, "build_adjacency": 0.00034760008566081524, "extract_features": 0.0008911001496016979, "map_labels": 0.00024239998310804367, "sanity_checks": 0.00010890001431107521, "total": 0.01090260036289692}}