{"part_id": "1-6-8-8-10-23", "timings_sec": {"read_step": 0.00771739985793829, "enumerate_faces": 2.5999965146183968e-05, "build_adjacency": 0.00026050000451505184, "extract_features": 0.0009693000465631485, "map_labels": 0.0002101000864058733, "sanity_checks": 0.00012400001287460327, "total": 0.00930729997344315}}