{"part_id": "1-6-7-11-13-23", "timings_sec": {"read_step": 0.01179530005902052, "enumerate_faces": 4.4999876990914345e-05, "build_adjacency": 0.0005242000333964825, "extract_features": 0.0019332000520080328, "map_labels": 0.0002462000120431185, "sanity_checks": 0.00016539986245334148, "total": 0.014709299895912409}}