{"part_id": "1-6-7-8-8-23", "timings_sec": {"read_step": 0.010127200046554208, "enumerate_faces": 3.7400051951408386e-05, "build_adjacency": 0.00037700007669627666, "extract_features": 0.0013186999130994081, "map_labels": 0.0002397000789642334, "sanity_checks": 0.00011699995957314968, "total": 0.012217000126838684}}