{"part_id": "1-6-6-11-11-23", "timings_sec": {"read_step": 0.015042500104755163, "enumerate_faces": 5.259993486106396e-05, "build_adjacency": 0.0005479000974446535, "extract_features": 0.001969899982213974, "map_labels": 0.00027629989199340343, "sanity_checks": 0.00016620010137557983, "total": 0.018055400112643838}}