{"part_id": "1-6-8-13-13-23", "timings_sec": {"read_step": 0.009158299770206213, "enumerate_faces": 3.629992716014385e-05, "build_adjacency": 0.00042799999937415123, "extract_features": 0.0014387001283466816, "map_labels": 0.0002685999497771263, "sanity_checks": 0.00020150002092123032, "total": 0.011531399795785546}}