{"part_id": "1-6-8-9-12-23", "timings_sec": {"read_step": 0.009149500168859959, "enumerate_faces": 3.5899924114346504e-05, "build_adjacency": 0.0003279000520706177, "extract_features": 0.0011059001553803682, "map_labels": 0.0002280001062899828, "sanity_checks": 0.00013569998554885387, "total": 0.010982900392264128}}