{"part_id": "1-6-8-19", "timings_sec": {"read_step": 0.005183300003409386, "enumerate_faces": 2.240017056465149e-05, "build_adjacency": 0.00018729991279542446, "extract_features": 0.000620800070464611, "map_labels": 0.00021330011077225208, "sanity_checks": 0.00014410004951059818, "total": 0.006371200317516923}}