{"part_id": "1-6-12-13-19", "timings_sec": {"read_step": 0.008184400154277682, "enumerate_faces": 3.7499936297535896e-05, "build_adjacency": 0.00034140003845095634, "extract_features": 0.0015318000223487616, "map_labels": 0.00028760009445250034, "sanity_checks": 0.0001938000787049532, "total": 0.01057650032453239}}