{"part_id": "1-6-10-13-19", "timings_sec": {"read_step": 0.009862200124189258, "enumerate_faces": 3.390014171600342e-05, "build_adjacency": 0.00024359999224543571, "extract_features": 0.0009141999762505293, "map_labels": 0.00022240006364881992, "sanity_checks": 0.00011570006608963013, "total": 0.011392000364139676}}