{"part_id": "1-6-9-12-19", "timings_sec": {"read_step": 0.0073386000003665686, "enumerate_faces": 3.069988451898098e-05, "build_adjacency": 0.00032650004141032696, "extract_features": 0.0010544999968260527, "map_labels": 0.00021709990687668324, "sanity_checks": 0.00014950009062886238, "total": 0.009116899920627475}}