{"part_id": "1-6-12-12-19", "timings_sec": {"read_step": 0.010183899896219373, "enumerate_faces": 3.5400036722421646e-05, "build_adjacency": 0.0004470997955650091, "extract_features": 0.0015535999555140734, "map_labels": 0.0002794000320136547, "sanity_checks": 0.00021110009402036667, "total": 0.012710499810054898}}