{"part_id": "1-6-8-11-11-23", "timings_sec": {"read_step": 0.010300000198185444, "enumerate_faces": 3.2400013878941536e-05, "build_adjacency": 0.0003486000932753086, "extract_features": 0.001282400218769908, "map_labels": 0.00022629997693002224, "sanity_checks": 0.0002622001338750124, "total": 0.012451900634914637}}