{"part_id": "1-6-11-13-14-23", "timings_sec": {"read_step": 0.014037499902769923, "enumerate_faces": 4.020007327198982e-05, "build_adjacency": 0.00031160004436969757, "extract_features": 0.0016411000397056341, "map_labels": 0.0003100999165326357, "sanity_checks": 0.0002663999330252409, "total": 0.01660689990967512}}