{"part_id": "1-6-8-10-11-23", "timings_sec": {"read_step": 0.00981529988348484, "enumerate_faces": 2.9799994081258774e-05, "build_adjacency": 0.00031480006873607635, "extract_features": 0.0013041000347584486, "map_labels": 0.00025010015815496445, "sanity_checks": 0.00016109994612634182, "total": 0.01187520008534193}}