{"part_id": "1-6-6-10-13-23", "timings_sec": {"read_step": 0.012989299837499857, "enumerate_faces": 6.900005973875523e-05, "build_adjacency": 0.00046939984895288944, "extract_features": 0.0018350998871028423, "map_labels": 0.0004978999495506287, "sanity_checks": 0.00018700002692639828, "total": 0.01604769960977137}}