{"part_id": "1-6-10-11-19", "timings_sec": {"read_step": 0.00949900015257299, "enumerate_faces": 3.650016151368618e-05, "build_adjacency": 0.0003046998754143715, "extract_features": 0.0010985000990331173, "map_labels": 0.00027439999394118786, "sanity_checks": 0.00014210003428161144, "total": 0.011355200316756964}}