{"part_id": "1-6-7-11-14-23", "timings_sec": {"read_step": 0.011043899925425649, "enumerate_faces": 3.660004585981369e-05, "build_adjacency": 0.00043189991265535355, "extract_features": 0.0011672999244183302, "map_labels": 0.00023359991610050201, "sanity_checks": 0.00015680002979934216, "total": 0.01307009975425899}}