{"part_id": "1-6-9-13-13-23", "timings_sec": {"read_step": 0.007382099982351065, "enumerate_faces": 2.6700086891651154e-05, "build_adjacency": 0.00024710013531148434, "extract_features": 0.0009092001710087061, "map_labels": 0.00019950000569224358, "sanity_checks": 0.00012129987590014935, "total": 0.0088859002571553}}