{"part_id": "1-6-7-8-11-23", "timings_sec": {"read_step": 0.012106899870559573, "enumerate_faces": 3.79001721739769e-05, "build_adjacency": 0.0003158000763505697, "extract_features": 0.0011419998481869698, "map_labels": 0.00024319998919963837, "sanity_checks": 0.00014610006473958492, "total": 0.013991900021210313}}