{"part_id": "1-6-10-10-11-23", "timings_sec": {"read_step": 0.015475600026547909, "enumerate_faces": 4.20999713242054e-05, "build_adjacency": 0.00038870004937052727, "extract_features": 0.0013982001692056656, "map_labels": 0.0002616001293063164, "sanity_checks": 0.00017859996296465397, "total": 0.017744800308719277}}