{"part_id": "1-6-8-10-19", "timings_sec": {"read_step": 0.007602199912071228, "enumerate_faces": 2.9100105166435242e-05, "build_adjacency": 0.00023410003632307053, "extract_features": 0.0009150998666882515, "map_labels": 0.0002064998261630535, "sanity_checks": 0.00011639995500445366, "total": 0.009103399701416492}}