{"part_id": "1-6-6-14-19", "timings_sec": {"read_step": 0.006228800164535642, "enumerate_faces": 2.7999980375170708e-05, "build_adjacency": 0.0001992001198232174, "extract_features": 0.0006824000738561153, "map_labels": 0.0002375999465584755, "sanity_checks": 0.00011950009502470493, "total": 0.0074955003801733255}}