{"part_id": "1-6-6-12-12-23", "timings_sec": {"read_step": 0.01114640012383461, "enumerate_faces": 3.7400051951408386e-05, "build_adjacency": 0.00029859994538128376, "extract_features": 0.0013963000383228064, "map_labels": 0.000341000035405159, "sanity_checks": 0.00020859995856881142, "total": 0.013428300153464079}}