{"part_id": "1-6-8-10-14-23", "timings_sec": {"read_step": 0.007480300031602383, "enumerate_faces": 3.569992259144783e-05, "build_adjacency": 0.0002478999085724354, "extract_features": 0.0011342000216245651, "map_labels": 0.0002242999617010355, "sanity_checks": 0.00011949986219406128, "total": 0.009241899708285928}}