{"part_id": "1-6-7-7-12-23", "timings_sec": {"read_step": 0.014065600000321865, "enumerate_faces": 3.7800054997205734e-05, "build_adjacency": 0.0003082999028265476, "extract_features": 0.0014163001906126738, "map_labels": 0.00028069992549717426, "sanity_checks": 0.00013619987294077873, "total": 0.016244899947196245}}