{"part_id": "1-6-7-14-14-23", "timings_sec": {"read_step": 0.014030399965122342, "enumerate_faces": 4.930002614855766e-05, "build_adjacency": 0.0004938000347465277, "extract_features": 0.0016733999364078045, "map_labels": 0.0003146999515593052, "sanity_checks": 0.00020319991745054722, "total": 0.016764799831435084}}