{"part_id": "1-6-7-13-13-23", "timings_sec": {"read_step": 0.012683899840340018, "enumerate_faces": 4.9999915063381195e-05, "build_adjacency": 0.00041610002517700195, "extract_features": 0.0017526999581605196, "map_labels": 0.0003108000382781029, "sanity_checks": 0.0003692000173032284, "total": 0.015582699794322252}}