{"part_id": "1-6-7-10-11-23", "timings_sec": {"read_step": 0.011126199970021844, "enumerate_faces": 3.909994848072529e-05, "build_adjacency": 0.00034510018303990364, "extract_features": 0.0012697000056505203, "map_labels": 0.0002482000272721052, "sanity_checks": 0.00024030008353292942, "total": 0.013268600217998028}}