{"part_id": "1-6-11-19", "timings_sec": {"read_step": 0.007016200106590986, "enumerate_faces": 2.6999972760677338e-05, "build_adjacency": 0.00023939996026456356, "extract_features": 0.0008607001509517431, "map_labels": 0.00020330003462731838, "sanity_checks": 0.00011399993672966957, "total": 0.008460600161924958}}