{"part_id": "1-6-7-10-10-23", "timings_sec": {"read_step": 0.011201499961316586, "enumerate_faces": 4.0899962186813354e-05, "build_adjacency": 0.0002693000715225935, "extract_features": 0.0009655000176280737, "map_labels": 0.000291300006210804, "sanity_checks": 0.0001300000585615635, "total": 0.012898500077426434}}