{"part_id": "1-6-7-14-19", "timings_sec": {"read_step": 0.012083499925211072, "enumerate_faces": 4.730001091957092e-05, "build_adjacency": 0.00040529994294047356, "extract_features": 0.0014255999121814966, "map_labels": 0.0003255000337958336, "sanity_checks": 0.00018729991279542446, "total": 0.014474499737843871}}