{"part_id": "1-6-9-10-10-23", "timings_sec": {"read_step": 0.010479600168764591, "enumerate_faces": 3.060000017285347e-05, "build_adjacency": 0.00030880002304911613, "extract_features": 0.0013788000214844942, "map_labels": 0.00027199997566640377, "sanity_checks": 0.000268799951300025, "total": 0.012738600140437484}}