{"part_id": "1-6-6-14-14-23", "timings_sec": {"read_step": 0.012674700003117323, "enumerate_faces": 4.009995609521866e-05, "build_adjacency": 0.0002700001932680607, "extract_features": 0.001169899944216013, "map_labels": 0.00027449987828731537, "sanity_checks": 0.0001243001315742731, "total": 0.014553500106558204}}