{"part_id": "1-6-7-19", "timings_sec": {"read_step": 0.009665400022640824, "enumerate_faces": 4.409998655319214e-05, "build_adjacency": 0.00036910013295710087, "extract_features": 0.0011238001752644777, "map_labels": 0.00029920018278062344, "sanity_checks": 0.00015009986236691475, "total": 0.011651700362563133}}