{"part_id": "1-6-10-12-12-23", "timings_sec": {"read_step": 0.01058749994263053, "enumerate_faces": 3.6300159990787506e-05, "build_adjacency": 0.0003233999013900757, "extract_features": 0.001232899958267808, "map_labels": 0.0002445001155138016, "sanity_checks": 0.0001547001302242279, "total": 0.01257930020801723}}