{"part_id": "1-6-10-14-19", "timings_sec": {"read_step": 0.00769710005261004, "enumerate_faces": 3.439979627728462e-05, "build_adjacency": 0.0002679000608623028, "extract_features": 0.001496999990195036, "map_labels": 0.00027309986762702465, "sanity_checks": 0.00021029985509812832, "total": 0.009979799622669816}}