{"part_id": "1-6-9-12-14-23", "timings_sec": {"read_step": 0.008887700038030744, "enumerate_faces": 2.8900103643536568e-05, "build_adjacency": 0.0002843998372554779, "extract_features": 0.0010592001490294933, "map_labels": 0.00021270010620355606, "sanity_checks": 0.00013479986228048801, "total": 0.010607700096443295}}