{"part_id": "1-6-10-11-13-23", "timings_sec": {"read_step": 0.012278300011530519, "enumerate_faces": 4.349998198449612e-05, "build_adjacency": 0.00039270007982850075, "extract_features": 0.0013455001171678305, "map_labels": 0.0002679000608623028, "sanity_checks": 0.00015690014697611332, "total": 0.014484800398349762}}