{"part_id": "1-6-10-10-14-23", "timings_sec": {"read_step": 0.01275049988180399, "enumerate_faces": 3.9499951526522636e-05, "build_adjacency": 0.00032130000181496143, "extract_features": 0.0017519998364150524, "map_labels": 0.0003041001036763191, "sanity_checks": 0.0002475001383572817, "total": 0.015414899913594127}}