{"part_id": "1-6-6-8-9-23", "timings_sec": {"read_step": 0.009253700030967593, "enumerate_faces": 4.3300213292241096e-05, "build_adjacency": 0.00030649988912045956, "extract_features": 0.0009494000114500523, "map_labels": 0.00022860011085867882, "sanity_checks": 0.00016999989748001099, "total": 0.010951500153169036}}