{"part_id": "1-6-6-6-11-23", "timings_sec": {"read_step": 0.011322899954393506, "enumerate_faces": 3.720005042850971e-05, "build_adjacency": 0.000300500076264143, "extract_features": 0.0012846000026911497, "map_labels": 0.0002337999176234007, "sanity_checks": 0.00013979990035295486, "total": 0.013318799901753664}}