{"part_id": "1-6-13-14-14-23", "timings_sec": {"read_step": 0.00852260016836226, "enumerate_faces": 3.760005347430706e-05, "build_adjacency": 0.0002711999695748091, "extract_features": 0.0010014998260885477, "map_labels": 0.00025640008971095085, "sanity_checks": 0.0001229001209139824, "total": 0.010212200228124857}}