{"part_id": "1-6-8-8-13-23", "timings_sec": {"read_step": 0.006999999983236194, "enumerate_faces": 2.750009298324585e-05, "build_adjacency": 0.00022950000129640102, "extract_features": 0.0008483000565320253, "map_labels": 0.00022840010933578014, "sanity_checks": 0.00017359992489218712, "total": 0.008507300168275833}}