{"part_id": "1-6-6-6-14-23", "timings_sec": {"read_step": 0.007873799884691834, "enumerate_faces": 4.509999416768551e-05, "build_adjacency": 0.0003574998117983341, "extract_features": 0.001196300145238638, "map_labels": 0.00030620000325143337, "sanity_checks": 0.00017149979248642921, "total": 0.009950399631634355}}