{"part_id": "1-6-10-11-11-23", "timings_sec": {"read_step": 0.015661099925637245, "enumerate_faces": 4.20999713242054e-05, "build_adjacency": 0.00044480012729763985, "extract_features": 0.0014618998393416405, "map_labels": 0.0002601000014692545, "sanity_checks": 0.00018960004672408104, "total": 0.018059599911794066}}