{"part_id": "1-6-10-14-14-23", "timings_sec": {"read_step": 0.009892900008708239, "enumerate_faces": 4.5999884605407715e-05, "build_adjacency": 0.0004973001778125763, "extract_features": 0.00174509990029037, "map_labels": 0.00023550004698336124, "sanity_checks": 0.00013759988360106945, "total": 0.012554399902001023}}