{"part_id": "1-6-6-7-9-23", "timings_sec": {"read_step": 0.006742099998518825, "enumerate_faces": 3.520003519952297e-05, "build_adjacency": 0.00024150009267032146, "extract_features": 0.0008473999332636595, "map_labels": 0.00023850006982684135, "sanity_checks": 0.0001105000264942646, "total": 0.008215200155973434}}