{"part_id": "1-6-6-10-12-23", "timings_sec": {"read_step": 0.033147400012239814, "enumerate_faces": 5.250005051493645e-05, "build_adjacency": 0.00046319980174303055, "extract_features": 0.0038773000705987215, "map_labels": 0.0003659999929368496, "sanity_checks": 0.0003087001387029886, "total": 0.03821510006673634}}