{"part_id": "1-6-11-11-19", "timings_sec": {"read_step": 0.010476900031790137, "enumerate_faces": 3.320001997053623e-05, "build_adjacency": 0.00032190000638365746, "extract_features": 0.0011863000690937042, "map_labels": 0.0002266999799758196, "sanity_checks": 0.00016220007091760635, "total": 0.012407200178131461}}