{"part_id": "1-6-9-10-13-23", "timings_sec": {"read_step": 0.008269699988886714, "enumerate_faces": 3.0099879950284958e-05, "build_adjacency": 0.0002815001644194126, "extract_features": 0.0010506999678909779, "map_labels": 0.00022289995104074478, "sanity_checks": 0.00013779988512396812, "total": 0.009992699837312102}}