{"part_id": "1-6-6-10-10-23", "timings_sec": {"read_step": 0.00974340015091002, "enumerate_faces": 4.3800100684165955e-05, "build_adjacency": 0.00037969998084008694, "extract_features": 0.0014414000324904919, "map_labels": 0.0003353999927639961, "sanity_checks": 0.00014219991862773895, "total": 0.0120859001763165}}