{"part_id": "1-6-11-12-14-23", "timings_sec": {"read_step": 0.014606200158596039, "enumerate_faces": 4.540011286735535e-05, "build_adjacency": 0.0004817000590264797, "extract_features": 0.001520899822935462, "map_labels": 0.0002516000531613827, "sanity_checks": 0.00015740003436803818, "total": 0.017063200240954757}}