{"part_id": "1-6-14-14-19", "timings_sec": {"read_step": 0.010577700100839138, "enumerate_faces": 4.579988308250904e-05, "build_adjacency": 0.00041820015758275986, "extract_features": 0.0015336999204009771, "map_labels": 0.00033660000190138817, "sanity_checks": 0.00019910000264644623, "total": 0.013111100066453218}}