{"part_id": "1-6-8-8-12-23", "timings_sec": {"read_step": 0.007820900063961744, "enumerate_faces": 3.3499905839562416e-05, "build_adjacency": 0.0002965000458061695, "extract_features": 0.0009351000189781189, "map_labels": 0.00019529997371137142, "sanity_checks": 0.00011829985305666924, "total": 0.009399599861353636}}