{"part_id": "1-6-8-8-11-23", "timings_sec": {"read_step": 0.008779100142419338, "enumerate_faces": 3.3800024539232254e-05, "build_adjacency": 0.0003100000321865082, "extract_features": 0.0010736999101936817, "map_labels": 0.0002570999786257744, "sanity_checks": 0.00014919997192919254, "total": 0.010602900059893727}}