{"part_id": "1-6-7-10-12-23", "timings_sec": {"read_step": 0.01078310003504157, "enumerate_faces": 3.909994848072529e-05, "build_adjacency": 0.0003263000398874283, "extract_features": 0.0011801000218838453, "map_labels": 0.00025029992684721947, "sanity_checks": 0.0001466998364776373, "total": 0.012725599808618426}}