{"part_id": "1-6-10-11-12-23", "timings_sec": {"read_step": 0.012070999946445227, "enumerate_faces": 4.4899992644786835e-05, "build_adjacency": 0.0003912998363375664, "extract_features": 0.0013200000394135714, "map_labels": 0.00025020004250109196, "sanity_checks": 0.00016840011812746525, "total": 0.014245799975469708}}