{"part_id": "1-6-7-7-10-23", "timings_sec": {"read_step": 0.015252799959853292, "enumerate_faces": 4.5800115913152695e-05, "build_adjacency": 0.0004986000712960958, "extract_features": 0.0019046999514102936, "map_labels": 0.0004058999475091696, "sanity_checks": 0.00024079997092485428, "total": 0.018348600016906857}}