{"part_id": "1-6-6-8-13-23", "timings_sec": {"read_step": 0.007943499833345413, "enumerate_faces": 3.320001997053623e-05, "build_adjacency": 0.00021859980188310146, "extract_features": 0.0009722001850605011, "map_labels": 0.00025949999690055847, "sanity_checks": 0.00011179991997778416, "total": 0.009538799757137895}}