{"part_id": "1-6-6-11-19", "timings_sec": {"read_step": 0.009906999999657273, "enumerate_faces": 3.460003063082695e-05, "build_adjacency": 0.0002748998813331127, "extract_features": 0.0010249000042676926, "map_labels": 0.00023850006982684135, "sanity_checks": 0.0001821999903768301, "total": 0.011662099976092577}}