{"part_id": "1-6-8-10-13-23", "timings_sec": {"read_step": 0.008238499984145164, "enumerate_faces": 3.690016455948353e-05, "build_adjacency": 0.00040239980444312096, "extract_features": 0.001002900069579482, "map_labels": 0.00022320006974041462, "sanity_checks": 0.00012660003267228603, "total": 0.010030500125139952}}