{"part_id": "1-6-7-10-14-23", "timings_sec": {"read_step": 0.010035800049081445, "enumerate_faces": 3.619980998337269e-05, "build_adjacency": 0.0003510999958962202, "extract_features": 0.0011171998921781778, "map_labels": 0.0002578999847173691, "sanity_checks": 0.00014389981515705585, "total": 0.01194209954701364}}