{"part_id": "1-6-8-11-14-23", "timings_sec": {"read_step": 0.00973109994083643, "enumerate_faces": 4.029995761811733e-05, "build_adjacency": 0.0002761001233011484, "extract_features": 0.0012809999752789736, "map_labels": 0.00024729990400373936, "sanity_checks": 0.00020489981397986412, "total": 0.011780699715018272}}