{"part_id": "1-6-6-6-13-23", "timings_sec": {"read_step": 0.008471200009807944, "enumerate_faces": 4.1899969801306725e-05, "build_adjacency": 0.00035009998828172684, "extract_features": 0.0010853998828679323, "map_labels": 0.0002337999176234007, "sanity_checks": 0.00011879997327923775, "total": 0.010301199741661549}}