{"part_id": "1-6-6-10-14-23", "timings_sec": {"read_step": 0.008446299936622381, "enumerate_faces": 6.649992428719997e-05, "build_adjacency": 0.0004406000953167677, "extract_features": 0.0014731998089700937, "map_labels": 0.00030269986018538475, "sanity_checks": 0.0002172999083995819, "total": 0.01094659953378141}}