{"part_id": "1-6-6-13-19", "timings_sec": {"read_step": 0.006836000131443143, "enumerate_faces": 3.269989974796772e-05, "build_adjacency": 0.00021120021119713783, "extract_features": 0.000984900165349245, "map_labels": 0.00023030000738799572, "sanity_checks": 0.00010240008123219013, "total": 0.00839750049635768}}