{"part_id": "1-6-11-11-14-23", "timings_sec": {"read_step": 0.0129978999029845, "enumerate_faces": 3.7499936297535896e-05, "build_adjacency": 0.0003645999822765589, "extract_features": 0.0016183999832719564, "map_labels": 0.0003146000672131777, "sanity_checks": 0.00027859979309141636, "total": 0.015611599665135145}}