{"part_id": "1-6-8-9-11-23", "timings_sec": {"read_step": 0.009090700186789036, "enumerate_faces": 2.9100105166435242e-05, "build_adjacency": 0.00029939995147287846, "extract_features": 0.0012027998454868793, "map_labels": 0.00021909992210566998, "sanity_checks": 0.00015190010890364647, "total": 0.010993000119924545}}