{"part_id": "1-6-7-11-19", "timings_sec": {"read_step": 0.009180499939247966, "enumerate_faces": 4.659988917410374e-05, "build_adjacency": 0.000287200091406703, "extract_features": 0.0011744999792426825, "map_labels": 0.00023259990848600864, "sanity_checks": 0.00015610014088451862, "total": 0.011077499948441982}}