{"part_id": "1-6-8-10-12-23", "timings_sec": {"read_step": 0.00918890000320971, "enumerate_faces": 3.0399998649954796e-05, "build_adjacency": 0.0002943000290542841, "extract_features": 0.001060799928382039, "map_labels": 0.00020579993724822998, "sanity_checks": 0.00013939989730715752, "total": 0.010919599793851376}}