{"part_id": "1-7-12-12-14-23", "timings_sec": {"read_step": 0.009633000008761883, "enumerate_faces": 3.120000474154949e-05, "build_adjacency": 0.0003207998815923929, "extract_features": 0.00127730006352067, "map_labels": 0.00021540001034736633, "sanity_checks": 0.00014260015450417995, "total": 0.011620300123468041}}