{"part_id": "1-7-7-11-11-23", "timings_sec": {"read_step": 0.011180599918588996, "enumerate_faces": 2.759997732937336e-05, "build_adjacency": 0.0005246000364422798, "extract_features": 0.0017043000552803278, "map_labels": 0.00022350018844008446, "sanity_checks": 0.00025819987058639526, "total": 0.013918800046667457}}