{"part_id": "1-7-9-12-19", "timings_sec": {"read_step": 0.007870899979025126, "enumerate_faces": 2.9999995604157448e-05, "build_adjacency": 0.00025679985992610455, "extract_features": 0.0009484998881816864, "map_labels": 0.0002117999829351902, "sanity_checks": 0.00012520002201199532, "total": 0.00944319972768426}}