{"part_id": "1-7-8-11-19", "timings_sec": {"read_step": 0.008596600033342838, "enumerate_faces": 3.210012800991535e-05, "build_adjacency": 0.00031240005046129227, "extract_features": 0.0010089001152664423, "map_labels": 0.00021600001491606236, "sanity_checks": 0.00013770000077784061, "total": 0.010303700342774391}}