{"part_id": "1-7-12-12-12-23", "timings_sec": {"read_step": 0.009828800102695823, "enumerate_faces": 3.1400006264448166e-05, "build_adjacency": 0.0003342998679727316, "extract_features": 0.0011842998210340738, "map_labels": 0.00022649997845292091, "sanity_checks": 0.00015380000695586205, "total": 0.01175909978337586}}