{"part_id": "1-7-10-10-12-23", "timings_sec": {"read_step": 0.00992120010778308, "enumerate_faces": 3.290013410151005e-05, "build_adjacency": 0.00033359997905790806, "extract_features": 0.001232100185006857, "map_labels": 0.00024119997397065163, "sanity_checks": 0.0001650999765843153, "total": 0.011926100356504321}}