{"part_id": "1-7-8-14-14-23", "timings_sec": {"read_step": 0.00833550002425909, "enumerate_faces": 2.650008536875248e-05, "build_adjacency": 0.00027219997718930244, "extract_features": 0.001123199937865138, "map_labels": 0.0001884999219328165, "sanity_checks": 0.00012860004790127277, "total": 0.010074499994516373}}