{"part_id": "1-7-9-11-13-23", "timings_sec": {"read_step": 0.011998299974948168, "enumerate_faces": 4.219985567033291e-05, "build_adjacency": 0.0005546000320464373, "extract_features": 0.001955500105395913, "map_labels": 0.0002812000457197428, "sanity_checks": 0.00028609996661543846, "total": 0.015117899980396032}}