{"part_id": "1-7-7-7-10-23", "timings_sec": {"read_step": 0.009414499858394265, "enumerate_faces": 3.0099879950284958e-05, "build_adjacency": 0.0004118999931961298, "extract_features": 0.0013296999968588352, "map_labels": 0.00023279991000890732, "sanity_checks": 0.0001425000373274088, "total": 0.011561499675735831}}