{"part_id": "1-7-9-12-14-23", "timings_sec": {"read_step": 0.008974800119176507, "enumerate_faces": 3.8899946957826614e-05, "build_adjacency": 0.00030189985409379005, "extract_features": 0.001093599945306778, "map_labels": 0.00022569997236132622, "sanity_checks": 0.00014159991405904293, "total": 0.01077649975195527}}