{"part_id": "1-7-7-7-14-23", "timings_sec": {"read_step": 0.007533100200816989, "enumerate_faces": 2.940022386610508e-05, "build_adjacency": 0.00024969992227852345, "extract_features": 0.0009316999930888414, "map_labels": 0.0002935999073088169, "sanity_checks": 0.00013100006617605686, "total": 0.009168500313535333}}