{"part_id": "1-7-11-14-14-23", "timings_sec": {"read_step": 0.009876800002530217, "enumerate_faces": 2.8999987989664078e-05, "build_adjacency": 0.00032899994403123856, "extract_features": 0.0012656999751925468, "map_labels": 0.00027030007913708687, "sanity_checks": 0.00015230011194944382, "total": 0.011923100100830197}}