{"part_id": "1-7-8-8-10-23", "timings_sec": {"read_step": 0.008240800118073821, "enumerate_faces": 2.5799963623285294e-05, "build_adjacency": 0.00026539992541074753, "extract_features": 0.001002199947834015, "map_labels": 0.00019519985653460026, "sanity_checks": 0.00013400008901953697, "total": 0.009863399900496006}}