{"part_id": "1-7-7-14-19", "timings_sec": {"read_step": 0.007308699889108539, "enumerate_faces": 2.3300061002373695e-05, "build_adjacency": 0.0002400998491793871, "extract_features": 0.0008664000779390335, "map_labels": 0.0001829001121222973, "sanity_checks": 0.00011179991997778416, "total": 0.008733199909329414}}