{"part_id": "1-7-11-12-14-23", "timings_sec": {"read_step": 0.014791999943554401, "enumerate_faces": 3.610015846788883e-05, "build_adjacency": 0.0003454000689089298, "extract_features": 0.0017919999081641436, "map_labels": 0.00026510003954172134, "sanity_checks": 0.00016780011355876923, "total": 0.017398400232195854}}