{"part_id": "1-7-8-12-13-23", "timings_sec": {"read_step": 0.008151399902999401, "enumerate_faces": 2.6300083845853806e-05, "build_adjacency": 0.00027219997718930244, "extract_features": 0.0009882000740617514, "map_labels": 0.00019720010459423065, "sanity_checks": 0.00012509990483522415, "total": 0.009760400047525764}}