{"part_id": "1-7-8-8-14-23", "timings_sec": {"read_step": 0.0073049000930041075, "enumerate_faces": 2.1399930119514465e-05, "build_adjacency": 0.00024010008201003075, "extract_features": 0.0009252000600099564, "map_labels": 0.0001759000588208437, "sanity_checks": 0.00011589983478188515, "total": 0.008783400058746338}}