{"part_id": "1-7-10-14-14-23", "timings_sec": {"read_step": 0.009183899965137243, "enumerate_faces": 3.1899893656373024e-05, "build_adjacency": 0.00031209993176162243, "extract_features": 0.001332300016656518, "map_labels": 0.00022380007430911064, "sanity_checks": 0.0001447000540792942, "total": 0.011228699935600162}}