{"part_id": "1-7-8-10-13-23", "timings_sec": {"read_step": 0.008514199871569872, "enumerate_faces": 2.8199981898069382e-05, "build_adjacency": 0.00027680001221597195, "extract_features": 0.0010169998276978731, "map_labels": 0.00020510004833340645, "sanity_checks": 0.00014169979840517044, "total": 0.010182999540120363}}