{"part_id": "1-7-7-10-10-23", "timings_sec": {"read_step": 0.00940199987962842, "enumerate_faces": 3.310013562440872e-05, "build_adjacency": 0.0003162999637424946, "extract_features": 0.0011845999397337437, "map_labels": 0.0002250999677926302, "sanity_checks": 0.0002695999573916197, "total": 0.011430699843913317}}