{"part_id": "1-7-7-10-11-23", "timings_sec": {"read_step": 0.010369699914008379, "enumerate_faces": 3.329990431666374e-05, "build_adjacency": 0.0003478000871837139, "extract_features": 0.0014021999668329954, "map_labels": 0.00021789991296827793, "sanity_checks": 0.00017019989900290966, "total": 0.01254109968431294}}