{"part_id": "1-7-10-10-13-23", "timings_sec": {"read_step": 0.009257000172510743, "enumerate_faces": 4.220008850097656e-05, "build_adjacency": 0.00031429994851350784, "extract_features": 0.0011593999806791544, "map_labels": 0.0002289998810738325, "sanity_checks": 0.000148099847137928, "total": 0.011149999918416142}}