{"part_id": "1-7-7-9-9-23", "timings_sec": {"read_step": 0.008926699869334698, "enumerate_faces": 3.200001083314419e-05, "build_adjacency": 0.0003029999788850546, "extract_features": 0.0010817998554557562, "map_labels": 0.0002226000651717186, "sanity_checks": 0.00014410004951059818, "total": 0.01071019982919097}}