{"part_id": "1-7-7-9-14-23", "timings_sec": {"read_step": 0.009625299833714962, "enumerate_faces": 3.410014323890209e-05, "build_adjacency": 0.0002902001142501831, "extract_features": 0.0010877999011427164, "map_labels": 0.00023719994351267815, "sanity_checks": 0.00013890000991523266, "total": 0.011413499945774674}}