{"part_id": "1-7-7-8-12-23", "timings_sec": {"read_step": 0.011489399941638112, "enumerate_faces": 3.700004890561104e-05, "build_adjacency": 0.00039199995808303356, "extract_features": 0.0011831000447273254, "map_labels": 0.0002212999388575554, "sanity_checks": 0.00013589998707175255, "total": 0.01345869991928339}}