{"part_id": "1-7-14-14-14-23", "timings_sec": {"read_step": 0.010797900147736073, "enumerate_faces": 4.200008697807789e-05, "build_adjacency": 0.0003891000524163246, "extract_features": 0.0011422999668866396, "map_labels": 0.000228899996727705, "sanity_checks": 0.00013439985923469067, "total": 0.01273460010997951}}