{"part_id": "1-7-12-12-13-23", "timings_sec": {"read_step": 0.00922180013731122, "enumerate_faces": 3.400002606213093e-05, "build_adjacency": 0.0003082999028265476, "extract_features": 0.001193600008264184, "map_labels": 0.00023370003327727318, "sanity_checks": 0.00015030009672045708, "total": 0.011141700204461813}}