{"part_id": "1-7-7-13-14-23", "timings_sec": {"read_step": 0.008944100001826882, "enumerate_faces": 3.5899924114346504e-05, "build_adjacency": 0.000287399860098958, "extract_features": 0.001021499978378415, "map_labels": 0.0002272999845445156, "sanity_checks": 0.0001254999078810215, "total": 0.010641699656844139}}