{"part_id": "1-7-11-11-11-23", "timings_sec": {"read_step": 0.012288300087675452, "enumerate_faces": 4.2499974370002747e-05, "build_adjacency": 0.0006843002047389746, "extract_features": 0.0017939000390470028, "map_labels": 0.00023119989782571793, "sanity_checks": 0.0002047000452876091, "total": 0.01524490024894476}}