{"part_id": "1-7-7-8-13-23", "timings_sec": {"read_step": 0.008420300204306841, "enumerate_faces": 3.120000474154949e-05, "build_adjacency": 0.0002657999284565449, "extract_features": 0.0009357999078929424, "map_labels": 0.00022220006212592125, "sanity_checks": 0.00012030010111629963, "total": 0.009995600208640099}}