{"part_id": "1-7-11-12-13-23", "timings_sec": {"read_step": 0.011381899937987328, "enumerate_faces": 3.920006565749645e-05, "build_adjacency": 0.00036780000664293766, "extract_features": 0.001442600041627884, "map_labels": 0.00023739994503557682, "sanity_checks": 0.00016590021550655365, "total": 0.013634800212457776}}