{"part_id": "1-7-9-9-14-23", "timings_sec": {"read_step": 0.008745200000703335, "enumerate_faces": 2.66998540610075e-05, "build_adjacency": 0.0002902999985963106, "extract_features": 0.0010491001885384321, "map_labels": 0.00019960012286901474, "sanity_checks": 0.00013899989426136017, "total": 0.01044990005902946}}