{"part_id": "1-7-11-13-19", "timings_sec": {"read_step": 0.008115600096061826, "enumerate_faces": 2.640020102262497e-05, "build_adjacency": 0.0002674998249858618, "extract_features": 0.0012008999474346638, "map_labels": 0.00021690013818442822, "sanity_checks": 0.00013109995052218437, "total": 0.009958400158211589}}