{"part_id": "1-7-9-11-14-23", "timings_sec": {"read_step": 0.010893699945881963, "enumerate_faces": 2.9999995604157448e-05, "build_adjacency": 0.00033139996230602264, "extract_features": 0.0012557001318782568, "map_labels": 0.00021989992819726467, "sanity_checks": 0.00015920004807412624, "total": 0.01288990001194179}}