{"part_id": "1-7-9-10-10-23", "timings_sec": {"read_step": 0.009970299899578094, "enumerate_faces": 2.859998494386673e-05, "build_adjacency": 0.00031969998963177204, "extract_features": 0.0012181000784039497, "map_labels": 0.00021860003471374512, "sanity_checks": 0.000161399831995368, "total": 0.011916699819266796}}