{"part_id": "1-7-12-13-14-23", "timings_sec": {"read_step": 0.009884899947792292, "enumerate_faces": 3.329990431666374e-05, "build_adjacency": 0.0003098000306636095, "extract_features": 0.001053099986165762, "map_labels": 0.00022140005603432655, "sanity_checks": 0.00013999990187585354, "total": 0.011642499826848507}}