{"part_id": "1-7-10-11-12-23", "timings_sec": {"read_step": 0.010411999886855483, "enumerate_faces": 2.7399975806474686e-05, "build_adjacency": 0.00034619984216988087, "extract_features": 0.0013060998171567917, "map_labels": 0.0001993998885154724, "sanity_checks": 0.0001696001272648573, "total": 0.01246069953776896}}