{"part_id": "1-7-8-10-12-23", "timings_sec": {"read_step": 0.008927799994125962, "enumerate_faces": 2.6900088414549828e-05, "build_adjacency": 0.0003016002010554075, "extract_features": 0.0012838998809456825, "map_labels": 0.00019829999655485153, "sanity_checks": 0.00013930001296103, "total": 0.010877800174057484}}