{"part_id": "1-7-13-13-13-23", "timings_sec": {"read_step": 0.0074968000408262014, "enumerate_faces": 2.8300099074840546e-05, "build_adjacency": 0.0002578999847173691, "extract_features": 0.0009351999033242464, "map_labels": 0.0002060001716017723, "sanity_checks": 0.00011519994586706161, "total": 0.009039400145411491}}