{"part_id": "1-7-7-7-12-23", "timings_sec": {"read_step": 0.008934699930250645, "enumerate_faces": 6.0300109907984734e-05, "build_adjacency": 0.0004149000160396099, "extract_features": 0.0012548998929560184, "map_labels": 0.0002212999388575554, "sanity_checks": 0.00013529998250305653, "total": 0.01102139987051487}}