{"part_id": "1-7-9-10-12-23", "timings_sec": {"read_step": 0.009936399990692735, "enumerate_faces": 3.400002606213093e-05, "build_adjacency": 0.0003301000688225031, "extract_features": 0.0012245001271367073, "map_labels": 0.00022580008953809738, "sanity_checks": 0.0001664001028984785, "total": 0.011917200405150652}}