{"part_id": "1-7-9-9-12-23", "timings_sec": {"read_step": 0.009272599825635552, "enumerate_faces": 3.3800024539232254e-05, "build_adjacency": 0.00030780001543462276, "extract_features": 0.0012839999981224537, "map_labels": 0.00022500008344650269, "sanity_checks": 0.0001468001864850521, "total": 0.011270000133663416}}