{"part_id": "1-7-14-19", "timings_sec": {"read_step": 0.006292399950325489, "enumerate_faces": 3.210012800991535e-05, "build_adjacency": 0.0002250999677926302, "extract_features": 0.0008701998740434647, "map_labels": 0.00021379999816417694, "sanity_checks": 9.980006143450737e-05, "total": 0.0077333999797701836}}