{"part_id": "1-7-9-10-13-23", "timings_sec": {"read_step": 0.008887399919331074, "enumerate_faces": 3.060000017285347e-05, "build_adjacency": 0.0004344999324530363, "extract_features": 0.001107499934732914, "map_labels": 0.00022089993581175804, "sanity_checks": 0.0001414001453667879, "total": 0.010822299867868423}}