{"part_id": "1-7-9-10-11-23", "timings_sec": {"read_step": 0.01041539991274476, "enumerate_faces": 2.9199989512562752e-05, "build_adjacency": 0.0003494999837130308, "extract_features": 0.0014453001786023378, "map_labels": 0.00020759995095431805, "sanity_checks": 0.00017019989900290966, "total": 0.01261719991452992}}