{"part_id": "1-7-7-11-14-23", "timings_sec": {"read_step": 0.01005000015720725, "enumerate_faces": 2.8899870812892914e-05, "build_adjacency": 0.0003285999409854412, "extract_features": 0.0012135999277234077, "map_labels": 0.00020779995247721672, "sanity_checks": 0.00015270011499524117, "total": 0.01198159996420145}}