{"part_id": "1-7-7-14-14-23", "timings_sec": {"read_step": 0.00930300005711615, "enumerate_faces": 3.120000474154949e-05, "build_adjacency": 0.0003787002060562372, "extract_features": 0.0011675998102873564, "map_labels": 0.0002242999617010355, "sanity_checks": 0.0001292999368160963, "total": 0.011234099976718426}}