{"part_id": "1-7-12-13-19", "timings_sec": {"read_step": 0.008967699948698282, "enumerate_faces": 3.410014323890209e-05, "build_adjacency": 0.00025299983099102974, "extract_features": 0.0009036001283675432, "map_labels": 0.00022449996322393417, "sanity_checks": 0.00011660018935799599, "total": 0.010499500203877687}}