{"part_id": "1-7-9-10-14-23", "timings_sec": {"read_step": 0.009399200091138482, "enumerate_faces": 3.0700117349624634e-05, "build_adjacency": 0.00030419998802244663, "extract_features": 0.0013367000501602888, "map_labels": 0.00022659986279904842, "sanity_checks": 0.00015230011194944382, "total": 0.011449700221419334}}