{"part_id": "1-7-8-9-11-23", "timings_sec": {"read_step": 0.009463499998673797, "enumerate_faces": 2.9099872335791588e-05, "build_adjacency": 0.00031869998201727867, "extract_features": 0.001178600126877427, "map_labels": 0.00026650005020201206, "sanity_checks": 0.00015440001152455807, "total": 0.011410800041630864}}