{"part_id": "1-7-7-13-19", "timings_sec": {"read_step": 0.007079900009557605, "enumerate_faces": 3.050011582672596e-05, "build_adjacency": 0.000250800047069788, "extract_features": 0.0008864998817443848, "map_labels": 0.00026480015367269516, "sanity_checks": 0.00011030002497136593, "total": 0.008622800232842565}}