{"part_id": "1-7-8-11-11-23", "timings_sec": {"read_step": 0.010535500012338161, "enumerate_faces": 3.0399998649954796e-05, "build_adjacency": 0.00035460013896226883, "extract_features": 0.0015384999569505453, "map_labels": 0.000278000021353364, "sanity_checks": 0.00017070001922547817, "total": 0.012907700147479773}}