{"part_id": "1-7-10-13-13-23", "timings_sec": {"read_step": 0.008828300051391125, "enumerate_faces": 3.20998951792717e-05, "build_adjacency": 0.00028069992549717426, "extract_features": 0.0010674998629838228, "map_labels": 0.00023699994198977947, "sanity_checks": 0.0001316999550908804, "total": 0.010577299632132053}}