{"part_id": "1-7-10-11-11-23", "timings_sec": {"read_step": 0.010928699979558587, "enumerate_faces": 2.310005947947502e-05, "build_adjacency": 0.0003690000157803297, "extract_features": 0.0014147998299449682, "map_labels": 0.00018620002083480358, "sanity_checks": 0.00018850015476346016, "total": 0.013110300060361624}}