{"part_id": "1-7-9-13-19", "timings_sec": {"read_step": 0.006925499998033047, "enumerate_faces": 2.8099864721298218e-05, "build_adjacency": 0.00023530004546046257, "extract_features": 0.0008634999394416809, "map_labels": 0.00019839988090097904, "sanity_checks": 0.00011280016042292118, "total": 0.008363599888980389}}