{"part_id": "1-7-7-8-10-23", "timings_sec": {"read_step": 0.008573200087994337, "enumerate_faces": 2.7900096029043198e-05, "build_adjacency": 0.0002862000837922096, "extract_features": 0.0011883999686688185, "map_labels": 0.00020410004071891308, "sanity_checks": 0.00013620010577142239, "total": 0.010416000382974744}}