{"part_id": "1-8-12-12-14-23", "timings_sec": {"read_step": 0.012767399894073606, "enumerate_faces": 3.390014171600342e-05, "build_adjacency": 0.00031669996678829193, "extract_features": 0.0011654000263661146, "map_labels": 0.00028529996052384377, "sanity_checks": 0.0002523998264223337, "total": 0.014821099815890193}}