{"part_id": "1-8-9-19", "timings_sec": {"read_step": 0.005772600183263421, "enumerate_faces": 2.2200169041752815e-05, "build_adjacency": 0.00019020005129277706, "extract_features": 0.0006876001134514809, "map_labels": 0.00018820003606379032, "sanity_checks": 0.00010160007514059544, "total": 0.0069624006282538176}}