{"part_id": "1-8-10-12-19", "timings_sec": {"read_step": 0.007674700114876032, "enumerate_faces": 2.9700109735131264e-05, "build_adjacency": 0.00026599992997944355, "extract_features": 0.0009755000937730074, "map_labels": 0.00021619978360831738, "sanity_checks": 0.0001295998226851225, "total": 0.009291699854657054}}