{"part_id": "1-8-11-11-19", "timings_sec": {"read_step": 0.009561500046402216, "enumerate_faces": 3.060000017285347e-05, "build_adjacency": 0.00038180011324584484, "extract_features": 0.001179700018838048, "map_labels": 0.00024310010485351086, "sanity_checks": 0.00021819979883730412, "total": 0.011614900082349777}}