{"part_id": "1-8-9-9-10-23", "timings_sec": {"read_step": 0.009513499913737178, "enumerate_faces": 2.71000899374485e-05, "build_adjacency": 0.0002927000168710947, "extract_features": 0.001165200024843216, "map_labels": 0.0002212999388575554, "sanity_checks": 0.00014450005255639553, "total": 0.011364300036802888}}