{"part_id": "1-8-14-14-19", "timings_sec": {"read_step": 0.006855699932202697, "enumerate_faces": 2.759997732937336e-05, "build_adjacency": 0.00023690005764365196, "extract_features": 0.0009477999992668629, "map_labels": 0.00021840003319084644, "sanity_checks": 0.0001096001360565424, "total": 0.008396000135689974}}