{"part_id": "1-8-9-10-12-23", "timings_sec": {"read_step": 0.00888240011408925, "enumerate_faces": 2.5700079277157784e-05, "build_adjacency": 0.00030620000325143337, "extract_features": 0.0016724998131394386, "map_labels": 0.0002422998659312725, "sanity_checks": 0.0001534000039100647, "total": 0.011282499879598618}}