{"part_id": "1-8-8-10-14-23", "timings_sec": {"read_step": 0.00811040005646646, "enumerate_faces": 2.5799963623285294e-05, "build_adjacency": 0.00026839994825422764, "extract_features": 0.0010361999738961458, "map_labels": 0.00020190002396702766, "sanity_checks": 0.00012880004942417145, "total": 0.009771500015631318}}