{"part_id": "1-8-10-11-12-23", "timings_sec": {"read_step": 0.010194099973887205, "enumerate_faces": 3.110012039542198e-05, "build_adjacency": 0.00033829989843070507, "extract_features": 0.0012592999264597893, "map_labels": 0.00020210002548992634, "sanity_checks": 0.00015780003741383553, "total": 0.012182699982076883}}