{"part_id": "1-8-12-14-19", "timings_sec": {"read_step": 0.0074934998992830515, "enumerate_faces": 2.6399968191981316e-05, "build_adjacency": 0.00024560000747442245, "extract_features": 0.0008960000704973936, "map_labels": 0.0002126998733729124, "sanity_checks": 0.00011439993977546692, "total": 0.008988599758595228}}