{"part_id": "1-8-9-12-13-23", "timings_sec": {"read_step": 0.008217699825763702, "enumerate_faces": 2.610008232295513e-05, "build_adjacency": 0.00027089985087513924, "extract_features": 0.0010017999447882175, "map_labels": 0.00020130001939833164, "sanity_checks": 0.00012949993833899498, "total": 0.009847299661487341}}