{"part_id": "1-8-12-13-13-23", "timings_sec": {"read_step": 0.008362799882888794, "enumerate_faces": 3.42000275850296e-05, "build_adjacency": 0.0002766998950392008, "extract_features": 0.0009674001485109329, "map_labels": 0.0002478999085724354, "sanity_checks": 0.00019020005129277706, "total": 0.01007919991388917}}