{"part_id": "1-8-8-11-14-23", "timings_sec": {"read_step": 0.008983700070530176, "enumerate_faces": 2.750009298324585e-05, "build_adjacency": 0.0002981999423354864, "extract_features": 0.0012459000572562218, "map_labels": 0.00019779987633228302, "sanity_checks": 0.00017770007252693176, "total": 0.010930800111964345}}