{"part_id": "1-8-8-10-19", "timings_sec": {"read_step": 0.006941900122910738, "enumerate_faces": 2.9200222343206406e-05, "build_adjacency": 0.00024500000290572643, "extract_features": 0.0008780001662671566, "map_labels": 0.00020829983986914158, "sanity_checks": 0.0001146998256444931, "total": 0.008417100179940462}}