{"part_id": "1-8-8-9-14-23", "timings_sec": {"read_step": 0.009109399979934096, "enumerate_faces": 4.1800085455179214e-05, "build_adjacency": 0.00040510017424821854, "extract_features": 0.0015886998735368252, "map_labels": 0.00025889999233186245, "sanity_checks": 0.00020210002548992634, "total": 0.011606000130996108}}