{"part_id": "1-8-8-9-13-23", "timings_sec": {"read_step": 0.010512800188735127, "enumerate_faces": 2.8799986466765404e-05, "build_adjacency": 0.00024720001965761185, "extract_features": 0.001121999928727746, "map_labels": 0.00021600001491606236, "sanity_checks": 0.00012019998393952847, "total": 0.012247000122442842}}