{"part_id": "1-8-8-13-13-23", "timings_sec": {"read_step": 0.006818599998950958, "enumerate_faces": 2.950010821223259e-05, "build_adjacency": 0.00031180004589259624, "extract_features": 0.0008386000990867615, "map_labels": 0.000184300122782588, "sanity_checks": 0.00010639987885951996, "total": 0.008289200253784657}}