{"part_id": "1-8-13-13-13-23", "timings_sec": {"read_step": 0.007183399982750416, "enumerate_faces": 2.7999980375170708e-05, "build_adjacency": 0.00024569989182054996, "extract_features": 0.0008523999713361263, "map_labels": 0.00020779995247721672, "sanity_checks": 0.00010860012844204903, "total": 0.008625899907201529}}