{"part_id": "1-8-10-10-12-23", "timings_sec": {"read_step": 0.009005599888041615, "enumerate_faces": 2.310005947947502e-05, "build_adjacency": 0.0003083001356571913, "extract_features": 0.001168699935078621, "map_labels": 0.000197600107640028, "sanity_checks": 0.00014759995974600315, "total": 0.010850900085642934}}