{"part_id": "1-8-11-12-14-23", "timings_sec": {"read_step": 0.009763099951669574, "enumerate_faces": 2.6799971237778664e-05, "build_adjacency": 0.0003342998679727316, "extract_features": 0.0014047001022845507, "map_labels": 0.00020370003767311573, "sanity_checks": 0.00015110010281205177, "total": 0.011883700033649802}}