{"part_id": "1-8-10-10-19", "timings_sec": {"read_step": 0.007547999965026975, "enumerate_faces": 2.9999995604157448e-05, "build_adjacency": 0.0002617000136524439, "extract_features": 0.0011476001236587763, "map_labels": 0.00024940003640949726, "sanity_checks": 0.00023539992980659008, "total": 0.00947210006415844}}