{"part_id": "1-8-8-8-14-23", "timings_sec": {"read_step": 0.007284699939191341, "enumerate_faces": 2.719997428357601e-05, "build_adjacency": 0.00024780002422630787, "extract_features": 0.0009005998726934195, "map_labels": 0.0002093999646604061, "sanity_checks": 0.00018119998276233673, "total": 0.008850899757817388}}