{"part_id": "1-8-8-10-12-23", "timings_sec": {"read_step": 0.008975000120699406, "enumerate_faces": 3.520003519952297e-05, "build_adjacency": 0.0002957000397145748, "extract_features": 0.00106819998472929, "map_labels": 0.00022329995408654213, "sanity_checks": 0.00013759988360106945, "total": 0.010735000018030405}}