{"part_id": "1-8-8-8-13-23", "timings_sec": {"read_step": 0.006476399954408407, "enumerate_faces": 2.1600164473056793e-05, "build_adjacency": 0.00022460008040070534, "extract_features": 0.0008164001628756523, "map_labels": 0.00017390004359185696, "sanity_checks": 0.00013020006008446217, "total": 0.00784310046583414}}