{"part_id": "1-8-8-10-10-23", "timings_sec": {"read_step": 0.008621999993920326, "enumerate_faces": 3.269989974796772e-05, "build_adjacency": 0.0002943000290542841, "extract_features": 0.0012712001334875822, "map_labels": 0.00021609989926218987, "sanity_checks": 0.0001449999399483204, "total": 0.01058129989542067}}