{"part_id": "1-8-9-11-12-23", "timings_sec": {"read_step": 0.009789299918338656, "enumerate_faces": 2.7700094506144524e-05, "build_adjacency": 0.0003182000946253538, "extract_features": 0.0014533000066876411, "map_labels": 0.00021700002253055573, "sanity_checks": 0.00015860004350543022, "total": 0.011964100180193782}}