{"part_id": "1-8-10-10-13-23", "timings_sec": {"read_step": 0.008180099772289395, "enumerate_faces": 2.040015533566475e-05, "build_adjacency": 0.00027540000155568123, "extract_features": 0.0010355999693274498, "map_labels": 0.00017730006948113441, "sanity_checks": 0.0001360001042485237, "total": 0.00982480007223785}}