{"part_id": "1-8-8-13-19", "timings_sec": {"read_step": 0.006374200107529759, "enumerate_faces": 2.9499875381588936e-05, "build_adjacency": 0.00020549981854856014, "extract_features": 0.0007466999813914299, "map_labels": 0.00021370011381804943, "sanity_checks": 9.8800053820014e-05, "total": 0.007668399950489402}}