{"part_id": "1-8-10-12-12-23", "timings_sec": {"read_step": 0.009505599969998002, "enumerate_faces": 3.1300121918320656e-05, "build_adjacency": 0.0003190001007169485, "extract_features": 0.0014436999335885048, "map_labels": 0.00021600001491606236, "sanity_checks": 0.00014629983343183994, "total": 0.011661899974569678}}