{"part_id": "1-8-19", "timings_sec": {"read_step": 0.004459799965843558, "enumerate_faces": 2.0399922505021095e-05, "build_adjacency": 0.0001908999402076006, "extract_features": 0.0008553999941796064, "map_labels": 0.0002413000911474228, "sanity_checks": 0.00011829985305666924, "total": 0.0058860997669398785}}