{"part_id": "1-8-9-14-14-23", "timings_sec": {"read_step": 0.008287800010293722, "enumerate_faces": 2.510007470846176e-05, "build_adjacency": 0.00026679993607103825, "extract_features": 0.0009902999736368656, "map_labels": 0.00018969993107020855, "sanity_checks": 0.00012850016355514526, "total": 0.009888200089335442}}