{"part_id": "1-8-12-12-12-23", "timings_sec": {"read_step": 0.00939629995264113, "enumerate_faces": 2.969987690448761e-05, "build_adjacency": 0.0003223000094294548, "extract_features": 0.0011362999211996794, "map_labels": 0.0002147001214325428, "sanity_checks": 0.00014230003580451012, "total": 0.011241599917411804}}