{"part_id": "1-8-9-10-14-23", "timings_sec": {"read_step": 0.008714900119230151, "enumerate_faces": 3.1299889087677e-05, "build_adjacency": 0.0002921998966485262, "extract_features": 0.0011140999849885702, "map_labels": 0.00023990008048713207, "sanity_checks": 0.00023140013217926025, "total": 0.010623800102621317}}