{"part_id": "1-8-12-14-14-23", "timings_sec": {"read_step": 0.009628900093957782, "enumerate_faces": 3.050011582672596e-05, "build_adjacency": 0.00028789998032152653, "extract_features": 0.0010529998689889908, "map_labels": 0.00021370011381804943, "sanity_checks": 0.00015380000695586205, "total": 0.011367800179868937}}