{"part_id": "1-8-10-10-10-23", "timings_sec": {"read_step": 0.009534999961033463, "enumerate_faces": 3.050011582672596e-05, "build_adjacency": 0.00031880009919404984, "extract_features": 0.0011958000250160694, "map_labels": 0.00021959980949759483, "sanity_checks": 0.00015760003589093685, "total": 0.01145730004645884}}