{"part_id": "1-8-10-11-11-23", "timings_sec": {"read_step": 0.011653299909085035, "enumerate_faces": 3.469991497695446e-05, "build_adjacency": 0.00036940001882612705, "extract_features": 0.0018535999115556479, "map_labels": 0.0002305000089108944, "sanity_checks": 0.00017980020493268967, "total": 0.014321299968287349}}