{"part_id": "1-8-8-13-14-23", "timings_sec": {"read_step": 0.007249400019645691, "enumerate_faces": 3.0099879950284958e-05, "build_adjacency": 0.00025260006077587605, "extract_features": 0.0010338001884520054, "map_labels": 0.0002017999067902565, "sanity_checks": 0.00011450005695223808, "total": 0.008882200112566352}}