{"part_id": "1-8-8-12-12-23", "timings_sec": {"read_step": 0.00953099993057549, "enumerate_faces": 3.060000017285347e-05, "build_adjacency": 0.00028540007770061493, "extract_features": 0.0010291999205946922, "map_labels": 0.00021169986575841904, "sanity_checks": 0.00013049994595348835, "total": 0.011218399740755558}}