{"part_id": "1-8-9-13-19", "timings_sec": {"read_step": 0.006513500120490789, "enumerate_faces": 2.3399945348501205e-05, "build_adjacency": 0.00021039997227489948, "extract_features": 0.0009077000431716442, "map_labels": 0.00019110017456114292, "sanity_checks": 0.00010609999299049377, "total": 0.007952200248837471}}