{"part_id": "1-8-9-13-13-23", "timings_sec": {"read_step": 0.007549499860033393, "enumerate_faces": 2.9399991035461426e-05, "build_adjacency": 0.0002601000014692545, "extract_features": 0.0009465999901294708, "map_labels": 0.0002064998261630535, "sanity_checks": 0.00011940021067857742, "total": 0.00911149987950921}}