{"part_id": "1-8-8-11-12-23", "timings_sec": {"read_step": 0.009497800143435597, "enumerate_faces": 2.9799994081258774e-05, "build_adjacency": 0.00031209993176162243, "extract_features": 0.001152699813246727, "map_labels": 0.00023650005459785461, "sanity_checks": 0.00014690007083117962, "total": 0.01137580000795424}}