{"part_id": "1-9-9-10-11-23", "timings_sec": {"read_step": 0.010593699989840388, "enumerate_faces": 2.9199989512562752e-05, "build_adjacency": 0.0003378000110387802, "extract_features": 0.0013077999465167522, "map_labels": 0.0002164999023079872, "sanity_checks": 0.00017920020036399364, "total": 0.012664200039580464}}