{"part_id": "1-9-11-12-14-23", "timings_sec": {"read_step": 0.010238300077617168, "enumerate_faces": 3.309990279376507e-05, "build_adjacency": 0.0003472999669611454, "extract_features": 0.0012706001289188862, "map_labels": 0.00022789998911321163, "sanity_checks": 0.00016339984722435474, "total": 0.012280599912628531}}