{"part_id": "1-9-10-12-13-23", "timings_sec": {"read_step": 0.009169399971142411, "enumerate_faces": 2.969987690448761e-05, "build_adjacency": 0.00034609995782375336, "extract_features": 0.0014979999978095293, "map_labels": 0.00021079997532069683, "sanity_checks": 0.00015230011194944382, "total": 0.011406299890950322}}