{"part_id": "1-9-10-11-19", "timings_sec": {"read_step": 0.009256599936634302, "enumerate_faces": 2.8799986466765404e-05, "build_adjacency": 0.0003035999834537506, "extract_features": 0.001139999832957983, "map_labels": 0.0002562999725341797, "sanity_checks": 0.0001520998775959015, "total": 0.011137399589642882}}