{"part_id": "1-9-10-10-10-23", "timings_sec": {"read_step": 0.01016669999808073, "enumerate_faces": 2.6499852538108826e-05, "build_adjacency": 0.0003220001235604286, "extract_features": 0.0013528999406844378, "map_labels": 0.00020870007574558258, "sanity_checks": 0.00016579986549913883, "total": 0.012242599856108427}}