{"part_id": "1-9-10-10-11-23", "timings_sec": {"read_step": 0.010310700163245201, "enumerate_faces": 2.529984340071678e-05, "build_adjacency": 0.0003443998284637928, "extract_features": 0.0013244000729173422, "map_labels": 0.00019829999655485153, "sanity_checks": 0.00017380015924572945, "total": 0.012376900063827634}}