{"part_id": "1-9-10-10-12-23", "timings_sec": {"read_step": 0.009377900045365095, "enumerate_faces": 2.259993925690651e-05, "build_adjacency": 0.0003092000260949135, "extract_features": 0.0012024000752717257, "map_labels": 0.00019049993716180325, "sanity_checks": 0.00015719980001449585, "total": 0.01125979982316494}}