{"part_id": "1-9-12-14-14-23", "timings_sec": {"read_step": 0.00883810012601316, "enumerate_faces": 3.2400013878941536e-05, "build_adjacency": 0.000300699844956398, "extract_features": 0.0012765000574290752, "map_labels": 0.00021009985357522964, "sanity_checks": 0.00014130002819001675, "total": 0.010799099924042821}}