{"part_id": "1-9-12-13-13-23", "timings_sec": {"read_step": 0.009317100048065186, "enumerate_faces": 3.1400006264448166e-05, "build_adjacency": 0.00028000003658235073, "extract_features": 0.0010240001138299704, "map_labels": 0.0002709000837057829, "sanity_checks": 0.00022229994647204876, "total": 0.011145700234919786}}