{"part_id": "1-9-9-11-14-23", "timings_sec": {"read_step": 0.009958800161257386, "enumerate_faces": 3.109988756477833e-05, "build_adjacency": 0.000332399969920516, "extract_features": 0.001236300216987729, "map_labels": 0.0002226000651717186, "sanity_checks": 0.00016760011203587055, "total": 0.011948800412937999}}