{"part_id": "1-9-9-13-13-23", "timings_sec": {"read_step": 0.007805799832567573, "enumerate_faces": 2.5700079277157784e-05, "build_adjacency": 0.00025539984926581383, "extract_features": 0.0009703999385237694, "map_labels": 0.0002038001548498869, "sanity_checks": 0.00013940013013780117, "total": 0.009400499984622002}}