{"part_id": "1-9-9-12-19", "timings_sec": {"read_step": 0.007976199965924025, "enumerate_faces": 2.9799994081258774e-05, "build_adjacency": 0.0002631000243127346, "extract_features": 0.0009955998975783587, "map_labels": 0.00022000004537403584, "sanity_checks": 0.0001295998226851225, "total": 0.009614299749955535}}