{"part_id": "1-9-9-10-10-23", "timings_sec": {"read_step": 0.00969389989040792, "enumerate_faces": 3.100000321865082e-05, "build_adjacency": 0.0004865999799221754, "extract_features": 0.0015722999814897776, "map_labels": 0.0003597999457269907, "sanity_checks": 0.00016249995678663254, "total": 0.012306099757552147}}