{"part_id": "1-9-9-10-19", "timings_sec": {"read_step": 0.00801689992658794, "enumerate_faces": 2.5499844923615456e-05, "build_adjacency": 0.00025470019318163395, "extract_features": 0.0009975999128073454, "map_labels": 0.00019369996152818203, "sanity_checks": 0.00013360008597373962, "total": 0.009621999925002456}}