{"part_id": "1-9-10-11-13-23", "timings_sec": {"read_step": 0.015248400159180164, "enumerate_faces": 4.369998350739479e-05, "build_adjacency": 0.0003751001786440611, "extract_features": 0.0014119998086243868, "map_labels": 0.00027540000155568123, "sanity_checks": 0.00024640001356601715, "total": 0.017601000145077705}}