{"part_id": "1-9-10-11-14-23", "timings_sec": {"read_step": 0.012655599974095821, "enumerate_faces": 4.429998807609081e-05, "build_adjacency": 0.0003931000828742981, "extract_features": 0.0017423999961465597, "map_labels": 0.00024960003793239594, "sanity_checks": 0.0001726001501083374, "total": 0.015257600229233503}}