{"part_id": "1-9-11-12-12-23", "timings_sec": {"read_step": 0.010776200098916888, "enumerate_faces": 2.9299873858690262e-05, "build_adjacency": 0.000542700057849288, "extract_features": 0.0013106998521834612, "map_labels": 0.00020819995552301407, "sanity_checks": 0.00019569997675716877, "total": 0.01306279981508851}}