{"part_id": "1-9-12-12-19", "timings_sec": {"read_step": 0.008553299820050597, "enumerate_faces": 3.2499898225069046e-05, "build_adjacency": 0.00027600000612437725, "extract_features": 0.001285300124436617, "map_labels": 0.00022019981406629086, "sanity_checks": 0.00013280007988214493, "total": 0.010500099742785096}}