{"part_id": "1-9-11-11-14-23", "timings_sec": {"read_step": 0.011415400076657534, "enumerate_faces": 3.290013410151005e-05, "build_adjacency": 0.00037400005385279655, "extract_features": 0.0013975000474601984, "map_labels": 0.0002808000426739454, "sanity_checks": 0.00030230008997023106, "total": 0.013802900444716215}}