{"part_id": "1-9-11-11-11-23", "timings_sec": {"read_step": 0.013088099891319871, "enumerate_faces": 3.409991040825844e-05, "build_adjacency": 0.00041600014083087444, "extract_features": 0.0015571999829262495, "map_labels": 0.0002429999876767397, "sanity_checks": 0.00020250002853572369, "total": 0.015540899941697717}}