{"part_id": "1-9-9-12-12-23", "timings_sec": {"read_step": 0.009574700146913528, "enumerate_faces": 2.7200207114219666e-05, "build_adjacency": 0.00030519999563694, "extract_features": 0.0012268000282347202, "map_labels": 0.00024230009876191616, "sanity_checks": 0.00016739987768232822, "total": 0.011543600354343653}}