{"part_id": "1-9-9-13-19", "timings_sec": {"read_step": 0.007149000186473131, "enumerate_faces": 2.5300076231360435e-05, "build_adjacency": 0.00022950000129640102, "extract_features": 0.0008747999090701342, "map_labels": 0.00019560009241104126, "sanity_checks": 0.00011689984239637852, "total": 0.008591100107878447}}