{"part_id": "1-9-11-13-14-23", "timings_sec": {"read_step": 0.009510000003501773, "enumerate_faces": 3.71001660823822e-05, "build_adjacency": 0.0003324998542666435, "extract_features": 0.001167000038549304, "map_labels": 0.00020730006508529186, "sanity_checks": 0.00015700003132224083, "total": 0.011410900158807635}}