{"part_id": "1-9-12-12-14-23", "timings_sec": {"read_step": 0.009732899954542518, "enumerate_faces": 3.409991040825844e-05, "build_adjacency": 0.0003165001980960369, "extract_features": 0.0011746999807655811, "map_labels": 0.00022279983386397362, "sanity_checks": 0.00019039981998503208, "total": 0.0116713996976614}}