{"part_id": "1-9-13-13-14-23", "timings_sec": {"read_step": 0.0076702001970261335, "enumerate_faces": 2.9700109735131264e-05, "build_adjacency": 0.00027540000155568123, "extract_features": 0.0009584000799804926, "map_labels": 0.00019200006499886513, "sanity_checks": 0.00013170018792152405, "total": 0.009257400641217828}}