{"part_id": "1-9-13-14-19", "timings_sec": {"read_step": 0.006875700084492564, "enumerate_faces": 2.4799956008791924e-05, "build_adjacency": 0.0002275998704135418, "extract_features": 0.0008328999392688274, "map_labels": 0.00018569990061223507, "sanity_checks": 0.0001105000264942646, "total": 0.008257199777290225}}