{"part_id": "1-9-10-10-14-23", "timings_sec": {"read_step": 0.01391680003143847, "enumerate_faces": 3.20998951792717e-05, "build_adjacency": 0.00031409994699060917, "extract_features": 0.0020442998502403498, "map_labels": 0.00027769990265369415, "sanity_checks": 0.00027680001221597195, "total": 0.016861799638718367}}