{"part_id": "1-9-10-12-19", "timings_sec": {"read_step": 0.008349299896508455, "enumerate_faces": 2.7999980375170708e-05, "build_adjacency": 0.0002747001126408577, "extract_features": 0.0010343000758439302, "map_labels": 0.0002123001031577587, "sanity_checks": 0.00013480009511113167, "total": 0.010033400263637304}}