{"part_id": "1-9-12-13-19", "timings_sec": {"read_step": 0.0075153999496251345, "enumerate_faces": 3.200001083314419e-05, "build_adjacency": 0.00025539984926581383, "extract_features": 0.0009107000660151243, "map_labels": 0.00021080020815134048, "sanity_checks": 0.00012070010416209698, "total": 0.009045000188052654}}