{"part_id": "1-9-9-11-12-23", "timings_sec": {"read_step": 0.01035319990478456, "enumerate_faces": 2.7799978852272034e-05, "build_adjacency": 0.00033449986949563026, "extract_features": 0.001471600029617548, "map_labels": 0.00021119997836649418, "sanity_checks": 0.00016729999333620071, "total": 0.012565599754452705}}