{"part_id": "1-9-14-14-19", "timings_sec": {"read_step": 0.007029599975794554, "enumerate_faces": 2.1999934688210487e-05, "build_adjacency": 0.00024069985374808311, "extract_features": 0.0009347999002784491, "map_labels": 0.0001892000436782837, "sanity_checks": 0.00011659995652735233, "total": 0.008532899664714932}}