{"part_id": "1-9-9-10-12-23", "timings_sec": {"read_step": 0.009600100107491016, "enumerate_faces": 2.5700079277157784e-05, "build_adjacency": 0.0003062998875975609, "extract_features": 0.001236300216987729, "map_labels": 0.00021190010011196136, "sanity_checks": 0.00015959981828927994, "total": 0.011539900209754705}}