{"part_id": "10-10-11-11-14-23", "timings_sec": {"read_step": 0.011999200098216534, "enumerate_faces": 3.2300129532814026e-05, "build_adjacency": 0.00041949981823563576, "extract_features": 0.001604699995368719, "map_labels": 0.0002280999906361103, "sanity_checks": 0.00020320015028119087, "total": 0.014487000182271004}}