{"part_id": "10-11-13-13-14-23", "timings_sec": {"read_step": 0.009336699964478612, "enumerate_faces": 2.71000899374485e-05, "build_adjacency": 0.0003176999744027853, "extract_features": 0.0013089999556541443, "map_labels": 0.00018899980932474136, "sanity_checks": 0.00015389989130198956, "total": 0.011333399685099721}}