{"part_id": "10-11-13-14-19", "timings_sec": {"read_step": 0.00804390013217926, "enumerate_faces": 2.150004729628563e-05, "build_adjacency": 0.00027359998784959316, "extract_features": 0.0010379999876022339, "map_labels": 0.00018700002692639828, "sanity_checks": 0.00014830008149147034, "total": 0.009712300263345242}}