{"part_id": "10-10-10-11-12-23", "timings_sec": {"read_step": 0.012274599866941571, "enumerate_faces": 3.0299881473183632e-05, "build_adjacency": 0.00038129999302327633, "extract_features": 0.0014545000158250332, "map_labels": 0.00025059981271624565, "sanity_checks": 0.00020350003615021706, "total": 0.014594799606129527}}