{"part_id": "10-10-10-11-13-23", "timings_sec": {"read_step": 0.010705200023949146, "enumerate_faces": 3.150012344121933e-05, "build_adjacency": 0.0003543999046087265, "extract_features": 0.0019950999412685633, "map_labels": 0.0002609000075608492, "sanity_checks": 0.00018400000408291817, "total": 0.013531100004911423}}