{"part_id": "10-12-12-13-19", "timings_sec": {"read_step": 0.008156799944117665, "enumerate_faces": 2.7300091460347176e-05, "build_adjacency": 0.00026849983260035515, "extract_features": 0.0010053999722003937, "map_labels": 0.00019820011220872402, "sanity_checks": 0.00012749992311000824, "total": 0.009783699875697494}}