{"part_id": "10-12-13-14-19", "timings_sec": {"read_step": 0.00768949999473989, "enumerate_faces": 3.169989213347435e-05, "build_adjacency": 0.00035690004006028175, "extract_features": 0.0009576000738888979, "map_labels": 0.00018789991736412048, "sanity_checks": 0.00012490013614296913, "total": 0.009348500054329634}}