{"part_id": "10-10-12-14-19", "timings_sec": {"read_step": 0.008639199892058969, "enumerate_faces": 3.4499913454055786e-05, "build_adjacency": 0.00029319990426301956, "extract_features": 0.0010790000669658184, "map_labels": 0.00021219998598098755, "sanity_checks": 0.0001395998988300562, "total": 0.010397699661552906}}