{"part_id": "10-11-13-13-19", "timings_sec": {"read_step": 0.009572200011461973, "enumerate_faces": 3.190012648701668e-05, "build_adjacency": 0.0002793001476675272, "extract_features": 0.001039800001308322, "map_labels": 0.0002189998049288988, "sanity_checks": 0.00013609998859465122, "total": 0.011278300080448389}}