{"part_id": "10-11-13-13-13-23", "timings_sec": {"read_step": 0.00884649995714426, "enumerate_faces": 2.9100105166435242e-05, "build_adjacency": 0.00029799994081258774, "extract_features": 0.0011183000169694424, "map_labels": 0.00021450011990964413, "sanity_checks": 0.00015130010433495045, "total": 0.01065770024433732}}