{"part_id": "10-10-12-13-13-23", "timings_sec": {"read_step": 0.008786099962890148, "enumerate_faces": 2.8899870812892914e-05, "build_adjacency": 0.00031659984961152077, "extract_features": 0.001273399917408824, "map_labels": 0.00021190010011196136, "sanity_checks": 0.00014770007692277431, "total": 0.010764599777758121}}