{"part_id": "10-10-11-13-13-23", "timings_sec": {"read_step": 0.010308900149539113, "enumerate_faces": 3.5899924114346504e-05, "build_adjacency": 0.0003315999638289213, "extract_features": 0.001344999996945262, "map_labels": 0.0002620001323521137, "sanity_checks": 0.00016380008310079575, "total": 0.012447200249880552}}