{"part_id": "10-10-10-11-14-23", "timings_sec": {"read_step": 0.014330999925732613, "enumerate_faces": 3.879982978105545e-05, "build_adjacency": 0.00039820000529289246, "extract_features": 0.0016795999836176634, "map_labels": 0.0002921000123023987, "sanity_checks": 0.0002967000473290682, "total": 0.01703639980405569}}