{"part_id": "10-10-13-13-14-23", "timings_sec": {"read_step": 0.00840199994854629, "enumerate_faces": 2.5999965146183968e-05, "build_adjacency": 0.0002907998859882355, "extract_features": 0.0010891000274568796, "map_labels": 0.0001970999874174595, "sanity_checks": 0.0001392001286149025, "total": 0.010144199943169951}}