{"part_id": "10-13-13-14-14-23", "timings_sec": {"read_step": 0.007906100014224648, "enumerate_faces": 2.5999965146183968e-05, "build_adjacency": 0.00026599992997944355, "extract_features": 0.0011991998180747032, "map_labels": 0.00019240006804466248, "sanity_checks": 0.0001271998044103384, "total": 0.00971689959987998}}