{"part_id": "10-10-10-19", "timings_sec": {"read_step": 0.007449400145560503, "enumerate_faces": 3.0399998649954796e-05, "build_adjacency": 0.00024960003793239594, "extract_features": 0.0009596999734640121, "map_labels": 0.00023870007134974003, "sanity_checks": 0.00020280014723539352, "total": 0.009130600374192}}