{"part_id": "10-10-10-13-14-23", "timings_sec": {"read_step": 0.014724900014698505, "enumerate_faces": 3.9999838918447495e-05, "build_adjacency": 0.0003269999288022518, "extract_features": 0.0013595998752862215, "map_labels": 0.0003027000930160284, "sanity_checks": 0.00024239998310804367, "total": 0.0169965997338295}}