{"part_id": "10-11-12-14-14-23", "timings_sec": {"read_step": 0.010601700050756335, "enumerate_faces": 3.190012648701668e-05, "build_adjacency": 0.0003674000035971403, "extract_features": 0.0014711001422256231, "map_labels": 0.00021330011077225208, "sanity_checks": 0.00017280015163123608, "total": 0.012858200585469604}}