{"part_id": "10-10-12-14-14-23", "timings_sec": {"read_step": 0.009874099865555763, "enumerate_faces": 2.9300106689333916e-05, "build_adjacency": 0.0003347001038491726, "extract_features": 0.0012340000830590725, "map_labels": 0.000210900092497468, "sanity_checks": 0.0001683998852968216, "total": 0.011851400136947632}}