{"part_id": "10-12-12-19", "timings_sec": {"read_step": 0.007057300070300698, "enumerate_faces": 2.1999934688210487e-05, "build_adjacency": 0.0002391999587416649, "extract_features": 0.0008819000795483589, "map_labels": 0.00019249995239078999, "sanity_checks": 0.00011649983935058117, "total": 0.008509399835020304}}