{"part_id": "10-11-13-14-14-23", "timings_sec": {"read_step": 0.009375300025567412, "enumerate_faces": 2.850010059773922e-05, "build_adjacency": 0.00032270001247525215, "extract_features": 0.0012117999140173197, "map_labels": 0.00020410004071891308, "sanity_checks": 0.00016029994003474712, "total": 0.011302700033411384}}