{"part_id": "10-11-14-14-19", "timings_sec": {"read_step": 0.008462599944323301, "enumerate_faces": 2.400018274784088e-05, "build_adjacency": 0.00029690004885196686, "extract_features": 0.0010901999194175005, "map_labels": 0.00020690006203949451, "sanity_checks": 0.0001433000434190035, "total": 0.010223900200799108}}