{"part_id": "10-10-13-13-13-23", "timings_sec": {"read_step": 0.00788629986345768, "enumerate_faces": 2.519995905458927e-05, "build_adjacency": 0.00027670012786984444, "extract_features": 0.0010140999220311642, "map_labels": 0.00018989993259310722, "sanity_checks": 0.00013890000991523266, "total": 0.009531099814921618}}