{"part_id": "10-12-12-12-12-23", "timings_sec": {"read_step": 0.010423700092360377, "enumerate_faces": 2.659996971487999e-05, "build_adjacency": 0.0003512999974191189, "extract_features": 0.0012619001790881157, "map_labels": 0.0002055999357253313, "sanity_checks": 0.0001596000511199236, "total": 0.012428700225427747}}