{"part_id": "10-10-19", "timings_sec": {"read_step": 0.005737300030887127, "enumerate_faces": 2.5300076231360435e-05, "build_adjacency": 0.00019189994782209396, "extract_features": 0.0008382000960409641, "map_labels": 0.0002125999890267849, "sanity_checks": 0.00016899988986551762, "total": 0.007174300029873848}}