{"part_id": "10-10-10-13-13-23", "timings_sec": {"read_step": 0.01381040015257895, "enumerate_faces": 3.8899946957826614e-05, "build_adjacency": 0.0003100999165326357, "extract_features": 0.001552400179207325, "map_labels": 0.0002997000701725483, "sanity_checks": 0.000237699830904603, "total": 0.01624920009635389}}