{"part_id": "10-12-13-13-13-23", "timings_sec": {"read_step": 0.007947700098156929, "enumerate_faces": 2.6999972760677338e-05, "build_adjacency": 0.0002770000137388706, "extract_features": 0.001099300105124712, "map_labels": 0.00019599986262619495, "sanity_checks": 0.00013250019401311874, "total": 0.009679500246420503}}