{"part_id": "10-12-14-19", "timings_sec": {"read_step": 0.006829600082710385, "enumerate_faces": 2.5200191885232925e-05, "build_adjacency": 0.00024030008353292942, "extract_features": 0.0008532998617738485, "map_labels": 0.0002031000331044197, "sanity_checks": 0.00011170003563165665, "total": 0.008263200288638473}}