{"part_id": "10-11-12-13-13-23", "timings_sec": {"read_step": 0.01671979995444417, "enumerate_faces": 4.0899962186813354e-05, "build_adjacency": 0.0005818998906761408, "extract_features": 0.002070000162348151, "map_labels": 0.0002858000807464123, "sanity_checks": 0.0003117998130619526, "total": 0.02001019986346364}}