{"part_id": "10-11-11-11-14-23", "timings_sec": {"read_step": 0.011993099935352802, "enumerate_faces": 3.700004890561104e-05, "build_adjacency": 0.000593600096181035, "extract_features": 0.0015610000118613243, "map_labels": 0.00022489996626973152, "sanity_checks": 0.000363099854439497, "total": 0.014772699913010001}}