{"part_id": "10-10-10-14-14-23", "timings_sec": {"read_step": 0.014459500089287758, "enumerate_faces": 3.9499951526522636e-05, "build_adjacency": 0.000499499961733818, "extract_features": 0.0019066999666392803, "map_labels": 0.0002592999953776598, "sanity_checks": 0.0002663000486791134, "total": 0.017430800013244152}}