{"part_id": "10-10-12-12-19", "timings_sec": {"read_step": 0.0088128000497818, "enumerate_faces": 2.9899878427386284e-05, "build_adjacency": 0.00029630004428327084, "extract_features": 0.0013139999937266111, "map_labels": 0.00027359998784959316, "sanity_checks": 0.0002343000378459692, "total": 0.01096089999191463}}