{"part_id": "10-13-14-14-19", "timings_sec": {"read_step": 0.007380599854514003, "enumerate_faces": 2.859998494386673e-05, "build_adjacency": 0.0002451001200824976, "extract_features": 0.0008986999746412039, "map_labels": 0.00020280014723539352, "sanity_checks": 0.00011779996566474438, "total": 0.008873600047081709}}