{"part_id": "10-10-14-14-19", "timings_sec": {"read_step": 0.00805549998767674, "enumerate_faces": 2.659996971487999e-05, "build_adjacency": 0.0002709000837057829, "extract_features": 0.0010135998018085957, "map_labels": 0.00019609997980296612, "sanity_checks": 0.00014230003580451012, "total": 0.009704999858513474}}