{"part_id": "10-10-10-12-14-23", "timings_sec": {"read_step": 0.01600890001282096, "enumerate_faces": 4.620011895895004e-05, "build_adjacency": 0.0005128998309373856, "extract_features": 0.0018453998491168022, "map_labels": 0.00028920010663568974, "sanity_checks": 0.00025180005468428135, "total": 0.018954399973154068}}