{"part_id": "10-11-11-13-13-23", "timings_sec": {"read_step": 0.010814200155436993, "enumerate_faces": 2.969987690448761e-05, "build_adjacency": 0.00035939994268119335, "extract_features": 0.001375699881464243, "map_labels": 0.0002134998794645071, "sanity_checks": 0.00017899996601045132, "total": 0.012971499701961875}}