{"part_id": "10-13-13-13-19", "timings_sec": {"read_step": 0.006565700052306056, "enumerate_faces": 2.5999965146183968e-05, "build_adjacency": 0.00021680002100765705, "extract_features": 0.0008060999680310488, "map_labels": 0.000206399941816926, "sanity_checks": 0.00010950001887977123, "total": 0.007930499967187643}}