{"part_id": "10-12-12-12-19", "timings_sec": {"read_step": 0.00885539990849793, "enumerate_faces": 3.1400006264448166e-05, "build_adjacency": 0.0003098000306636095, "extract_features": 0.0010891999118030071, "map_labels": 0.00021110009402036667, "sanity_checks": 0.00015309988521039486, "total": 0.010649999836459756}}