{"part_id": "10-10-11-13-14-23", "timings_sec": {"read_step": 0.01048949989490211, "enumerate_faces": 2.9999995604157448e-05, "build_adjacency": 0.00034460006281733513, "extract_features": 0.0014859999064356089, "map_labels": 0.0002093999646604061, "sanity_checks": 0.00017660018056631088, "total": 0.012736100004985929}}