{"part_id": "10-10-12-12-12-23", "timings_sec": {"read_step": 0.010777000105008483, "enumerate_faces": 3.3499905839562416e-05, "build_adjacency": 0.0003667999990284443, "extract_features": 0.0013204000424593687, "map_labels": 0.000224399846047163, "sanity_checks": 0.00016939989291131496, "total": 0.012891499791294336}}