{"part_id": "10-10-10-14-19", "timings_sec": {"read_step": 0.009496900020167232, "enumerate_faces": 2.6999972760677338e-05, "build_adjacency": 0.00028249993920326233, "extract_features": 0.0011239999439567327, "map_labels": 0.00020130001939833164, "sanity_checks": 0.00014399993233382702, "total": 0.011275699827820063}}