{"part_id": "10-10-11-12-13-23", "timings_sec": {"read_step": 0.010674900142475963, "enumerate_faces": 3.310013562440872e-05, "build_adjacency": 0.00035969982855021954, "extract_features": 0.0013759001158177853, "map_labels": 0.00022309995256364346, "sanity_checks": 0.00017589982599020004, "total": 0.01284260000102222}}