{"part_id": "10-11-11-12-12-23", "timings_sec": {"read_step": 0.012922100024297833, "enumerate_faces": 3.3899908885359764e-05, "build_adjacency": 0.00042630010284483433, "extract_features": 0.0015384999569505453, "map_labels": 0.00023619993589818478, "sanity_checks": 0.00019689998589456081, "total": 0.015353899914771318}}