{"part_id": "10-10-10-13-19", "timings_sec": {"read_step": 0.011930200038477778, "enumerate_faces": 4.110019654035568e-05, "build_adjacency": 0.0003171998541802168, "extract_features": 0.0010613000486046076, "map_labels": 0.0002460000105202198, "sanity_checks": 0.00014289980754256248, "total": 0.01373869995586574}}