{"part_id": "10-10-12-12-14-23", "timings_sec": {"read_step": 0.01451850007288158, "enumerate_faces": 3.519980236887932e-05, "build_adjacency": 0.0003729001618921757, "extract_features": 0.001288300147280097, "map_labels": 0.0002335000317543745, "sanity_checks": 0.00016389996744692326, "total": 0.01661230018362403}}