{"part_id": "10-11-11-12-14-23", "timings_sec": {"read_step": 0.012507500126957893, "enumerate_faces": 3.060000017285347e-05, "build_adjacency": 0.00040120002813637257, "extract_features": 0.0014776999596506357, "map_labels": 0.0002180000301450491, "sanity_checks": 0.00019589997828006744, "total": 0.014830900123342872}}