{"part_id": "10-10-10-12-19", "timings_sec": {"read_step": 0.013905199943110347, "enumerate_faces": 4.559988155961037e-05, "build_adjacency": 0.00044950004667043686, "extract_features": 0.0016834000125527382, "map_labels": 0.00028929999098181725, "sanity_checks": 0.00023339991457760334, "total": 0.016606399789452553}}