{"part_id": "10-10-12-12-13-23", "timings_sec": {"read_step": 0.012430999893695116, "enumerate_faces": 4.320009611546993e-05, "build_adjacency": 0.0005122998263686895, "extract_features": 0.0017037999350577593, "map_labels": 0.00023410003632307053, "sanity_checks": 0.00015740003436803818, "total": 0.015081799821928144}}