{"part_id": "10-10-10-10-11-23", "timings_sec": {"read_step": 0.012198699871078134, "enumerate_faces": 3.200001083314419e-05, "build_adjacency": 0.00039890012703835964, "extract_features": 0.001491200178861618, "map_labels": 0.00022649997845292091, "sanity_checks": 0.0002026997972279787, "total": 0.014549999963492155}}