{"part_id": "11-11-12-13-19", "timings_sec": {"read_step": 0.010701199993491173, "enumerate_faces": 3.600004129111767e-05, "build_adjacency": 0.00036860001273453236, "extract_features": 0.0013506000395864248, "map_labels": 0.00025669997557997704, "sanity_checks": 0.00017030001617968082, "total": 0.012883400078862906}}