{"part_id": "11-11-12-14-14-23", "timings_sec": {"read_step": 0.01207339996472001, "enumerate_faces": 5.610007792711258e-05, "build_adjacency": 0.0006124000065028667, "extract_features": 0.002084100153297186, "map_labels": 0.00023459992371499538, "sanity_checks": 0.00018480001017451286, "total": 0.015245400136336684}}