{"part_id": "11-12-12-12-12-23", "timings_sec": {"read_step": 0.01774560008198023, "enumerate_faces": 4.349998198449612e-05, "build_adjacency": 0.000598300015553832, "extract_features": 0.0021332998294383287, "map_labels": 0.0002927000168710947, "sanity_checks": 0.00026999996043741703, "total": 0.021083399886265397}}