{"part_id": "11-11-11-11-11-23", "timings_sec": {"read_step": 0.014805200044065714, "enumerate_faces": 3.220001235604286e-05, "build_adjacency": 0.0004946000408381224, "extract_features": 0.002129599917680025, "map_labels": 0.0002242999617010355, "sanity_checks": 0.00024480000138282776, "total": 0.017930699978023767}}