{"part_id": "11-11-12-12-12-23", "timings_sec": {"read_step": 0.012863399926573038, "enumerate_faces": 3.0899886041879654e-05, "build_adjacency": 0.0004585001152008772, "extract_features": 0.001517999917268753, "map_labels": 0.00022740010172128677, "sanity_checks": 0.0001984001137316227, "total": 0.015296600060537457}}