{"part_id": "11-12-13-14-14-23", "timings_sec": {"read_step": 0.009869700064882636, "enumerate_faces": 2.7099857106804848e-05, "build_adjacency": 0.00032730004750192165, "extract_features": 0.0011965001467615366, "map_labels": 0.00021790014579892159, "sanity_checks": 0.00026350002735853195, "total": 0.011902000289410353}}