{"part_id": "11-11-14-14-19", "timings_sec": {"read_step": 0.014765199972316623, "enumerate_faces": 3.6599813029170036e-05, "build_adjacency": 0.00033490010537207127, "extract_features": 0.0012453000526875257, "map_labels": 0.00024470011703670025, "sanity_checks": 0.00015949993394315243, "total": 0.016786199994385242}}