{"part_id": "11-12-14-19", "timings_sec": {"read_step": 0.010442400118336082, "enumerate_faces": 3.850017674267292e-05, "build_adjacency": 0.00046330015175044537, "extract_features": 0.0015837999526411295, "map_labels": 0.0002761001233011484, "sanity_checks": 0.00022990000434219837, "total": 0.013034000527113676}}