{"part_id": "11-11-12-12-13-23", "timings_sec": {"read_step": 0.01167169981636107, "enumerate_faces": 4.730001091957092e-05, "build_adjacency": 0.00047539989463984966, "extract_features": 0.0014229000080376863, "map_labels": 0.0002256000880151987, "sanity_checks": 0.00017910008318722248, "total": 0.014021999901160598}}