{"part_id": "11-12-14-14-19", "timings_sec": {"read_step": 0.009152099955826998, "enumerate_faces": 3.120000474154949e-05, "build_adjacency": 0.00030499999411404133, "extract_features": 0.0011106000747531652, "map_labels": 0.0002185001503676176, "sanity_checks": 0.00014299992471933365, "total": 0.010960400104522705}}