{"part_id": "11-11-13-13-13-23", "timings_sec": {"read_step": 0.015458399895578623, "enumerate_faces": 4.509999416768551e-05, "build_adjacency": 0.0005415000487118959, "extract_features": 0.0019250998739153147, "map_labels": 0.00029930006712675095, "sanity_checks": 0.00025420007295906544, "total": 0.018523599952459335}}