{"part_id": "11-11-12-12-14-23", "timings_sec": {"read_step": 0.012201400008052588, "enumerate_faces": 4.309997893869877e-05, "build_adjacency": 0.0004437998868525028, "extract_features": 0.0016260999254882336, "map_labels": 0.0002474000211805105, "sanity_checks": 0.00023520016111433506, "total": 0.014796999981626868}}