{"part_id": "11-11-11-13-14-23", "timings_sec": {"read_step": 0.012415700126439333, "enumerate_faces": 3.600004129111767e-05, "build_adjacency": 0.0003983001224696636, "extract_features": 0.001543800113722682, "map_labels": 0.00022929999977350235, "sanity_checks": 0.0001962999813258648, "total": 0.014819400385022163}}