{"part_id": "11-11-14-14-14-23", "timings_sec": {"read_step": 0.014902499970048666, "enumerate_faces": 4.409998655319214e-05, "build_adjacency": 0.0005705999210476875, "extract_features": 0.0015889001078903675, "map_labels": 0.00030349986627697945, "sanity_checks": 0.000283100176602602, "total": 0.017692700028419495}}