{"part_id": "11-11-11-11-14-23", "timings_sec": {"read_step": 0.015561799984425306, "enumerate_faces": 3.060000017285347e-05, "build_adjacency": 0.0004647001624107361, "extract_features": 0.0016860999166965485, "map_labels": 0.00021330011077225208, "sanity_checks": 0.00021650013513863087, "total": 0.018173000309616327}}