{"part_id": "11-11-11-11-19", "timings_sec": {"read_step": 0.011692400090396404, "enumerate_faces": 2.569984644651413e-05, "build_adjacency": 0.000399499898776412, "extract_features": 0.0015249000862240791, "map_labels": 0.00020219990983605385, "sanity_checks": 0.0002034998033195734, "total": 0.014048199634999037}}