{"part_id": "11-14-19", "timings_sec": {"read_step": 0.0064830000046640635, "enumerate_faces": 2.750009298324585e-05, "build_adjacency": 0.00021209986880421638, "extract_features": 0.0008926999289542437, "map_labels": 0.0002063000574707985, "sanity_checks": 0.00010480009950697422, "total": 0.007926400052383542}}