{"part_id": "11-13-14-14-14-23", "timings_sec": {"read_step": 0.00910340016707778, "enumerate_faces": 2.559996210038662e-05, "build_adjacency": 0.0003301999531686306, "extract_features": 0.0012221001088619232, "map_labels": 0.00020599993877112865, "sanity_checks": 0.00014629983343183994, "total": 0.011033599963411689}}