{"part_id": "11-13-14-14-19", "timings_sec": {"read_step": 0.007958099944517016, "enumerate_faces": 3.1700124964118004e-05, "build_adjacency": 0.00027059996500611305, "extract_features": 0.0010146999265998602, "map_labels": 0.00022309995256364346, "sanity_checks": 0.0001316999550908804, "total": 0.009629899868741632}}