{"part_id": "11-12-12-12-14-23", "timings_sec": {"read_step": 0.010948399780318141, "enumerate_faces": 3.520003519952297e-05, "build_adjacency": 0.00037860008887946606, "extract_features": 0.00167229981161654, "map_labels": 0.00024090008810162544, "sanity_checks": 0.00017199991270899773, "total": 0.013447399716824293}}