{"part_id": "11-13-13-19", "timings_sec": {"read_step": 0.006810900056734681, "enumerate_faces": 2.2499822080135345e-05, "build_adjacency": 0.00020480016246438026, "extract_features": 0.0007875999435782433, "map_labels": 0.0002177001442760229, "sanity_checks": 0.00013940013013780117, "total": 0.008182900259271264}}