{"part_id": "11-11-12-19", "timings_sec": {"read_step": 0.013458899920806289, "enumerate_faces": 3.520003519952297e-05, "build_adjacency": 0.0004618000239133835, "extract_features": 0.001758800121024251, "map_labels": 0.00026650005020201206, "sanity_checks": 0.00022829999215900898, "total": 0.016209500143304467}}