{"part_id": "11-11-11-12-14-23", "timings_sec": {"read_step": 0.012523100012913346, "enumerate_faces": 3.320001997053623e-05, "build_adjacency": 0.0004238998517394066, "extract_features": 0.0017093999776989222, "map_labels": 0.0002134998794645071, "sanity_checks": 0.00020899996161460876, "total": 0.015112099703401327}}