{"part_id": "11-12-12-13-14-23", "timings_sec": {"read_step": 0.01013539987616241, "enumerate_faces": 3.0899886041879654e-05, "build_adjacency": 0.00035319989547133446, "extract_features": 0.0014024998527020216, "map_labels": 0.00020480016246438026, "sanity_checks": 0.0001593001652508974, "total": 0.012286099838092923}}