{"part_id": "11-12-19", "timings_sec": {"read_step": 0.009899399941787124, "enumerate_faces": 3.71001660823822e-05, "build_adjacency": 0.0003868001513183117, "extract_features": 0.0013518999330699444, "map_labels": 0.0002764998935163021, "sanity_checks": 0.00019829999655485153, "total": 0.012150000082328916}}