{"part_id": "11-11-11-12-12-23", "timings_sec": {"read_step": 0.012935600010678172, "enumerate_faces": 2.8099864721298218e-05, "build_adjacency": 0.00042809988372027874, "extract_features": 0.001599299954250455, "map_labels": 0.00021289987489581108, "sanity_checks": 0.0002150998916476965, "total": 0.015419099479913712}}