{"part_id": "11-11-11-12-13-23", "timings_sec": {"read_step": 0.017692600144073367, "enumerate_faces": 4.269997589290142e-05, "build_adjacency": 0.0007172999903559685, "extract_features": 0.002370900008827448, "map_labels": 0.00023030000738799572, "sanity_checks": 0.0003361001145094633, "total": 0.021389900241047144}}