{"part_id": "12-12-13-14-14-23", "timings_sec": {"read_step": 0.01300280005671084, "enumerate_faces": 3.3300137147307396e-05, "build_adjacency": 0.0003217000048607588, "extract_features": 0.0011029001325368881, "map_labels": 0.0002449001185595989, "sanity_checks": 0.00014040013775229454, "total": 0.014846000587567687}}