{"part_id": "12-12-12-13-14-23", "timings_sec": {"read_step": 0.009116699919104576, "enumerate_faces": 2.9499875381588936e-05, "build_adjacency": 0.0003149001859128475, "extract_features": 0.0012773999478667974, "map_labels": 0.00022109993733465672, "sanity_checks": 0.00014319992624223232, "total": 0.011102799791842699}}