{"part_id": "12-12-12-12-12-23", "timings_sec": {"read_step": 0.010600099805742502, "enumerate_faces": 4.1499966755509377e-05, "build_adjacency": 0.0006077999714761972, "extract_features": 0.002470300067216158, "map_labels": 0.00028089992702007294, "sanity_checks": 0.00028089992702007294, "total": 0.014281499665230513}}