{"part_id": "12-12-19", "timings_sec": {"read_step": 0.009013700066134334, "enumerate_faces": 3.329990431666374e-05, "build_adjacency": 0.0002429999876767397, "extract_features": 0.0007274998351931572, "map_labels": 0.00020870007574558258, "sanity_checks": 9.17001161724329e-05, "total": 0.01031789998523891}}