{"part_id": "12-12-12-12-19", "timings_sec": {"read_step": 0.008508100174367428, "enumerate_faces": 2.559996210038662e-05, "build_adjacency": 0.0003377001266926527, "extract_features": 0.0010949999559670687, "map_labels": 0.00020379992201924324, "sanity_checks": 0.00013569998554885387, "total": 0.010305900126695633}}