{"part_id": "12-13-13-14-14-23", "timings_sec": {"read_step": 0.008844800060614944, "enumerate_faces": 3.169989213347435e-05, "build_adjacency": 0.0005389999132603407, "extract_features": 0.0015692999586462975, "map_labels": 0.00025489996187388897, "sanity_checks": 0.00020139990374445915, "total": 0.011441099690273404}}