{"part_id": "12-12-12-12-14-23", "timings_sec": {"read_step": 0.01073280000127852, "enumerate_faces": 3.6400044336915016e-05, "build_adjacency": 0.00034300005063414574, "extract_features": 0.0012778998352587223, "map_labels": 0.00026130001060664654, "sanity_checks": 0.00018029985949397087, "total": 0.01283169980160892}}