{"part_id": "12-13-14-14-19", "timings_sec": {"read_step": 0.007154099876061082, "enumerate_faces": 2.7700094506144524e-05, "build_adjacency": 0.0002586999908089638, "extract_features": 0.0008998999837785959, "map_labels": 0.00021379999816417694, "sanity_checks": 0.00012240000069141388, "total": 0.008676599944010377}}