{"part_id": "12-12-12-14-14-23", "timings_sec": {"read_step": 0.011354800080880523, "enumerate_faces": 3.329990431666374e-05, "build_adjacency": 0.00033740000799298286, "extract_features": 0.0017985999584197998, "map_labels": 0.0002584001049399376, "sanity_checks": 0.00022929999977350235, "total": 0.014011800056323409}}