{"part_id": "12-13-13-13-13-23", "timings_sec": {"read_step": 0.007074200082570314, "enumerate_faces": 3.529991954565048e-05, "build_adjacency": 0.0003798999823629856, "extract_features": 0.0013488999102264643, "map_labels": 0.00025420007295906544, "sanity_checks": 0.0001984001137316227, "total": 0.009290900081396103}}