{"part_id": "12-12-12-13-19", "timings_sec": {"read_step": 0.008119500009343028, "enumerate_faces": 3.700004890561104e-05, "build_adjacency": 0.0002851998433470726, "extract_features": 0.001008099876344204, "map_labels": 0.00023449980653822422, "sanity_checks": 0.00012700003571808338, "total": 0.009811299620196223}}