{"part_id": "12-12-12-14-19", "timings_sec": {"read_step": 0.008328900206834078, "enumerate_faces": 3.210012800991535e-05, "build_adjacency": 0.0002874999772757292, "extract_features": 0.0010436000302433968, "map_labels": 0.00023000012151896954, "sanity_checks": 0.00013269996270537376, "total": 0.010054800426587462}}