{"part_id": "12-12-13-13-14-23", "timings_sec": {"read_step": 0.012043599970638752, "enumerate_faces": 4.0400074794888496e-05, "build_adjacency": 0.0004533999599516392, "extract_features": 0.0016528000123798847, "map_labels": 0.0002739999908953905, "sanity_checks": 0.00021149986423552036, "total": 0.014675699872896075}}