{"part_id": "12-12-13-13-13-23", "timings_sec": {"read_step": 0.010231999913230538, "enumerate_faces": 4.309997893869877e-05, "build_adjacency": 0.000425900099799037, "extract_features": 0.0015091001987457275, "map_labels": 0.0002840000670403242, "sanity_checks": 0.00019489997066557407, "total": 0.0126890002284199}}