{"part_id": "13-13-13-14-19", "timings_sec": {"read_step": 0.005585300037637353, "enumerate_faces": 1.719989813864231e-05, "build_adjacency": 0.00018860003910958767, "extract_features": 0.0006899998988956213, "map_labels": 0.00016840011812746525, "sanity_checks": 9.230012074112892e-05, "total": 0.006741800112649798}}