{"part_id": "14-14-14-14-14-23", "timings_sec": {"read_step": 0.008339399937540293, "enumerate_faces": 2.429983578622341e-05, "build_adjacency": 0.00028449995443224907, "extract_features": 0.0010263000149279833, "map_labels": 0.0001970999874174595, "sanity_checks": 0.00013180007226765156, "total": 0.01000339980237186}}