{"part_id": "14-14-14-14-19", "timings_sec": {"read_step": 0.006881800014525652, "enumerate_faces": 2.2900057956576347e-05, "build_adjacency": 0.0002470000181347132, "extract_features": 0.0008761999197304249, "map_labels": 0.00019049993716180325, "sanity_checks": 0.00011699995957314968, "total": 0.00833539990708232}}