{"part_id": "14-14-14-19", "timings_sec": {"read_step": 0.0059744000900536776, "enumerate_faces": 2.659996971487999e-05, "build_adjacency": 0.00021370011381804943, "extract_features": 0.0007533000316470861, "map_labels": 0.00022819987498223782, "sanity_checks": 0.0001650999765843153, "total": 0.007361300056800246}}