{"part_id": "2-10-12-19", "timings_sec": {"read_step": 0.0072997999377548695, "enumerate_faces": 2.4999957531690598e-05, "build_adjacency": 0.00023910007439553738, "extract_features": 0.0009673000313341618, "map_labels": 0.00020190002396702766, "sanity_checks": 0.00011779996566474438, "total": 0.008850899990648031}}