{"part_id": "2-10-11-12-12-23", "timings_sec": {"read_step": 0.015067599946632981, "enumerate_faces": 3.469991497695446e-05, "build_adjacency": 0.0006498999428004026, "extract_features": 0.001955999992787838, "map_labels": 0.00022709998302161694, "sanity_checks": 0.00018239999189972878, "total": 0.018117699772119522}}