{"part_id": "2-10-12-12-13-23", "timings_sec": {"read_step": 0.0114054000005126, "enumerate_faces": 2.9799994081258774e-05, "build_adjacency": 0.0003274998161941767, "extract_features": 0.0013494000304490328, "map_labels": 0.0002373000606894493, "sanity_checks": 0.0001531001180410385, "total": 0.013502500019967556}}