{"part_id": "2-10-10-11-13-23", "timings_sec": {"read_step": 0.011273999931290746, "enumerate_faces": 2.8499867767095566e-05, "build_adjacency": 0.0003559000324457884, "extract_features": 0.001334100030362606, "map_labels": 0.00020749983377754688, "sanity_checks": 0.00017199991270899773, "total": 0.01337199960835278}}