{"part_id": "2-10-11-12-13-23", "timings_sec": {"read_step": 0.011362900026142597, "enumerate_faces": 3.3300137147307396e-05, "build_adjacency": 0.000358999939635396, "extract_features": 0.0013128998689353466, "map_labels": 0.00026800017803907394, "sanity_checks": 0.00021239998750388622, "total": 0.013548500137403607}}