{"part_id": "2-10-10-12-14-23", "timings_sec": {"read_step": 0.010333599988371134, "enumerate_faces": 3.290013410151005e-05, "build_adjacency": 0.00034779985435307026, "extract_features": 0.0012763000559061766, "map_labels": 0.0002117999829351902, "sanity_checks": 0.0001680999994277954, "total": 0.012370500015094876}}