{"part_id": "2-10-11-13-14-23", "timings_sec": {"read_step": 0.010788700077682734, "enumerate_faces": 2.7800211682915688e-05, "build_adjacency": 0.00033410009928047657, "extract_features": 0.0014372998848557472, "map_labels": 0.0002025999128818512, "sanity_checks": 0.00016950001008808613, "total": 0.01296000019647181}}