{"part_id": "2-10-12-12-12-23", "timings_sec": {"read_step": 0.010539399925619364, "enumerate_faces": 2.8900103643536568e-05, "build_adjacency": 0.000462499912828207, "extract_features": 0.0013238999526947737, "map_labels": 0.00023079989477992058, "sanity_checks": 0.00016270019114017487, "total": 0.012748199980705976}}