{"part_id": "2-10-10-12-19", "timings_sec": {"read_step": 0.00952670001424849, "enumerate_faces": 2.7499860152602196e-05, "build_adjacency": 0.0003060998860746622, "extract_features": 0.0011303999926894903, "map_labels": 0.00023650005459785461, "sanity_checks": 0.00014459993690252304, "total": 0.011371799744665623}}