{"part_id": "2-10-11-11-12-23", "timings_sec": {"read_step": 0.012198099866509438, "enumerate_faces": 2.95999925583601e-05, "build_adjacency": 0.0004034999292343855, "extract_features": 0.0015193000435829163, "map_labels": 0.00021610013209283352, "sanity_checks": 0.00029520015232264996, "total": 0.014661800116300583}}