{"part_id": "2-10-13-14-19", "timings_sec": {"read_step": 0.007651600055396557, "enumerate_faces": 2.4099834263324738e-05, "build_adjacency": 0.0002539998386055231, "extract_features": 0.0009548000525683165, "map_labels": 0.00019059982150793076, "sanity_checks": 0.0001230000052601099, "total": 0.009198099607601762}}