{"part_id": "2-10-11-12-14-23", "timings_sec": {"read_step": 0.011317099910229445, "enumerate_faces": 2.950010821223259e-05, "build_adjacency": 0.0003646998666226864, "extract_features": 0.0013606001157313585, "map_labels": 0.00021520000882446766, "sanity_checks": 0.00018319999799132347, "total": 0.013470300007611513}}