{"part_id": "2-10-10-12-12-23", "timings_sec": {"read_step": 0.014867800055071712, "enumerate_faces": 3.2800016924738884e-05, "build_adjacency": 0.0003573999274522066, "extract_features": 0.0019060999620705843, "map_labels": 0.0002709999680519104, "sanity_checks": 0.0003231000155210495, "total": 0.0177581999450922}}