{"part_id": "2-10-12-13-19", "timings_sec": {"read_step": 0.008503500139340758, "enumerate_faces": 2.8399983420968056e-05, "build_adjacency": 0.0002679999452084303, "extract_features": 0.0015436999965459108, "map_labels": 0.00025150016881525517, "sanity_checks": 0.00017019989900290966, "total": 0.010765300132334232}}