{"part_id": "2-10-10-13-14-23", "timings_sec": {"read_step": 0.009402399882674217, "enumerate_faces": 3.2400013878941536e-05, "build_adjacency": 0.00031869998201727867, "extract_features": 0.0011784001253545284, "map_labels": 0.00023250002413988113, "sanity_checks": 0.0001539001241326332, "total": 0.01131830015219748}}