{"part_id": "2-11-11-12-13-23", "timings_sec": {"read_step": 0.012210299959406257, "enumerate_faces": 3.469991497695446e-05, "build_adjacency": 0.0003876001574099064, "extract_features": 0.0016269998159259558, "map_labels": 0.00022270018234848976, "sanity_checks": 0.0001829999964684248, "total": 0.014665300026535988}}