{"part_id": "2-11-12-12-12-23", "timings_sec": {"read_step": 0.011222299886867404, "enumerate_faces": 2.8999987989664078e-05, "build_adjacency": 0.000376800075173378, "extract_features": 0.0016167000867426395, "map_labels": 0.00022160005755722523, "sanity_checks": 0.000175100052729249, "total": 0.01364150014705956}}