{"part_id": "2-11-14-14-19", "timings_sec": {"read_step": 0.008855100022628903, "enumerate_faces": 3.0800001695752144e-05, "build_adjacency": 0.00030949991196393967, "extract_features": 0.0012833001092076302, "map_labels": 0.00020280014723539352, "sanity_checks": 0.00014180014841258526, "total": 0.010823300341144204}}