{"part_id": "2-11-12-14-14-23", "timings_sec": {"read_step": 0.013390999985858798, "enumerate_faces": 3.600004129111767e-05, "build_adjacency": 0.00036639999598264694, "extract_features": 0.001319000031799078, "map_labels": 0.00022769998759031296, "sanity_checks": 0.00017699995078146458, "total": 0.015517099993303418}}