{"part_id": "2-11-14-14-14-23", "timings_sec": {"read_step": 0.010200999910011888, "enumerate_faces": 2.5799963623285294e-05, "build_adjacency": 0.0003366998862475157, "extract_features": 0.0012407000176608562, "map_labels": 0.00021580001339316368, "sanity_checks": 0.0001617001835256815, "total": 0.01218169997446239}}