{"part_id": "2-11-12-12-19", "timings_sec": {"read_step": 0.010050400160253048, "enumerate_faces": 2.7999980375170708e-05, "build_adjacency": 0.00032500014640390873, "extract_features": 0.0013326997868716717, "map_labels": 0.0002139001153409481, "sanity_checks": 0.00015249988064169884, "total": 0.012102500069886446}}