{"part_id": "2-11-11-12-14-23", "timings_sec": {"read_step": 0.012552600121125579, "enumerate_faces": 3.3599790185689926e-05, "build_adjacency": 0.0004045001696795225, "extract_features": 0.001480399863794446, "map_labels": 0.0002259998582303524, "sanity_checks": 0.0003295999485999346, "total": 0.015026699751615524}}