{"part_id": "2-12-13-14-19", "timings_sec": {"read_step": 0.007807399844750762, "enumerate_faces": 3.750016912817955e-05, "build_adjacency": 0.0004088999703526497, "extract_features": 0.001368299825116992, "map_labels": 0.00021379999816417694, "sanity_checks": 0.00011770008131861687, "total": 0.009953599888831377}}