{"part_id": "2-12-12-12-12-23", "timings_sec": {"read_step": 0.01051940000616014, "enumerate_faces": 2.3899832740426064e-05, "build_adjacency": 0.0003488999791443348, "extract_features": 0.0012567001394927502, "map_labels": 0.0001908999402076006, "sanity_checks": 0.00015590013936161995, "total": 0.012495700037106872}}