{"part_id": "2-12-13-13-19", "timings_sec": {"read_step": 0.007312200032174587, "enumerate_faces": 2.41999514400959e-05, "build_adjacency": 0.00023990008048713207, "extract_features": 0.0008776001632213593, "map_labels": 0.00018440000712871552, "sanity_checks": 0.00012320000678300858, "total": 0.008761500241234899}}