{"part_id": "2-12-12-13-19", "timings_sec": {"read_step": 0.011089100036770105, "enumerate_faces": 2.9999995604157448e-05, "build_adjacency": 0.0004350000526756048, "extract_features": 0.0014951000921428204, "map_labels": 0.0002983000595122576, "sanity_checks": 0.0001876000314950943, "total": 0.01353510026820004}}