{"part_id": "2-12-12-12-14-23", "timings_sec": {"read_step": 0.009716900065541267, "enumerate_faces": 2.3999949917197227e-05, "build_adjacency": 0.00032720016315579414, "extract_features": 0.0012030999641865492, "map_labels": 0.00020130001939833164, "sanity_checks": 0.00015440001152455807, "total": 0.011626900173723698}}