{"part_id": "2-12-14-14-19", "timings_sec": {"read_step": 0.008144099963828921, "enumerate_faces": 2.4700071662664413e-05, "build_adjacency": 0.0002764998935163021, "extract_features": 0.0009882999584078789, "map_labels": 0.00019999989308416843, "sanity_checks": 0.00012690015137195587, "total": 0.009760499931871891}}