{"part_id": "2-12-14-14-14-23", "timings_sec": {"read_step": 0.009573699906468391, "enumerate_faces": 2.869986928999424e-05, "build_adjacency": 0.00031109992414712906, "extract_features": 0.0011613001115620136, "map_labels": 0.0002185001503676176, "sanity_checks": 0.00014139991253614426, "total": 0.01143469987437129}}