{"part_id": "2-13-13-14-19", "timings_sec": {"read_step": 0.007124300114810467, "enumerate_faces": 2.6300083845853806e-05, "build_adjacency": 0.00023319991305470467, "extract_features": 0.0008562998846173286, "map_labels": 0.0002050998155027628, "sanity_checks": 0.00011319993063807487, "total": 0.008558399742469192}}