{"part_id": "2-13-13-13-19", "timings_sec": {"read_step": 0.006562600145116448, "enumerate_faces": 2.750009298324585e-05, "build_adjacency": 0.00022540008649230003, "extract_features": 0.0007857999298721552, "map_labels": 0.0002112998627126217, "sanity_checks": 0.00010319985449314117, "total": 0.007915799971669912}}