{"part_id": "2-13-14-14-14-23", "timings_sec": {"read_step": 0.009520400082692504, "enumerate_faces": 2.440018579363823e-05, "build_adjacency": 0.0002796999178826809, "extract_features": 0.0010440999176353216, "map_labels": 0.00019420008175075054, "sanity_checks": 0.0001292999368160963, "total": 0.011192100122570992}}