{"part_id": "2-13-13-14-14-23", "timings_sec": {"read_step": 0.005686999997124076, "enumerate_faces": 2.1900050342082977e-05, "build_adjacency": 0.00018530013039708138, "extract_features": 0.0006784000433981419, "map_labels": 0.0001813999842852354, "sanity_checks": 9.050010703504086e-05, "total": 0.006844500312581658}}