{"part_id": "2-14-14-14-14-23", "timings_sec": {"read_step": 0.009194399928674102, "enumerate_faces": 2.7399975806474686e-05, "build_adjacency": 0.0003129001706838608, "extract_features": 0.0010944001842290163, "map_labels": 0.00021549989469349384, "sanity_checks": 0.0001385000068694353, "total": 0.010983100160956383}}