{"part_id": "2-14-14-19", "timings_sec": {"read_step": 0.006347400136291981, "enumerate_faces": 2.4399952962994576e-05, "build_adjacency": 0.00034339982084929943, "extract_features": 0.0013104998506605625, "map_labels": 0.00024630012921988964, "sanity_checks": 0.00021039997227489948, "total": 0.008482399862259626}}