{"part_id": "2-2-3-5-19", "timings_sec": {"read_step": 0.01539069996215403, "enumerate_faces": 3.560003824532032e-05, "build_adjacency": 0.0005043998826295137, "extract_features": 0.0018720999360084534, "map_labels": 0.00023399991914629936, "sanity_checks": 0.0003505998756736517, "total": 0.01838739961385727}}