{"part_id": "2-2-3-7-12-23", "timings_sec": {"read_step": 0.01083820010535419, "enumerate_faces": 2.719997428357601e-05, "build_adjacency": 0.0003619000781327486, "extract_features": 0.0013017000164836645, "map_labels": 0.00020590005442500114, "sanity_checks": 0.00016740011051297188, "total": 0.012902300339192152}}