{"part_id": "2-2-6-12-12-23", "timings_sec": {"read_step": 0.010105000110343099, "enumerate_faces": 2.9900111258029938e-05, "build_adjacency": 0.0003400000277906656, "extract_features": 0.0011793999001383781, "map_labels": 0.00022080005146563053, "sanity_checks": 0.00014819996431469917, "total": 0.012023300165310502}}