{"part_id": "2-2-4-4-5-23", "timings_sec": {"read_step": 0.011487799929454923, "enumerate_faces": 3.2800016924738884e-05, "build_adjacency": 0.00039199995808303356, "extract_features": 0.0013272000942379236, "map_labels": 0.00022440007887780666, "sanity_checks": 0.00015890016220510006, "total": 0.013623100239783525}}