{"part_id": "2-2-10-11-14-23", "timings_sec": {"read_step": 0.012714500073343515, "enumerate_faces": 3.2400013878941536e-05, "build_adjacency": 0.00042150006629526615, "extract_features": 0.0016733999364078045, "map_labels": 0.00023279991000890732, "sanity_checks": 0.00018809991888701916, "total": 0.015262699918821454}}