{"part_id": "2-2-7-8-19", "timings_sec": {"read_step": 0.010101200081408024, "enumerate_faces": 3.369990736246109e-05, "build_adjacency": 0.00031209993176162243, "extract_features": 0.0011354000307619572, "map_labels": 0.0002163001336157322, "sanity_checks": 0.00014539994299411774, "total": 0.011944100027903914}}