{"part_id": "2-2-3-8-9-23", "timings_sec": {"read_step": 0.010909500066190958, "enumerate_faces": 3.2400013878941536e-05, "build_adjacency": 0.00044899992644786835, "extract_features": 0.0013333000242710114, "map_labels": 0.00023770006373524666, "sanity_checks": 0.00015940004959702492, "total": 0.01312130014412105}}