{"part_id": "2-2-9-13-13-23", "timings_sec": {"read_step": 0.0114566998090595, "enumerate_faces": 3.090011887252331e-05, "build_adjacency": 0.0003736000508069992, "extract_features": 0.0013835998252034187, "map_labels": 0.00024969992227852345, "sanity_checks": 0.00015380000695586205, "total": 0.013648299733176827}}