{"part_id": "2-2-9-12-13-23", "timings_sec": {"read_step": 0.011323200073093176, "enumerate_faces": 3.2899901270866394e-05, "build_adjacency": 0.00038330000825226307, "extract_features": 0.001406800001859665, "map_labels": 0.00022120005451142788, "sanity_checks": 0.00017739995382726192, "total": 0.01354479999281466}}