{"part_id": "2-2-5-5-12-23", "timings_sec": {"read_step": 0.012767399894073606, "enumerate_faces": 3.3499905839562416e-05, "build_adjacency": 0.0004133000038564205, "extract_features": 0.0014395997859537601, "map_labels": 0.00021920003928244114, "sanity_checks": 0.00017789984121918678, "total": 0.015050899470224977}}