{"part_id": "2-2-2-8-11-23", "timings_sec": {"read_step": 0.012027299962937832, "enumerate_faces": 2.850010059773922e-05, "build_adjacency": 0.0005250000394880772, "extract_features": 0.0018982000183314085, "map_labels": 0.0002226000651717186, "sanity_checks": 0.00015660002827644348, "total": 0.014858200214803219}}