{"part_id": "2-2-5-10-13-23", "timings_sec": {"read_step": 0.014064500108361244, "enumerate_faces": 3.220001235604286e-05, "build_adjacency": 0.0005181999877095222, "extract_features": 0.0018114999402314425, "map_labels": 0.00022590020671486855, "sanity_checks": 0.0001922000665217638, "total": 0.016844500321894884}}