{"part_id": "2-2-11-11-13-23", "timings_sec": {"read_step": 0.0078032000456005335, "enumerate_faces": 2.9799994081258774e-05, "build_adjacency": 0.0002484000287950039, "extract_features": 0.0008957998361438513, "map_labels": 0.00021450011990964413, "sanity_checks": 0.0001167000737041235, "total": 0.009308400098234415}}