{"part_id": "2-2-4-12-12-23", "timings_sec": {"read_step": 0.009822999825701118, "enumerate_faces": 2.240017056465149e-05, "build_adjacency": 0.0003339999821037054, "extract_features": 0.0011915001086890697, "map_labels": 0.00018540001474320889, "sanity_checks": 0.0001550000160932541, "total": 0.011711300117895007}}