{"part_id": "2-2-7-11-14-23", "timings_sec": {"read_step": 0.012735800119116902, "enumerate_faces": 3.1700124964118004e-05, "build_adjacency": 0.00041399989277124405, "extract_features": 0.001505799824371934, "map_labels": 0.0002421000972390175, "sanity_checks": 0.0001876000314950943, "total": 0.01511700008995831}}