{"part_id": "2-2-5-12-12-23", "timings_sec": {"read_step": 0.010660500032827258, "enumerate_faces": 3.0199997127056122e-05, "build_adjacency": 0.0003574998117983341, "extract_features": 0.00130690005607903, "map_labels": 0.0002101000864058733, "sanity_checks": 0.00024860003031790257, "total": 0.012813800014555454}}