{"part_id": "2-2-3-3-5-23", "timings_sec": {"read_step": 0.014543699799105525, "enumerate_faces": 3.220001235604286e-05, "build_adjacency": 0.0004797999281436205, "extract_features": 0.001873499946668744, "map_labels": 0.00022990000434219837, "sanity_checks": 0.00028169993311166763, "total": 0.0174407996237278}}