{"part_id": "2-2-8-14-14-23", "timings_sec": {"read_step": 0.009025800041854382, "enumerate_faces": 3.3800024539232254e-05, "build_adjacency": 0.0003114000428467989, "extract_features": 0.0013294999953359365, "map_labels": 0.0004811999388039112, "sanity_checks": 0.0001558999065309763, "total": 0.011337599949911237}}