{"part_id": "2-2-5-11-12-23", "timings_sec": {"read_step": 0.011832500109449029, "enumerate_faces": 3.1800009310245514e-05, "build_adjacency": 0.0003909000661224127, "extract_features": 0.0015524998307228088, "map_labels": 0.0002180000301450491, "sanity_checks": 0.00017579994164407253, "total": 0.014201499987393618}}