{"part_id": "2-2-8-10-13-23", "timings_sec": {"read_step": 0.00917069986462593, "enumerate_faces": 2.9799994081258774e-05, "build_adjacency": 0.000305800000205636, "extract_features": 0.0012129000388085842, "map_labels": 0.0002117000985890627, "sanity_checks": 0.00014319992624223232, "total": 0.011074099922552705}}