{"part_id": "2-2-2-3-5-23", "timings_sec": {"read_step": 0.016687900060787797, "enumerate_faces": 3.509991802275181e-05, "build_adjacency": 0.0005480002146214247, "extract_features": 0.001999200088903308, "map_labels": 0.00023250002413988113, "sanity_checks": 0.00021489989012479782, "total": 0.01971760019659996}}