{"part_id": "2-2-10-10-14-23", "timings_sec": {"read_step": 0.010185400024056435, "enumerate_faces": 2.619996666908264e-05, "build_adjacency": 0.0003348998725414276, "extract_features": 0.0012499999720603228, "map_labels": 0.0002569998614490032, "sanity_checks": 0.000175100052729249, "total": 0.01222859974950552}}