{"part_id": "2-2-8-9-14-23", "timings_sec": {"read_step": 0.010535200126469135, "enumerate_faces": 2.7399975806474686e-05, "build_adjacency": 0.0003481998573988676, "extract_features": 0.0014986998867243528, "map_labels": 0.00021020020358264446, "sanity_checks": 0.00016300007700920105, "total": 0.012782700126990676}}