{"part_id": "2-2-5-6-9-23", "timings_sec": {"read_step": 0.011419899994507432, "enumerate_faces": 3.739981912076473e-05, "build_adjacency": 0.00042109983041882515, "extract_features": 0.001334100030362606, "map_labels": 0.0002125999890267849, "sanity_checks": 0.00016930000856518745, "total": 0.0135943996720016}}