{"part_id": "2-2-3-8-10-23", "timings_sec": {"read_step": 0.016932299826294184, "enumerate_faces": 3.400002606213093e-05, "build_adjacency": 0.0003977001179009676, "extract_features": 0.0014035999774932861, "map_labels": 0.00022489996626973152, "sanity_checks": 0.00017019989900290966, "total": 0.01916269981302321}}