{"part_id": "2-2-9-13-19", "timings_sec": {"read_step": 0.008150000125169754, "enumerate_faces": 3.0399998649954796e-05, "build_adjacency": 0.0002652001567184925, "extract_features": 0.0009928999934345484, "map_labels": 0.0002155001275241375, "sanity_checks": 0.0001268000341951847, "total": 0.009780800435692072}}