{"part_id": "2-2-7-7-9-23", "timings_sec": {"read_step": 0.009534999961033463, "enumerate_faces": 3.4599797800183296e-05, "build_adjacency": 0.00030339998193085194, "extract_features": 0.0010355000849813223, "map_labels": 0.0002296001184731722, "sanity_checks": 0.000125599792227149, "total": 0.011263699736446142}}