{"part_id": "2-2-2-7-7-23", "timings_sec": {"read_step": 0.013181300135329366, "enumerate_faces": 3.9800070226192474e-05, "build_adjacency": 0.00042630010284483433, "extract_features": 0.0016465999651700258, "map_labels": 0.00023230002261698246, "sanity_checks": 0.00020499993115663528, "total": 0.015731300227344036}}