{"part_id": "2-2-5-10-10-23", "timings_sec": {"read_step": 0.017615099903196096, "enumerate_faces": 3.620004281401634e-05, "build_adjacency": 0.00045369984582066536, "extract_features": 0.0017152000218629837, "map_labels": 0.00023369980044662952, "sanity_checks": 0.0002337999176234007, "total": 0.020287699531763792}}