{"part_id": "2-2-4-4-9-23", "timings_sec": {"read_step": 0.012687899870797992, "enumerate_faces": 3.569992259144783e-05, "build_adjacency": 0.00037400005385279655, "extract_features": 0.0013874999713152647, "map_labels": 0.0002584001049399376, "sanity_checks": 0.00016360008157789707, "total": 0.014907100005075336}}