{"part_id": "2-2-2-9-13-23", "timings_sec": {"read_step": 0.011433300096541643, "enumerate_faces": 2.459995448589325e-05, "build_adjacency": 0.00039730011485517025, "extract_features": 0.001388499978929758, "map_labels": 0.00019289995543658733, "sanity_checks": 0.00016760011203587055, "total": 0.013604200212284923}}