{"part_id": "2-2-5-5-13-23", "timings_sec": {"read_step": 0.011954100104048848, "enumerate_faces": 3.2300129532814026e-05, "build_adjacency": 0.00038109999150037766, "extract_features": 0.0013371000532060862, "map_labels": 0.0002633000258356333, "sanity_checks": 0.0001645998563617468, "total": 0.014132500160485506}}