{"part_id": "2-2-3-7-9-23", "timings_sec": {"read_step": 0.010251299943774939, "enumerate_faces": 3.510015085339546e-05, "build_adjacency": 0.0006099001038819551, "extract_features": 0.0024280999787151814, "map_labels": 0.00026050000451505184, "sanity_checks": 0.0002786999102681875, "total": 0.01386360009200871}}