{"part_id": "2-2-2-2-2-23", "timings_sec": {"read_step": 0.018398100044578314, "enumerate_faces": 2.9100105166435242e-05, "build_adjacency": 0.0006098998710513115, "extract_features": 0.0021027999464422464, "map_labels": 0.000224200077354908, "sanity_checks": 0.00025240005925297737, "total": 0.021616500103846192}}