{"part_id": "2-2-8-8-11-23", "timings_sec": {"read_step": 0.010469899978488684, "enumerate_faces": 3.5899924114346504e-05, "build_adjacency": 0.00033379998058080673, "extract_features": 0.0012487999629229307, "map_labels": 0.0002445001155138016, "sanity_checks": 0.00025999988429248333, "total": 0.012592899845913053}}