{"part_id": "2-2-2-6-9-23", "timings_sec": {"read_step": 0.010938600171357393, "enumerate_faces": 3.400002606213093e-05, "build_adjacency": 0.00036800000816583633, "extract_features": 0.0013248000759631395, "map_labels": 0.00022389995865523815, "sanity_checks": 0.000157299917191267, "total": 0.013046600157395005}}