{"part_id": "2-2-8-12-19", "timings_sec": {"read_step": 0.01041129999794066, "enumerate_faces": 3.42000275850296e-05, "build_adjacency": 0.0003347999881953001, "extract_features": 0.0011347001418471336, "map_labels": 0.00021600001491606236, "sanity_checks": 0.0001395998988300562, "total": 0.012270600069314241}}