{"part_id": "2-2-7-9-12-23", "timings_sec": {"read_step": 0.0077062000054866076, "enumerate_faces": 3.160000778734684e-05, "build_adjacency": 0.0002492999192327261, "extract_features": 0.0010015000589191914, "map_labels": 0.00023690005764365196, "sanity_checks": 0.0001175999641418457, "total": 0.00934310001321137}}