{"part_id": "2-2-5-12-14-23", "timings_sec": {"read_step": 0.009141799993813038, "enumerate_faces": 2.750009298324585e-05, "build_adjacency": 0.00047610001638531685, "extract_features": 0.001082699978724122, "map_labels": 0.0001954999752342701, "sanity_checks": 0.00013520009815692902, "total": 0.011058800155296922}}