{"part_id": "2-2-6-6-13-23", "timings_sec": {"read_step": 0.009261599974706769, "enumerate_faces": 2.750009298324585e-05, "build_adjacency": 0.00041310000233352184, "extract_features": 0.00104859983548522, "map_labels": 0.00019700010307133198, "sanity_checks": 0.00013649999164044857, "total": 0.011084300000220537}}