{"part_id": "2-2-5-10-11-23", "timings_sec": {"read_step": 0.012595700100064278, "enumerate_faces": 2.9399991035461426e-05, "build_adjacency": 0.00038180011324584484, "extract_features": 0.001398199936375022, "map_labels": 0.0002536000683903694, "sanity_checks": 0.00018550013191998005, "total": 0.014844200341030955}}