{"part_id": "2-2-2-19", "timings_sec": {"read_step": 0.007551399990916252, "enumerate_faces": 3.0300114303827286e-05, "build_adjacency": 0.0002483001444488764, "extract_features": 0.0009127999655902386, "map_labels": 0.00022280006669461727, "sanity_checks": 0.00011579995043575764, "total": 0.00908140023238957}}