{"part_id": "2-2-3-5-8-23", "timings_sec": {"read_step": 0.015220900066196918, "enumerate_faces": 3.309990279376507e-05, "build_adjacency": 0.0004909001290798187, "extract_features": 0.0021017000544816256, "map_labels": 0.00022920011542737484, "sanity_checks": 0.00021610013209283352, "total": 0.018291900400072336}}