{"part_id": "2-2-8-10-10-23", "timings_sec": {"read_step": 0.011764200171455741, "enumerate_faces": 3.309990279376507e-05, "build_adjacency": 0.0004203000571578741, "extract_features": 0.0014166999608278275, "map_labels": 0.0002445999998599291, "sanity_checks": 0.00018580001778900623, "total": 0.014064700109884143}}