{"part_id": "2-2-3-13-19", "timings_sec": {"read_step": 0.009158500004559755, "enumerate_faces": 3.110012039542198e-05, "build_adjacency": 0.0003138999454677105, "extract_features": 0.0010891000274568796, "map_labels": 0.00021079997532069683, "sanity_checks": 0.00013900012709200382, "total": 0.010942400200292468}}