{"part_id": "2-2-5-5-10-23", "timings_sec": {"read_step": 0.010510000167414546, "enumerate_faces": 2.9199989512562752e-05, "build_adjacency": 0.0003535000141710043, "extract_features": 0.0014723001513630152, "map_labels": 0.00020540016703307629, "sanity_checks": 0.00016950001008808613, "total": 0.01273990049958229}}