{"part_id": "2-2-7-8-14-23", "timings_sec": {"read_step": 0.010407899972051382, "enumerate_faces": 3.1499890610575676e-05, "build_adjacency": 0.00034549995325505733, "extract_features": 0.0012244000099599361, "map_labels": 0.00022909999825060368, "sanity_checks": 0.0001533001195639372, "total": 0.012391699943691492}}