{"part_id": "2-2-2-13-13-23", "timings_sec": {"read_step": 0.016382399946451187, "enumerate_faces": 4.779989831149578e-05, "build_adjacency": 0.0006224000826478004, "extract_features": 0.001596400048583746, "map_labels": 0.00023470004089176655, "sanity_checks": 0.0001621998380869627, "total": 0.01904589985497296}}