{"part_id": "2-2-3-12-19", "timings_sec": {"read_step": 0.02059109997935593, "enumerate_faces": 4.12999652326107e-05, "build_adjacency": 0.0007193000055849552, "extract_features": 0.00201070006005466, "map_labels": 0.00023169978521764278, "sanity_checks": 0.00017789984121918678, "total": 0.023771999636664987}}