{"part_id": "2-2-4-14-14-23", "timings_sec": {"read_step": 0.013704099925234914, "enumerate_faces": 4.1899969801306725e-05, "build_adjacency": 0.000560099957510829, "extract_features": 0.002174499910324812, "map_labels": 0.00026909983716905117, "sanity_checks": 0.0002478999085724354, "total": 0.016997599508613348}}