{"part_id": "2-2-3-6-9-23", "timings_sec": {"read_step": 0.014792399946600199, "enumerate_faces": 2.4999957531690598e-05, "build_adjacency": 0.000502200098708272, "extract_features": 0.0017425001133233309, "map_labels": 0.0002001000102609396, "sanity_checks": 0.00020859995856881142, "total": 0.017470800084993243}}