{"part_id": "2-2-6-11-19", "timings_sec": {"read_step": 0.00926900003105402, "enumerate_faces": 2.8899870812892914e-05, "build_adjacency": 0.00030640000477433205, "extract_features": 0.0011058999225497246, "map_labels": 0.00022629997693002224, "sanity_checks": 0.00014139991253614426, "total": 0.011077899718657136}}