{"part_id": "2-2-9-11-14-23", "timings_sec": {"read_step": 0.01098859985359013, "enumerate_faces": 4.319986328482628e-05, "build_adjacency": 0.0005024001002311707, "extract_features": 0.0013460998889058828, "map_labels": 0.00023660017177462578, "sanity_checks": 0.00017470004968345165, "total": 0.013291599927470088}}