{"part_id": "2-2-3-5-5-23", "timings_sec": {"read_step": 0.011760300025343895, "enumerate_faces": 3.5300152376294136e-05, "build_adjacency": 0.00038410001434385777, "extract_features": 0.001368100056424737, "map_labels": 0.00022529996931552887, "sanity_checks": 0.00022360007278621197, "total": 0.013996700290590525}}