{"part_id": "2-2-3-3-3-23", "timings_sec": {"read_step": 0.022258299868553877, "enumerate_faces": 3.7400051951408386e-05, "build_adjacency": 0.0006985999643802643, "extract_features": 0.0025592001620680094, "map_labels": 0.00024339999072253704, "sanity_checks": 0.00029639992862939835, "total": 0.026093299966305494}}