{"part_id": "2-2-4-5-6-23", "timings_sec": {"read_step": 0.010356299811974168, "enumerate_faces": 3.4400029107928276e-05, "build_adjacency": 0.0003532001283019781, "extract_features": 0.0011917001102119684, "map_labels": 0.00022079981863498688, "sanity_checks": 0.0001463000662624836, "total": 0.012302699964493513}}