{"part_id": "2-2-2-6-13-23", "timings_sec": {"read_step": 0.01360559999011457, "enumerate_faces": 2.9899878427386284e-05, "build_adjacency": 0.0004624000284820795, "extract_features": 0.0015910000074654818, "map_labels": 0.00021370011381804943, "sanity_checks": 0.00018700002692639828, "total": 0.016089600045233965}}