{"part_id": "2-2-6-14-19", "timings_sec": {"read_step": 0.010147300083190203, "enumerate_faces": 3.120000474154949e-05, "build_adjacency": 0.00031940010376274586, "extract_features": 0.001341099850833416, "map_labels": 0.00021810014732182026, "sanity_checks": 0.00014439993537962437, "total": 0.012201500125229359}}