{"part_id": "2-2-9-12-12-23", "timings_sec": {"read_step": 0.011191499885171652, "enumerate_faces": 4.400010220706463e-05, "build_adjacency": 0.0004986000712960958, "extract_features": 0.001364199910312891, "map_labels": 0.0002604997716844082, "sanity_checks": 0.00017659994773566723, "total": 0.013535399688407779}}