{"part_id": "2-2-5-5-6-23", "timings_sec": {"read_step": 0.009872900089249015, "enumerate_faces": 2.9399991035461426e-05, "build_adjacency": 0.0003229000139981508, "extract_features": 0.0012962999753654003, "map_labels": 0.00020190002396702766, "sanity_checks": 0.00014779996126890182, "total": 0.011871200054883957}}