{"part_id": "2-2-2-3-6-23", "timings_sec": {"read_step": 0.017941799946129322, "enumerate_faces": 3.609992563724518e-05, "build_adjacency": 0.0005787999834865332, "extract_features": 0.002176899928599596, "map_labels": 0.00023779994808137417, "sanity_checks": 0.00024019996635615826, "total": 0.02121159969829023}}