{"part_id": "2-2-19", "timings_sec": {"read_step": 0.008400500053539872, "enumerate_faces": 3.1300121918320656e-05, "build_adjacency": 0.00031429994851350784, "extract_features": 0.0010974998585879803, "map_labels": 0.00022849999368190765, "sanity_checks": 0.00015480001457035542, "total": 0.010226899990811944}}