{"part_id": "2-2-13-13-14-23", "timings_sec": {"read_step": 0.013070499990135431, "enumerate_faces": 4.100007936358452e-05, "build_adjacency": 0.0004976000636816025, "extract_features": 0.0017881998792290688, "map_labels": 0.0002874999772757292, "sanity_checks": 0.00024099997244775295, "total": 0.01592579996213317}}