{"part_id": "2-2-5-5-14-23", "timings_sec": {"read_step": 0.011939399875700474, "enumerate_faces": 3.0299881473183632e-05, "build_adjacency": 0.000395399983972311, "extract_features": 0.0015143000055104494, "map_labels": 0.0002079999540001154, "sanity_checks": 0.00016639987006783485, "total": 0.014253799570724368}}