{"part_id": "2-2-4-4-10-23", "timings_sec": {"read_step": 0.010213400004431605, "enumerate_faces": 3.560003824532032e-05, "build_adjacency": 0.00034469994716346264, "extract_features": 0.00119750015437603, "map_labels": 0.00021080020815134048, "sanity_checks": 0.0001534000039100647, "total": 0.012155400356277823}}