{"part_id": "2-2-8-9-11-23", "timings_sec": {"read_step": 0.010811900021508336, "enumerate_faces": 2.95999925583601e-05, "build_adjacency": 0.0003372998908162117, "extract_features": 0.0013207001611590385, "map_labels": 0.00021110009402036667, "sanity_checks": 0.00016819988377392292, "total": 0.012878800043836236}}