{"part_id": "2-2-3-3-4-23", "timings_sec": {"read_step": 0.01280399993993342, "enumerate_faces": 3.460003063082695e-05, "build_adjacency": 0.00040140002965927124, "extract_features": 0.001578400144353509, "map_labels": 0.0002234999556094408, "sanity_checks": 0.00018500001169741154, "total": 0.015226900111883879}}