{"part_id": "2-2-4-10-12-23", "timings_sec": {"read_step": 0.01113839983008802, "enumerate_faces": 2.9700109735131264e-05, "build_adjacency": 0.0003450000658631325, "extract_features": 0.0012564000207930803, "map_labels": 0.0002210000529885292, "sanity_checks": 0.0001588999293744564, "total": 0.013149400008842349}}