{"part_id": "2-2-7-10-11-23", "timings_sec": {"read_step": 0.016233399976044893, "enumerate_faces": 3.71001660823822e-05, "build_adjacency": 0.0004650999326258898, "extract_features": 0.0015922999009490013, "map_labels": 0.00024749990552663803, "sanity_checks": 0.0001876999158412218, "total": 0.018763099797070026}}