{"part_id": "2-2-7-9-11-23", "timings_sec": {"read_step": 0.012227499857544899, "enumerate_faces": 4.4899992644786835e-05, "build_adjacency": 0.00036010006442666054, "extract_features": 0.0013249998446553946, "map_labels": 0.00023110001347959042, "sanity_checks": 0.00017220014706254005, "total": 0.014360799919813871}}