{"part_id": "2-2-8-9-19", "timings_sec": {"read_step": 0.007846199907362461, "enumerate_faces": 3.1400006264448166e-05, "build_adjacency": 0.00025880010798573494, "extract_features": 0.0009699000511318445, "map_labels": 0.0002500999253243208, "sanity_checks": 0.0002302001230418682, "total": 0.009586600121110678}}