{"part_id": "2-2-9-11-12-23", "timings_sec": {"read_step": 0.012289700098335743, "enumerate_faces": 3.109988756477833e-05, "build_adjacency": 0.0005242000333964825, "extract_features": 0.0014696000143885612, "map_labels": 0.0002452000044286251, "sanity_checks": 0.0001916999462991953, "total": 0.014751499984413385}}