{"part_id": "2-2-9-10-12-23", "timings_sec": {"read_step": 0.00999510008841753, "enumerate_faces": 2.719997428357601e-05, "build_adjacency": 0.00033609988167881966, "extract_features": 0.0012638999614864588, "map_labels": 0.00021359999664127827, "sanity_checks": 0.00016359984874725342, "total": 0.011999499751254916}}