{"part_id": "2-2-4-5-9-23", "timings_sec": {"read_step": 0.009470999939367175, "enumerate_faces": 2.3399945348501205e-05, "build_adjacency": 0.0003154999576508999, "extract_features": 0.0011669001542031765, "map_labels": 0.00019910000264644623, "sanity_checks": 0.00014910008758306503, "total": 0.011325000086799264}}