{"part_id": "2-2-2-4-11-23", "timings_sec": {"read_step": 0.01491090003401041, "enumerate_faces": 2.7399975806474686e-05, "build_adjacency": 0.00047820014879107475, "extract_features": 0.001730599906295538, "map_labels": 0.00024710013531148434, "sanity_checks": 0.00020759995095431805, "total": 0.0176018001511693}}