{"part_id": "2-2-5-7-7-23", "timings_sec": {"read_step": 0.012080500135198236, "enumerate_faces": 2.550007775425911e-05, "build_adjacency": 0.0004328999202698469, "extract_features": 0.0014275000430643559, "map_labels": 0.00020839995704591274, "sanity_checks": 0.0001797000877559185, "total": 0.014354500221088529}}