{"part_id": "2-2-9-14-14-23", "timings_sec": {"read_step": 0.009410700062289834, "enumerate_faces": 3.269989974796772e-05, "build_adjacency": 0.0003831000067293644, "extract_features": 0.0012614000588655472, "map_labels": 0.00021270010620355606, "sanity_checks": 0.00015160022303462029, "total": 0.01145220035687089}}