{"part_id": "2-2-6-7-19", "timings_sec": {"read_step": 0.007396099856123328, "enumerate_faces": 2.0300038158893585e-05, "build_adjacency": 0.00024480000138282776, "extract_features": 0.0008930000476539135, "map_labels": 0.00018079997971653938, "sanity_checks": 0.00011499994434416294, "total": 0.008849999867379665}}