{"part_id": "2-2-2-2-5-23", "timings_sec": {"read_step": 0.018245399929583073, "enumerate_faces": 3.5499921068549156e-05, "build_adjacency": 0.0005495999939739704, "extract_features": 0.0018148000817745924, "map_labels": 0.00024090008810162544, "sanity_checks": 0.00021040020510554314, "total": 0.021096600219607353}}