{"part_id": "2-2-2-11-11-23", "timings_sec": {"read_step": 0.024694700026884675, "enumerate_faces": 5.360017530620098e-05, "build_adjacency": 0.0008894000202417374, "extract_features": 0.0034415998961776495, "map_labels": 0.0002896001096814871, "sanity_checks": 0.0003847000189125538, "total": 0.029753600247204304}}