{"part_id": "2-2-11-11-11-23", "timings_sec": {"read_step": 0.013312899973243475, "enumerate_faces": 3.360002301633358e-05, "build_adjacency": 0.0004470997955650091, "extract_features": 0.0018399001564830542, "map_labels": 0.00022799987345933914, "sanity_checks": 0.00021119997836649418, "total": 0.016072699800133705}}