{"part_id": "2-2-6-11-14-23", "timings_sec": {"read_step": 0.010308300144970417, "enumerate_faces": 2.759997732937336e-05, "build_adjacency": 0.0003494999837130308, "extract_features": 0.0013696998357772827, "map_labels": 0.00021069985814392567, "sanity_checks": 0.00015730015002191067, "total": 0.01242309994995594}}