{"part_id": "2-2-6-9-14-23", "timings_sec": {"read_step": 0.010700499871745706, "enumerate_faces": 3.0800001695752144e-05, "build_adjacency": 0.00036019994877278805, "extract_features": 0.0014671001117676497, "map_labels": 0.00020570005290210247, "sanity_checks": 0.00015540001913905144, "total": 0.01291970000602305}}