{"part_id": "2-2-4-11-13-23", "timings_sec": {"read_step": 0.011468400014564395, "enumerate_faces": 2.2399937734007835e-05, "build_adjacency": 0.0003804001025855541, "extract_features": 0.0014390000142157078, "map_labels": 0.00019030016846954823, "sanity_checks": 0.00018360000103712082, "total": 0.013684100238606334}}