{"part_id": "2-2-7-11-12-23", "timings_sec": {"read_step": 0.012908300152048469, "enumerate_faces": 3.0800001695752144e-05, "build_adjacency": 0.0004205999430269003, "extract_features": 0.0016598999500274658, "map_labels": 0.00021039997227489948, "sanity_checks": 0.00018969993107020855, "total": 0.015419699950143695}}