{"part_id": "2-2-6-7-7-23", "timings_sec": {"read_step": 0.008594400016590953, "enumerate_faces": 2.110004425048828e-05, "build_adjacency": 0.00028300005942583084, "extract_features": 0.001049600075930357, "map_labels": 0.00018589990213513374, "sanity_checks": 0.000134600093588233, "total": 0.010268600191920996}}