{"part_id": "2-2-6-9-11-23", "timings_sec": {"read_step": 0.010456799995154142, "enumerate_faces": 3.300001844763756e-05, "build_adjacency": 0.00036319997161626816, "extract_features": 0.0012731000315397978, "map_labels": 0.00022609997540712357, "sanity_checks": 0.00016619986854493618, "total": 0.012518399860709906}}