{"part_id": "2-2-8-13-13-23", "timings_sec": {"read_step": 0.009973200038075447, "enumerate_faces": 3.2899901270866394e-05, "build_adjacency": 0.00043340004049241543, "extract_features": 0.0012486998457461596, "map_labels": 0.00022789998911321163, "sanity_checks": 0.00015259999781847, "total": 0.01206869981251657}}