{"part_id": "2-2-2-4-5-23", "timings_sec": {"read_step": 0.011962800053879619, "enumerate_faces": 3.400002606213093e-05, "build_adjacency": 0.0003939000889658928, "extract_features": 0.001375500112771988, "map_labels": 0.0002234999556094408, "sanity_checks": 0.00016469997353851795, "total": 0.014154400210827589}}