{"part_id": "2-2-4-9-12-23", "timings_sec": {"read_step": 0.011451099999248981, "enumerate_faces": 3.360002301633358e-05, "build_adjacency": 0.00039439997635781765, "extract_features": 0.0013588001020252705, "map_labels": 0.0002857998479157686, "sanity_checks": 0.00016950001008808613, "total": 0.013693199958652258}}