{"part_id": "2-2-11-12-12-23", "timings_sec": {"read_step": 0.014581700088456273, "enumerate_faces": 4.409998655319214e-05, "build_adjacency": 0.0006468999199569225, "extract_features": 0.002242199843749404, "map_labels": 0.00024329987354576588, "sanity_checks": 0.00018190010450780392, "total": 0.01794009981676936}}