{"part_id": "2-2-6-6-10-23", "timings_sec": {"read_step": 0.009158400120213628, "enumerate_faces": 2.659996971487999e-05, "build_adjacency": 0.0004708000924438238, "extract_features": 0.0011170001234859228, "map_labels": 0.00021239998750388622, "sanity_checks": 0.00014230003580451012, "total": 0.01112750032916665}}