{"part_id": "2-2-2-12-13-23", "timings_sec": {"read_step": 0.013751299818977714, "enumerate_faces": 3.460003063082695e-05, "build_adjacency": 0.00039089983329176903, "extract_features": 0.0021842001006007195, "map_labels": 0.0002710998523980379, "sanity_checks": 0.00018859980627894402, "total": 0.01682069944217801}}