{"part_id": "2-2-7-10-10-23", "timings_sec": {"read_step": 0.01167530007660389, "enumerate_faces": 4.169996827840805e-05, "build_adjacency": 0.0004680999554693699, "extract_features": 0.0015219999477267265, "map_labels": 0.0002927999012172222, "sanity_checks": 0.00030269986018538475, "total": 0.014302599709481001}}