{"part_id": "2-2-3-3-13-23", "timings_sec": {"read_step": 0.015025199856609106, "enumerate_faces": 2.640020102262497e-05, "build_adjacency": 0.0004952000454068184, "extract_features": 0.001747900154441595, "map_labels": 0.0002093000803142786, "sanity_checks": 0.00020299991592764854, "total": 0.01770700025372207}}