{"part_id": "2-2-4-8-9-23", "timings_sec": {"read_step": 0.00890920008532703, "enumerate_faces": 2.6900088414549828e-05, "build_adjacency": 0.00029509980231523514, "extract_features": 0.0010973999742418528, "map_labels": 0.00024800002574920654, "sanity_checks": 0.00015030009672045708, "total": 0.01072690007276833}}