{"part_id": "2-2-4-8-13-23", "timings_sec": {"read_step": 0.008591700112447143, "enumerate_faces": 2.7099857106804848e-05, "build_adjacency": 0.0002975999377667904, "extract_features": 0.0010204000864177942, "map_labels": 0.00019609997980296612, "sanity_checks": 0.00012949993833899498, "total": 0.010262399911880493}}