{"part_id": "2-2-6-11-11-23", "timings_sec": {"read_step": 0.013035699957981706, "enumerate_faces": 2.95999925583601e-05, "build_adjacency": 0.00043759983964264393, "extract_features": 0.001811400055885315, "map_labels": 0.00023540016263723373, "sanity_checks": 0.00019289995543658733, "total": 0.015742599964141846}}