{"part_id": "2-2-3-11-14-23", "timings_sec": {"read_step": 0.017246699891984463, "enumerate_faces": 3.5400036722421646e-05, "build_adjacency": 0.0004328000359237194, "extract_features": 0.0018540001474320889, "map_labels": 0.00030259997583925724, "sanity_checks": 0.0003053999971598387, "total": 0.02017690008506179}}