{"part_id": "2-2-2-6-14-23", "timings_sec": {"read_step": 0.00959510006941855, "enumerate_faces": 3.1800009310245514e-05, "build_adjacency": 0.0003053999971598387, "extract_features": 0.0011088000610470772, "map_labels": 0.0001946999691426754, "sanity_checks": 0.00013819988816976547, "total": 0.011373999994248152}}