{"part_id": "2-2-8-9-10-23", "timings_sec": {"read_step": 0.011093599954620004, "enumerate_faces": 3.1700124964118004e-05, "build_adjacency": 0.0003746999427676201, "extract_features": 0.001462399959564209, "map_labels": 0.00021610013209283352, "sanity_checks": 0.00016200006939470768, "total": 0.013340500183403492}}