{"part_id": "2-2-8-11-13-23", "timings_sec": {"read_step": 0.010353200137615204, "enumerate_faces": 3.5300152376294136e-05, "build_adjacency": 0.0004898000042885542, "extract_features": 0.0014500000979751348, "map_labels": 0.00025899987667798996, "sanity_checks": 0.0001672001089900732, "total": 0.01275450037792325}}