{"part_id": "2-2-6-8-14-23", "timings_sec": {"read_step": 0.011099399998784065, "enumerate_faces": 3.4300144761800766e-05, "build_adjacency": 0.00034460006281733513, "extract_features": 0.0013484000228345394, "map_labels": 0.00023019989021122456, "sanity_checks": 0.00016309996135532856, "total": 0.013220000080764294}}