{"part_id": "2-2-2-4-6-23", "timings_sec": {"read_step": 0.012965200003236532, "enumerate_faces": 3.200001083314419e-05, "build_adjacency": 0.0004265999887138605, "extract_features": 0.0014812999870628119, "map_labels": 0.00021869991905987263, "sanity_checks": 0.00021890015341341496, "total": 0.015342700062319636}}