{"part_id": "2-2-7-12-14-23", "timings_sec": {"read_step": 0.009492600103840232, "enumerate_faces": 2.8300099074840546e-05, "build_adjacency": 0.0003245000261813402, "extract_features": 0.00117759988643229, "map_labels": 0.0002112998627126217, "sanity_checks": 0.00023099989630281925, "total": 0.011465299874544144}}