{"part_id": "2-2-6-6-9-23", "timings_sec": {"read_step": 0.008541800081729889, "enumerate_faces": 2.7600210160017014e-05, "build_adjacency": 0.00028650020249187946, "extract_features": 0.001059599919244647, "map_labels": 0.00020359992049634457, "sanity_checks": 0.00013529998250305653, "total": 0.010254400316625834}}