{"part_id": "2-2-6-8-19", "timings_sec": {"read_step": 0.009253300027921796, "enumerate_faces": 3.109988756477833e-05, "build_adjacency": 0.00031160004436969757, "extract_features": 0.001049600075930357, "map_labels": 0.0002117999829351902, "sanity_checks": 0.00012960005551576614, "total": 0.010987000074237585}}