{"part_id": "2-2-3-14-19", "timings_sec": {"read_step": 0.011167599819600582, "enumerate_faces": 3.210012800991535e-05, "build_adjacency": 0.0003643999807536602, "extract_features": 0.0013742998708039522, "map_labels": 0.00021399999968707561, "sanity_checks": 0.000148500083014369, "total": 0.013300899881869555}}