{"part_id": "2-2-4-7-14-23", "timings_sec": {"read_step": 0.00948949996381998, "enumerate_faces": 3.400002606213093e-05, "build_adjacency": 0.0002881998661905527, "extract_features": 0.0011829999275505543, "map_labels": 0.00023559993132948875, "sanity_checks": 0.00013069994747638702, "total": 0.011360999662429094}}