{"part_id": "2-2-2-7-19", "timings_sec": {"read_step": 0.01050470001064241, "enumerate_faces": 2.969987690448761e-05, "build_adjacency": 0.0003478000871837139, "extract_features": 0.0011909001041203737, "map_labels": 0.00021510012447834015, "sanity_checks": 0.00014510005712509155, "total": 0.012433300260454416}}