{"part_id": "2-2-3-14-14-23", "timings_sec": {"read_step": 0.012297800043597817, "enumerate_faces": 3.0700117349624634e-05, "build_adjacency": 0.0004198998212814331, "extract_features": 0.0014470000751316547, "map_labels": 0.00021489989012479782, "sanity_checks": 0.00017020013183355331, "total": 0.014580500079318881}}