{"part_id": "2-2-5-9-11-23", "timings_sec": {"read_step": 0.011198800057172775, "enumerate_faces": 3.620004281401634e-05, "build_adjacency": 0.0003825000021606684, "extract_features": 0.0013620001263916492, "map_labels": 0.00021119997836649418, "sanity_checks": 0.00017380015924572945, "total": 0.013364500366151333}}