{"part_id": "2-2-4-11-19", "timings_sec": {"read_step": 0.007444400107488036, "enumerate_faces": 2.5999965146183968e-05, "build_adjacency": 0.00022389995865523815, "extract_features": 0.0008376999758183956, "map_labels": 0.0002122002188116312, "sanity_checks": 0.00010689999908208847, "total": 0.008851100225001574}}