{"part_id": "2-2-2-12-14-23", "timings_sec": {"read_step": 0.018401799956336617, "enumerate_faces": 4.829978570342064e-05, "build_adjacency": 0.0006986001972109079, "extract_features": 0.002555399900302291, "map_labels": 0.0002725999802350998, "sanity_checks": 0.00028449995443224907, "total": 0.022261199774220586}}