{"part_id": "2-2-6-11-12-23", "timings_sec": {"read_step": 0.010727300075814128, "enumerate_faces": 2.8800219297409058e-05, "build_adjacency": 0.00036129984073340893, "extract_features": 0.001717899926006794, "map_labels": 0.0002707999665290117, "sanity_checks": 0.0002661000471562147, "total": 0.013372200075536966}}