{"part_id": "2-2-3-4-12-23", "timings_sec": {"read_step": 0.014997499994933605, "enumerate_faces": 3.320001997053623e-05, "build_adjacency": 0.00046719983220100403, "extract_features": 0.0017190000507980585, "map_labels": 0.0002462000120431185, "sanity_checks": 0.00033920002169907093, "total": 0.017802299931645393}}