{"part_id": "2-2-3-5-9-23", "timings_sec": {"read_step": 0.01561330002732575, "enumerate_faces": 3.5300152376294136e-05, "build_adjacency": 0.0005318000912666321, "extract_features": 0.0020806000102311373, "map_labels": 0.00023290002718567848, "sanity_checks": 0.0002335000317543745, "total": 0.018727400340139866}}