{"part_id": "2-2-9-10-10-23", "timings_sec": {"read_step": 0.011726999888196588, "enumerate_faces": 3.100000321865082e-05, "build_adjacency": 0.0005729000549763441, "extract_features": 0.0016562000382691622, "map_labels": 0.00021789991296827793, "sanity_checks": 0.0001799999736249447, "total": 0.014384999871253967}}