{"part_id": "2-2-6-14-14-23", "timings_sec": {"read_step": 0.009421500144526362, "enumerate_faces": 2.6399968191981316e-05, "build_adjacency": 0.00031240005046129227, "extract_features": 0.0012997000012546778, "map_labels": 0.000206800177693367, "sanity_checks": 0.00014030002057552338, "total": 0.011407100362703204}}