{"part_id": "2-2-3-7-13-23", "timings_sec": {"read_step": 0.013795000035315752, "enumerate_faces": 2.759997732937336e-05, "build_adjacency": 0.00047209998592734337, "extract_features": 0.0016413999255746603, "map_labels": 0.00021130009554326534, "sanity_checks": 0.00020790006965398788, "total": 0.016355300089344382}}