{"part_id": "2-2-11-13-13-23", "timings_sec": {"read_step": 0.01783819985575974, "enumerate_faces": 4.540011286735535e-05, "build_adjacency": 0.0006311999168246984, "extract_features": 0.002390699926763773, "map_labels": 0.0003124999348074198, "sanity_checks": 0.00017199991270899773, "total": 0.021389999659731984}}