{"part_id": "2-2-4-6-6-23", "timings_sec": {"read_step": 0.008105400018393993, "enumerate_faces": 2.050003968179226e-05, "build_adjacency": 0.0002679000608623028, "extract_features": 0.0009812000207602978, "map_labels": 0.00017959997057914734, "sanity_checks": 0.00012740003876388073, "total": 0.009682000149041414}}