{"part_id": "2-2-7-10-12-23", "timings_sec": {"read_step": 0.017845400143414736, "enumerate_faces": 3.7400051951408386e-05, "build_adjacency": 0.0003869999200105667, "extract_features": 0.0018613999709486961, "map_labels": 0.0003027999773621559, "sanity_checks": 0.0002788999117910862, "total": 0.02071289997547865}}