{"part_id": "2-2-2-5-12-23", "timings_sec": {"read_step": 0.010653800098225474, "enumerate_faces": 2.7799978852272034e-05, "build_adjacency": 0.00034509995020926, "extract_features": 0.0012618000619113445, "map_labels": 0.00021789991296827793, "sanity_checks": 0.00015650014393031597, "total": 0.012662900146096945}}