{"part_id": "2-2-5-6-19", "timings_sec": {"read_step": 0.008427599910646677, "enumerate_faces": 2.2999942302703857e-05, "build_adjacency": 0.00029859994538128376, "extract_features": 0.0010263998992741108, "map_labels": 0.00019739987328648567, "sanity_checks": 0.00013120006769895554, "total": 0.010104199638590217}}