{"part_id": "2-2-2-10-10-23", "timings_sec": {"read_step": 0.018849499989300966, "enumerate_faces": 3.5800039768218994e-05, "build_adjacency": 0.0004602000117301941, "extract_features": 0.0023684001062065363, "map_labels": 0.00029129977338016033, "sanity_checks": 0.0003198001068085432, "total": 0.02232500002719462}}