{"part_id": "2-2-5-6-11-23", "timings_sec": {"read_step": 0.010230999905616045, "enumerate_faces": 2.110004425048828e-05, "build_adjacency": 0.0003364000003784895, "extract_features": 0.0012749000452458858, "map_labels": 0.0001821001060307026, "sanity_checks": 0.0001697000116109848, "total": 0.012215200113132596}}