{"part_id": "2-2-2-7-12-23", "timings_sec": {"read_step": 0.01411690004169941, "enumerate_faces": 3.3300137147307396e-05, "build_adjacency": 0.00048539997078478336, "extract_features": 0.0015818001702427864, "map_labels": 0.0002258999738842249, "sanity_checks": 0.00019109994173049927, "total": 0.01663440023548901}}