{"part_id": "2-2-8-13-14-23", "timings_sec": {"read_step": 0.010652099968865514, "enumerate_faces": 3.3300137147307396e-05, "build_adjacency": 0.00034120003692805767, "extract_features": 0.0012036999687552452, "map_labels": 0.000300699844956398, "sanity_checks": 0.00016729999333620071, "total": 0.012698299949988723}}