{"part_id": "2-2-8-8-12-23", "timings_sec": {"read_step": 0.011357199866324663, "enumerate_faces": 3.190012648701668e-05, "build_adjacency": 0.00037589995190501213, "extract_features": 0.0014873999170958996, "map_labels": 0.00021289987489581108, "sanity_checks": 0.00016400008462369442, "total": 0.013629299821332097}}