{"part_id": "2-2-10-12-12-23", "timings_sec": {"read_step": 0.018522500060498714, "enumerate_faces": 4.2899977415800095e-05, "build_adjacency": 0.000536999898031354, "extract_features": 0.0017969999462366104, "map_labels": 0.00024310010485351086, "sanity_checks": 0.0002758000046014786, "total": 0.02141829999163747}}