{"part_id": "2-2-7-8-10-23", "timings_sec": {"read_step": 0.010247000027447939, "enumerate_faces": 3.200001083314419e-05, "build_adjacency": 0.0003215998876839876, "extract_features": 0.0013101000804454088, "map_labels": 0.0002239001914858818, "sanity_checks": 0.00014919997192919254, "total": 0.012283800169825554}}