{"part_id": "2-2-3-4-8-23", "timings_sec": {"read_step": 0.010907999938353896, "enumerate_faces": 2.3999949917197227e-05, "build_adjacency": 0.00038350000977516174, "extract_features": 0.001308599952608347, "map_labels": 0.00019360007718205452, "sanity_checks": 0.00015540001913905144, "total": 0.012973099946975708}}