{"part_id": "2-2-7-13-19", "timings_sec": {"read_step": 0.00898180017247796, "enumerate_faces": 2.8199981898069382e-05, "build_adjacency": 0.00030109984800219536, "extract_features": 0.0010737001430243254, "map_labels": 0.00021130009554326534, "sanity_checks": 0.00013320008292794228, "total": 0.010729300323873758}}