{"part_id": "2-2-8-8-19", "timings_sec": {"read_step": 0.007265300024300814, "enumerate_faces": 2.3900065571069717e-05, "build_adjacency": 0.00024560000747442245, "extract_features": 0.0008600000292062759, "map_labels": 0.00018790015019476414, "sanity_checks": 0.0001906000543385744, "total": 0.00877330033108592}}