{"part_id": "2-2-7-9-14-23", "timings_sec": {"read_step": 0.011965200072154403, "enumerate_faces": 4.1499966755509377e-05, "build_adjacency": 0.0004284000024199486, "extract_features": 0.001451499992981553, "map_labels": 0.00023530004546046257, "sanity_checks": 0.00017380015924572945, "total": 0.014295700239017606}}