{"part_id": "2-2-3-11-11-23", "timings_sec": {"read_step": 0.015668800100684166, "enumerate_faces": 3.5300152376294136e-05, "build_adjacency": 0.0004954000469297171, "extract_features": 0.0017470999155193567, "map_labels": 0.00023110001347959042, "sanity_checks": 0.0002126998733729124, "total": 0.018390400102362037}}