{"part_id": "2-2-4-6-13-23", "timings_sec": {"read_step": 0.00879599992185831, "enumerate_faces": 2.4700071662664413e-05, "build_adjacency": 0.00027860002592206, "extract_features": 0.001012700144201517, "map_labels": 0.0002042998094111681, "sanity_checks": 0.00013870000839233398, "total": 0.010454999981448054}}