{"part_id": "2-2-4-19", "timings_sec": {"read_step": 0.008831800194457173, "enumerate_faces": 2.8900103643536568e-05, "build_adjacency": 0.0002842000685632229, "extract_features": 0.0010373999830335379, "map_labels": 0.0002087999600917101, "sanity_checks": 0.00013040006160736084, "total": 0.010521500371396542}}