{"part_id": "2-2-7-10-13-23", "timings_sec": {"read_step": 0.013170799938961864, "enumerate_faces": 3.310013562440872e-05, "build_adjacency": 0.00041229999624192715, "extract_features": 0.0015432999935001135, "map_labels": 0.0002637000288814306, "sanity_checks": 0.00020950008183717728, "total": 0.01563270017504692}}