{"part_id": "2-2-4-8-12-23", "timings_sec": {"read_step": 0.01180140022188425, "enumerate_faces": 3.460003063082695e-05, "build_adjacency": 0.00037780008278787136, "extract_features": 0.0013818000443279743, "map_labels": 0.0002753001172095537, "sanity_checks": 0.00020070001482963562, "total": 0.014071600511670113}}