{"part_id": "2-2-4-7-13-23", "timings_sec": {"read_step": 0.015005899826064706, "enumerate_faces": 4.3899985030293465e-05, "build_adjacency": 0.0004656999371945858, "extract_features": 0.0016618999652564526, "map_labels": 0.00027939979918301105, "sanity_checks": 0.0002109999768435955, "total": 0.017667799489572644}}