{"part_id": "2-2-3-8-11-23", "timings_sec": {"read_step": 0.013774999883025885, "enumerate_faces": 3.109988756477833e-05, "build_adjacency": 0.00045519997365772724, "extract_features": 0.0015841000713407993, "map_labels": 0.00022449996322393417, "sanity_checks": 0.00019789999350905418, "total": 0.016267799772322178}}