{"part_id": "2-2-5-5-19", "timings_sec": {"read_step": 0.009354999987408519, "enumerate_faces": 3.150012344121933e-05, "build_adjacency": 0.0003011999651789665, "extract_features": 0.001099300105124712, "map_labels": 0.0002158998977392912, "sanity_checks": 0.0001860000193119049, "total": 0.011188900098204613}}