{"part_id": "2-2-6-7-10-23", "timings_sec": {"read_step": 0.009739700006321073, "enumerate_faces": 2.9799994081258774e-05, "build_adjacency": 0.00031480006873607635, "extract_features": 0.0010765998158603907, "map_labels": 0.00020759995095431805, "sanity_checks": 0.00021399999968707561, "total": 0.011582499835640192}}