{"part_id": "2-2-7-10-14-23", "timings_sec": {"read_step": 0.011565500171855092, "enumerate_faces": 3.260001540184021e-05, "build_adjacency": 0.00038270000368356705, "extract_features": 0.0014162000734359026, "map_labels": 0.00022500008344650269, "sanity_checks": 0.00016600009985268116, "total": 0.013788000447675586}}