{"part_id": "2-2-8-8-8-23", "timings_sec": {"read_step": 0.00970449997112155, "enumerate_faces": 2.5900080800056458e-05, "build_adjacency": 0.0003269000444561243, "extract_features": 0.0011177998967468739, "map_labels": 0.00019780010916292667, "sanity_checks": 0.000134600093588233, "total": 0.011507500195875764}}