{"part_id": "2-2-9-9-13-23", "timings_sec": {"read_step": 0.01150289992801845, "enumerate_faces": 3.220001235604286e-05, "build_adjacency": 0.0003684000112116337, "extract_features": 0.0015070999506860971, "map_labels": 0.00021520000882446766, "sanity_checks": 0.00016540009528398514, "total": 0.013791200006380677}}