{"part_id": "2-2-7-8-13-23", "timings_sec": {"read_step": 0.008402299834415317, "enumerate_faces": 2.650008536875248e-05, "build_adjacency": 0.00028520007617771626, "extract_features": 0.0012312999460846186, "map_labels": 0.0001962999813258648, "sanity_checks": 0.0001309998333454132, "total": 0.010272599756717682}}