{"part_id": "2-2-2-11-14-23", "timings_sec": {"read_step": 0.018525900086387992, "enumerate_faces": 4.579988308250904e-05, "build_adjacency": 0.0008630999363958836, "extract_features": 0.0032954998314380646, "map_labels": 0.00027389987371861935, "sanity_checks": 0.00025669997557997704, "total": 0.023260899586603045}}