{"part_id": "2-2-8-9-13-23", "timings_sec": {"read_step": 0.009550099959596992, "enumerate_faces": 2.9399991035461426e-05, "build_adjacency": 0.0003122000489383936, "extract_features": 0.0011326000094413757, "map_labels": 0.00021399999968707561, "sanity_checks": 0.00014119991101324558, "total": 0.011379499919712543}}