{"part_id": "2-2-5-11-11-23", "timings_sec": {"read_step": 0.012621399946510792, "enumerate_faces": 3.360002301633358e-05, "build_adjacency": 0.0004058999475091696, "extract_features": 0.0015215000603348017, "map_labels": 0.0002280999906361103, "sanity_checks": 0.00019400008022785187, "total": 0.015004500048235059}}