{"part_id": "2-2-3-13-14-23", "timings_sec": {"read_step": 0.013911999994888902, "enumerate_faces": 3.590015694499016e-05, "build_adjacency": 0.000413399888202548, "extract_features": 0.0014349999837577343, "map_labels": 0.00022760010324418545, "sanity_checks": 0.00017120013944804668, "total": 0.016195100266486406}}