{"part_id": "2-2-7-8-11-23", "timings_sec": {"read_step": 0.008644200162962079, "enumerate_faces": 3.6899931728839874e-05, "build_adjacency": 0.0003098000306636095, "extract_features": 0.0009139999747276306, "map_labels": 0.0002430998720228672, "sanity_checks": 0.00015460001304745674, "total": 0.010302599985152483}}