{"part_id": "2-2-10-13-14-23", "timings_sec": {"read_step": 0.01046259980648756, "enumerate_faces": 2.719997428357601e-05, "build_adjacency": 0.0005024999845772982, "extract_features": 0.0015147000085562468, "map_labels": 0.00022529996931552887, "sanity_checks": 0.0001596000511199236, "total": 0.012891899794340134}}