{"part_id": "2-2-2-10-14-23", "timings_sec": {"read_step": 0.018052599858492613, "enumerate_faces": 4.509999416768551e-05, "build_adjacency": 0.0006874999962747097, "extract_features": 0.002229900099337101, "map_labels": 0.0002749999985098839, "sanity_checks": 0.00029530003666877747, "total": 0.02158539998345077}}