{"part_id": "2-2-4-4-13-23", "timings_sec": {"read_step": 0.009193900041282177, "enumerate_faces": 2.719997428357601e-05, "build_adjacency": 0.0003074000123888254, "extract_features": 0.0012340000830590725, "map_labels": 0.00020320015028119087, "sanity_checks": 0.00013820012100040913, "total": 0.011103900382295251}}