{"part_id": "2-2-10-13-19", "timings_sec": {"read_step": 0.009827099973335862, "enumerate_faces": 2.6300083845853806e-05, "build_adjacency": 0.00031269993633031845, "extract_features": 0.001137099927291274, "map_labels": 0.00020370003767311573, "sanity_checks": 0.0001417999155819416, "total": 0.011648699874058366}}