{"part_id": "2-2-4-9-11-23", "timings_sec": {"read_step": 0.01103309984318912, "enumerate_faces": 3.0800001695752144e-05, "build_adjacency": 0.0003589000552892685, "extract_features": 0.001319000031799078, "map_labels": 0.00021680002100765705, "sanity_checks": 0.00023779994808137417, "total": 0.01319639990106225}}