{"part_id": "2-2-3-8-13-23", "timings_sec": {"read_step": 0.011202499968931079, "enumerate_faces": 3.729993477463722e-05, "build_adjacency": 0.0004197999369353056, "extract_features": 0.001309000188484788, "map_labels": 0.0002608001232147217, "sanity_checks": 0.00016370019875466824, "total": 0.0133931003510952}}