{"part_id": "2-2-11-14-19", "timings_sec": {"read_step": 0.01464259997010231, "enumerate_faces": 3.360002301633358e-05, "build_adjacency": 0.000506300013512373, "extract_features": 0.0011801000218838453, "map_labels": 0.00028600008226931095, "sanity_checks": 0.0002164000179618597, "total": 0.016865000128746033}}