{"part_id": "2-2-9-11-13-23", "timings_sec": {"read_step": 0.012834100052714348, "enumerate_faces": 3.529991954565048e-05, "build_adjacency": 0.0004032999277114868, "extract_features": 0.0014506001025438309, "map_labels": 0.00022849999368190765, "sanity_checks": 0.0002001000102609396, "total": 0.015151900006458163}}