{"part_id": "2-2-5-11-14-23", "timings_sec": {"read_step": 0.011204600101336837, "enumerate_faces": 3.220001235604286e-05, "build_adjacency": 0.00036860001273453236, "extract_features": 0.0015269999857991934, "map_labels": 0.0002272001001983881, "sanity_checks": 0.00017310003750026226, "total": 0.013532700249925256}}