{"part_id": "2-2-5-6-10-23", "timings_sec": {"read_step": 0.009301800047978759, "enumerate_faces": 2.0999927073717117e-05, "build_adjacency": 0.00030559999868273735, "extract_features": 0.0011495999060571194, "map_labels": 0.00017940020188689232, "sanity_checks": 0.00014789984561502934, "total": 0.011105299927294254}}