{"part_id": "2-2-3-5-14-23", "timings_sec": {"read_step": 0.01720320014283061, "enumerate_faces": 3.5499921068549156e-05, "build_adjacency": 0.0007062999065965414, "extract_features": 0.0019181000534445047, "map_labels": 0.0002421000972390175, "sanity_checks": 0.0002297000028192997, "total": 0.020334900123998523}}