{"part_id": "2-2-3-3-12-23", "timings_sec": {"read_step": 0.01904889987781644, "enumerate_faces": 3.320001997053623e-05, "build_adjacency": 0.0006572999991476536, "extract_features": 0.0021637999452650547, "map_labels": 0.00022999988868832588, "sanity_checks": 0.00024649989791214466, "total": 0.022379699628800154}}