{"part_id": "2-2-9-9-9-23", "timings_sec": {"read_step": 0.009445699863135815, "enumerate_faces": 3.0199997127056122e-05, "build_adjacency": 0.00032110000029206276, "extract_features": 0.0013239001855254173, "map_labels": 0.0002476000227034092, "sanity_checks": 0.00016300007700920105, "total": 0.011531500145792961}}