{"part_id": "2-2-2-3-12-23", "timings_sec": {"read_step": 0.023521400056779385, "enumerate_faces": 3.879982978105545e-05, "build_adjacency": 0.0006446000188589096, "extract_features": 0.002728999825194478, "map_labels": 0.0002996001858264208, "sanity_checks": 0.0002794000320136547, "total": 0.027512799948453903}}