{"part_id": "2-2-3-7-10-23", "timings_sec": {"read_step": 0.015171200037002563, "enumerate_faces": 3.700004890561104e-05, "build_adjacency": 0.0005065000150352716, "extract_features": 0.0018808001186698675, "map_labels": 0.00022259983234107494, "sanity_checks": 0.00021219998598098755, "total": 0.018030300037935376}}