{"part_id": "2-2-3-4-5-23", "timings_sec": {"read_step": 0.013294499833136797, "enumerate_faces": 3.269989974796772e-05, "build_adjacency": 0.0004368000663816929, "extract_features": 0.001524799969047308, "map_labels": 0.00021740002557635307, "sanity_checks": 0.0001892999280244112, "total": 0.01569549972191453}}