{"part_id": "2-2-2-11-13-23", "timings_sec": {"read_step": 0.018365199910476804, "enumerate_faces": 4.060007631778717e-05, "build_adjacency": 0.0006603000219911337, "extract_features": 0.0024751999881118536, "map_labels": 0.00028570019640028477, "sanity_checks": 0.0003100000321865082, "total": 0.02213700022548437}}