{"part_id": "2-2-5-8-12-23", "timings_sec": {"read_step": 0.01023190002888441, "enumerate_faces": 3.169989213347435e-05, "build_adjacency": 0.00032590003684163094, "extract_features": 0.001177300000563264, "map_labels": 0.00019979989156126976, "sanity_checks": 0.00014459993690252304, "total": 0.012111199786886573}}