{"part_id": "2-2-3-8-12-23", "timings_sec": {"read_step": 0.010808400111272931, "enumerate_faces": 3.9499951526522636e-05, "build_adjacency": 0.00043489993549883366, "extract_features": 0.0012823999859392643, "map_labels": 0.00022009992972016335, "sanity_checks": 0.00016149994917213917, "total": 0.012946799863129854}}