{"part_id": "2-2-6-8-13-23", "timings_sec": {"read_step": 0.008452799869701266, "enumerate_faces": 3.100000321865082e-05, "build_adjacency": 0.00028309994377195835, "extract_features": 0.0010015000589191914, "map_labels": 0.00023619993589818478, "sanity_checks": 0.00014280015602707863, "total": 0.01014739996753633}}