{"part_id": "2-2-4-10-14-23", "timings_sec": {"read_step": 0.008118500001728535, "enumerate_faces": 2.1600164473056793e-05, "build_adjacency": 0.0002723999787122011, "extract_features": 0.001020299969241023, "map_labels": 0.0001783999614417553, "sanity_checks": 0.00013159983791410923, "total": 0.00974279991351068}}