{"part_id": "2-2-9-9-14-23", "timings_sec": {"read_step": 0.009849400026723742, "enumerate_faces": 3.190012648701668e-05, "build_adjacency": 0.00032110000029206276, "extract_features": 0.001190299866721034, "map_labels": 0.00023170001804828644, "sanity_checks": 0.00015360000543296337, "total": 0.011778000043705106}}