{"part_id": "2-2-5-9-10-23", "timings_sec": {"read_step": 0.011625299928709865, "enumerate_faces": 4.010018892586231e-05, "build_adjacency": 0.0006019000429660082, "extract_features": 0.0016300000716000795, "map_labels": 0.00022939988411962986, "sanity_checks": 0.00023119989782571793, "total": 0.014357900014147162}}