{"part_id": "2-2-6-8-10-23", "timings_sec": {"read_step": 0.008052699966356158, "enumerate_faces": 3.1800009310245514e-05, "build_adjacency": 0.0003480999730527401, "extract_features": 0.0010274997912347317, "map_labels": 0.0002038001548498869, "sanity_checks": 0.0001354999840259552, "total": 0.009799399878829718}}