{"part_id": "2-2-8-12-13-23", "timings_sec": {"read_step": 0.009292699862271547, "enumerate_faces": 3.509991802275181e-05, "build_adjacency": 0.0003128000535070896, "extract_features": 0.0011065998114645481, "map_labels": 0.0002427001018077135, "sanity_checks": 0.00013970001600682735, "total": 0.011129599763080478}}