{"part_id": "2-2-12-13-19", "timings_sec": {"read_step": 0.013421699870377779, "enumerate_faces": 4.269997589290142e-05, "build_adjacency": 0.0005491999909281731, "extract_features": 0.0020461000967770815, "map_labels": 0.00028200005181133747, "sanity_checks": 0.00023530004546046257, "total": 0.016577000031247735}}