{"part_id": "2-2-9-9-11-23", "timings_sec": {"read_step": 0.022673700004816055, "enumerate_faces": 3.760005347430706e-05, "build_adjacency": 0.00036780000664293766, "extract_features": 0.0014085001312196255, "map_labels": 0.00024179997853934765, "sanity_checks": 0.00017730006948113441, "total": 0.024906700244173408}}