{"part_id": "2-2-3-10-14-23", "timings_sec": {"read_step": 0.013164500007405877, "enumerate_faces": 3.150012344121933e-05, "build_adjacency": 0.0004237999673932791, "extract_features": 0.0014986998867243528, "map_labels": 0.00025349995121359825, "sanity_checks": 0.00029140012338757515, "total": 0.015663400059565902}}