{"part_id": "2-2-6-13-19", "timings_sec": {"read_step": 0.008314899867400527, "enumerate_faces": 2.5499844923615456e-05, "build_adjacency": 0.0002668001689016819, "extract_features": 0.0009661999065428972, "map_labels": 0.00018640002235770226, "sanity_checks": 0.00012379977852106094, "total": 0.009883599588647485}}