{"part_id": "2-2-5-7-12-23", "timings_sec": {"read_step": 0.0101948999799788, "enumerate_faces": 3.0499882996082306e-05, "build_adjacency": 0.0003418000414967537, "extract_features": 0.0012237001210451126, "map_labels": 0.00021229987032711506, "sanity_checks": 0.00016469997353851795, "total": 0.012167899869382381}}