{"part_id": "2-2-3-6-12-23", "timings_sec": {"read_step": 0.014774700161069632, "enumerate_faces": 3.3899908885359764e-05, "build_adjacency": 0.00047470000572502613, "extract_features": 0.0016719999257475138, "map_labels": 0.00023030000738799572, "sanity_checks": 0.00019950000569224358, "total": 0.01738510001450777}}