{"part_id": "2-2-2-8-13-23", "timings_sec": {"read_step": 0.011537500191479921, "enumerate_faces": 3.219977952539921e-05, "build_adjacency": 0.0005256000440567732, "extract_features": 0.0012566999066621065, "map_labels": 0.0002212999388575554, "sanity_checks": 0.00014839996583759785, "total": 0.013721699826419353}}