{"part_id": "2-2-2-9-12-23", "timings_sec": {"read_step": 0.013263200176879764, "enumerate_faces": 2.5999965146183968e-05, "build_adjacency": 0.0004360000602900982, "extract_features": 0.0015296000055968761, "map_labels": 0.0002014001365751028, "sanity_checks": 0.00017939996905624866, "total": 0.015635600313544273}}