{"part_id": "2-2-2-2-8-23", "timings_sec": {"read_step": 0.015148800099268556, "enumerate_faces": 3.310013562440872e-05, "build_adjacency": 0.0006564001087099314, "extract_features": 0.0017013000324368477, "map_labels": 0.00022400007583200932, "sanity_checks": 0.00022719986736774445, "total": 0.017990800319239497}}