{"part_id": "2-2-3-5-11-23", "timings_sec": {"read_step": 0.013236499857157469, "enumerate_faces": 2.2700056433677673e-05, "build_adjacency": 0.000439200084656477, "extract_features": 0.001763099804520607, "map_labels": 0.00019660010002553463, "sanity_checks": 0.00018749991431832314, "total": 0.015845599817112088}}