{"part_id": "2-2-3-6-10-23", "timings_sec": {"read_step": 0.017957600066438317, "enumerate_faces": 3.3400021493434906e-05, "build_adjacency": 0.0006140999030321836, "extract_features": 0.0022731998469680548, "map_labels": 0.0002234000712633133, "sanity_checks": 0.00024410011246800423, "total": 0.021345800021663308}}