{"part_id": "2-2-7-7-12-23", "timings_sec": {"read_step": 0.009837000165134668, "enumerate_faces": 3.220001235604286e-05, "build_adjacency": 0.0003223000094294548, "extract_features": 0.0012814998626708984, "map_labels": 0.00022030016407370567, "sanity_checks": 0.00014819996431469917, "total": 0.01184150017797947}}