{"part_id": "2-2-3-12-14-23", "timings_sec": {"read_step": 0.02098120003938675, "enumerate_faces": 3.739981912076473e-05, "build_adjacency": 0.0008243999909609556, "extract_features": 0.0028851001989096403, "map_labels": 0.0002842999529093504, "sanity_checks": 0.0001913001760840416, "total": 0.025203700177371502}}