{"part_id": "2-2-6-8-12-23", "timings_sec": {"read_step": 0.00970859988592565, "enumerate_faces": 3.309990279376507e-05, "build_adjacency": 0.000305800000205636, "extract_features": 0.0011322000063955784, "map_labels": 0.00022149994038045406, "sanity_checks": 0.00013880012556910515, "total": 0.01153999986127019}}