{"part_id": "2-2-3-3-8-23", "timings_sec": {"read_step": 0.024714200058951974, "enumerate_faces": 3.5499921068549156e-05, "build_adjacency": 0.0004955001641064882, "extract_features": 0.001791900023818016, "map_labels": 0.00025289994664490223, "sanity_checks": 0.00020440015941858292, "total": 0.027494400274008512}}