{"part_id": "2-2-4-13-13-23", "timings_sec": {"read_step": 0.008154100039973855, "enumerate_faces": 2.029980532824993e-05, "build_adjacency": 0.00026970007456839085, "extract_features": 0.0010100000072270632, "map_labels": 0.0001870999112725258, "sanity_checks": 0.00012660003267228603, "total": 0.00976779987104237}}