{"part_id": "2-3-4-8-14-23", "timings_sec": {"read_step": 0.012711300048977137, "enumerate_faces": 3.3800024539232254e-05, "build_adjacency": 0.0004482001531869173, "extract_features": 0.0014857999049127102, "map_labels": 0.00022419984452426434, "sanity_checks": 0.00018339999951422215, "total": 0.015086699975654483}}