{"part_id": "2-3-6-6-14-23", "timings_sec": {"read_step": 0.008733399910852313, "enumerate_faces": 3.1499890610575676e-05, "build_adjacency": 0.0002772000152617693, "extract_features": 0.0010238999966531992, "map_labels": 0.0002210000529885292, "sanity_checks": 0.00013020006008446217, "total": 0.010417199926450849}}