{"part_id": "2-3-5-5-11-23", "timings_sec": {"read_step": 0.014368100091814995, "enumerate_faces": 3.219977952539921e-05, "build_adjacency": 0.00044430000707507133, "extract_features": 0.0014790999703109264, "map_labels": 0.00023160013370215893, "sanity_checks": 0.00018410012125968933, "total": 0.01673940010368824}}