{"part_id": "2-3-8-10-14-23", "timings_sec": {"read_step": 0.020322700031101704, "enumerate_faces": 4.1800085455179214e-05, "build_adjacency": 0.0007128000725060701, "extract_features": 0.002855899976566434, "map_labels": 0.0002911000046879053, "sanity_checks": 0.00035170000046491623, "total": 0.02457600017078221}}