{"part_id": "2-3-5-5-14-23", "timings_sec": {"read_step": 0.011720999842509627, "enumerate_faces": 2.5300076231360435e-05, "build_adjacency": 0.00038870004937052727, "extract_features": 0.0013939999043941498, "map_labels": 0.00019959989003837109, "sanity_checks": 0.00016900012269616127, "total": 0.013897599885240197}}