{"part_id": "2-3-3-10-13-23", "timings_sec": {"read_step": 0.01442919997498393, "enumerate_faces": 4.0499959141016006e-05, "build_adjacency": 0.0004894000012427568, "extract_features": 0.0016597998328506947, "map_labels": 0.0002280999906361103, "sanity_checks": 0.00020130001939833164, "total": 0.01704829977825284}}