{"part_id": "2-3-12-13-13-23", "timings_sec": {"read_step": 0.010220099939033389, "enumerate_faces": 2.6999972760677338e-05, "build_adjacency": 0.00035770004615187645, "extract_features": 0.0012070999946445227, "map_labels": 0.00021769991144537926, "sanity_checks": 0.00014619994908571243, "total": 0.012175799813121557}}