{"part_id": "2-3-7-13-13-23", "timings_sec": {"read_step": 0.01084990007802844, "enumerate_faces": 3.0700117349624634e-05, "build_adjacency": 0.00037029990926384926, "extract_features": 0.00128729990683496, "map_labels": 0.0002158998977392912, "sanity_checks": 0.0001542000100016594, "total": 0.012908299919217825}}