{"part_id": "2-3-7-8-11-23", "timings_sec": {"read_step": 0.016286700032651424, "enumerate_faces": 4.579988308250904e-05, "build_adjacency": 0.0007354998961091042, "extract_features": 0.0024217001628130674, "map_labels": 0.00028449995443224907, "sanity_checks": 0.0003109998069703579, "total": 0.020085199736058712}}