{"part_id": "2-3-8-9-13-23", "timings_sec": {"read_step": 0.013223699992522597, "enumerate_faces": 3.729993477463722e-05, "build_adjacency": 0.00033740000799298286, "extract_features": 0.0011580998543649912, "map_labels": 0.0002552000805735588, "sanity_checks": 0.00014410004951059818, "total": 0.015155799919739366}}