{"part_id": "2-3-8-9-11-23", "timings_sec": {"read_step": 0.020701299887150526, "enumerate_faces": 4.0999846532940865e-05, "build_adjacency": 0.0007388000376522541, "extract_features": 0.0027037998661398888, "map_labels": 0.0003074000123888254, "sanity_checks": 0.00034300005063414574, "total": 0.02483529970049858}}