{"part_id": "2-3-4-10-10-23", "timings_sec": {"read_step": 0.01569040003232658, "enumerate_faces": 3.529991954565048e-05, "build_adjacency": 0.0004536001943051815, "extract_features": 0.0016534999012947083, "map_labels": 0.00023390003480017185, "sanity_checks": 0.0002172000240534544, "total": 0.018283900106325746}}