{"part_id": "2-3-7-10-19", "timings_sec": {"read_step": 0.011747000040486455, "enumerate_faces": 3.160000778734684e-05, "build_adjacency": 0.00038420013152062893, "extract_features": 0.0013454998843371868, "map_labels": 0.00022000004537403584, "sanity_checks": 0.00016830000095069408, "total": 0.013896600110456347}}