{"part_id": "2-3-9-11-19", "timings_sec": {"read_step": 0.009027400054037571, "enumerate_faces": 3.3999793231487274e-05, "build_adjacency": 0.0002787001430988312, "extract_features": 0.0009752998594194651, "map_labels": 0.00023199990391731262, "sanity_checks": 0.00012600002810359, "total": 0.010673399781808257}}