{"part_id": "2-3-5-6-6-23", "timings_sec": {"read_step": 0.012713500065729022, "enumerate_faces": 3.210012800991535e-05, "build_adjacency": 0.0004058999475091696, "extract_features": 0.001439700135961175, "map_labels": 0.00027430010959506035, "sanity_checks": 0.00019579986110329628, "total": 0.015061300247907639}}