{"part_id": "2-3-6-11-12-23", "timings_sec": {"read_step": 0.011576599907130003, "enumerate_faces": 3.1800009310245514e-05, "build_adjacency": 0.00038320012390613556, "extract_features": 0.0014352998696267605, "map_labels": 0.0002435001078993082, "sanity_checks": 0.000175100052729249, "total": 0.013845500070601702}}