{"part_id": "2-3-5-11-13-23", "timings_sec": {"read_step": 0.018695699982345104, "enumerate_faces": 4.67000063508749e-05, "build_adjacency": 0.0006095999851822853, "extract_features": 0.0020620999857783318, "map_labels": 0.0002824000548571348, "sanity_checks": 0.000295999925583601, "total": 0.021992499940097332}}