{"part_id": "2-3-8-14-14-23", "timings_sec": {"read_step": 0.015425899997353554, "enumerate_faces": 4.4899992644786835e-05, "build_adjacency": 0.000548599986359477, "extract_features": 0.0018977001309394836, "map_labels": 0.0002210000529885292, "sanity_checks": 0.00023859995417296886, "total": 0.0183767001144588}}