{"part_id": "2-3-8-11-13-23", "timings_sec": {"read_step": 0.012354300124570727, "enumerate_faces": 4.509999416768551e-05, "build_adjacency": 0.0006190999411046505, "extract_features": 0.001956499880179763, "map_labels": 0.00030669989064335823, "sanity_checks": 0.00026219990104436874, "total": 0.015543899731710553}}