{"part_id": "2-3-10-10-12-23", "timings_sec": {"read_step": 0.012015999993309379, "enumerate_faces": 3.5400036722421646e-05, "build_adjacency": 0.0003958998713642359, "extract_features": 0.0014327000826597214, "map_labels": 0.00022699986584484577, "sanity_checks": 0.0001830998808145523, "total": 0.014290099730715156}}