{"part_id": "2-3-11-12-12-23", "timings_sec": {"read_step": 0.013760900124907494, "enumerate_faces": 3.4700147807598114e-05, "build_adjacency": 0.00042429985478520393, "extract_features": 0.001560100121423602, "map_labels": 0.0002482000272721052, "sanity_checks": 0.00019249995239078999, "total": 0.016220700228586793}}