{"part_id": "2-3-4-8-10-23", "timings_sec": {"read_step": 0.010307099903002381, "enumerate_faces": 2.6799971237778664e-05, "build_adjacency": 0.0003410999197512865, "extract_features": 0.0015503999311476946, "map_labels": 0.00020579993724822998, "sanity_checks": 0.00016109994612634182, "total": 0.012592299608513713}}