{"part_id": "2-3-6-6-11-23", "timings_sec": {"read_step": 0.011836499907076359, "enumerate_faces": 3.3499905839562416e-05, "build_adjacency": 0.00036409986205399036, "extract_features": 0.001306300051510334, "map_labels": 0.00022500008344650269, "sanity_checks": 0.0001721000298857689, "total": 0.013937499839812517}}