{"part_id": "2-3-3-10-11-23", "timings_sec": {"read_step": 0.013207299867644906, "enumerate_faces": 3.400002606213093e-05, "build_adjacency": 0.0004827000666409731, "extract_features": 0.0015873999800533056, "map_labels": 0.0002218999434262514, "sanity_checks": 0.0002014001365751028, "total": 0.01573470002040267}}