{"part_id": "2-3-4-8-9-23", "timings_sec": {"read_step": 0.009720100089907646, "enumerate_faces": 2.6799971237778664e-05, "build_adjacency": 0.0003295999485999346, "extract_features": 0.0011787000112235546, "map_labels": 0.00021620001643896103, "sanity_checks": 0.0001517001073807478, "total": 0.011623100144788623}}