{"part_id": "2-3-6-9-9-23", "timings_sec": {"read_step": 0.012064200127497315, "enumerate_faces": 2.650008536875248e-05, "build_adjacency": 0.00040719984099268913, "extract_features": 0.002222999930381775, "map_labels": 0.0002498000394552946, "sanity_checks": 0.0003303999546915293, "total": 0.015301099978387356}}