{"part_id": "2-3-4-4-13-23", "timings_sec": {"read_step": 0.009678300004452467, "enumerate_faces": 3.050011582672596e-05, "build_adjacency": 0.00032410002313554287, "extract_features": 0.0011755998712033033, "map_labels": 0.00022149994038045406, "sanity_checks": 0.00024330010637640953, "total": 0.011673300061374903}}