{"part_id": "2-3-5-12-12-23", "timings_sec": {"read_step": 0.013548300135880709, "enumerate_faces": 4.269997589290142e-05, "build_adjacency": 0.0006671000737696886, "extract_features": 0.0022770999930799007, "map_labels": 0.0002837998326867819, "sanity_checks": 0.0003131998237222433, "total": 0.017132199835032225}}