{"part_id": "2-3-10-11-11-23", "timings_sec": {"read_step": 0.014971300028264523, "enumerate_faces": 3.42000275850296e-05, "build_adjacency": 0.00044490001164376736, "extract_features": 0.0016216998919844627, "map_labels": 0.00023770006373524666, "sanity_checks": 0.00020759995095431805, "total": 0.017517399974167347}}