{"part_id": "2-3-3-11-19", "timings_sec": {"read_step": 0.013210800010710955, "enumerate_faces": 3.260001540184021e-05, "build_adjacency": 0.00038739992305636406, "extract_features": 0.0015966000501066446, "map_labels": 0.0002582001034170389, "sanity_checks": 0.00017939996905624866, "total": 0.01566500007174909}}