{"part_id": "2-3-10-11-12-23", "timings_sec": {"read_step": 0.01358899986371398, "enumerate_faces": 3.0199997127056122e-05, "build_adjacency": 0.00045929988846182823, "extract_features": 0.0016914000734686852, "map_labels": 0.0002532999496906996, "sanity_checks": 0.00020690006203949451, "total": 0.016230099834501743}}