{"part_id": "2-3-9-10-11-23", "timings_sec": {"read_step": 0.014968400122597814, "enumerate_faces": 4.0400074794888496e-05, "build_adjacency": 0.0006206999532878399, "extract_features": 0.0022690999321639538, "map_labels": 0.0002840999513864517, "sanity_checks": 0.00030329986475408077, "total": 0.01848599989898503}}