{"part_id": "2-3-3-3-10-23", "timings_sec": {"read_step": 0.021512000123038888, "enumerate_faces": 3.610015846788883e-05, "build_adjacency": 0.000699399970471859, "extract_features": 0.002451299922540784, "map_labels": 0.00027139997109770775, "sanity_checks": 0.00026560015976428986, "total": 0.025235800305381417}}