{"part_id": "2-3-4-8-11-23", "timings_sec": {"read_step": 0.011479200096800923, "enumerate_faces": 2.7600210160017014e-05, "build_adjacency": 0.00037509994581341743, "extract_features": 0.0014746999368071556, "map_labels": 0.0002188000362366438, "sanity_checks": 0.00016950001008808613, "total": 0.013744900235906243}}