{"part_id": "2-3-4-4-19", "timings_sec": {"read_step": 0.010815799934789538, "enumerate_faces": 2.8999987989664078e-05, "build_adjacency": 0.00046360003761947155, "extract_features": 0.0012925001792609692, "map_labels": 0.00020619994029402733, "sanity_checks": 0.00014779996126890182, "total": 0.012954900041222572}}