{"part_id": "2-3-5-6-10-23", "timings_sec": {"read_step": 0.011850000126287341, "enumerate_faces": 3.2800016924738884e-05, "build_adjacency": 0.0004017001483589411, "extract_features": 0.0014995001256465912, "map_labels": 0.0002166999038308859, "sanity_checks": 0.00016830000095069408, "total": 0.014169000321999192}}