{"part_id": "2-3-4-5-5-23", "timings_sec": {"read_step": 0.010609399992972612, "enumerate_faces": 2.3799948394298553e-05, "build_adjacency": 0.0003759001847356558, "extract_features": 0.0013812999241054058, "map_labels": 0.00023290002718567848, "sanity_checks": 0.0001651998609304428, "total": 0.012788499938324094}}