{"part_id": "2-3-6-11-13-23", "timings_sec": {"read_step": 0.010741899954155087, "enumerate_faces": 2.8899870812892914e-05, "build_adjacency": 0.0003540001343935728, "extract_features": 0.0014281999319791794, "map_labels": 0.00020210002548992634, "sanity_checks": 0.00016879988834261894, "total": 0.012923899805173278}}