{"part_id": "2-3-3-6-7-23", "timings_sec": {"read_step": 0.025889999931678176, "enumerate_faces": 4.719989374279976e-05, "build_adjacency": 0.0008275001309812069, "extract_features": 0.0027819001115858555, "map_labels": 0.0002937000244855881, "sanity_checks": 0.00036619999445974827, "total": 0.030206500086933374}}