{"part_id": "2-3-3-3-4-23", "timings_sec": {"read_step": 0.017694999929517508, "enumerate_faces": 3.860006108880043e-05, "build_adjacency": 0.0006546999793499708, "extract_features": 0.0021775998175144196, "map_labels": 0.00024969992227852345, "sanity_checks": 0.0002427001018077135, "total": 0.021058299811556935}}