{"part_id": "2-3-5-9-12-23", "timings_sec": {"read_step": 0.011729100020602345, "enumerate_faces": 3.3400021493434906e-05, "build_adjacency": 0.0003782999701797962, "extract_features": 0.0014986000023782253, "map_labels": 0.00022209994494915009, "sanity_checks": 0.00017789984121918678, "total": 0.014039399800822139}}