{"part_id": "2-3-4-4-8-23", "timings_sec": {"read_step": 0.010141799924895167, "enumerate_faces": 3.1299889087677e-05, "build_adjacency": 0.00033890013583004475, "extract_features": 0.0011777000036090612, "map_labels": 0.00021909992210566998, "sanity_checks": 0.0001781000755727291, "total": 0.01208689995110035}}