{"part_id": "2-3-9-13-14-23", "timings_sec": {"read_step": 0.010081900050863624, "enumerate_faces": 2.5099841877818108e-05, "build_adjacency": 0.0003926998469978571, "extract_features": 0.0016286000609397888, "map_labels": 0.00019679986871778965, "sanity_checks": 0.00015609990805387497, "total": 0.012481199577450752}}