{"part_id": "2-3-5-6-11-23", "timings_sec": {"read_step": 0.014109499985352159, "enumerate_faces": 2.9999995604157448e-05, "build_adjacency": 0.0004533999599516392, "extract_features": 0.0018096999265253544, "map_labels": 0.00024480000138282776, "sanity_checks": 0.000283299945294857, "total": 0.016930699814110994}}