{"part_id": "2-3-6-10-11-23", "timings_sec": {"read_step": 0.011805899906903505, "enumerate_faces": 2.9900111258029938e-05, "build_adjacency": 0.00038570002652704716, "extract_features": 0.0014096000231802464, "map_labels": 0.00022080005146563053, "sanity_checks": 0.00019029993563890457, "total": 0.014042200054973364}}