{"part_id": "2-3-13-13-14-23", "timings_sec": {"read_step": 0.009776900056749582, "enumerate_faces": 3.7800054997205734e-05, "build_adjacency": 0.0003532001283019781, "extract_features": 0.0011499000247567892, "map_labels": 0.0002422998659312725, "sanity_checks": 0.0001447000540792942, "total": 0.011704800184816122}}