{"part_id": "2-3-9-14-14-23", "timings_sec": {"read_step": 0.012670799857005477, "enumerate_faces": 2.6799971237778664e-05, "build_adjacency": 0.00042339996434748173, "extract_features": 0.0015330000314861536, "map_labels": 0.00020569982007145882, "sanity_checks": 0.00018540001474320889, "total": 0.015045099658891559}}