{"part_id": "2-3-4-4-4-23", "timings_sec": {"read_step": 0.01042159995995462, "enumerate_faces": 2.8199981898069382e-05, "build_adjacency": 0.0003355999942868948, "extract_features": 0.0013020001351833344, "map_labels": 0.0002150998916476965, "sanity_checks": 0.00016860011965036392, "total": 0.012471100082620978}}