{"part_id": "2-3-6-8-10-23", "timings_sec": {"read_step": 0.010135499993339181, "enumerate_faces": 3.3400021493434906e-05, "build_adjacency": 0.0003333999775350094, "extract_features": 0.0012158998288214207, "map_labels": 0.00022680009715259075, "sanity_checks": 0.0002636001445353031, "total": 0.01220860006287694}}