{"part_id": "2-3-6-7-12-23", "timings_sec": {"read_step": 0.01159230014309287, "enumerate_faces": 3.3400021493434906e-05, "build_adjacency": 0.00037519983015954494, "extract_features": 0.0013309000059962273, "map_labels": 0.0002101999707520008, "sanity_checks": 0.00016070017591118813, "total": 0.013702700147405267}}