{"part_id": "2-3-4-5-11-23", "timings_sec": {"read_step": 0.015251000178977847, "enumerate_faces": 3.469991497695446e-05, "build_adjacency": 0.0004783999174833298, "extract_features": 0.0016631998587399721, "map_labels": 0.00024279998615384102, "sanity_checks": 0.00020319991745054722, "total": 0.01787329977378249}}