{"part_id": "2-3-3-4-9-23", "timings_sec": {"read_step": 0.01667240005917847, "enumerate_faces": 4.42001037299633e-05, "build_adjacency": 0.0005163999740034342, "extract_features": 0.0018852998036891222, "map_labels": 0.00024370010942220688, "sanity_checks": 0.0002147001214325428, "total": 0.01957670017145574}}