{"part_id": "2-3-5-10-14-23", "timings_sec": {"read_step": 0.014178200159221888, "enumerate_faces": 4.1800085455179214e-05, "build_adjacency": 0.00048470008186995983, "extract_features": 0.002045900095254183, "map_labels": 0.0002911998890340328, "sanity_checks": 0.0002445999998599291, "total": 0.01728640031069517}}