{"part_id": "2-3-8-8-19", "timings_sec": {"read_step": 0.016416499856859446, "enumerate_faces": 4.3800100684165955e-05, "build_adjacency": 0.000593199860304594, "extract_features": 0.0019299001432955265, "map_labels": 0.0002749999985098839, "sanity_checks": 0.0002772000152617693, "total": 0.019535599974915385}}