{"part_id": "2-3-11-12-19", "timings_sec": {"read_step": 0.013825699919834733, "enumerate_faces": 3.569992259144783e-05, "build_adjacency": 0.0004562998656183481, "extract_features": 0.0017650001682341099, "map_labels": 0.00022859987802803516, "sanity_checks": 0.00019839988090097904, "total": 0.016509699635207653}}