{"part_id": "2-3-4-4-10-23", "timings_sec": {"read_step": 0.012391999829560518, "enumerate_faces": 3.0399998649954796e-05, "build_adjacency": 0.0005284000653773546, "extract_features": 0.0014518999960273504, "map_labels": 0.00021440000273287296, "sanity_checks": 0.00018289987929165363, "total": 0.014799999771639705}}