{"part_id": "2-3-3-4-6-23", "timings_sec": {"read_step": 0.017000299878418446, "enumerate_faces": 4.640012048184872e-05, "build_adjacency": 0.0009272999595850706, "extract_features": 0.002017799997702241, "map_labels": 0.0002935999073088169, "sanity_checks": 0.00027600000612437725, "total": 0.0205613998696208}}