{"part_id": "2-3-3-7-14-23", "timings_sec": {"read_step": 0.01789599983021617, "enumerate_faces": 3.769993782043457e-05, "build_adjacency": 0.0006181998178362846, "extract_features": 0.002101000165566802, "map_labels": 0.0002297000028192997, "sanity_checks": 0.00024370010942220688, "total": 0.021126299863681197}}