{"part_id": "2-3-9-10-10-23", "timings_sec": {"read_step": 0.011025199899449944, "enumerate_faces": 3.300001844763756e-05, "build_adjacency": 0.00036690011620521545, "extract_features": 0.001501200022175908, "map_labels": 0.00021920003928244114, "sanity_checks": 0.0001775999553501606, "total": 0.013323100050911307}}