{"part_id": "2-3-8-8-14-23", "timings_sec": {"read_step": 0.013957099989056587, "enumerate_faces": 4.220008850097656e-05, "build_adjacency": 0.00048290006816387177, "extract_features": 0.0019449000246822834, "map_labels": 0.00029200012795627117, "sanity_checks": 0.00020739994943141937, "total": 0.01692650024779141}}