{"part_id": "2-3-5-5-6-23", "timings_sec": {"read_step": 0.010299400193616748, "enumerate_faces": 2.3300061002373695e-05, "build_adjacency": 0.000336300116032362, "extract_features": 0.0012425999157130718, "map_labels": 0.00018880004063248634, "sanity_checks": 0.0001914000604301691, "total": 0.01228180038742721}}