{"part_id": "2-3-6-10-19", "timings_sec": {"read_step": 0.01116969995200634, "enumerate_faces": 2.8899870812892914e-05, "build_adjacency": 0.0003619999624788761, "extract_features": 0.0013760000001639128, "map_labels": 0.00023179990239441395, "sanity_checks": 0.00016069994308054447, "total": 0.01332909963093698}}