{"part_id": "2-3-6-6-9-23", "timings_sec": {"read_step": 0.011145700002089143, "enumerate_faces": 2.8899870812892914e-05, "build_adjacency": 0.0004998000804334879, "extract_features": 0.0012978001032024622, "map_labels": 0.00022060004994273186, "sanity_checks": 0.00015929993242025375, "total": 0.013352100038900971}}