{"part_id": "2-3-3-8-10-23", "timings_sec": {"read_step": 0.01643109996803105, "enumerate_faces": 3.7800054997205734e-05, "build_adjacency": 0.0005028999876230955, "extract_features": 0.0023824998643249273, "map_labels": 0.0002570999786257744, "sanity_checks": 0.00021569989621639252, "total": 0.019827099749818444}}