{"part_id": "2-3-6-12-19", "timings_sec": {"read_step": 0.010862099938094616, "enumerate_faces": 2.1399930119514465e-05, "build_adjacency": 0.00043560005724430084, "extract_features": 0.0013395000714808702, "map_labels": 0.00021909992210566998, "sanity_checks": 0.00015920004807412624, "total": 0.013036899967119098}}