{"part_id": "2-3-10-10-10-23", "timings_sec": {"read_step": 0.01154169999063015, "enumerate_faces": 3.0300114303827286e-05, "build_adjacency": 0.0003782999701797962, "extract_features": 0.0015718000940978527, "map_labels": 0.00027570012025535107, "sanity_checks": 0.00019110017456114292, "total": 0.01398890046402812}}