{"part_id": "2-3-9-10-12-23", "timings_sec": {"read_step": 0.021520599955692887, "enumerate_faces": 4.730001091957092e-05, "build_adjacency": 0.0005539001431316137, "extract_features": 0.0017214000690728426, "map_labels": 0.0002950001507997513, "sanity_checks": 0.0003114000428467989, "total": 0.024449600372463465}}