{"part_id": "2-3-3-11-11-23", "timings_sec": {"read_step": 0.016013900050893426, "enumerate_faces": 2.719997428357601e-05, "build_adjacency": 0.0005371000152081251, "extract_features": 0.002100900048390031, "map_labels": 0.0002264000941067934, "sanity_checks": 0.0002475001383572817, "total": 0.019153000321239233}}