{"part_id": "2-3-6-7-14-23", "timings_sec": {"read_step": 0.010236999951303005, "enumerate_faces": 3.429991193115711e-05, "build_adjacency": 0.0003450000658631325, "extract_features": 0.0011887999717146158, "map_labels": 0.0002258999738842249, "sanity_checks": 0.0001479999627918005, "total": 0.012178999837487936}}