{"part_id": "2-3-7-7-11-23", "timings_sec": {"read_step": 0.013159400084987283, "enumerate_faces": 2.9100105166435242e-05, "build_adjacency": 0.00043180002830922604, "extract_features": 0.0017795998137444258, "map_labels": 0.00023310002870857716, "sanity_checks": 0.00019049993716180325, "total": 0.01582349999807775}}