{"part_id": "2-3-3-3-13-23", "timings_sec": {"read_step": 0.0187241998501122, "enumerate_faces": 3.6800047382712364e-05, "build_adjacency": 0.0006062001921236515, "extract_features": 0.0021927000489085913, "map_labels": 0.00023799994960427284, "sanity_checks": 0.00026400014758110046, "total": 0.022061900235712528}}