{"part_id": "2-3-13-13-13-23", "timings_sec": {"read_step": 0.009445700095966458, "enumerate_faces": 2.9700109735131264e-05, "build_adjacency": 0.0003027000930160284, "extract_features": 0.0011118000838905573, "map_labels": 0.0002213998232036829, "sanity_checks": 0.00013839988969266415, "total": 0.011249700095504522}}