{"part_id": "2-3-9-11-14-23", "timings_sec": {"read_step": 0.014887699857354164, "enumerate_faces": 3.539980389177799e-05, "build_adjacency": 0.000493600033223629, "extract_features": 0.0017216000705957413, "map_labels": 0.0002449001185595989, "sanity_checks": 0.00026059988886117935, "total": 0.01764379977248609}}