{"part_id": "2-3-3-5-8-23", "timings_sec": {"read_step": 0.010831600055098534, "enumerate_faces": 2.8299866244196892e-05, "build_adjacency": 0.00037180003710091114, "extract_features": 0.0013234999496489763, "map_labels": 0.00019529997371137142, "sanity_checks": 0.00021700002253055573, "total": 0.012967499904334545}}