{"part_id": "2-3-10-10-19", "timings_sec": {"read_step": 0.01308239996433258, "enumerate_faces": 3.220001235604286e-05, "build_adjacency": 0.00047809979878365993, "extract_features": 0.0015707002021372318, "map_labels": 0.00022200006060302258, "sanity_checks": 0.00019189994782209396, "total": 0.015577299986034632}}