{"part_id": "2-3-7-7-7-23", "timings_sec": {"read_step": 0.009987100027501583, "enumerate_faces": 2.9199989512562752e-05, "build_adjacency": 0.0003348998725414276, "extract_features": 0.001213399926200509, "map_labels": 0.0002071999479085207, "sanity_checks": 0.00015360000543296337, "total": 0.011925399769097567}}