{"part_id": "2-3-3-11-14-23", "timings_sec": {"read_step": 0.019539100117981434, "enumerate_faces": 4.4999876990914345e-05, "build_adjacency": 0.0009501001331955194, "extract_features": 0.0036553998943418264, "map_labels": 0.00027680001221597195, "sanity_checks": 0.0003972998820245266, "total": 0.024863699916750193}}