{"part_id": "2-3-4-13-13-23", "timings_sec": {"read_step": 0.009011999936774373, "enumerate_faces": 1.9399914890527725e-05, "build_adjacency": 0.00028600008226931095, "extract_features": 0.0010822999756783247, "map_labels": 0.00017799995839595795, "sanity_checks": 0.00013509998098015785, "total": 0.010712799848988652}}