{"part_id": "2-3-4-8-12-23", "timings_sec": {"read_step": 0.01011619996279478, "enumerate_faces": 2.9899878427386284e-05, "build_adjacency": 0.00033219996839761734, "extract_features": 0.0013158000074326992, "map_labels": 0.0002041999250650406, "sanity_checks": 0.00015860004350543022, "total": 0.012156899785622954}}