{"part_id": "2-3-7-10-13-23", "timings_sec": {"read_step": 0.013351500034332275, "enumerate_faces": 3.1300121918320656e-05, "build_adjacency": 0.0004857000894844532, "extract_features": 0.00153230014257133, "map_labels": 0.00023070001043379307, "sanity_checks": 0.00019199983216822147, "total": 0.015823500230908394}}