{"part_id": "2-3-5-5-5-23", "timings_sec": {"read_step": 0.013931999914348125, "enumerate_faces": 2.8999987989664078e-05, "build_adjacency": 0.00046140002086758614, "extract_features": 0.0016581998206675053, "map_labels": 0.00020560016855597496, "sanity_checks": 0.00022229994647204876, "total": 0.016508499858900905}}