{"part_id": "2-3-6-10-10-23", "timings_sec": {"read_step": 0.011223399778828025, "enumerate_faces": 3.4800032153725624e-05, "build_adjacency": 0.000561299966648221, "extract_features": 0.0013101999647915363, "map_labels": 0.00022779987193644047, "sanity_checks": 0.00016959989443421364, "total": 0.013527099508792162}}