{"part_id": "2-3-6-6-6-23", "timings_sec": {"read_step": 0.010056799976155162, "enumerate_faces": 2.559996210038662e-05, "build_adjacency": 0.0003407001495361328, "extract_features": 0.0011699001770466566, "map_labels": 0.00019180006347596645, "sanity_checks": 0.0001425000373274088, "total": 0.011927300365641713}}