{"part_id": "2-3-3-3-5-23", "timings_sec": {"read_step": 0.01780589995905757, "enumerate_faces": 3.1400006264448166e-05, "build_adjacency": 0.0006113999988883734, "extract_features": 0.0021377000957727432, "map_labels": 0.0002391999587416649, "sanity_checks": 0.00024359999224543571, "total": 0.021069200010970235}}