{"part_id": "2-3-3-9-11-23", "timings_sec": {"read_step": 0.013696999987587333, "enumerate_faces": 3.5400036722421646e-05, "build_adjacency": 0.0004221000708639622, "extract_features": 0.0015485999174416065, "map_labels": 0.0002699000760912895, "sanity_checks": 0.00025580008514225483, "total": 0.016228800173848867}}