{"part_id": "2-3-7-13-14-23", "timings_sec": {"read_step": 0.009630900109186769, "enumerate_faces": 2.9199989512562752e-05, "build_adjacency": 0.0004050999414175749, "extract_features": 0.0018585000652819872, "map_labels": 0.00027909991331398487, "sanity_checks": 0.0002824000548571348, "total": 0.012485200073570013}}