{"part_id": "2-3-4-4-14-23", "timings_sec": {"read_step": 0.010245699901133776, "enumerate_faces": 3.0899886041879654e-05, "build_adjacency": 0.00034280004911124706, "extract_features": 0.001409800024703145, "map_labels": 0.00024239998310804367, "sanity_checks": 0.0001580000389367342, "total": 0.012429599883034825}}