{"part_id": "2-3-5-13-13-23", "timings_sec": {"read_step": 0.012785000028088689, "enumerate_faces": 3.7700170651078224e-05, "build_adjacency": 0.00041479989886283875, "extract_features": 0.0015144997742027044, "map_labels": 0.0002319000195711851, "sanity_checks": 0.0001735000405460596, "total": 0.015157399931922555}}