{"part_id": "2-3-14-14-19", "timings_sec": {"read_step": 0.013241400010883808, "enumerate_faces": 3.3899908885359764e-05, "build_adjacency": 0.00046829995699226856, "extract_features": 0.0018128000665456057, "map_labels": 0.007040300173684955, "sanity_checks": 0.00029820017516613007, "total": 0.022894900292158127}}