{"part_id": "2-3-4-14-19", "timings_sec": {"read_step": 0.009123600088059902, "enumerate_faces": 2.9900111258029938e-05, "build_adjacency": 0.00030179996974766254, "extract_features": 0.0010834001004695892, "map_labels": 0.0002096998505294323, "sanity_checks": 0.00013579986989498138, "total": 0.010884199989959598}}