{"part_id": "2-3-5-5-9-23", "timings_sec": {"read_step": 0.014362500049173832, "enumerate_faces": 3.160000778734684e-05, "build_adjacency": 0.00048070005141198635, "extract_features": 0.0017754000145941973, "map_labels": 0.00021780002862215042, "sanity_checks": 0.00019829999655485153, "total": 0.017066300148144364}}