{"part_id": "2-3-3-4-11-23", "timings_sec": {"read_step": 0.015821099979802966, "enumerate_faces": 3.600004129111767e-05, "build_adjacency": 0.000498899957165122, "extract_features": 0.00191399990580976, "map_labels": 0.0002413999754935503, "sanity_checks": 0.0002148000057786703, "total": 0.018726199865341187}}