{"part_id": "2-3-5-9-10-23", "timings_sec": {"read_step": 0.013686100021004677, "enumerate_faces": 3.2300129532814026e-05, "build_adjacency": 0.00044439989142119884, "extract_features": 0.0016735000535845757, "map_labels": 0.0002226000651717186, "sanity_checks": 0.00019980012439191341, "total": 0.016258700285106897}}