{"part_id": "2-3-9-10-19", "timings_sec": {"read_step": 0.012059499975293875, "enumerate_faces": 3.5499921068549156e-05, "build_adjacency": 0.00040549994446337223, "extract_features": 0.0014760000631213188, "map_labels": 0.00023090001195669174, "sanity_checks": 0.00018530013039708138, "total": 0.014392700046300888}}