{"part_id": "2-3-3-5-11-23", "timings_sec": {"read_step": 0.019986800150945783, "enumerate_faces": 3.709993325173855e-05, "build_adjacency": 0.000632900046184659, "extract_features": 0.0023128001485019922, "map_labels": 0.00024310010485351086, "sanity_checks": 0.00025589996948838234, "total": 0.023468600353226066}}