{"part_id": "2-3-5-6-14-23", "timings_sec": {"read_step": 0.01178910001181066, "enumerate_faces": 3.2300129532814026e-05, "build_adjacency": 0.0005051000043749809, "extract_features": 0.0013471001293510199, "map_labels": 0.00023230002261698246, "sanity_checks": 0.00022620009258389473, "total": 0.014132100390270352}}