{"part_id": "2-3-4-12-12-23", "timings_sec": {"read_step": 0.01060250005684793, "enumerate_faces": 2.510007470846176e-05, "build_adjacency": 0.00035710004158318043, "extract_features": 0.0013204000424593687, "map_labels": 0.00020150002092123032, "sanity_checks": 0.0002305000089108944, "total": 0.012737100245431066}}