{"part_id": "2-3-8-11-12-23", "timings_sec": {"read_step": 0.016434399876743555, "enumerate_faces": 3.609992563724518e-05, "build_adjacency": 0.00045250006951391697, "extract_features": 0.0019509000703692436, "map_labels": 0.00027169985696673393, "sanity_checks": 0.00019120005890727043, "total": 0.019336799858137965}}