{"part_id": "2-3-3-4-4-23", "timings_sec": {"read_step": 0.011994500178843737, "enumerate_faces": 3.560003824532032e-05, "build_adjacency": 0.00039199995808303356, "extract_features": 0.0013820999301970005, "map_labels": 0.00022740010172128677, "sanity_checks": 0.00016860011965036392, "total": 0.014200200326740742}}