{"part_id": "2-3-3-8-14-23", "timings_sec": {"read_step": 0.011119700036942959, "enumerate_faces": 3.309990279376507e-05, "build_adjacency": 0.0003744999412447214, "extract_features": 0.0014581999275833368, "map_labels": 0.00022849999368190765, "sanity_checks": 0.00021209986880421638, "total": 0.013426099671050906}}