{"part_id": "2-3-8-10-13-23", "timings_sec": {"read_step": 0.018499600002542138, "enumerate_faces": 4.160008393228054e-05, "build_adjacency": 0.0006982001941651106, "extract_features": 0.002806199947372079, "map_labels": 0.000282099936157465, "sanity_checks": 0.0003068000078201294, "total": 0.022634500171989202}}