{"part_id": "2-3-5-8-9-23", "timings_sec": {"read_step": 0.01333109987899661, "enumerate_faces": 3.0399998649954796e-05, "build_adjacency": 0.0004313001409173012, "extract_features": 0.0016454998403787613, "map_labels": 0.00021600001491606236, "sanity_checks": 0.00018319999799132347, "total": 0.015837499871850014}}