{"part_id": "2-3-5-13-14-23", "timings_sec": {"read_step": 0.012594199972227216, "enumerate_faces": 3.309990279376507e-05, "build_adjacency": 0.00042539997957646847, "extract_features": 0.0014365999959409237, "map_labels": 0.00024809991009533405, "sanity_checks": 0.00017479993402957916, "total": 0.014912199694663286}}