{"part_id": "2-3-5-5-8-23", "timings_sec": {"read_step": 0.013812900055199862, "enumerate_faces": 3.3899908885359764e-05, "build_adjacency": 0.0004381001926958561, "extract_features": 0.001718300161883235, "map_labels": 0.00021600001491606236, "sanity_checks": 0.00019880011677742004, "total": 0.016418000450357795}}