{"part_id": "2-3-5-7-13-23", "timings_sec": {"read_step": 0.011686300160363317, "enumerate_faces": 3.0899886041879654e-05, "build_adjacency": 0.0003567999228835106, "extract_features": 0.0012347998563200235, "map_labels": 0.0002250999677926302, "sanity_checks": 0.0001555001363158226, "total": 0.013689399929717183}}