{"part_id": "2-3-11-13-13-23", "timings_sec": {"read_step": 0.013064400060102344, "enumerate_faces": 3.66999302059412e-05, "build_adjacency": 0.0004314999096095562, "extract_features": 0.0015095998533070087, "map_labels": 0.0002367999404668808, "sanity_checks": 0.0001881001517176628, "total": 0.015467099845409393}}