{"part_id": "2-3-4-11-11-23", "timings_sec": {"read_step": 0.015051099937409163, "enumerate_faces": 2.7999980375170708e-05, "build_adjacency": 0.000462499912828207, "extract_features": 0.0016864000353962183, "map_labels": 0.00022660009562969208, "sanity_checks": 0.00020590005442500114, "total": 0.017660500016063452}}