{"part_id": "2-3-3-5-12-23", "timings_sec": {"read_step": 0.01467219996266067, "enumerate_faces": 3.469991497695446e-05, "build_adjacency": 0.0004970000591129065, "extract_features": 0.0017379999626427889, "map_labels": 0.0002709000837057829, "sanity_checks": 0.0002063000574707985, "total": 0.0174191000405699}}