{"part_id": "2-3-4-6-9-23", "timings_sec": {"read_step": 0.012885099975392222, "enumerate_faces": 3.3400021493434906e-05, "build_adjacency": 0.0004885999951511621, "extract_features": 0.0015236998442560434, "map_labels": 0.00026260013692080975, "sanity_checks": 0.00019649998284876347, "total": 0.015389899956062436}}