{"part_id": "2-3-4-14-14-23", "timings_sec": {"read_step": 0.01294629997573793, "enumerate_faces": 3.100000321865082e-05, "build_adjacency": 0.0005270999390631914, "extract_features": 0.0015387001913040876, "map_labels": 0.00021359999664127827, "sanity_checks": 0.00018969993107020855, "total": 0.015446400037035346}}