{"part_id": "2-3-8-9-9-23", "timings_sec": {"read_step": 0.01960350014269352, "enumerate_faces": 3.4599797800183296e-05, "build_adjacency": 0.00041820015758275986, "extract_features": 0.0016378001309931278, "map_labels": 0.0002210000529885292, "sanity_checks": 0.00018159998580813408, "total": 0.022096700267866254}}