{"part_id": "2-3-6-13-13-23", "timings_sec": {"read_step": 0.009016099851578474, "enumerate_faces": 2.1799933165311813e-05, "build_adjacency": 0.00028110016137361526, "extract_features": 0.0010957000777125359, "map_labels": 0.00018070009537041187, "sanity_checks": 0.00012960005551576614, "total": 0.010725000174716115}}