{"part_id": "2-3-7-13-19", "timings_sec": {"read_step": 0.014693300006911159, "enumerate_faces": 3.210012800991535e-05, "build_adjacency": 0.00043000001460313797, "extract_features": 0.0014148999471217394, "map_labels": 0.0002194000408053398, "sanity_checks": 0.0001713000237941742, "total": 0.016961000161245465}}