{"part_id": "2-3-8-14-19", "timings_sec": {"read_step": 0.012196100084111094, "enumerate_faces": 4.160008393228054e-05, "build_adjacency": 0.00046280003152787685, "extract_features": 0.001264600083231926, "map_labels": 0.00022369995713233948, "sanity_checks": 0.00013020006008446217, "total": 0.01431900030001998}}