{"part_id": "2-3-3-19", "timings_sec": {"read_step": 0.014694300014525652, "enumerate_faces": 3.510015085339546e-05, "build_adjacency": 0.0004724001046270132, "extract_features": 0.00206359988078475, "map_labels": 0.00023459992371499538, "sanity_checks": 0.000206399941816926, "total": 0.017706400016322732}}