{"part_id": "2-3-6-11-14-23", "timings_sec": {"read_step": 0.011089399922639132, "enumerate_faces": 2.8199981898069382e-05, "build_adjacency": 0.0004297001287341118, "extract_features": 0.0015902998857200146, "map_labels": 0.00022950000129640102, "sanity_checks": 0.0001664001028984785, "total": 0.013533500023186207}}