{"part_id": "2-3-6-13-14-23", "timings_sec": {"read_step": 0.00875309994444251, "enumerate_faces": 1.9900035113096237e-05, "build_adjacency": 0.00029070000164210796, "extract_features": 0.0010855000000447035, "map_labels": 0.00018829992040991783, "sanity_checks": 0.00013770000077784061, "total": 0.010475199902430177}}