{"part_id": "2-3-7-9-14-23", "timings_sec": {"read_step": 0.01563369994983077, "enumerate_faces": 3.8800062611699104e-05, "build_adjacency": 0.00037800008431077003, "extract_features": 0.0013656001538038254, "map_labels": 0.00024839979596436024, "sanity_checks": 0.0001650999765843153, "total": 0.01782960002310574}}