{"part_id": "2-3-4-4-5-23", "timings_sec": {"read_step": 0.011081499978899956, "enumerate_faces": 3.3499905839562416e-05, "build_adjacency": 0.0003690000157803297, "extract_features": 0.0012928000651299953, "map_labels": 0.00022920011542737484, "sanity_checks": 0.00016210018657147884, "total": 0.013168100267648697}}