{"part_id": "2-3-8-8-10-23", "timings_sec": {"read_step": 0.013031900161877275, "enumerate_faces": 3.410014323890209e-05, "build_adjacency": 0.0004344000481069088, "extract_features": 0.001510400092229247, "map_labels": 0.00023409980349242687, "sanity_checks": 0.00019400008022785187, "total": 0.015438900329172611}}