{"part_id": "2-3-7-7-14-23", "timings_sec": {"read_step": 0.011629600077867508, "enumerate_faces": 2.600019797682762e-05, "build_adjacency": 0.0003983997739851475, "extract_features": 0.0013946001417934895, "map_labels": 0.00019649998284876347, "sanity_checks": 0.00017259991727769375, "total": 0.01381770009174943}}