{"part_id": "2-3-12-12-13-23", "timings_sec": {"read_step": 0.014477099990472198, "enumerate_faces": 3.6899931728839874e-05, "build_adjacency": 0.0003762999549508095, "extract_features": 0.0012861001305282116, "map_labels": 0.0002280001062899828, "sanity_checks": 0.00016490020789206028, "total": 0.0165693003218621}}