{"part_id": "2-3-8-10-10-23", "timings_sec": {"read_step": 0.014890699880197644, "enumerate_faces": 3.7400051951408386e-05, "build_adjacency": 0.00036539998836815357, "extract_features": 0.0014598001725971699, "map_labels": 0.0002957999240607023, "sanity_checks": 0.0002881998661905527, "total": 0.01733729988336563}}