{"part_id": "2-3-3-7-8-23", "timings_sec": {"read_step": 0.013392799999564886, "enumerate_faces": 2.4099834263324738e-05, "build_adjacency": 0.0004515999462455511, "extract_features": 0.0016013998538255692, "map_labels": 0.00020689982920885086, "sanity_checks": 0.00019020005129277706, "total": 0.01586699951440096}}