{"part_id": "2-3-9-12-12-23", "timings_sec": {"read_step": 0.011093100067228079, "enumerate_faces": 2.9199989512562752e-05, "build_adjacency": 0.0003674998879432678, "extract_features": 0.0014066000003367662, "map_labels": 0.00021130009554326534, "sanity_checks": 0.0001792998518794775, "total": 0.013286999892443419}}