{"part_id": "2-3-6-8-13-23", "timings_sec": {"read_step": 0.011988400015980005, "enumerate_faces": 3.100000321865082e-05, "build_adjacency": 0.00037400005385279655, "extract_features": 0.0013544000685214996, "map_labels": 0.0002133999951183796, "sanity_checks": 0.00016989978030323982, "total": 0.014131099916994572}}