{"part_id": "2-3-7-7-13-23", "timings_sec": {"read_step": 0.018126500071957707, "enumerate_faces": 4.2499974370002747e-05, "build_adjacency": 0.0004654999356716871, "extract_features": 0.001652600010856986, "map_labels": 0.000251400051638484, "sanity_checks": 0.00018349988386034966, "total": 0.020721999928355217}}