{"part_id": "2-3-9-12-13-23", "timings_sec": {"read_step": 0.010699399979785085, "enumerate_faces": 4.1999854147434235e-05, "build_adjacency": 0.0006009000353515148, "extract_features": 0.0020957000087946653, "map_labels": 0.0003084000200033188, "sanity_checks": 0.00029669981449842453, "total": 0.014043099712580442}}