{"part_id": "2-3-4-11-13-23", "timings_sec": {"read_step": 0.010577299864962697, "enumerate_faces": 2.210005186498165e-05, "build_adjacency": 0.0003480999730527401, "extract_features": 0.0013246000744402409, "map_labels": 0.0001916999462991953, "sanity_checks": 0.0001656000968068838, "total": 0.012629400007426739}}