{"part_id": "2-3-3-12-12-23", "timings_sec": {"read_step": 0.01568099996075034, "enumerate_faces": 3.4599797800183296e-05, "build_adjacency": 0.0004956000484526157, "extract_features": 0.001955500105395913, "map_labels": 0.00023399991914629936, "sanity_checks": 0.00022320006974041462, "total": 0.018623899901285768}}