{"part_id": "2-3-4-6-6-23", "timings_sec": {"read_step": 0.012043700087815523, "enumerate_faces": 3.120000474154949e-05, "build_adjacency": 0.0006482000462710857, "extract_features": 0.001756400102749467, "map_labels": 0.00022339983843266964, "sanity_checks": 0.0001645998563617468, "total": 0.014867499936372042}}