{"part_id": "2-3-11-19", "timings_sec": {"read_step": 0.010508199920877814, "enumerate_faces": 2.4799956008791924e-05, "build_adjacency": 0.0003684000112116337, "extract_features": 0.001266400096938014, "map_labels": 0.00019200006499886513, "sanity_checks": 0.00015709991566836834, "total": 0.012516899965703487}}