{"part_id": "2-3-4-13-19", "timings_sec": {"read_step": 0.017347499961033463, "enumerate_faces": 3.360002301633358e-05, "build_adjacency": 0.0003759001847356558, "extract_features": 0.001379299908876419, "map_labels": 0.00025500007905066013, "sanity_checks": 0.0001650999765843153, "total": 0.019556400133296847}}