{"part_id": "2-3-7-14-19", "timings_sec": {"read_step": 0.009302600054070354, "enumerate_faces": 3.2800016924738884e-05, "build_adjacency": 0.00031889998354017735, "extract_features": 0.001088900025933981, "map_labels": 0.00022489996626973152, "sanity_checks": 0.00013729999773204327, "total": 0.011105400044471025}}