{"part_id": "2-3-8-9-14-23", "timings_sec": {"read_step": 0.015595200005918741, "enumerate_faces": 4.169996827840805e-05, "build_adjacency": 0.0005308999679982662, "extract_features": 0.0018265999387949705, "map_labels": 0.00031749997287988663, "sanity_checks": 0.00024800002574920654, "total": 0.01855989987961948}}