{"part_id": "2-3-10-13-14-23", "timings_sec": {"read_step": 0.010642000008374453, "enumerate_faces": 3.3700140193104744e-05, "build_adjacency": 0.0003374998923391104, "extract_features": 0.001258700154721737, "map_labels": 0.00021270010620355606, "sanity_checks": 0.00017850007861852646, "total": 0.012663100380450487}}