{"part_id": "2-3-4-9-11-23", "timings_sec": {"read_step": 0.011294699972495437, "enumerate_faces": 2.7399975806474686e-05, "build_adjacency": 0.0003823998849838972, "extract_features": 0.0015581999905407429, "map_labels": 0.00022459984757006168, "sanity_checks": 0.00018740002997219563, "total": 0.013674699701368809}}