{"part_id": "2-3-8-10-12-23", "timings_sec": {"read_step": 0.012166900094598532, "enumerate_faces": 4.0499959141016006e-05, "build_adjacency": 0.000605100067332387, "extract_features": 0.0016866999212652445, "map_labels": 0.00022689998149871826, "sanity_checks": 0.00016529997810721397, "total": 0.014891400001943111}}