{"part_id": "2-3-4-7-9-23", "timings_sec": {"read_step": 0.010520400013774633, "enumerate_faces": 3.1700124964118004e-05, "build_adjacency": 0.0003559999167919159, "extract_features": 0.0014140999410301447, "map_labels": 0.00020970008336007595, "sanity_checks": 0.00015849992632865906, "total": 0.012690400006249547}}