{"part_id": "2-3-12-19", "timings_sec": {"read_step": 0.008334500016644597, "enumerate_faces": 2.659996971487999e-05, "build_adjacency": 0.0002802000381052494, "extract_features": 0.0011766999959945679, "map_labels": 0.00021760002709925175, "sanity_checks": 0.00012809992767870426, "total": 0.01016369997523725}}