{"part_id": "2-3-6-14-19", "timings_sec": {"read_step": 0.008108700159937143, "enumerate_faces": 1.9799917936325073e-05, "build_adjacency": 0.00027149985544383526, "extract_features": 0.0009805001318454742, "map_labels": 0.00017699995078146458, "sanity_checks": 0.00012690015137195587, "total": 0.009684400167316198}}