{"part_id": "2-3-6-9-11-23", "timings_sec": {"read_step": 0.010455099865794182, "enumerate_faces": 2.2500054910779e-05, "build_adjacency": 0.00045730010606348515, "extract_features": 0.0017554000951349735, "map_labels": 0.00020160013809800148, "sanity_checks": 0.00018099998123943806, "total": 0.013072900241240859}}