{"part_id": "2-3-9-10-14-23", "timings_sec": {"read_step": 0.010729200206696987, "enumerate_faces": 3.5400036722421646e-05, "build_adjacency": 0.00035170000046491623, "extract_features": 0.0012401000130921602, "map_labels": 0.00022229994647204876, "sanity_checks": 0.00015360000543296337, "total": 0.012732300208881497}}