{"part_id": "2-3-7-10-14-23", "timings_sec": {"read_step": 0.012340700021013618, "enumerate_faces": 3.220001235604286e-05, "build_adjacency": 0.00040500005707144737, "extract_features": 0.0016224998980760574, "map_labels": 0.00022990000434219837, "sanity_checks": 0.00018319999799132347, "total": 0.014813499990850687}}