{"part_id": "2-3-7-7-10-23", "timings_sec": {"read_step": 0.010771600063890219, "enumerate_faces": 2.6999972760677338e-05, "build_adjacency": 0.0003474999684840441, "extract_features": 0.0012811000924557447, "map_labels": 0.0002733999863266945, "sanity_checks": 0.0002731999848037958, "total": 0.012973800068721175}}