{"part_id": "2-3-4-6-8-23", "timings_sec": {"read_step": 0.009482300141826272, "enumerate_faces": 3.6800047382712364e-05, "build_adjacency": 0.0004016000311821699, "extract_features": 0.0011307999957352877, "map_labels": 0.00020660017617046833, "sanity_checks": 0.0001401000190526247, "total": 0.011398200411349535}}