{"part_id": "2-3-4-8-8-23", "timings_sec": {"read_step": 0.008695200085639954, "enumerate_faces": 3.0800001695752144e-05, "build_adjacency": 0.00029250001534819603, "extract_features": 0.0014094000216573477, "map_labels": 0.00023909984156489372, "sanity_checks": 0.0001316999550908804, "total": 0.010798699920997024}}