{"part_id": "2-3-10-10-11-23", "timings_sec": {"read_step": 0.015591199975460768, "enumerate_faces": 3.560003824532032e-05, "build_adjacency": 0.0005189999938011169, "extract_features": 0.0019997998606413603, "map_labels": 0.00022680009715259075, "sanity_checks": 0.00022860011085867882, "total": 0.018601000076159835}}