{"part_id": "2-3-3-6-10-23", "timings_sec": {"read_step": 0.020362099865451455, "enumerate_faces": 4.509999416768551e-05, "build_adjacency": 0.0008044999558478594, "extract_features": 0.002684100065380335, "map_labels": 0.00025800010189414024, "sanity_checks": 0.00025749998167157173, "total": 0.024411299964413047}}