{"part_id": "2-4-4-8-11-23", "timings_sec": {"read_step": 0.009946299949660897, "enumerate_faces": 3.190012648701668e-05, "build_adjacency": 0.0003333999775350094, "extract_features": 0.001199999824166298, "map_labels": 0.00021530012600123882, "sanity_checks": 0.0002655999269336462, "total": 0.011992499930784106}}