{"part_id": "2-4-10-10-13-23", "timings_sec": {"read_step": 0.009821099927648902, "enumerate_faces": 3.060000017285347e-05, "build_adjacency": 0.00031889998354017735, "extract_features": 0.0012561001349240541, "map_labels": 0.00021169986575841904, "sanity_checks": 0.0001517999917268753, "total": 0.011790199903771281}}