{"part_id": "2-4-9-10-13-23", "timings_sec": {"read_step": 0.009044900070875883, "enumerate_faces": 3.100000321865082e-05, "build_adjacency": 0.000304599991068244, "extract_features": 0.001137099927291274, "map_labels": 0.00022500008344650269, "sanity_checks": 0.00014650006778538227, "total": 0.010889100143685937}}