{"part_id": "2-4-4-13-19", "timings_sec": {"read_step": 0.007013800088316202, "enumerate_faces": 2.1700048819184303e-05, "build_adjacency": 0.00023210002109408379, "extract_features": 0.0008586999028921127, "map_labels": 0.00017790007404983044, "sanity_checks": 0.00010950001887977123, "total": 0.008413700154051185}}