{"part_id": "2-4-12-19", "timings_sec": {"read_step": 0.0068014999851584435, "enumerate_faces": 2.6499852538108826e-05, "build_adjacency": 0.0002297000028192997, "extract_features": 0.000824199989438057, "map_labels": 0.00021909992210566998, "sanity_checks": 0.00010930001735687256, "total": 0.008210299769416451}}