{"part_id": "2-4-7-11-12-23", "timings_sec": {"read_step": 0.01656669983640313, "enumerate_faces": 3.3499905839562416e-05, "build_adjacency": 0.0003605999518185854, "extract_features": 0.0013207001611590385, "map_labels": 0.0002774999011307955, "sanity_checks": 0.00016740011051297188, "total": 0.018726399866864085}}