{"part_id": "2-4-7-14-19", "timings_sec": {"read_step": 0.008380100131034851, "enumerate_faces": 3.4700147807598114e-05, "build_adjacency": 0.0002655999269336462, "extract_features": 0.0009630999993532896, "map_labels": 0.00021180021576583385, "sanity_checks": 0.000125400023534894, "total": 0.009980700444430113}}