{"part_id": "2-4-4-12-12-23", "timings_sec": {"read_step": 0.009740399895235896, "enumerate_faces": 3.120000474154949e-05, "build_adjacency": 0.00033369986340403557, "extract_features": 0.0011712000705301762, "map_labels": 0.00022029993124306202, "sanity_checks": 0.00014770007692277431, "total": 0.011644499842077494}}