{"part_id": "2-4-7-13-19", "timings_sec": {"read_step": 0.007415900006890297, "enumerate_faces": 2.750009298324585e-05, "build_adjacency": 0.00024710013531148434, "extract_features": 0.0008819999638944864, "map_labels": 0.00020610005594789982, "sanity_checks": 0.00014159991405904293, "total": 0.008920200169086456}}