{"part_id": "2-4-6-11-11-23", "timings_sec": {"read_step": 0.01120199984870851, "enumerate_faces": 2.7300091460347176e-05, "build_adjacency": 0.00036780000664293766, "extract_features": 0.0014799998607486486, "map_labels": 0.00020519993267953396, "sanity_checks": 0.00018070009537041187, "total": 0.01346299983561039}}