{"part_id": "2-4-12-12-12-23", "timings_sec": {"read_step": 0.00985409994609654, "enumerate_faces": 2.210005186498165e-05, "build_adjacency": 0.00038270000368356705, "extract_features": 0.0023227001074701548, "map_labels": 0.0002478999085724354, "sanity_checks": 0.00026510003954172134, "total": 0.0130946000572294}}