{"part_id": "2-4-10-10-11-23", "timings_sec": {"read_step": 0.008535099914297462, "enumerate_faces": 2.7300091460347176e-05, "build_adjacency": 0.0002804999239742756, "extract_features": 0.0011887999717146158, "map_labels": 0.00019869999960064888, "sanity_checks": 0.00013839988969266415, "total": 0.010368799790740013}}