{"part_id": "2-4-5-5-11-23", "timings_sec": {"read_step": 0.010976900113746524, "enumerate_faces": 3.200001083314419e-05, "build_adjacency": 0.00037390016950666904, "extract_features": 0.0013683000579476357, "map_labels": 0.00027629989199340343, "sanity_checks": 0.00017460016533732414, "total": 0.0132020004093647}}