{"part_id": "2-4-7-7-9-23", "timings_sec": {"read_step": 0.009234400000423193, "enumerate_faces": 2.6399968191981316e-05, "build_adjacency": 0.0002933000214397907, "extract_features": 0.0012199999764561653, "map_labels": 0.00021740002557635307, "sanity_checks": 0.00014210003428161144, "total": 0.011133600026369095}}