{"part_id": "2-4-10-11-12-23", "timings_sec": {"read_step": 0.0111328000202775, "enumerate_faces": 2.9900111258029938e-05, "build_adjacency": 0.00037180003710091114, "extract_features": 0.0013598001096397638, "map_labels": 0.00021890015341341496, "sanity_checks": 0.00017570005729794502, "total": 0.013288900488987565}}