{"part_id": "2-4-4-9-9-23", "timings_sec": {"read_step": 0.00912039983086288, "enumerate_faces": 3.3400021493434906e-05, "build_adjacency": 0.0003019999712705612, "extract_features": 0.0012423999141901731, "map_labels": 0.00021780002862215042, "sanity_checks": 0.00015610014088451862, "total": 0.011072099907323718}}