{"part_id": "2-4-13-14-14-23", "timings_sec": {"read_step": 0.009487800067290664, "enumerate_faces": 2.9300106689333916e-05, "build_adjacency": 0.00028709997422993183, "extract_features": 0.0010421001352369785, "map_labels": 0.00020749983377754688, "sanity_checks": 0.00014619994908571243, "total": 0.011200000066310167}}