{"part_id": "2-4-4-4-9-23", "timings_sec": {"read_step": 0.008801399962976575, "enumerate_faces": 2.8700102120637894e-05, "build_adjacency": 0.0003019000869244337, "extract_features": 0.0015833000652492046, "map_labels": 0.0002538999542593956, "sanity_checks": 0.00014210003428161144, "total": 0.011111300205811858}}