{"part_id": "2-4-4-7-13-23", "timings_sec": {"read_step": 0.009750299854204059, "enumerate_faces": 2.9999995604157448e-05, "build_adjacency": 0.00028849998489022255, "extract_features": 0.001062499824911356, "map_labels": 0.00022000004537403584, "sanity_checks": 0.00013109995052218437, "total": 0.011482399655506015}}