{"part_id": "2-4-4-8-19", "timings_sec": {"read_step": 0.00742750009521842, "enumerate_faces": 2.6900088414549828e-05, "build_adjacency": 0.00024560000747442245, "extract_features": 0.000892499927431345, "map_labels": 0.0002225001808255911, "sanity_checks": 0.00012739980593323708, "total": 0.008942400105297565}}