{"part_id": "2-4-5-13-13-23", "timings_sec": {"read_step": 0.009527400135993958, "enumerate_faces": 3.2300129532814026e-05, "build_adjacency": 0.00048259994946420193, "extract_features": 0.00197049998678267, "map_labels": 0.0002598999999463558, "sanity_checks": 0.00023419992066919804, "total": 0.012506900122389197}}