{"part_id": "2-4-11-19", "timings_sec": {"read_step": 0.007665199926123023, "enumerate_faces": 2.5300076231360435e-05, "build_adjacency": 0.0004089998546987772, "extract_features": 0.0010985999833792448, "map_labels": 0.00020699994638562202, "sanity_checks": 0.00013020006008446217, "total": 0.00953529984690249}}