{"part_id": "2-4-6-11-19", "timings_sec": {"read_step": 0.008956599980592728, "enumerate_faces": 3.329990431666374e-05, "build_adjacency": 0.00029159989207983017, "extract_features": 0.0010923000518232584, "map_labels": 0.0002375999465584755, "sanity_checks": 0.00013749999925494194, "total": 0.010748899774625897}}