{"part_id": "2-4-5-7-11-23", "timings_sec": {"read_step": 0.011021299986168742, "enumerate_faces": 3.7300167605280876e-05, "build_adjacency": 0.000368200009688735, "extract_features": 0.0013256999664008617, "map_labels": 0.0002507998142391443, "sanity_checks": 0.0001683998852968216, "total": 0.013171699829399586}}