{"part_id": "2-4-11-13-19", "timings_sec": {"read_step": 0.0037951001431792974, "enumerate_faces": 1.6099773347377777e-05, "build_adjacency": 0.00012620002962648869, "extract_features": 0.0004732999950647354, "map_labels": 0.00016460008919239044, "sanity_checks": 6.409990601241589e-05, "total": 0.004639399936422706}}