{"part_id": "2-4-9-10-19", "timings_sec": {"read_step": 0.008935000048950315, "enumerate_faces": 3.100000321865082e-05, "build_adjacency": 0.00028789998032152653, "extract_features": 0.0012903998140245676, "map_labels": 0.00022739986889064312, "sanity_checks": 0.00013839988969266415, "total": 0.010910099605098367}}