{"part_id": "2-4-4-12-14-23", "timings_sec": {"read_step": 0.008895300095900893, "enumerate_faces": 2.9299873858690262e-05, "build_adjacency": 0.0003122000489383936, "extract_features": 0.0011332000140100718, "map_labels": 0.00021389988251030445, "sanity_checks": 0.0001379998866468668, "total": 0.01072189980186522}}