{"part_id": "2-4-6-19", "timings_sec": {"read_step": 0.006447999970987439, "enumerate_faces": 2.9899878427386284e-05, "build_adjacency": 0.00021239998750388622, "extract_features": 0.0007533000316470861, "map_labels": 0.00020410004071891308, "sanity_checks": 9.670015424489975e-05, "total": 0.007744400063529611}}