{"part_id": "2-4-7-8-13-23", "timings_sec": {"read_step": 0.007438000058755279, "enumerate_faces": 2.6999972760677338e-05, "build_adjacency": 0.00033210008405148983, "extract_features": 0.0010591000318527222, "map_labels": 0.00019970000721514225, "sanity_checks": 0.00011599995195865631, "total": 0.009171900106593966}}