{"part_id": "2-4-5-5-7-23", "timings_sec": {"read_step": 0.009683399926871061, "enumerate_faces": 3.5300152376294136e-05, "build_adjacency": 0.00034730019979178905, "extract_features": 0.0011869999580085278, "map_labels": 0.00020979996770620346, "sanity_checks": 0.00014949985779821873, "total": 0.011612300062552094}}