{"part_id": "2-4-4-6-7-23", "timings_sec": {"read_step": 0.0070477998815476894, "enumerate_faces": 2.259993925690651e-05, "build_adjacency": 0.0002761001233011484, "extract_features": 0.0008811000734567642, "map_labels": 0.00025829998776316643, "sanity_checks": 0.00017310003750026226, "total": 0.008659000042825937}}