{"part_id": "2-4-10-11-19", "timings_sec": {"read_step": 0.00958020007237792, "enumerate_faces": 3.260001540184021e-05, "build_adjacency": 0.00031250016763806343, "extract_features": 0.0011777998879551888, "map_labels": 0.00022289995104074478, "sanity_checks": 0.00015199999324977398, "total": 0.011478000087663531}}