{"part_id": "2-4-5-6-10-23", "timings_sec": {"read_step": 0.009473300073295832, "enumerate_faces": 2.659996971487999e-05, "build_adjacency": 0.00030949991196393967, "extract_features": 0.0011433998588472605, "map_labels": 0.00022099982015788555, "sanity_checks": 0.00019569997675716877, "total": 0.011369499610736966}}