{"part_id": "2-4-6-10-10-23", "timings_sec": {"read_step": 0.009453200036659837, "enumerate_faces": 3.120000474154949e-05, "build_adjacency": 0.000345500186085701, "extract_features": 0.0012733000330626965, "map_labels": 0.00025640008971095085, "sanity_checks": 0.000242199981585145, "total": 0.01160180033184588}}