{"part_id": "2-4-8-10-11-23", "timings_sec": {"read_step": 0.010295300045982003, "enumerate_faces": 3.190012648701668e-05, "build_adjacency": 0.0003494999837130308, "extract_features": 0.001421900000423193, "map_labels": 0.0002226999495178461, "sanity_checks": 0.00016930000856518745, "total": 0.012490600114688277}}