{"part_id": "2-4-14-14-14-23", "timings_sec": {"read_step": 0.008278799941763282, "enumerate_faces": 2.719997428357601e-05, "build_adjacency": 0.00025729998014867306, "extract_features": 0.0009274000767618418, "map_labels": 0.00020759995095431805, "sanity_checks": 0.00012240000069141388, "total": 0.009820699924603105}}