{"part_id": "2-4-4-6-19", "timings_sec": {"read_step": 0.0073714000172913074, "enumerate_faces": 2.8199981898069382e-05, "build_adjacency": 0.00024640001356601715, "extract_features": 0.0008762001525610685, "map_labels": 0.00019990000873804092, "sanity_checks": 0.00011589983478188515, "total": 0.008838000008836389}}