{"part_id": "2-4-8-11-12-23", "timings_sec": {"read_step": 0.010279800044372678, "enumerate_faces": 2.9499875381588936e-05, "build_adjacency": 0.0003388999029994011, "extract_features": 0.001331100007519126, "map_labels": 0.00029600015841424465, "sanity_checks": 0.0001914000604301691, "total": 0.012466700049117208}}