{"part_id": "2-4-7-9-11-23", "timings_sec": {"read_step": 0.010567399905994534, "enumerate_faces": 3.120000474154949e-05, "build_adjacency": 0.0003526001237332821, "extract_features": 0.0012675998732447624, "map_labels": 0.00022999988868832588, "sanity_checks": 0.00016649998724460602, "total": 0.01261529978364706}}