{"part_id": "2-4-13-13-14-23", "timings_sec": {"read_step": 0.008172599831596017, "enumerate_faces": 2.5700079277157784e-05, "build_adjacency": 0.0002723999787122011, "extract_features": 0.000972899841144681, "map_labels": 0.0001922000665217638, "sanity_checks": 0.00012420001439750195, "total": 0.009759999811649323}}