{"part_id": "2-4-9-10-12-23", "timings_sec": {"read_step": 0.011105699930340052, "enumerate_faces": 3.2800016924738884e-05, "build_adjacency": 0.00033609988167881966, "extract_features": 0.001258299918845296, "map_labels": 0.00021520000882446766, "sanity_checks": 0.0001666999887675047, "total": 0.013114799745380878}}