{"part_id": "2-4-5-5-8-23", "timings_sec": {"read_step": 0.009276899974793196, "enumerate_faces": 2.619996666908264e-05, "build_adjacency": 0.0003124999348074198, "extract_features": 0.0012858000118285418, "map_labels": 0.00020899996161460876, "sanity_checks": 0.00014579994603991508, "total": 0.011256199795752764}}