{"part_id": "2-4-11-11-11-23", "timings_sec": {"read_step": 0.012807700084522367, "enumerate_faces": 3.3300137147307396e-05, "build_adjacency": 0.0004295001272112131, "extract_features": 0.0016840000171214342, "map_labels": 0.00022289995104074478, "sanity_checks": 0.00020849984139204025, "total": 0.015385900158435106}}