{"part_id": "2-4-5-7-13-23", "timings_sec": {"read_step": 0.008733199909329414, "enumerate_faces": 2.9799994081258774e-05, "build_adjacency": 0.00030399998649954796, "extract_features": 0.0010962998494505882, "map_labels": 0.00028699985705316067, "sanity_checks": 0.00014100014232099056, "total": 0.01059129973873496}}