{"part_id": "2-4-5-6-8-23", "timings_sec": {"read_step": 0.009607600048184395, "enumerate_faces": 3.720005042850971e-05, "build_adjacency": 0.00030450010672211647, "extract_features": 0.0013437001034617424, "map_labels": 0.0002413000911474228, "sanity_checks": 0.00013040006160736084, "total": 0.011664700461551547}}