{"part_id": "2-4-6-9-12-23", "timings_sec": {"read_step": 0.009745500050485134, "enumerate_faces": 3.220001235604286e-05, "build_adjacency": 0.00030269986018538475, "extract_features": 0.0012779999524354935, "map_labels": 0.0002204999327659607, "sanity_checks": 0.00013859989121556282, "total": 0.011717499699443579}}