{"part_id": "2-4-6-6-12-23", "timings_sec": {"read_step": 0.009203899884596467, "enumerate_faces": 2.6900088414549828e-05, "build_adjacency": 0.0002827998250722885, "extract_features": 0.0010275000240653753, "map_labels": 0.00019369996152818203, "sanity_checks": 0.00015389989130198956, "total": 0.010888699674978852}}