{"part_id": "2-4-4-10-12-23", "timings_sec": {"read_step": 0.012076099868863821, "enumerate_faces": 3.71001660823822e-05, "build_adjacency": 0.00033829989843070507, "extract_features": 0.001208700006827712, "map_labels": 0.00022400007583200932, "sanity_checks": 0.00015450012870132923, "total": 0.014038700144737959}}