{"part_id": "2-4-10-10-10-23", "timings_sec": {"read_step": 0.011213500052690506, "enumerate_faces": 3.0100112780928612e-05, "build_adjacency": 0.0003412999212741852, "extract_features": 0.0012880000285804272, "map_labels": 0.00021069985814392567, "sanity_checks": 0.00017070001922547817, "total": 0.01325429999269545}}