{"part_id": "2-4-4-8-12-23", "timings_sec": {"read_step": 0.009738400112837553, "enumerate_faces": 3.3400021493434906e-05, "build_adjacency": 0.0003033000975847244, "extract_features": 0.0010947000700980425, "map_labels": 0.00023259990848600864, "sanity_checks": 0.00014290004037320614, "total": 0.01154530025087297}}