{"part_id": "2-4-10-14-19", "timings_sec": {"read_step": 0.008101199986413121, "enumerate_faces": 2.8700102120637894e-05, "build_adjacency": 0.0004176998045295477, "extract_features": 0.001096400199458003, "map_labels": 0.00021369988098740578, "sanity_checks": 0.0001354999840259552, "total": 0.00999319995753467}}