{"part_id": "2-4-5-7-19", "timings_sec": {"read_step": 0.010804899968206882, "enumerate_faces": 3.309990279376507e-05, "build_adjacency": 0.0002836999483406544, "extract_features": 0.0011456001084297895, "map_labels": 0.00021520000882446766, "sanity_checks": 0.00012500002048909664, "total": 0.012607499957084656}}