{"part_id": "2-4-11-12-19", "timings_sec": {"read_step": 0.008671600138768554, "enumerate_faces": 1.900014467537403e-05, "build_adjacency": 0.00029179989360272884, "extract_features": 0.0010828000959008932, "map_labels": 0.00017650006338953972, "sanity_checks": 0.0001380997709929943, "total": 0.010379800107330084}}