{"part_id": "2-4-5-9-14-23", "timings_sec": {"read_step": 0.009188999887555838, "enumerate_faces": 2.5399960577487946e-05, "build_adjacency": 0.00030589988455176353, "extract_features": 0.0013383999466896057, "map_labels": 0.00019779987633228302, "sanity_checks": 0.00014670006930828094, "total": 0.011203199625015259}}