{"part_id": "2-4-7-11-11-23", "timings_sec": {"read_step": 0.01547669991850853, "enumerate_faces": 3.4800032153725624e-05, "build_adjacency": 0.0004018000327050686, "extract_features": 0.0014198001008480787, "map_labels": 0.00022799987345933914, "sanity_checks": 0.00017959997057914734, "total": 0.01774069992825389}}