{"part_id": "2-4-5-5-10-23", "timings_sec": {"read_step": 0.010331999976187944, "enumerate_faces": 3.2400013878941536e-05, "build_adjacency": 0.00035770004615187645, "extract_features": 0.001750200055539608, "map_labels": 0.00028130016289651394, "sanity_checks": 0.0001597998198121786, "total": 0.012913400074467063}}