{"part_id": "2-4-6-10-11-23", "timings_sec": {"read_step": 0.010828299913555384, "enumerate_faces": 2.9999995604157448e-05, "build_adjacency": 0.0003388999029994011, "extract_features": 0.0012621998321264982, "map_labels": 0.00021580001339316368, "sanity_checks": 0.00016819988377392292, "total": 0.012843399541452527}}