{"part_id": "2-4-10-11-13-23", "timings_sec": {"read_step": 0.01055489992722869, "enumerate_faces": 3.3400021493434906e-05, "build_adjacency": 0.00034799985587596893, "extract_features": 0.0012638000771403313, "map_labels": 0.00022580008953809738, "sanity_checks": 0.00016369996592402458, "total": 0.012589599937200546}}