{"part_id": "2-4-12-12-14-23", "timings_sec": {"read_step": 0.009846700122579932, "enumerate_faces": 2.9300106689333916e-05, "build_adjacency": 0.0003333999775350094, "extract_features": 0.001423899782821536, "map_labels": 0.00022240006364881992, "sanity_checks": 0.00014670006930828094, "total": 0.012002400122582912}}