{"part_id": "2-4-7-9-19", "timings_sec": {"read_step": 0.008132699877023697, "enumerate_faces": 3.1499890610575676e-05, "build_adjacency": 0.00026650005020201206, "extract_features": 0.001053099986165762, "map_labels": 0.0002095999661833048, "sanity_checks": 0.00012969993986189365, "total": 0.009823099710047245}}