{"part_id": "2-4-10-12-12-23", "timings_sec": {"read_step": 0.010457300115376711, "enumerate_faces": 3.360002301633358e-05, "build_adjacency": 0.0003480000887066126, "extract_features": 0.0012500998564064503, "map_labels": 0.00023410003632307053, "sanity_checks": 0.00015820004045963287, "total": 0.01248130016028881}}