{"part_id": "2-4-11-14-14-23", "timings_sec": {"read_step": 0.009419299894943833, "enumerate_faces": 1.740013249218464e-05, "build_adjacency": 0.0003200001083314419, "extract_features": 0.001208599889650941, "map_labels": 0.00020749983377754688, "sanity_checks": 0.00015059998258948326, "total": 0.011323399841785431}}