{"part_id": "2-4-9-10-11-23", "timings_sec": {"read_step": 0.01096649980172515, "enumerate_faces": 2.769986167550087e-05, "build_adjacency": 0.00035470002330839634, "extract_features": 0.0013114998582750559, "map_labels": 0.0002570000942796469, "sanity_checks": 0.00019160006195306778, "total": 0.013108999701216817}}