{"part_id": "2-4-9-9-14-23", "timings_sec": {"read_step": 0.009360200027003884, "enumerate_faces": 2.750009298324585e-05, "build_adjacency": 0.0003033000975847244, "extract_features": 0.0011195000261068344, "map_labels": 0.00021130009554326534, "sanity_checks": 0.00016079982742667198, "total": 0.011182600166648626}}