{"part_id": "2-4-6-12-14-23", "timings_sec": {"read_step": 0.008262700168415904, "enumerate_faces": 1.8799910321831703e-05, "build_adjacency": 0.00027920003049075603, "extract_features": 0.0010337999556213617, "map_labels": 0.00022400007583200932, "sanity_checks": 0.00014050002209842205, "total": 0.009959000162780285}}