{"part_id": "2-4-4-6-9-23", "timings_sec": {"read_step": 0.008595200022682548, "enumerate_faces": 2.9900111258029938e-05, "build_adjacency": 0.00028529996052384377, "extract_features": 0.0011868001893162727, "map_labels": 0.00021109986118972301, "sanity_checks": 0.00013929978013038635, "total": 0.010447599925100803}}