{"part_id": "2-4-4-13-13-23", "timings_sec": {"read_step": 0.007921799784526229, "enumerate_faces": 2.240017056465149e-05, "build_adjacency": 0.00025729998014867306, "extract_features": 0.0009421000722795725, "map_labels": 0.00017939996905624866, "sanity_checks": 0.00012369989417493343, "total": 0.009446699870750308}}