{"part_id": "2-4-5-9-9-23", "timings_sec": {"read_step": 0.009478399995714426, "enumerate_faces": 2.9700109735131264e-05, "build_adjacency": 0.0003124999348074198, "extract_features": 0.001159499865025282, "map_labels": 0.00021130009554326534, "sanity_checks": 0.0001496998593211174, "total": 0.011341099860146642}}