{"part_id": "2-4-4-7-14-23", "timings_sec": {"read_step": 0.0077489998657256365, "enumerate_faces": 2.6799971237778664e-05, "build_adjacency": 0.00026350002735853195, "extract_features": 0.0009443999733775854, "map_labels": 0.000202300027012825, "sanity_checks": 0.0001191999763250351, "total": 0.009305199841037393}}