{"part_id": "2-4-8-11-19", "timings_sec": {"read_step": 0.009162900038063526, "enumerate_faces": 3.6400044336915016e-05, "build_adjacency": 0.00033179996535182, "extract_features": 0.0010579000227153301, "map_labels": 0.0002150998916476965, "sanity_checks": 0.00014769984409213066, "total": 0.010951799806207418}}