{"part_id": "2-4-4-13-14-23", "timings_sec": {"read_step": 0.00894020008854568, "enumerate_faces": 2.95999925583601e-05, "build_adjacency": 0.00028909998945891857, "extract_features": 0.001025599893182516, "map_labels": 0.00022089993581175804, "sanity_checks": 0.00013599987141788006, "total": 0.010641399770975113}}