{"part_id": "2-4-4-4-8-23", "timings_sec": {"read_step": 0.008293400052934885, "enumerate_faces": 2.8099864721298218e-05, "build_adjacency": 0.0002623000182211399, "extract_features": 0.0009488000068813562, "map_labels": 0.00021460000425577164, "sanity_checks": 0.000125400023534894, "total": 0.009872599970549345}}