{"part_id": "2-4-12-13-19", "timings_sec": {"read_step": 0.0076471001375466585, "enumerate_faces": 2.8399983420968056e-05, "build_adjacency": 0.0002615000121295452, "extract_features": 0.0009316999930888414, "map_labels": 0.00020199990831315517, "sanity_checks": 0.000121300108730793, "total": 0.009192000143229961}}