{"part_id": "2-4-5-8-11-23", "timings_sec": {"read_step": 0.009938800008967519, "enumerate_faces": 3.5400036722421646e-05, "build_adjacency": 0.0003282001707702875, "extract_features": 0.0011726999655365944, "map_labels": 0.0002319000195711851, "sanity_checks": 0.0001500002108514309, "total": 0.011857000412419438}}