{"part_id": "2-4-8-12-12-23", "timings_sec": {"read_step": 0.009532499825581908, "enumerate_faces": 3.0399998649954796e-05, "build_adjacency": 0.00031649996526539326, "extract_features": 0.0011666000355035067, "map_labels": 0.0002584999892860651, "sanity_checks": 0.0002142000012099743, "total": 0.011518699815496802}}