{"part_id": "2-4-5-5-12-23", "timings_sec": {"read_step": 0.010187499923631549, "enumerate_faces": 3.190012648701668e-05, "build_adjacency": 0.0003525000065565109, "extract_features": 0.0013876999728381634, "map_labels": 0.00021870015189051628, "sanity_checks": 0.0001533001195639372, "total": 0.012331600300967693}}