{"part_id": "2-4-8-8-13-23", "timings_sec": {"read_step": 0.006805200129747391, "enumerate_faces": 2.210005186498165e-05, "build_adjacency": 0.00023310002870857716, "extract_features": 0.0009429999627172947, "map_labels": 0.0001829999964684248, "sanity_checks": 0.00010910001583397388, "total": 0.008295500185340643}}