{"part_id": "2-4-6-11-12-23", "timings_sec": {"read_step": 0.010060699889436364, "enumerate_faces": 2.9999995604157448e-05, "build_adjacency": 0.0003464999608695507, "extract_features": 0.0013964001554995775, "map_labels": 0.00021909992210566998, "sanity_checks": 0.00015820004045963287, "total": 0.012210899963974953}}