{"part_id": "2-4-11-12-13-23", "timings_sec": {"read_step": 0.010241900105029345, "enumerate_faces": 2.6799971237778664e-05, "build_adjacency": 0.0003341999836266041, "extract_features": 0.0012695000041276217, "map_labels": 0.0002133999951183796, "sanity_checks": 0.00015609990805387497, "total": 0.012241899967193604}}