{"part_id": "2-4-5-5-19", "timings_sec": {"read_step": 0.009961800184100866, "enumerate_faces": 3.260001540184021e-05, "build_adjacency": 0.00029390002600848675, "extract_features": 0.0010929000563919544, "map_labels": 0.00022270018234848976, "sanity_checks": 0.0001330999657511711, "total": 0.011737000430002809}}