{"part_id": "2-4-5-7-9-23", "timings_sec": {"read_step": 0.009533799951896071, "enumerate_faces": 3.2400013878941536e-05, "build_adjacency": 0.0003152999561280012, "extract_features": 0.0011500001419335604, "map_labels": 0.00022060004994273186, "sanity_checks": 0.00014670006930828094, "total": 0.011398800183087587}}