{"part_id": "2-4-4-5-14-23", "timings_sec": {"read_step": 0.009720599977299571, "enumerate_faces": 3.310013562440872e-05, "build_adjacency": 0.00034270016476511955, "extract_features": 0.0011354999151080847, "map_labels": 0.00022869999520480633, "sanity_checks": 0.0001430001575499773, "total": 0.011603600345551968}}