{"part_id": "2-4-8-8-19", "timings_sec": {"read_step": 0.007152699865400791, "enumerate_faces": 2.8099864721298218e-05, "build_adjacency": 0.00023419992066919804, "extract_features": 0.0009580000769346952, "map_labels": 0.00021409988403320312, "sanity_checks": 0.0001088001299649477, "total": 0.008695899741724133}}