{"part_id": "2-4-13-13-19", "timings_sec": {"read_step": 0.007036000024527311, "enumerate_faces": 2.9999995604157448e-05, "build_adjacency": 0.00023449980653822422, "extract_features": 0.0008427000138908625, "map_labels": 0.00020870007574558258, "sanity_checks": 0.00010910001583397388, "total": 0.008460999932140112}}