{"part_id": "2-4-8-12-14-23", "timings_sec": {"read_step": 0.009894000133499503, "enumerate_faces": 3.0800001695752144e-05, "build_adjacency": 0.0003082000184804201, "extract_features": 0.0012153999414294958, "map_labels": 0.0002242999617010355, "sanity_checks": 0.00013759988360106945, "total": 0.011810299940407276}}