{"part_id": "2-4-5-6-12-23", "timings_sec": {"read_step": 0.009022600017488003, "enumerate_faces": 2.629985101521015e-05, "build_adjacency": 0.00031509995460510254, "extract_features": 0.0012753000482916832, "map_labels": 0.00024310010485351086, "sanity_checks": 0.0001463000662624836, "total": 0.011028700042515993}}