{"part_id": "2-4-12-14-14-23", "timings_sec": {"read_step": 0.00903029995970428, "enumerate_faces": 2.4999957531690598e-05, "build_adjacency": 0.0003074000123888254, "extract_features": 0.0012700001243501902, "map_labels": 0.00024319998919963837, "sanity_checks": 0.00014290004037320614, "total": 0.01101880008354783}}