{"part_id": "2-4-6-8-11-23", "timings_sec": {"read_step": 0.012332500191405416, "enumerate_faces": 4.539988003671169e-05, "build_adjacency": 0.00040460005402565, "extract_features": 0.0014154999516904354, "map_labels": 0.00022080005146563053, "sanity_checks": 0.00014899997040629387, "total": 0.014567800099030137}}