{"part_id": "2-4-9-12-14-23", "timings_sec": {"read_step": 0.009680699789896607, "enumerate_faces": 3.390014171600342e-05, "build_adjacency": 0.0003233000170439482, "extract_features": 0.0011652999091893435, "map_labels": 0.00022609997540712357, "sanity_checks": 0.0001572000328451395, "total": 0.011586499866098166}}