{"part_id": "2-4-4-4-6-23", "timings_sec": {"read_step": 0.009376500034704804, "enumerate_faces": 2.810009755194187e-05, "build_adjacency": 0.0002891998738050461, "extract_features": 0.0010349999647587538, "map_labels": 0.00020450004376471043, "sanity_checks": 0.00012960005551576614, "total": 0.011062900070101023}}