{"part_id": "2-4-4-12-13-23", "timings_sec": {"read_step": 0.008541699964553118, "enumerate_faces": 2.8799986466765404e-05, "build_adjacency": 0.0002902999985963106, "extract_features": 0.0011391001753509045, "map_labels": 0.00018909992650151253, "sanity_checks": 0.00013569998554885387, "total": 0.010324700037017465}}