{"part_id": "2-4-5-11-12-23", "timings_sec": {"read_step": 0.01118200016207993, "enumerate_faces": 3.0499882996082306e-05, "build_adjacency": 0.0004783999174833298, "extract_features": 0.0014353001024574041, "map_labels": 0.00024019996635615826, "sanity_checks": 0.0001634000800549984, "total": 0.013529800111427903}}