{"part_id": "2-4-5-10-12-23", "timings_sec": {"read_step": 0.010176799958571792, "enumerate_faces": 3.300001844763756e-05, "build_adjacency": 0.0004788001533597708, "extract_features": 0.0012759999372065067, "map_labels": 0.00021700002253055573, "sanity_checks": 0.0001596999354660511, "total": 0.012341300025582314}}