{"part_id": "2-4-6-11-13-23", "timings_sec": {"read_step": 0.009690300095826387, "enumerate_faces": 2.4300068616867065e-05, "build_adjacency": 0.00031579984351992607, "extract_features": 0.0011269000824540854, "map_labels": 0.00019660010002553463, "sanity_checks": 0.0001441999338567257, "total": 0.011498100124299526}}