{"part_id": "2-4-5-11-11-23", "timings_sec": {"read_step": 0.011932799825444818, "enumerate_faces": 3.42000275850296e-05, "build_adjacency": 0.0004096999764442444, "extract_features": 0.001471600029617548, "map_labels": 0.0002708001993596554, "sanity_checks": 0.000193099956959486, "total": 0.014312200015410781}}