{"part_id": "2-4-6-7-14-23", "timings_sec": {"read_step": 0.007180199958384037, "enumerate_faces": 2.1999934688210487e-05, "build_adjacency": 0.00023660017177462578, "extract_features": 0.0011970000341534615, "map_labels": 0.00024500000290572643, "sanity_checks": 0.00017660018056631088, "total": 0.009057400282472372}}