{"part_id": "2-4-4-8-13-23", "timings_sec": {"read_step": 0.008284599985927343, "enumerate_faces": 2.9899878427386284e-05, "build_adjacency": 0.0002715000882744789, "extract_features": 0.0009892000816762447, "map_labels": 0.00020609982311725616, "sanity_checks": 0.00013020006008446217, "total": 0.009911499917507172}}