{"part_id": "2-4-6-9-14-23", "timings_sec": {"read_step": 0.008449400076642632, "enumerate_faces": 3.4800032153725624e-05, "build_adjacency": 0.0002975000534206629, "extract_features": 0.0015565999783575535, "map_labels": 0.0002647999208420515, "sanity_checks": 0.00015540001913905144, "total": 0.010758500080555677}}