{"part_id": "2-4-6-6-19", "timings_sec": {"read_step": 0.006578200031071901, "enumerate_faces": 2.2899825125932693e-05, "build_adjacency": 0.0002242999617010355, "extract_features": 0.0009830999188125134, "map_labels": 0.0001868000254034996, "sanity_checks": 0.00010999990627169609, "total": 0.008105299668386579}}