{"part_id": "2-4-6-8-10-23", "timings_sec": {"read_step": 0.011285500135272741, "enumerate_faces": 3.7599820643663406e-05, "build_adjacency": 0.00024209986440837383, "extract_features": 0.0008696001023054123, "map_labels": 0.00021190010011196136, "sanity_checks": 0.00011099991388618946, "total": 0.012757699936628342}}