{"part_id": "2-4-7-11-19", "timings_sec": {"read_step": 0.008827300043776631, "enumerate_faces": 2.2799940779805183e-05, "build_adjacency": 0.00028300005942583084, "extract_features": 0.0013055999297648668, "map_labels": 0.00021369988098740578, "sanity_checks": 0.00013979990035295486, "total": 0.010792199755087495}}