{"part_id": "2-4-9-14-19", "timings_sec": {"read_step": 0.008062800159677863, "enumerate_faces": 3.320001997053623e-05, "build_adjacency": 0.00027169985696673393, "extract_features": 0.0012385000009089708, "map_labels": 0.00023079989477992058, "sanity_checks": 0.00012640003114938736, "total": 0.009963399963453412}}