{"part_id": "2-4-5-10-13-23", "timings_sec": {"read_step": 0.009298800025135279, "enumerate_faces": 3.5800039768218994e-05, "build_adjacency": 0.0003195998724550009, "extract_features": 0.0011748000979423523, "map_labels": 0.00023030000738799572, "sanity_checks": 0.000148500083014369, "total": 0.011207800125703216}}