{"part_id": "2-4-5-13-14-23", "timings_sec": {"read_step": 0.013674200046807528, "enumerate_faces": 3.8499943912029266e-05, "build_adjacency": 0.0005583998281508684, "extract_features": 0.0012313001789152622, "map_labels": 0.00022819987498223782, "sanity_checks": 0.00014150002971291542, "total": 0.01587209990248084}}