{"part_id": "2-4-4-6-10-23", "timings_sec": {"read_step": 0.008992299903184175, "enumerate_faces": 3.4700147807598114e-05, "build_adjacency": 0.0003076998982578516, "extract_features": 0.0011201000306755304, "map_labels": 0.0002321999054402113, "sanity_checks": 0.00014050002209842205, "total": 0.010827499907463789}}