{"part_id": "2-4-4-9-12-23", "timings_sec": {"read_step": 0.00963609991595149, "enumerate_faces": 2.9300106689333916e-05, "build_adjacency": 0.0003229000139981508, "extract_features": 0.0016185001004487276, "map_labels": 0.0002652001567184925, "sanity_checks": 0.00026890006847679615, "total": 0.012140900362282991}}