{"part_id": "2-4-4-8-10-23", "timings_sec": {"read_step": 0.008993499912321568, "enumerate_faces": 2.9299873858690262e-05, "build_adjacency": 0.00030390010215342045, "extract_features": 0.0013170000165700912, "map_labels": 0.00021440000273287296, "sanity_checks": 0.00013990001752972603, "total": 0.010997999925166368}}