{"part_id": "2-4-7-12-12-23", "timings_sec": {"read_step": 0.00950899999588728, "enumerate_faces": 2.6900088414549828e-05, "build_adjacency": 0.00032110000029206276, "extract_features": 0.0012794001959264278, "map_labels": 0.00020199990831315517, "sanity_checks": 0.00014450005255639553, "total": 0.01148290024138987}}