{"part_id": "2-4-11-11-12-23", "timings_sec": {"read_step": 0.012180499965324998, "enumerate_faces": 3.0299881473183632e-05, "build_adjacency": 0.0004010999109596014, "extract_features": 0.001448300201445818, "map_labels": 0.00021700002253055573, "sanity_checks": 0.00018410012125968933, "total": 0.014461300102993846}}