{"part_id": "2-4-7-7-11-23", "timings_sec": {"read_step": 0.010155899915844202, "enumerate_faces": 3.2300129532814026e-05, "build_adjacency": 0.000354300020262599, "extract_features": 0.0013073000591248274, "map_labels": 0.00023639993742108345, "sanity_checks": 0.0001612999476492405, "total": 0.012247500009834766}}