{"part_id": "2-4-6-8-8-23", "timings_sec": {"read_step": 0.006888500181958079, "enumerate_faces": 2.7700094506144524e-05, "build_adjacency": 0.00023789983242750168, "extract_features": 0.0008382999803870916, "map_labels": 0.0002139001153409481, "sanity_checks": 0.00010860012844204903, "total": 0.008314900333061814}}