{"part_id": "2-4-4-7-7-23", "timings_sec": {"read_step": 0.009491299977526069, "enumerate_faces": 3.609992563724518e-05, "build_adjacency": 0.000408699968829751, "extract_features": 0.0019227999728173018, "map_labels": 0.0002590999938547611, "sanity_checks": 0.00017030001617968082, "total": 0.012288299854844809}}