{"part_id": "2-4-5-11-19", "timings_sec": {"read_step": 0.009169499855488539, "enumerate_faces": 3.060000017285347e-05, "build_adjacency": 0.0003958998713642359, "extract_features": 0.0011186001356691122, "map_labels": 0.00018330011516809464, "sanity_checks": 0.00015660002827644348, "total": 0.011054500006139278}}