{"part_id": "2-4-5-7-8-23", "timings_sec": {"read_step": 0.009087099926546216, "enumerate_faces": 3.169989213347435e-05, "build_adjacency": 0.0003098000306636095, "extract_features": 0.001075000036507845, "map_labels": 0.00021009985357522964, "sanity_checks": 0.00014319992624223232, "total": 0.010856899665668607}}