{"part_id": "2-4-12-12-13-23", "timings_sec": {"read_step": 0.014929999830201268, "enumerate_faces": 3.3800024539232254e-05, "build_adjacency": 0.0003331999760121107, "extract_features": 0.001143299974501133, "map_labels": 0.00022149994038045406, "sanity_checks": 0.00014110002666711807, "total": 0.016802899772301316}}