{"part_id": "2-4-9-11-19", "timings_sec": {"read_step": 0.009493999881669879, "enumerate_faces": 3.120000474154949e-05, "build_adjacency": 0.00029770005494356155, "extract_features": 0.0011285999789834023, "map_labels": 0.00024349987506866455, "sanity_checks": 0.00014519994147121906, "total": 0.011340199736878276}}