{"part_id": "2-4-6-10-13-23", "timings_sec": {"read_step": 0.008409000001847744, "enumerate_faces": 2.240017056465149e-05, "build_adjacency": 0.0002778000198304653, "extract_features": 0.0012789999600499868, "map_labels": 0.00019349996000528336, "sanity_checks": 0.00013449997641146183, "total": 0.010316200088709593}}