{"part_id": "2-4-4-5-10-23", "timings_sec": {"read_step": 0.009830799885094166, "enumerate_faces": 2.559996210038662e-05, "build_adjacency": 0.0003168999683111906, "extract_features": 0.001432300079613924, "map_labels": 0.0002569998614490032, "sanity_checks": 0.00021619978360831738, "total": 0.012078799540176988}}