{"part_id": "2-4-5-11-13-23", "timings_sec": {"read_step": 0.010345800081267953, "enumerate_faces": 3.3800024539232254e-05, "build_adjacency": 0.0005648001097142696, "extract_features": 0.0017542000859975815, "map_labels": 0.00022409996017813683, "sanity_checks": 0.00017010001465678215, "total": 0.013092800276353955}}