{"part_id": "2-4-4-5-11-23", "timings_sec": {"read_step": 0.016838699812069535, "enumerate_faces": 4.359986633062363e-05, "build_adjacency": 0.0005592999514192343, "extract_features": 0.002082700142636895, "map_labels": 0.00028179981745779514, "sanity_checks": 0.0002557998523116112, "total": 0.020061899442225695}}