{"part_id": "2-4-4-6-8-23", "timings_sec": {"read_step": 0.007874100003391504, "enumerate_faces": 2.6399968191981316e-05, "build_adjacency": 0.00026590004563331604, "extract_features": 0.0009723000694066286, "map_labels": 0.0002000001259148121, "sanity_checks": 0.00020979996770620346, "total": 0.009548500180244446}}