{"part_id": "2-4-8-12-13-23", "timings_sec": {"read_step": 0.009247200097888708, "enumerate_faces": 2.9999995604157448e-05, "build_adjacency": 0.00029470003210008144, "extract_features": 0.0010389001108705997, "map_labels": 0.00021760002709925175, "sanity_checks": 0.00013320008292794228, "total": 0.01096160034649074}}