{"part_id": "2-4-9-10-14-23", "timings_sec": {"read_step": 0.00988430017605424, "enumerate_faces": 3.4800032153725624e-05, "build_adjacency": 0.0003253999166190624, "extract_features": 0.0014134999364614487, "map_labels": 0.0002319000195711851, "sanity_checks": 0.00016279984265565872, "total": 0.01205269992351532}}