{"part_id": "2-4-7-12-14-23", "timings_sec": {"read_step": 0.009785700123757124, "enumerate_faces": 3.50000336766243e-05, "build_adjacency": 0.00032899994403123856, "extract_features": 0.0011518001556396484, "map_labels": 0.00022869999520480633, "sanity_checks": 0.00015009986236691475, "total": 0.011680300114676356}}