{"part_id": "2-4-7-8-12-23", "timings_sec": {"read_step": 0.008934399811550975, "enumerate_faces": 3.110012039542198e-05, "build_adjacency": 0.0003073001280426979, "extract_features": 0.0012236000038683414, "map_labels": 0.00022799987345933914, "sanity_checks": 0.00013689999468624592, "total": 0.010861299932003021}}