{"part_id": "2-4-8-11-11-23", "timings_sec": {"read_step": 0.011325499974191189, "enumerate_faces": 3.320001997053623e-05, "build_adjacency": 0.00037640007212758064, "extract_features": 0.0016212998889386654, "map_labels": 0.00022909999825060368, "sanity_checks": 0.00019480008631944656, "total": 0.013780300039798021}}