{"part_id": "2-4-9-12-19", "timings_sec": {"read_step": 0.008700300008058548, "enumerate_faces": 3.290013410151005e-05, "build_adjacency": 0.0003163998480886221, "extract_features": 0.0011155998799949884, "map_labels": 0.0002959000412374735, "sanity_checks": 0.00023789983242750168, "total": 0.010698999743908644}}