{"part_id": "2-4-5-12-13-23", "timings_sec": {"read_step": 0.008956700097769499, "enumerate_faces": 2.4999957531690598e-05, "build_adjacency": 0.00027680001221597195, "extract_features": 0.0010031000711023808, "map_labels": 0.00019450020045042038, "sanity_checks": 0.00013519986532628536, "total": 0.010591300204396248}}