{"part_id": "2-4-6-13-14-23", "timings_sec": {"read_step": 0.007928899955004454, "enumerate_faces": 3.1499890610575676e-05, "build_adjacency": 0.00028259982354938984, "extract_features": 0.000987800071015954, "map_labels": 0.0002158998977392912, "sanity_checks": 0.00012489990331232548, "total": 0.00957159954123199}}