{"part_id": "2-4-7-9-12-23", "timings_sec": {"read_step": 0.011005900101736188, "enumerate_faces": 3.4800032153725624e-05, "build_adjacency": 0.00032049999572336674, "extract_features": 0.001206299988552928, "map_labels": 0.0002359999343752861, "sanity_checks": 0.00014939997345209122, "total": 0.012952900025993586}}