{"part_id": "2-4-7-13-14-23", "timings_sec": {"read_step": 0.009507100097835064, "enumerate_faces": 3.71001660823822e-05, "build_adjacency": 0.00039039994589984417, "extract_features": 0.001128199975937605, "map_labels": 0.0002226000651717186, "sanity_checks": 0.00016450020484626293, "total": 0.011449900455772877}}