{"part_id": "2-4-4-11-12-23", "timings_sec": {"read_step": 0.010931099997833371, "enumerate_faces": 3.109988756477833e-05, "build_adjacency": 0.0003529000096023083, "extract_features": 0.0013067000545561314, "map_labels": 0.0002498000394552946, "sanity_checks": 0.00021629990078508854, "total": 0.013087899889796972}}