{"part_id": "2-4-10-10-19", "timings_sec": {"read_step": 0.008549900026991963, "enumerate_faces": 3.0100112780928612e-05, "build_adjacency": 0.0002911000046879053, "extract_features": 0.0011950000189244747, "map_labels": 0.00021050008945167065, "sanity_checks": 0.00013929978013038635, "total": 0.010415900032967329}}