{"part_id": "2-4-4-4-14-23", "timings_sec": {"read_step": 0.008618100080639124, "enumerate_faces": 3.1400006264448166e-05, "build_adjacency": 0.0002983999438583851, "extract_features": 0.001231699949130416, "map_labels": 0.00021680002100765705, "sanity_checks": 0.00013580010272562504, "total": 0.010532200103625655}}