{"part_id": "2-4-7-7-14-23", "timings_sec": {"read_step": 0.00913399993441999, "enumerate_faces": 4.139984957873821e-05, "build_adjacency": 0.0003510001115500927, "extract_features": 0.0011853999458253384, "map_labels": 0.0002817001659423113, "sanity_checks": 0.00025260006077587605, "total": 0.011246100068092346}}