{"part_id": "2-5-13-13-13-23", "timings_sec": {"read_step": 0.007406400050967932, "enumerate_faces": 3.350013867020607e-05, "build_adjacency": 0.0002549998462200165, "extract_features": 0.0009298999793827534, "map_labels": 0.0002601000014692545, "sanity_checks": 0.00012700003571808338, "total": 0.009011900052428246}}