{"part_id": "2-5-11-13-13-23", "timings_sec": {"read_step": 0.012878899928182364, "enumerate_faces": 3.5800039768218994e-05, "build_adjacency": 0.0003408000338822603, "extract_features": 0.0012075998820364475, "map_labels": 0.00023179990239441395, "sanity_checks": 0.00014999997802078724, "total": 0.014844899764284492}}