{"part_id": "2-5-6-14-14-23", "timings_sec": {"read_step": 0.012720300117507577, "enumerate_faces": 4.529999569058418e-05, "build_adjacency": 0.0004865999799221754, "extract_features": 0.001809700159355998, "map_labels": 0.00029930006712675095, "sanity_checks": 0.00020690006203949451, "total": 0.01556810038164258}}