{"part_id": "2-5-9-13-13-23", "timings_sec": {"read_step": 0.00811169994994998, "enumerate_faces": 2.010003663599491e-05, "build_adjacency": 0.00026890006847679615, "extract_features": 0.00108849979005754, "map_labels": 0.00019020005129277706, "sanity_checks": 0.000134600093588233, "total": 0.00981399999000132}}