{"part_id": "2-5-6-9-9-23", "timings_sec": {"read_step": 0.012441599974408746, "enumerate_faces": 3.320001997053623e-05, "build_adjacency": 0.0003573000431060791, "extract_features": 0.0017134000081568956, "map_labels": 0.00026290002278983593, "sanity_checks": 0.0002205998171120882, "total": 0.015028999885544181}}