{"part_id": "2-5-6-11-13-23", "timings_sec": {"read_step": 0.011694400105625391, "enumerate_faces": 4.2400090023875237e-05, "build_adjacency": 0.0003424000460654497, "extract_features": 0.00122079998254776, "map_labels": 0.00024850014597177505, "sanity_checks": 0.0002335000317543745, "total": 0.013782000401988626}}