{"part_id": "2-5-5-6-10-23", "timings_sec": {"read_step": 0.009989300044253469, "enumerate_faces": 3.490014933049679e-05, "build_adjacency": 0.0004390999674797058, "extract_features": 0.0014561000280082226, "map_labels": 0.00023399991914629936, "sanity_checks": 0.00015289988368749619, "total": 0.01230629999190569}}