{"part_id": "2-5-7-8-14-23", "timings_sec": {"read_step": 0.00887469993904233, "enumerate_faces": 2.610008232295513e-05, "build_adjacency": 0.000287200091406703, "extract_features": 0.0010701001156121492, "map_labels": 0.00020410004071891308, "sanity_checks": 0.0001360001042485237, "total": 0.010598200373351574}}