{"part_id": "2-5-6-11-12-23", "timings_sec": {"read_step": 0.01102169998921454, "enumerate_faces": 3.66999302059412e-05, "build_adjacency": 0.00036339997313916683, "extract_features": 0.001312199980020523, "map_labels": 0.00023520016111433506, "sanity_checks": 0.00017230003140866756, "total": 0.013141500065103173}}