{"part_id": "2-5-6-9-13-23", "timings_sec": {"read_step": 0.0068657000083476305, "enumerate_faces": 2.9300106689333916e-05, "build_adjacency": 0.00022649997845292091, "extract_features": 0.0008192001841962337, "map_labels": 0.00021009985357522964, "sanity_checks": 0.00010950001887977123, "total": 0.00826030015014112}}