{"part_id": "2-5-6-6-13-23", "timings_sec": {"read_step": 0.00854620011523366, "enumerate_faces": 3.4300144761800766e-05, "build_adjacency": 0.0002807001583278179, "extract_features": 0.0010178000666201115, "map_labels": 0.00023490004241466522, "sanity_checks": 0.00012980005703866482, "total": 0.01024370058439672}}