{"part_id": "2-5-7-8-12-23", "timings_sec": {"read_step": 0.009138899855315685, "enumerate_faces": 2.9899878427386284e-05, "build_adjacency": 0.0003105001524090767, "extract_features": 0.0011188997887074947, "map_labels": 0.00021540001034736633, "sanity_checks": 0.00014769984409213066, "total": 0.01096129952929914}}