{"part_id": "2-5-8-10-14-23", "timings_sec": {"read_step": 0.009185000089928508, "enumerate_faces": 3.610015846788883e-05, "build_adjacency": 0.0003784999717026949, "extract_features": 0.0012111000251024961, "map_labels": 0.00020750006660819054, "sanity_checks": 0.00014679995365440845, "total": 0.011165000265464187}}