{"part_id": "2-5-5-7-8-23", "timings_sec": {"read_step": 0.012009900063276291, "enumerate_faces": 4.449998959898949e-05, "build_adjacency": 0.00040580006316304207, "extract_features": 0.0014102000277489424, "map_labels": 0.0002997999545186758, "sanity_checks": 0.00016980012878775597, "total": 0.014340000227093697}}