{"part_id": "2-5-10-13-19", "timings_sec": {"read_step": 0.008127700071781874, "enumerate_faces": 2.4999957531690598e-05, "build_adjacency": 0.00026439991779625416, "extract_features": 0.0009822000283747911, "map_labels": 0.00020139990374445915, "sanity_checks": 0.0001275001559406519, "total": 0.00972820003516972}}