{"part_id": "2-5-5-5-13-23", "timings_sec": {"read_step": 0.013051000190898776, "enumerate_faces": 3.7400051951408386e-05, "build_adjacency": 0.0005018999800086021, "extract_features": 0.001440300140529871, "map_labels": 0.0002807001583278179, "sanity_checks": 0.00021330011077225208, "total": 0.015524600632488728}}