{"part_id": "2-5-8-12-19", "timings_sec": {"read_step": 0.007595200091600418, "enumerate_faces": 2.0200153812766075e-05, "build_adjacency": 0.0002544999588280916, "extract_features": 0.0009395999368280172, "map_labels": 0.00017429981380701065, "sanity_checks": 0.00012079998850822449, "total": 0.009104599943384528}}