{"part_id": "2-5-6-9-11-23", "timings_sec": {"read_step": 0.016570799984037876, "enumerate_faces": 4.970002919435501e-05, "build_adjacency": 0.0006125001236796379, "extract_features": 0.0025108999107033014, "map_labels": 0.00034319981932640076, "sanity_checks": 0.00026500015519559383, "total": 0.020352100022137165}}