{"part_id": "2-5-7-7-9-23", "timings_sec": {"read_step": 0.009442699840292335, "enumerate_faces": 3.100000321865082e-05, "build_adjacency": 0.00048719998449087143, "extract_features": 0.0013389000669121742, "map_labels": 0.00021860003471374512, "sanity_checks": 0.00014610006473958492, "total": 0.011664499994367361}}