{"part_id": "2-5-8-11-11-23", "timings_sec": {"read_step": 0.006513600004836917, "enumerate_faces": 2.550007775425911e-05, "build_adjacency": 0.00021639978513121605, "extract_features": 0.0009244999382644892, "map_labels": 0.00019420008175075054, "sanity_checks": 0.00010229996405541897, "total": 0.00797649985179305}}