{"part_id": "2-5-10-12-19", "timings_sec": {"read_step": 0.009090800071135163, "enumerate_faces": 3.320001997053623e-05, "build_adjacency": 0.00030800001695752144, "extract_features": 0.0012690001167356968, "map_labels": 0.00025649997405707836, "sanity_checks": 0.00014299992471933365, "total": 0.01110050012357533}}