{"part_id": "2-5-6-10-13-23", "timings_sec": {"read_step": 0.009802900021895766, "enumerate_faces": 4.2899977415800095e-05, "build_adjacency": 0.00034309993498027325, "extract_features": 0.0015261000953614712, "map_labels": 0.0002375999465584755, "sanity_checks": 0.0001501000951975584, "total": 0.012102700071409345}}