{"part_id": "2-5-10-11-11-23", "timings_sec": {"read_step": 0.01220700005069375, "enumerate_faces": 2.8700102120637894e-05, "build_adjacency": 0.0004097998607903719, "extract_features": 0.0016807999927550554, "map_labels": 0.00021199998445808887, "sanity_checks": 0.00019779987633228302, "total": 0.014736099867150187}}