{"part_id": "2-5-12-14-19", "timings_sec": {"read_step": 0.010064200032502413, "enumerate_faces": 3.090011887252331e-05, "build_adjacency": 0.0002922997809946537, "extract_features": 0.0010451001580804586, "map_labels": 0.00024110008962452412, "sanity_checks": 0.0001588000450283289, "total": 0.011832400225102901}}