{"part_id": "2-5-5-12-14-23", "timings_sec": {"read_step": 0.01075050001963973, "enumerate_faces": 3.5499921068549156e-05, "build_adjacency": 0.00036259996704757214, "extract_features": 0.00124109978787601, "map_labels": 0.00022909999825060368, "sanity_checks": 0.0001539001241326332, "total": 0.012772699818015099}}