{"part_id": "2-5-7-9-14-23", "timings_sec": {"read_step": 0.009807800175622106, "enumerate_faces": 3.760005347430706e-05, "build_adjacency": 0.0004463000223040581, "extract_features": 0.001189099857583642, "map_labels": 0.00022999988868832588, "sanity_checks": 0.00022200006060302258, "total": 0.011932800058275461}}