{"part_id": "2-5-9-10-12-23", "timings_sec": {"read_step": 0.014669799944385886, "enumerate_faces": 3.9999838918447495e-05, "build_adjacency": 0.0005645998753607273, "extract_features": 0.0013158000074326992, "map_labels": 0.0002809001598507166, "sanity_checks": 0.0001689000055193901, "total": 0.017039999831467867}}