{"part_id": "2-5-11-19", "timings_sec": {"read_step": 0.008304900024086237, "enumerate_faces": 2.9799994081258774e-05, "build_adjacency": 0.0002701000776141882, "extract_features": 0.001020299969241023, "map_labels": 0.00019869999960064888, "sanity_checks": 0.00012909993529319763, "total": 0.009952899999916553}}