{"part_id": "2-5-9-9-14-23", "timings_sec": {"read_step": 0.010277100140228868, "enumerate_faces": 3.5300152376294136e-05, "build_adjacency": 0.0003247000277042389, "extract_features": 0.001193600008264184, "map_labels": 0.00024880003184080124, "sanity_checks": 0.00015410012565553188, "total": 0.012233600486069918}}