{"part_id": "2-5-6-12-13-23", "timings_sec": {"read_step": 0.011163099901750684, "enumerate_faces": 4.219985567033291e-05, "build_adjacency": 0.0004741000011563301, "extract_features": 0.0011342000216245651, "map_labels": 0.00023610005155205727, "sanity_checks": 0.00013820012100040913, "total": 0.013187899952754378}}