{"part_id": "2-5-7-7-7-23", "timings_sec": {"read_step": 0.009495799895375967, "enumerate_faces": 2.7900096029043198e-05, "build_adjacency": 0.00031180004589259624, "extract_features": 0.0011741998605430126, "map_labels": 0.00021570012904703617, "sanity_checks": 0.0001426998060196638, "total": 0.011368099832907319}}