{"part_id": "2-5-8-13-19", "timings_sec": {"read_step": 0.012044199975207448, "enumerate_faces": 3.619980998337269e-05, "build_adjacency": 0.0004382000770419836, "extract_features": 0.0017661000601947308, "map_labels": 0.00026030000299215317, "sanity_checks": 0.00020260014571249485, "total": 0.014747600071132183}}