{"part_id": "2-5-5-10-11-23", "timings_sec": {"read_step": 0.012147500179708004, "enumerate_faces": 4.150019958615303e-05, "build_adjacency": 0.000395399983972311, "extract_features": 0.0014260997995734215, "map_labels": 0.00024969992227852345, "sanity_checks": 0.00019899988546967506, "total": 0.014459199970588088}}