{"part_id": "2-5-5-6-12-23", "timings_sec": {"read_step": 0.01043769996613264, "enumerate_faces": 2.969987690448761e-05, "build_adjacency": 0.00033299997448921204, "extract_features": 0.0013996998313814402, "map_labels": 0.00020379992201924324, "sanity_checks": 0.00014919997192919254, "total": 0.012553099542856216}}