{"part_id": "2-5-10-12-13-23", "timings_sec": {"read_step": 0.010111500043421984, "enumerate_faces": 3.719981759786606e-05, "build_adjacency": 0.0004561000969260931, "extract_features": 0.0012068001087754965, "map_labels": 0.00021740002557635307, "sanity_checks": 0.00015190010890364647, "total": 0.012180900201201439}}