{"part_id": "2-5-8-9-9-23", "timings_sec": {"read_step": 0.00920789991505444, "enumerate_faces": 2.6499852538108826e-05, "build_adjacency": 0.0002937000244855881, "extract_features": 0.0011269000824540854, "map_labels": 0.00020150002092123032, "sanity_checks": 0.0001430001575499773, "total": 0.01099950005300343}}