{"part_id": "2-5-6-8-11-23", "timings_sec": {"read_step": 0.01438489998690784, "enumerate_faces": 3.809994086623192e-05, "build_adjacency": 0.00038519990630447865, "extract_features": 0.0014259000308811665, "map_labels": 0.00027139997109770775, "sanity_checks": 0.00016070017591118813, "total": 0.016666200011968613}}