{"part_id": "2-5-11-12-19", "timings_sec": {"read_step": 0.00999210006557405, "enumerate_faces": 3.42000275850296e-05, "build_adjacency": 0.0003333000931888819, "extract_features": 0.0012135999277234077, "map_labels": 0.00022280006669461727, "sanity_checks": 0.0001517001073807478, "total": 0.011947700288146734}}