{"part_id": "2-5-11-11-13-23", "timings_sec": {"read_step": 0.01289450004696846, "enumerate_faces": 3.620004281401634e-05, "build_adjacency": 0.0004118999931961298, "extract_features": 0.00163870002143085, "map_labels": 0.00023210002109408379, "sanity_checks": 0.00019240006804466248, "total": 0.015405800193548203}}