{"part_id": "2-5-11-11-19", "timings_sec": {"read_step": 0.011472799815237522, "enumerate_faces": 4.169996827840805e-05, "build_adjacency": 0.0006230000872164965, "extract_features": 0.0022772999946027994, "map_labels": 0.00022689998149871826, "sanity_checks": 0.00017020013183355331, "total": 0.014811899978667498}}