{"part_id": "2-5-7-11-11-23", "timings_sec": {"read_step": 0.01912859990261495, "enumerate_faces": 4.9900030717253685e-05, "build_adjacency": 0.0007297999691218138, "extract_features": 0.0022938998881727457, "map_labels": 0.00031489995308220387, "sanity_checks": 0.00029790005646646023, "total": 0.02281499980017543}}