{"part_id": "2-5-8-13-13-23", "timings_sec": {"read_step": 0.007898400072008371, "enumerate_faces": 2.2499822080135345e-05, "build_adjacency": 0.0002592999953776598, "extract_features": 0.0009790998883545399, "map_labels": 0.00018900004215538502, "sanity_checks": 0.00013369997031986713, "total": 0.009481999790295959}}