{"part_id": "2-5-6-6-10-23", "timings_sec": {"read_step": 0.010207000188529491, "enumerate_faces": 3.5800039768218994e-05, "build_adjacency": 0.0003114999271929264, "extract_features": 0.0012321998365223408, "map_labels": 0.00024489988572895527, "sanity_checks": 0.00014479993842542171, "total": 0.012176199816167355}}