{"part_id": "2-5-5-11-11-23", "timings_sec": {"read_step": 0.012331899954006076, "enumerate_faces": 3.0399998649954796e-05, "build_adjacency": 0.0004088999703526497, "extract_features": 0.001506200060248375, "map_labels": 0.00023339991457760334, "sanity_checks": 0.0003163998480886221, "total": 0.01482719974592328}}