{"part_id": "2-5-12-13-14-23", "timings_sec": {"read_step": 0.008968399837613106, "enumerate_faces": 3.409991040825844e-05, "build_adjacency": 0.00029200012795627117, "extract_features": 0.0010194000788033009, "map_labels": 0.000250800047069788, "sanity_checks": 0.00012490013614296913, "total": 0.010689600137993693}}