{"part_id": "2-5-9-12-13-23", "timings_sec": {"read_step": 0.0096346999052912, "enumerate_faces": 3.229989670217037e-05, "build_adjacency": 0.0003130000550299883, "extract_features": 0.0011454999912530184, "map_labels": 0.00021730014123022556, "sanity_checks": 0.0001449999399483204, "total": 0.011487799929454923}}