{"part_id": "2-5-6-7-13-23", "timings_sec": {"read_step": 0.00927960011176765, "enumerate_faces": 4.259985871613026e-05, "build_adjacency": 0.0002836999483406544, "extract_features": 0.0009675000328570604, "map_labels": 0.00025420007295906544, "sanity_checks": 0.00015670014545321465, "total": 0.010984300170093775}}