{"part_id": "2-5-6-9-10-23", "timings_sec": {"read_step": 0.015029900008812547, "enumerate_faces": 4.569999873638153e-05, "build_adjacency": 0.000512799946591258, "extract_features": 0.0015606998931616545, "map_labels": 0.00028769997879862785, "sanity_checks": 0.00024169986136257648, "total": 0.017678499687463045}}