{"part_id": "2-5-10-12-14-23", "timings_sec": {"read_step": 0.010369099909439683, "enumerate_faces": 3.2300129532814026e-05, "build_adjacency": 0.0003474999684840441, "extract_features": 0.001340400194749236, "map_labels": 0.00021860003471374512, "sanity_checks": 0.00015670014545321465, "total": 0.012464600382372737}}