{"part_id": "2-5-6-12-12-23", "timings_sec": {"read_step": 0.01155400020070374, "enumerate_faces": 4.7999899834394455e-05, "build_adjacency": 0.0005290000699460506, "extract_features": 0.0020115000661462545, "map_labels": 0.0002984998282045126, "sanity_checks": 0.00022609997540712357, "total": 0.014667100040242076}}