{"part_id": "2-5-7-13-13-23", "timings_sec": {"read_step": 0.00959749985486269, "enumerate_faces": 3.520003519952297e-05, "build_adjacency": 0.0003496999852359295, "extract_features": 0.0010859000030905008, "map_labels": 0.00020869984291493893, "sanity_checks": 0.00012919981963932514, "total": 0.011406199540942907}}