{"part_id": "2-5-13-14-14-23", "timings_sec": {"read_step": 0.00799329997971654, "enumerate_faces": 4.0899962186813354e-05, "build_adjacency": 0.0003146000672131777, "extract_features": 0.0009604999795556068, "map_labels": 0.00022719986736774445, "sanity_checks": 0.0001278999261558056, "total": 0.009664399782195687}}