{"part_id": "2-5-8-10-11-23", "timings_sec": {"read_step": 0.01052829995751381, "enumerate_faces": 3.3400021493434906e-05, "build_adjacency": 0.00036610011011362076, "extract_features": 0.0013502000365406275, "map_labels": 0.00026580016128718853, "sanity_checks": 0.00019580009393393993, "total": 0.01273960038088262}}