{"part_id": "2-5-8-14-19", "timings_sec": {"read_step": 0.007465800037607551, "enumerate_faces": 2.2399937734007835e-05, "build_adjacency": 0.00024500000290572643, "extract_features": 0.0010979000944644213, "map_labels": 0.00018039997667074203, "sanity_checks": 0.00012939982116222382, "total": 0.009140899870544672}}