{"part_id": "2-5-5-8-12-23", "timings_sec": {"read_step": 0.010817500064149499, "enumerate_faces": 5.119992420077324e-05, "build_adjacency": 0.0004110999871045351, "extract_features": 0.0014846001286059618, "map_labels": 0.00029879994690418243, "sanity_checks": 0.00025480007752776146, "total": 0.013318000128492713}}