{"part_id": "2-5-8-10-10-23", "timings_sec": {"read_step": 0.011027599917724729, "enumerate_faces": 3.8800062611699104e-05, "build_adjacency": 0.00034319981932640076, "extract_features": 0.0013464998919516802, "map_labels": 0.00026570004411041737, "sanity_checks": 0.00016120006330311298, "total": 0.013182999799028039}}