{"part_id": "2-5-10-10-10-23", "timings_sec": {"read_step": 0.010813399916514754, "enumerate_faces": 2.810009755194187e-05, "build_adjacency": 0.0003480000887066126, "extract_features": 0.0013455001171678305, "map_labels": 0.000296599930152297, "sanity_checks": 0.000295399921014905, "total": 0.013127000071108341}}