{"part_id": "2-5-5-10-13-23", "timings_sec": {"read_step": 0.011279999976977706, "enumerate_faces": 3.679981455206871e-05, "build_adjacency": 0.0003439001739025116, "extract_features": 0.0012123999185860157, "map_labels": 0.0002359000500291586, "sanity_checks": 0.00016380008310079575, "total": 0.013272800017148256}}