{"part_id": "2-5-5-6-13-23", "timings_sec": {"read_step": 0.012016399996355176, "enumerate_faces": 4.12999652326107e-05, "build_adjacency": 0.0004857999738305807, "extract_features": 0.001657899934798479, "map_labels": 0.0002732998691499233, "sanity_checks": 0.00023690005764365196, "total": 0.014711599797010422}}