{"part_id": "2-5-7-7-19", "timings_sec": {"read_step": 0.007994200102984905, "enumerate_faces": 2.410006709396839e-05, "build_adjacency": 0.0002707000821828842, "extract_features": 0.0009808000177145004, "map_labels": 0.00021389988251030445, "sanity_checks": 0.0002218000590801239, "total": 0.009705500211566687}}