{"part_id": "2-5-6-12-19", "timings_sec": {"read_step": 0.00976209994405508, "enumerate_faces": 3.7400051951408386e-05, "build_adjacency": 0.00028629996813833714, "extract_features": 0.0010338998399674892, "map_labels": 0.0002517998218536377, "sanity_checks": 0.00013200007379055023, "total": 0.011503499699756503}}