{"part_id": "2-5-5-9-13-23", "timings_sec": {"read_step": 0.009898899821564555, "enumerate_faces": 4.349998198449612e-05, "build_adjacency": 0.0004971998278051615, "extract_features": 0.0011891000904142857, "map_labels": 0.0002313000150024891, "sanity_checks": 0.00015119998715817928, "total": 0.012011199723929167}}