{"part_id": "2-5-8-9-11-23", "timings_sec": {"read_step": 0.010777599876746535, "enumerate_faces": 3.160000778734684e-05, "build_adjacency": 0.00044860015623271465, "extract_features": 0.0013280999846756458, "map_labels": 0.00021719979122281075, "sanity_checks": 0.00017360015772283077, "total": 0.012976699974387884}}