{"part_id": "2-5-11-14-14-23", "timings_sec": {"read_step": 0.010859800036996603, "enumerate_faces": 3.50000336766243e-05, "build_adjacency": 0.00036700000055134296, "extract_features": 0.0014633000828325748, "map_labels": 0.00023529981262981892, "sanity_checks": 0.0001984001137316227, "total": 0.013158800080418587}}