{"part_id": "2-5-5-7-12-23", "timings_sec": {"read_step": 0.014778100186958909, "enumerate_faces": 4.5000109821558e-05, "build_adjacency": 0.00036380020901560783, "extract_features": 0.0013473001308739185, "map_labels": 0.0003293000627309084, "sanity_checks": 0.00020619994029402733, "total": 0.01706970063969493}}