{"part_id": "2-5-7-7-13-23", "timings_sec": {"read_step": 0.00906429998576641, "enumerate_faces": 3.3800024539232254e-05, "build_adjacency": 0.00034539983607828617, "extract_features": 0.0010799001902341843, "map_labels": 0.00020679994486272335, "sanity_checks": 0.0001338999718427658, "total": 0.010864099953323603}}