{"part_id": "2-5-7-10-12-23", "timings_sec": {"read_step": 0.015167800011113286, "enumerate_faces": 3.829994238913059e-05, "build_adjacency": 0.00035149999894201756, "extract_features": 0.001699300017207861, "map_labels": 0.00024150009267032146, "sanity_checks": 0.00016160006634891033, "total": 0.017660000128671527}}