{"part_id": "2-5-5-8-10-23", "timings_sec": {"read_step": 0.0161894999910146, "enumerate_faces": 4.900014027953148e-05, "build_adjacency": 0.0005685000214725733, "extract_features": 0.0019586998969316483, "map_labels": 0.00029300013557076454, "sanity_checks": 0.0002661000471562147, "total": 0.019324800232425332}}