{"part_id": "2-5-6-6-12-23", "timings_sec": {"read_step": 0.010049500036984682, "enumerate_faces": 4.3899985030293465e-05, "build_adjacency": 0.00033179996535182, "extract_features": 0.0011863999534398317, "map_labels": 0.000264700036495924, "sanity_checks": 0.00014189979992806911, "total": 0.01201819977723062}}