{"part_id": "2-5-13-13-14-23", "timings_sec": {"read_step": 0.009272299939766526, "enumerate_faces": 2.529984340071678e-05, "build_adjacency": 0.0002772000152617693, "extract_features": 0.001304699806496501, "map_labels": 0.0002060001716017723, "sanity_checks": 0.00013810000382363796, "total": 0.011223599780350924}}