{"part_id": "2-5-6-10-10-23", "timings_sec": {"read_step": 0.01011779997497797, "enumerate_faces": 3.3700140193104744e-05, "build_adjacency": 0.00033740000799298286, "extract_features": 0.0012438998091965914, "map_labels": 0.00022879987955093384, "sanity_checks": 0.00016160006634891033, "total": 0.012123199878260493}}