{"part_id": "2-5-6-6-11-23", "timings_sec": {"read_step": 0.01104430016130209, "enumerate_faces": 3.760005347430706e-05, "build_adjacency": 0.00035140011459589005, "extract_features": 0.0012598999310284853, "map_labels": 0.0002540999557822943, "sanity_checks": 0.00016009993851184845, "total": 0.013107400154694915}}