{"part_id": "2-5-5-9-19", "timings_sec": {"read_step": 0.008947700029239058, "enumerate_faces": 3.300001844763756e-05, "build_adjacency": 0.0003085997886955738, "extract_features": 0.0010855000000447035, "map_labels": 0.00022249994799494743, "sanity_checks": 0.0001455999445170164, "total": 0.010742899728938937}}