{"part_id": "2-5-7-11-13-23", "timings_sec": {"read_step": 0.014728100039064884, "enumerate_faces": 3.2800016924738884e-05, "build_adjacency": 0.0003463001921772957, "extract_features": 0.0018587000668048859, "map_labels": 0.00027430010959506035, "sanity_checks": 0.0002997000701725483, "total": 0.017539900494739413}}