{"part_id": "2-5-7-12-12-23", "timings_sec": {"read_step": 0.010028099874034524, "enumerate_faces": 2.5900080800056458e-05, "build_adjacency": 0.000336300116032362, "extract_features": 0.0012336000800132751, "map_labels": 0.00019869999960064888, "sanity_checks": 0.00015569990500807762, "total": 0.011978300055488944}}