{"part_id": "2-5-5-6-7-23", "timings_sec": {"read_step": 0.012210800079628825, "enumerate_faces": 3.7899939343333244e-05, "build_adjacency": 0.00033519999124109745, "extract_features": 0.001161700114607811, "map_labels": 0.0002521001733839512, "sanity_checks": 0.00014739995822310448, "total": 0.014145100256428123}}