{"part_id": "2-5-7-12-13-23", "timings_sec": {"read_step": 0.009640200063586235, "enumerate_faces": 2.7399975806474686e-05, "build_adjacency": 0.00031049991957843304, "extract_features": 0.0011320998892188072, "map_labels": 0.0001992001198232174, "sanity_checks": 0.00023579993285238743, "total": 0.011545199900865555}}