{"part_id": "2-5-10-11-14-23", "timings_sec": {"read_step": 0.015419899951666594, "enumerate_faces": 4.20999713242054e-05, "build_adjacency": 0.0006443001329898834, "extract_features": 0.0026632999069988728, "map_labels": 0.0002772000152617693, "sanity_checks": 0.00030869990587234497, "total": 0.01935549988411367}}