{"part_id": "2-5-6-11-11-23", "timings_sec": {"read_step": 0.011964400066062808, "enumerate_faces": 3.4800032153725624e-05, "build_adjacency": 0.00039430009201169014, "extract_features": 0.0014307999517768621, "map_labels": 0.00023669982329010963, "sanity_checks": 0.0001818002201616764, "total": 0.014242800185456872}}