{"part_id": "2-5-5-7-11-23", "timings_sec": {"read_step": 0.015960000222548842, "enumerate_faces": 4.9900030717253685e-05, "build_adjacency": 0.0005338001064956188, "extract_features": 0.0018856998067349195, "map_labels": 0.00035009998828172684, "sanity_checks": 0.00026659993454813957, "total": 0.0190461000893265}}