{"part_id": "2-5-6-13-14-23", "timings_sec": {"read_step": 0.015335900010541081, "enumerate_faces": 5.029980093240738e-05, "build_adjacency": 0.00048479996621608734, "extract_features": 0.0017203001771122217, "map_labels": 0.00030630012042820454, "sanity_checks": 0.00023489980958402157, "total": 0.018132499884814024}}