{"part_id": "2-5-12-12-13-23", "timings_sec": {"read_step": 0.010667900089174509, "enumerate_faces": 3.600004129111767e-05, "build_adjacency": 0.00034360005520284176, "extract_features": 0.0011978999245911837, "map_labels": 0.0002367999404668808, "sanity_checks": 0.00015909993089735508, "total": 0.012641299981623888}}