{"part_id": "2-5-5-9-10-23", "timings_sec": {"read_step": 0.012720299884676933, "enumerate_faces": 3.660004585981369e-05, "build_adjacency": 0.0004143000114709139, "extract_features": 0.0012866000179201365, "map_labels": 0.00023859995417296886, "sanity_checks": 0.0001642999704927206, "total": 0.014860699884593487}}