{"part_id": "2-5-7-12-19", "timings_sec": {"read_step": 0.00957120000384748, "enumerate_faces": 3.109988756477833e-05, "build_adjacency": 0.00032769981771707535, "extract_features": 0.0010359000880271196, "map_labels": 0.00022419984452426434, "sanity_checks": 0.00013529998250305653, "total": 0.011325399624183774}}