{"part_id": "2-5-5-14-14-23", "timings_sec": {"read_step": 0.009866700042039156, "enumerate_faces": 2.859998494386673e-05, "build_adjacency": 0.00034650019370019436, "extract_features": 0.0011984999291598797, "map_labels": 0.00021580001339316368, "sanity_checks": 0.00015929993242025375, "total": 0.011815400095656514}}