{"part_id": "2-5-5-10-12-23", "timings_sec": {"read_step": 0.01084690005518496, "enumerate_faces": 3.2499898225069046e-05, "build_adjacency": 0.0003644998650997877, "extract_features": 0.0013204999268054962, "map_labels": 0.00022579985670745373, "sanity_checks": 0.0001680001150816679, "total": 0.012958199717104435}}