{"part_id": "2-5-6-13-13-23", "timings_sec": {"read_step": 0.010809800121933222, "enumerate_faces": 4.920014180243015e-05, "build_adjacency": 0.0003198001068085432, "extract_features": 0.0010408998932689428, "map_labels": 0.00023370003327727318, "sanity_checks": 0.00021469988860189915, "total": 0.01266810018569231}}