{"part_id": "2-5-6-6-19", "timings_sec": {"read_step": 0.007360100047662854, "enumerate_faces": 3.510015085339546e-05, "build_adjacency": 0.0002549998462200165, "extract_features": 0.0010467998217791319, "map_labels": 0.00031729997135698795, "sanity_checks": 0.00011909985914826393, "total": 0.00913339969702065}}