{"part_id": "2-5-8-9-13-23", "timings_sec": {"read_step": 0.0085636000148952, "enumerate_faces": 2.8299866244196892e-05, "build_adjacency": 0.0002842999529093504, "extract_features": 0.0012562000192701817, "map_labels": 0.0002055000513792038, "sanity_checks": 0.00014350004494190216, "total": 0.010481399949640036}}