{"part_id": "2-5-7-7-10-23", "timings_sec": {"read_step": 0.010434400057420135, "enumerate_faces": 3.320001997053623e-05, "build_adjacency": 0.00039430009201169014, "extract_features": 0.001275199931114912, "map_labels": 0.0002185001503676176, "sanity_checks": 0.00014979997649788857, "total": 0.012505400227382779}}