{"part_id": "2-5-8-13-14-23", "timings_sec": {"read_step": 0.009437199914827943, "enumerate_faces": 2.9199989512562752e-05, "build_adjacency": 0.00028399983420968056, "extract_features": 0.0010272001381963491, "map_labels": 0.000264100031927228, "sanity_checks": 0.00022659986279904842, "total": 0.011268299771472812}}