{"part_id": "2-5-6-6-7-23", "timings_sec": {"read_step": 0.00979469995945692, "enumerate_faces": 3.2899901270866394e-05, "build_adjacency": 0.0002932001370936632, "extract_features": 0.0012031998485326767, "map_labels": 0.0002973000518977642, "sanity_checks": 0.00013980013318359852, "total": 0.01176110003143549}}