{"part_id": "2-5-6-7-9-23", "timings_sec": {"read_step": 0.012134299846366048, "enumerate_faces": 4.889979027211666e-05, "build_adjacency": 0.00029440014623105526, "extract_features": 0.0014945999719202518, "map_labels": 0.000328300055116415, "sanity_checks": 0.0002288001123815775, "total": 0.014529299922287464}}