{"part_id": "2-5-8-10-19", "timings_sec": {"read_step": 0.008744100108742714, "enumerate_faces": 3.060000017285347e-05, "build_adjacency": 0.00027210009284317493, "extract_features": 0.0010000001639127731, "map_labels": 0.00021039997227489948, "sanity_checks": 0.0001324999611824751, "total": 0.01038970029912889}}