{"part_id": "2-5-5-10-19", "timings_sec": {"read_step": 0.009146900149062276, "enumerate_faces": 2.6899855583906174e-05, "build_adjacency": 0.00029450003057718277, "extract_features": 0.0010859000030905008, "map_labels": 0.00019780010916292667, "sanity_checks": 0.00013859989121556282, "total": 0.010890600038692355}}