{"part_id": "2-5-8-8-14-23", "timings_sec": {"read_step": 0.009551999857649207, "enumerate_faces": 2.9999995604157448e-05, "build_adjacency": 0.00037169991992414, "extract_features": 0.0010861000046133995, "map_labels": 0.00020650005899369717, "sanity_checks": 0.00013449997641146183, "total": 0.011380799813196063}}