{"part_id": "2-5-6-8-13-23", "timings_sec": {"read_step": 0.008918100036680698, "enumerate_faces": 4.3899985030293465e-05, "build_adjacency": 0.0004026000387966633, "extract_features": 0.0013559998478740454, "map_labels": 0.0002809001598507166, "sanity_checks": 0.00013060006313025951, "total": 0.011132100131362677}}