{"part_id": "2-5-7-8-10-23", "timings_sec": {"read_step": 0.009342800127342343, "enumerate_faces": 2.5799963623285294e-05, "build_adjacency": 0.0003087001387029886, "extract_features": 0.0012397998943924904, "map_labels": 0.00020900019444525242, "sanity_checks": 0.0001471999567002058, "total": 0.011273300275206566}}