{"part_id": "2-5-6-9-12-23", "timings_sec": {"read_step": 0.014154999982565641, "enumerate_faces": 3.929995000362396e-05, "build_adjacency": 0.000332399969920516, "extract_features": 0.0016737000551074743, "map_labels": 0.00028909998945891857, "sanity_checks": 0.00025109993293881416, "total": 0.01674059987999499}}