{"part_id": "2-5-11-12-13-23", "timings_sec": {"read_step": 0.013058000011369586, "enumerate_faces": 3.469991497695446e-05, "build_adjacency": 0.00036409986205399036, "extract_features": 0.0014008001890033484, "map_labels": 0.0002737001050263643, "sanity_checks": 0.00016629998572170734, "total": 0.01529760006815195}}