{"part_id": "2-6-6-8-13-23", "timings_sec": {"read_step": 0.007160200038924813, "enumerate_faces": 2.3999949917197227e-05, "build_adjacency": 0.0003013999667018652, "extract_features": 0.0009731000754982233, "map_labels": 0.0002711999695748091, "sanity_checks": 0.00018319999799132347, "total": 0.008913099998608232}}