{"part_id": "2-6-11-11-13-23", "timings_sec": {"read_step": 0.010784799931570888, "enumerate_faces": 3.400002606213093e-05, "build_adjacency": 0.0003573000431060791, "extract_features": 0.0014113998040556908, "map_labels": 0.00026539992541074753, "sanity_checks": 0.00017230003140866756, "total": 0.013025199761614203}}