{"part_id": "2-6-7-10-10-23", "timings_sec": {"read_step": 0.009646799881011248, "enumerate_faces": 3.160000778734684e-05, "build_adjacency": 0.00036470009945333004, "extract_features": 0.0012834998778998852, "map_labels": 0.000224800081923604, "sanity_checks": 0.00015290011651813984, "total": 0.011704300064593554}}