{"part_id": "2-6-6-8-10-23", "timings_sec": {"read_step": 0.007786099798977375, "enumerate_faces": 3.460003063082695e-05, "build_adjacency": 0.00023040012456476688, "extract_features": 0.0008246998768299818, "map_labels": 0.00024119997397065163, "sanity_checks": 0.00010700011625885963, "total": 0.009223999921232462}}