{"part_id": "2-6-6-7-7-23", "timings_sec": {"read_step": 0.00921079982072115, "enumerate_faces": 4.569999873638153e-05, "build_adjacency": 0.00042230007238686085, "extract_features": 0.0014416000340133905, "map_labels": 0.0002997000701725483, "sanity_checks": 0.0002026997972279787, "total": 0.01162279979325831}}