{"part_id": "2-6-6-7-8-23", "timings_sec": {"read_step": 0.012135099852457643, "enumerate_faces": 4.2899977415800095e-05, "build_adjacency": 0.0004694000817835331, "extract_features": 0.0015676000621169806, "map_labels": 0.00025390018709003925, "sanity_checks": 0.00019020005129277706, "total": 0.014659100212156773}}