{"part_id": "2-6-8-10-19", "timings_sec": {"read_step": 0.007112799910828471, "enumerate_faces": 2.3600179702043533e-05, "build_adjacency": 0.00023699994198977947, "extract_features": 0.0008888000156730413, "map_labels": 0.0002006001304835081, "sanity_checks": 0.00014370004646480083, "total": 0.008606500225141644}}