{"part_id": "2-6-9-11-14-23", "timings_sec": {"read_step": 0.013927499996498227, "enumerate_faces": 3.860006108880043e-05, "build_adjacency": 0.0005089999176561832, "extract_features": 0.0015625001396983862, "map_labels": 0.00022780010476708412, "sanity_checks": 0.00016239983960986137, "total": 0.016427800059318542}}