{"part_id": "2-6-10-10-14-23", "timings_sec": {"read_step": 0.011898699915036559, "enumerate_faces": 4.020007327198982e-05, "build_adjacency": 0.00033199996687471867, "extract_features": 0.0012064001057296991, "map_labels": 0.0002514999359846115, "sanity_checks": 0.00022229994647204876, "total": 0.013951099943369627}}