{"part_id": "2-6-9-13-13-23", "timings_sec": {"read_step": 0.010556499939411879, "enumerate_faces": 3.7899939343333244e-05, "build_adjacency": 0.0002850000746548176, "extract_features": 0.0011340000201016665, "map_labels": 0.0002500000409781933, "sanity_checks": 0.00012969993986189365, "total": 0.012393099954351783}}