{"part_id": "2-6-11-13-19", "timings_sec": {"read_step": 0.008795399917289615, "enumerate_faces": 3.200001083314419e-05, "build_adjacency": 0.0002741999924182892, "extract_features": 0.001034500077366829, "map_labels": 0.00021870015189051628, "sanity_checks": 0.00013040006160736084, "total": 0.010485200211405754}}