{"part_id": "2-6-11-14-14-23", "timings_sec": {"read_step": 0.00653519993647933, "enumerate_faces": 3.2400013878941536e-05, "build_adjacency": 0.00023240013979375362, "extract_features": 0.0011377998162060976, "map_labels": 0.0002586999908089638, "sanity_checks": 0.00010369997471570969, "total": 0.008300199871882796}}