{"part_id": "2-6-14-14-19", "timings_sec": {"read_step": 0.007345600053668022, "enumerate_faces": 2.5700079277157784e-05, "build_adjacency": 0.00024259998463094234, "extract_features": 0.0009297998622059822, "map_labels": 0.0001892000436782837, "sanity_checks": 0.0001230998896062374, "total": 0.008855999913066626}}