{"part_id": "2-6-12-13-19", "timings_sec": {"read_step": 0.007441699970513582, "enumerate_faces": 3.100000321865082e-05, "build_adjacency": 0.0002585998736321926, "extract_features": 0.0008964999578893185, "map_labels": 0.00022609997540712357, "sanity_checks": 0.00014880020171403885, "total": 0.009002699982374907}}