{"part_id": "2-6-9-12-12-23", "timings_sec": {"read_step": 0.011752499965950847, "enumerate_faces": 3.509991802275181e-05, "build_adjacency": 0.00032560015097260475, "extract_features": 0.0011679998133331537, "map_labels": 0.00023870007134974003, "sanity_checks": 0.00015380000695586205, "total": 0.013673699926584959}}