{"part_id": "2-6-9-11-11-23", "timings_sec": {"read_step": 0.015167400008067489, "enumerate_faces": 4.0599843487143517e-05, "build_adjacency": 0.0005564000457525253, "extract_features": 0.0020760998595505953, "map_labels": 0.0002748998813331127, "sanity_checks": 0.00028149993158876896, "total": 0.018396899569779634}}