{"part_id": "2-6-6-9-13-23", "timings_sec": {"read_step": 0.008667899994179606, "enumerate_faces": 4.5999884605407715e-05, "build_adjacency": 0.00029269978404045105, "extract_features": 0.001491700066253543, "map_labels": 0.00024039996787905693, "sanity_checks": 0.00013589998707175255, "total": 0.010874599684029818}}