{"part_id": "2-6-11-13-14-23", "timings_sec": {"read_step": 0.009441299829632044, "enumerate_faces": 2.7099857106804848e-05, "build_adjacency": 0.00030910014174878597, "extract_features": 0.001275199931114912, "map_labels": 0.0002383999526500702, "sanity_checks": 0.00014910008758306503, "total": 0.011440199799835682}}