{"part_id": "2-6-6-10-14-23", "timings_sec": {"read_step": 0.009246499976143241, "enumerate_faces": 3.8800062611699104e-05, "build_adjacency": 0.0003554001450538635, "extract_features": 0.001208599889650941, "map_labels": 0.00024019996635615826, "sanity_checks": 0.00013739988207817078, "total": 0.011226899921894073}}