{"part_id": "2-6-13-14-19", "timings_sec": {"read_step": 0.0069939999375492334, "enumerate_faces": 2.7799978852272034e-05, "build_adjacency": 0.0002305000089108944, "extract_features": 0.0008364999666810036, "map_labels": 0.00020410004071891308, "sanity_checks": 0.00010700011625885963, "total": 0.008399900048971176}}