{"part_id": "2-6-7-10-11-23", "timings_sec": {"read_step": 0.0072021998930722475, "enumerate_faces": 3.2800016924738884e-05, "build_adjacency": 0.0002183998003602028, "extract_features": 0.0007708000484853983, "map_labels": 0.00024419999681413174, "sanity_checks": 0.0001017001923173666, "total": 0.008570099947974086}}