{"part_id": "2-6-12-13-13-23", "timings_sec": {"read_step": 0.008162100100889802, "enumerate_faces": 2.450007013976574e-05, "build_adjacency": 0.000269399955868721, "extract_features": 0.0009528000373393297, "map_labels": 0.00019800011068582535, "sanity_checks": 0.00012320000678300858, "total": 0.009730000281706452}}