{"part_id": "2-6-6-9-12-23", "timings_sec": {"read_step": 0.008856599917635322, "enumerate_faces": 3.329990431666374e-05, "build_adjacency": 0.0002991999499499798, "extract_features": 0.0012266000267118216, "map_labels": 0.00022739986889064312, "sanity_checks": 0.00013640010729432106, "total": 0.010779499774798751}}