{"part_id": "2-6-7-7-11-23", "timings_sec": {"read_step": 0.010184899903833866, "enumerate_faces": 3.1800009310245514e-05, "build_adjacency": 0.00045000016689300537, "extract_features": 0.0012772001791745424, "map_labels": 0.00022249994799494743, "sanity_checks": 0.0001558999065309763, "total": 0.012322300113737583}}