{"part_id": "2-6-7-12-14-23", "timings_sec": {"read_step": 0.00890600006096065, "enumerate_faces": 2.7299858629703522e-05, "build_adjacency": 0.0004825000651180744, "extract_features": 0.0010797001887112856, "map_labels": 0.000201700022444129, "sanity_checks": 0.00013660010881721973, "total": 0.010833800304681063}}