{"part_id": "2-6-6-8-11-23", "timings_sec": {"read_step": 0.009876800002530217, "enumerate_faces": 3.6700163036584854e-05, "build_adjacency": 0.0003116999287158251, "extract_features": 0.0011869999580085278, "map_labels": 0.00026570004411041737, "sanity_checks": 0.00014210003428161144, "total": 0.011820000130683184}}