{"part_id": "2-6-7-11-14-23", "timings_sec": {"read_step": 0.008556799963116646, "enumerate_faces": 3.220001235604286e-05, "build_adjacency": 0.00027920003049075603, "extract_features": 0.001047999830916524, "map_labels": 0.00020219990983605385, "sanity_checks": 0.00013429997488856316, "total": 0.010252699721604586}}