{"part_id": "2-6-9-9-14-23", "timings_sec": {"read_step": 0.008606899995356798, "enumerate_faces": 2.359994687139988e-05, "build_adjacency": 0.0003736000508069992, "extract_features": 0.0011436000932008028, "map_labels": 0.00018729991279542446, "sanity_checks": 0.00017899996601045132, "total": 0.010513999965041876}}