{"part_id": "2-6-8-13-14-23", "timings_sec": {"read_step": 0.009135199943557382, "enumerate_faces": 3.719981759786606e-05, "build_adjacency": 0.0002785001415759325, "extract_features": 0.0014703001361340284, "map_labels": 0.00033059995621442795, "sanity_checks": 0.0002118998672813177, "total": 0.011463699862360954}}