{"part_id": "2-6-10-10-19", "timings_sec": {"read_step": 0.010239999974146485, "enumerate_faces": 3.609992563724518e-05, "build_adjacency": 0.00029150000773370266, "extract_features": 0.0010607000440359116, "map_labels": 0.00023530004546046257, "sanity_checks": 0.0001574999187141657, "total": 0.012021099915727973}}