{"part_id": "2-6-7-13-13-23", "timings_sec": {"read_step": 0.008320400025695562, "enumerate_faces": 2.750009298324585e-05, "build_adjacency": 0.00025780010037124157, "extract_features": 0.0009651998989284039, "map_labels": 0.00019950000569224358, "sanity_checks": 0.00011939997784793377, "total": 0.009889800101518631}}