{"part_id": "2-6-7-10-14-23", "timings_sec": {"read_step": 0.007895999820902944, "enumerate_faces": 3.100000321865082e-05, "build_adjacency": 0.0002709000837057829, "extract_features": 0.0011220001615583897, "map_labels": 0.00021309987641870975, "sanity_checks": 0.00012700003571808338, "total": 0.00965999998152256}}