{"part_id": "2-6-9-9-10-23", "timings_sec": {"read_step": 0.009385500103235245, "enumerate_faces": 2.8499867767095566e-05, "build_adjacency": 0.0003053999971598387, "extract_features": 0.0011730000842362642, "map_labels": 0.0002159997820854187, "sanity_checks": 0.00015119998715817928, "total": 0.011259599821642041}}