{"part_id": "2-6-8-8-14-23", "timings_sec": {"read_step": 0.009441199945285916, "enumerate_faces": 4.770001396536827e-05, "build_adjacency": 0.0004297001287341118, "extract_features": 0.0011430999729782343, "map_labels": 0.0002761001233011484, "sanity_checks": 0.0001292000524699688, "total": 0.011467000236734748}}