{"part_id": "2-6-9-9-12-23", "timings_sec": {"read_step": 0.011502900160849094, "enumerate_faces": 4.169996827840805e-05, "build_adjacency": 0.0004241000860929489, "extract_features": 0.0011487998999655247, "map_labels": 0.0002302001230418682, "sanity_checks": 0.00014979997649788857, "total": 0.013497500214725733}}