{"part_id": "2-6-6-12-19", "timings_sec": {"read_step": 0.01232529990375042, "enumerate_faces": 3.8599828258156776e-05, "build_adjacency": 0.0004251000937074423, "extract_features": 0.0011932998895645142, "map_labels": 0.00021650013513863087, "sanity_checks": 0.00011270004324615002, "total": 0.014311499893665314}}