{"part_id": "2-6-6-6-8-23", "timings_sec": {"read_step": 0.006574700120836496, "enumerate_faces": 3.0800001695752144e-05, "build_adjacency": 0.00022460008040070534, "extract_features": 0.0010487001854926348, "map_labels": 0.00021920003928244114, "sanity_checks": 0.00010479986667633057, "total": 0.00820280029438436}}