{"part_id": "2-6-7-7-8-23", "timings_sec": {"read_step": 0.0072997999377548695, "enumerate_faces": 2.450007013976574e-05, "build_adjacency": 0.0002397999633103609, "extract_features": 0.0010761998128145933, "map_labels": 0.00019250018522143364, "sanity_checks": 0.00011470005847513676, "total": 0.00894750002771616}}