{"part_id": "2-6-8-8-11-23", "timings_sec": {"read_step": 0.011314800009131432, "enumerate_faces": 4.359986633062363e-05, "build_adjacency": 0.00047229998745024204, "extract_features": 0.0016457999590784311, "map_labels": 0.0002965000458061695, "sanity_checks": 0.00022999988868832588, "total": 0.014002999756485224}}