{"part_id": "2-6-7-11-11-23", "timings_sec": {"read_step": 0.011812900193035603, "enumerate_faces": 3.600004129111767e-05, "build_adjacency": 0.00037340004928410053, "extract_features": 0.001403900096192956, "map_labels": 0.0002288001123815775, "sanity_checks": 0.00018010009080171585, "total": 0.01403510058298707}}