{"part_id": "2-6-10-11-11-23", "timings_sec": {"read_step": 0.011841299943625927, "enumerate_faces": 3.310013562440872e-05, "build_adjacency": 0.0003893000539392233, "extract_features": 0.001632200088351965, "map_labels": 0.00021749990992248058, "sanity_checks": 0.00019529997371137142, "total": 0.014308700105175376}}