{"part_id": "2-6-8-13-13-23", "timings_sec": {"read_step": 0.011040299898013473, "enumerate_faces": 4.409998655319214e-05, "build_adjacency": 0.00040919985622167587, "extract_features": 0.0014262001495808363, "map_labels": 0.0002948001492768526, "sanity_checks": 0.00016830000095069408, "total": 0.013382900040596724}}