{"part_id": "2-6-6-6-12-23", "timings_sec": {"read_step": 0.008119800128042698, "enumerate_faces": 2.4399952962994576e-05, "build_adjacency": 0.00026510003954172134, "extract_features": 0.0009748002048581839, "map_labels": 0.00019700010307133198, "sanity_checks": 0.00012299977242946625, "total": 0.009704100200906396}}