{"part_id": "2-6-8-9-9-23", "timings_sec": {"read_step": 0.009805700043216348, "enumerate_faces": 3.3800024539232254e-05, "build_adjacency": 0.0003128000535070896, "extract_features": 0.0015044999308884144, "map_labels": 0.00021740002557635307, "sanity_checks": 0.00011770008131861687, "total": 0.011991900159046054}}