{"part_id": "2-6-7-19", "timings_sec": {"read_step": 0.006274899933487177, "enumerate_faces": 2.3700064048171043e-05, "build_adjacency": 0.00019970000721514225, "extract_features": 0.000932399882003665, "map_labels": 0.00017740018665790558, "sanity_checks": 0.00010859989561140537, "total": 0.007716699969023466}}