{"part_id": "2-6-6-6-10-23", "timings_sec": {"read_step": 0.006533100036904216, "enumerate_faces": 2.359994687139988e-05, "build_adjacency": 0.00021700002253055573, "extract_features": 0.0007925999816507101, "map_labels": 0.0001905001699924469, "sanity_checks": 0.0001026000827550888, "total": 0.007859400240704417}}