{"part_id": "2-6-7-7-14-23", "timings_sec": {"read_step": 0.009640899952501059, "enumerate_faces": 2.7399975806474686e-05, "build_adjacency": 0.0003067001234740019, "extract_features": 0.0010429001413285732, "map_labels": 0.00021199998445808887, "sanity_checks": 0.0001346999779343605, "total": 0.011364600155502558}}