{"part_id": "2-6-12-12-14-23", "timings_sec": {"read_step": 0.011811999836936593, "enumerate_faces": 3.8899946957826614e-05, "build_adjacency": 0.00038189999759197235, "extract_features": 0.0011493000201880932, "map_labels": 0.00022289995104074478, "sanity_checks": 0.0001580000389367342, "total": 0.013762999791651964}}