{"part_id": "2-6-10-19", "timings_sec": {"read_step": 0.006661999970674515, "enumerate_faces": 2.629985101521015e-05, "build_adjacency": 0.00022909999825060368, "extract_features": 0.0008138001430779696, "map_labels": 0.00019299983978271484, "sanity_checks": 0.00010660011321306229, "total": 0.008030799916014075}}