{"part_id": "2-6-8-10-14-23", "timings_sec": {"read_step": 0.00857850001193583, "enumerate_faces": 2.659996971487999e-05, "build_adjacency": 0.0002856000792235136, "extract_features": 0.0011557999532669783, "map_labels": 0.00019970000721514225, "sanity_checks": 0.0001329001970589161, "total": 0.01037910021841526}}