{"part_id": "2-6-13-13-13-23", "timings_sec": {"read_step": 0.010273500112816691, "enumerate_faces": 3.350013867020607e-05, "build_adjacency": 0.00025949999690055847, "extract_features": 0.001269300002604723, "map_labels": 0.0002755001187324524, "sanity_checks": 0.00011830008588731289, "total": 0.012229600455611944}}