{"part_id": "2-6-11-12-13-23", "timings_sec": {"read_step": 0.00967489997856319, "enumerate_faces": 2.8099864721298218e-05, "build_adjacency": 0.00034580007195472717, "extract_features": 0.0012411000207066536, "map_labels": 0.0002213998232036829, "sanity_checks": 0.00014939997345209122, "total": 0.011660699732601643}}