{"part_id": "2-6-7-9-9-23", "timings_sec": {"read_step": 0.008663900196552277, "enumerate_faces": 3.090011887252331e-05, "build_adjacency": 0.0002872999757528305, "extract_features": 0.0010891999118030071, "map_labels": 0.00021270010620355606, "sanity_checks": 0.00014859996736049652, "total": 0.01043260027654469}}