{"part_id": "2-6-9-12-13-23", "timings_sec": {"read_step": 0.00995029998011887, "enumerate_faces": 4.069996066391468e-05, "build_adjacency": 0.0004133000038564205, "extract_features": 0.001493699848651886, "map_labels": 0.0002630001399666071, "sanity_checks": 0.00019649998284876347, "total": 0.012357499916106462}}