{"part_id": "2-6-13-13-14-23", "timings_sec": {"read_step": 0.011477999854832888, "enumerate_faces": 5.240016616880894e-05, "build_adjacency": 0.0004181000404059887, "extract_features": 0.0014808999840170145, "map_labels": 0.0002188999205827713, "sanity_checks": 0.00012280000373721123, "total": 0.013771099969744682}}