{"part_id": "2-6-7-10-13-23", "timings_sec": {"read_step": 0.008495200192555785, "enumerate_faces": 2.7200207114219666e-05, "build_adjacency": 0.00028339982964098454, "extract_features": 0.0010685001034289598, "map_labels": 0.00019950000569224358, "sanity_checks": 0.0002310001291334629, "total": 0.010304800467565656}}