{"part_id": "2-6-6-9-9-23", "timings_sec": {"read_step": 0.010904199909418821, "enumerate_faces": 4.600011743605137e-05, "build_adjacency": 0.0003215000033378601, "extract_features": 0.0013315998949110508, "map_labels": 0.00028760009445250034, "sanity_checks": 0.00021689990535378456, "total": 0.013107799924910069}}