{"part_id": "2-6-9-10-19", "timings_sec": {"read_step": 0.011103899916633964, "enumerate_faces": 3.8899946957826614e-05, "build_adjacency": 0.0003963001072406769, "extract_features": 0.0014452000614255667, "map_labels": 0.0002788000274449587, "sanity_checks": 0.00020270003005862236, "total": 0.013465800089761615}}