{"part_id": "2-6-7-7-19", "timings_sec": {"read_step": 0.006400099955499172, "enumerate_faces": 2.1399930119514465e-05, "build_adjacency": 0.00030949991196393967, "extract_features": 0.0010003999341279268, "map_labels": 0.00020100013352930546, "sanity_checks": 9.709992446005344e-05, "total": 0.008029499789699912}}