{"part_id": "2-6-9-14-14-23", "timings_sec": {"read_step": 0.008407399989664555, "enumerate_faces": 2.8900103643536568e-05, "build_adjacency": 0.0002921000123023987, "extract_features": 0.0012654999736696482, "map_labels": 0.00020610005594789982, "sanity_checks": 0.0001338999718427658, "total": 0.010333900107070804}}