{"part_id": "2-6-9-10-12-23", "timings_sec": {"read_step": 0.012355800019577146, "enumerate_faces": 4.0700193494558334e-05, "build_adjacency": 0.0004959998186677694, "extract_features": 0.0014307000674307346, "map_labels": 0.00030150008387863636, "sanity_checks": 0.0002498000394552946, "total": 0.014874500222504139}}