{"part_id": "2-6-7-13-14-23", "timings_sec": {"read_step": 0.008593600010499358, "enumerate_faces": 3.1499890610575676e-05, "build_adjacency": 0.00038260011933743954, "extract_features": 0.0010365000925958157, "map_labels": 0.00021219998598098755, "sanity_checks": 0.00013450020924210548, "total": 0.010390900308266282}}