{"part_id": "2-6-6-11-13-23", "timings_sec": {"read_step": 0.005422000074759126, "enumerate_faces": 2.2799940779805183e-05, "build_adjacency": 0.0001862999051809311, "extract_features": 0.0006570999976247549, "map_labels": 0.00021989992819726467, "sanity_checks": 9.149988181889057e-05, "total": 0.006599599728360772}}