{"part_id": "2-6-8-11-13-23", "timings_sec": {"read_step": 0.009304099949076772, "enumerate_faces": 3.5300152376294136e-05, "build_adjacency": 0.0003005999606102705, "extract_features": 0.0011371001601219177, "map_labels": 0.00024880003184080124, "sanity_checks": 0.00013999990187585354, "total": 0.011165900155901909}}