{"part_id": "2-6-10-12-13-23", "timings_sec": {"read_step": 0.00867190002463758, "enumerate_faces": 3.169989213347435e-05, "build_adjacency": 0.00028220005333423615, "extract_features": 0.0010244001168757677, "map_labels": 0.0002133999951183796, "sanity_checks": 0.00021660001948475838, "total": 0.010440200101584196}}