{"part_id": "2-6-6-14-14-23", "timings_sec": {"read_step": 0.007991099962964654, "enumerate_faces": 2.1799933165311813e-05, "build_adjacency": 0.0002603998873382807, "extract_features": 0.0009625998791307211, "map_labels": 0.00019200006499886513, "sanity_checks": 0.00012310012243688107, "total": 0.009550999850034714}}