{"part_id": "2-6-11-12-14-23", "timings_sec": {"read_step": 0.009220300009474158, "enumerate_faces": 2.7700094506144524e-05, "build_adjacency": 0.0003361999988555908, "extract_features": 0.001242100028321147, "map_labels": 0.00020990008488297462, "sanity_checks": 0.00014089979231357574, "total": 0.011177100008353591}}