{"part_id": "2-6-10-10-11-23", "timings_sec": {"read_step": 0.015076000010594726, "enumerate_faces": 3.8499943912029266e-05, "build_adjacency": 0.00043120002374053, "extract_features": 0.0016685000155121088, "map_labels": 0.00028220005333423615, "sanity_checks": 0.0001955998595803976, "total": 0.017691999906674027}}