{"part_id": "2-6-6-10-11-23", "timings_sec": {"read_step": 0.006155400071293116, "enumerate_faces": 3.229989670217037e-05, "build_adjacency": 0.00019990000873804092, "extract_features": 0.0007061001379042864, "map_labels": 0.0002194000408053398, "sanity_checks": 9.360001422464848e-05, "total": 0.007406700169667602}}