{"part_id": "2-6-11-12-19", "timings_sec": {"read_step": 0.008898800006136298, "enumerate_faces": 3.2800016924738884e-05, "build_adjacency": 0.00034769997000694275, "extract_features": 0.0014743998181074858, "map_labels": 0.00024159997701644897, "sanity_checks": 0.0001542998943477869, "total": 0.011149599682539701}}