{"part_id": "2-6-9-10-13-23", "timings_sec": {"read_step": 0.012345700059086084, "enumerate_faces": 4.12999652326107e-05, "build_adjacency": 0.0004672999493777752, "extract_features": 0.0015690000727772713, "map_labels": 0.00027760001830756664, "sanity_checks": 0.00021510012447834015, "total": 0.014916000189259648}}