{"part_id": "2-6-7-9-12-23", "timings_sec": {"read_step": 0.012019899906590581, "enumerate_faces": 3.42000275850296e-05, "build_adjacency": 0.0003068000078201294, "extract_features": 0.0011882998514920473, "map_labels": 0.00023040012456476688, "sanity_checks": 0.00015290011651813984, "total": 0.013932500034570694}}