{"part_id": "2-6-10-10-10-23", "timings_sec": {"read_step": 0.00994289992377162, "enumerate_faces": 3.100000321865082e-05, "build_adjacency": 0.00041580013930797577, "extract_features": 0.0012986999936401844, "map_labels": 0.00020819995552301407, "sanity_checks": 0.00016789999790489674, "total": 0.012064500013366342}}