{"part_id": "2-6-8-12-12-23", "timings_sec": {"read_step": 0.008898899890482426, "enumerate_faces": 2.5300076231360435e-05, "build_adjacency": 0.0002981999423354864, "extract_features": 0.0010581000242382288, "map_labels": 0.0002025999128818512, "sanity_checks": 0.00013749999925494194, "total": 0.010620599845424294}}