{"part_id": "2-6-7-12-19", "timings_sec": {"read_step": 0.007823900086805224, "enumerate_faces": 2.4900073185563087e-05, "build_adjacency": 0.00025320006534457207, "extract_features": 0.0009403000585734844, "map_labels": 0.00018949992954730988, "sanity_checks": 0.00015450012870132923, "total": 0.009386300342157483}}