{"part_id": "2-7-8-9-19", "timings_sec": {"read_step": 0.007516799960285425, "enumerate_faces": 3.2400013878941536e-05, "build_adjacency": 0.00025269994512200356, "extract_features": 0.0009225001558661461, "map_labels": 0.0002189998049288988, "sanity_checks": 0.00011769984848797321, "total": 0.009061099728569388}}