{"part_id": "2-7-9-13-14-23", "timings_sec": {"read_step": 0.008697800105437636, "enumerate_faces": 2.619996666908264e-05, "build_adjacency": 0.00028000003658235073, "extract_features": 0.0011511000338941813, "map_labels": 0.00021490012295544147, "sanity_checks": 0.00014449981972575188, "total": 0.010514500085264444}}