{"part_id": "2-7-7-10-14-23", "timings_sec": {"read_step": 0.009389500133693218, "enumerate_faces": 2.5399960577487946e-05, "build_adjacency": 0.0003162000793963671, "extract_features": 0.001133499899879098, "map_labels": 0.0002101999707520008, "sanity_checks": 0.0001471999567002058, "total": 0.011222000000998378}}