{"part_id": "2-7-9-10-12-23", "timings_sec": {"read_step": 0.009916400071233511, "enumerate_faces": 3.339978866279125e-05, "build_adjacency": 0.000328300055116415, "extract_features": 0.0014350998681038618, "map_labels": 0.0002131001092493534, "sanity_checks": 0.0001574999187141657, "total": 0.012083799811080098}}