{"part_id": "2-7-10-12-12-23", "timings_sec": {"read_step": 0.0103857999201864, "enumerate_faces": 2.95999925583601e-05, "build_adjacency": 0.0003478999715298414, "extract_features": 0.0012644000817090273, "map_labels": 0.00022029993124306202, "sanity_checks": 0.00015929993242025375, "total": 0.012407299829646945}}