{"part_id": "2-7-9-9-11-23", "timings_sec": {"read_step": 0.01155799999833107, "enumerate_faces": 4.109996370971203e-05, "build_adjacency": 0.0004002000205218792, "extract_features": 0.0013291998766362667, "map_labels": 0.00023479992523789406, "sanity_checks": 0.00017480016686022282, "total": 0.013738099951297045}}