{"part_id": "2-7-9-9-14-23", "timings_sec": {"read_step": 0.011883199913427234, "enumerate_faces": 3.950018435716629e-05, "build_adjacency": 0.0003181002102792263, "extract_features": 0.001419000094756484, "map_labels": 0.00030759978108108044, "sanity_checks": 0.00015780003741383553, "total": 0.014125200221315026}}