{"part_id": "2-7-11-13-13-23", "timings_sec": {"read_step": 0.009438100038096309, "enumerate_faces": 2.4399952962994576e-05, "build_adjacency": 0.0003078998997807503, "extract_features": 0.0011175000108778477, "map_labels": 0.00021469988860189915, "sanity_checks": 0.00014350004494190216, "total": 0.011246099835261703}}