{"part_id": "2-7-7-7-9-23", "timings_sec": {"read_step": 0.009100900031626225, "enumerate_faces": 2.8999987989664078e-05, "build_adjacency": 0.0003108000382781029, "extract_features": 0.0011435998603701591, "map_labels": 0.00020560016855597496, "sanity_checks": 0.00021299999207258224, "total": 0.011002900078892708}}