{"part_id": "2-7-8-10-12-23", "timings_sec": {"read_step": 0.009483299916610122, "enumerate_faces": 2.8999987989664078e-05, "build_adjacency": 0.00031509995460510254, "extract_features": 0.001406199997290969, "map_labels": 0.00023659993894398212, "sanity_checks": 0.00015309988521039486, "total": 0.011623299680650234}}