{"part_id": "2-7-7-7-14-23", "timings_sec": {"read_step": 0.008953400189056993, "enumerate_faces": 2.7399975806474686e-05, "build_adjacency": 0.00029499991796910763, "extract_features": 0.0010685999877750874, "map_labels": 0.0002092001959681511, "sanity_checks": 0.0001422001514583826, "total": 0.010695800418034196}}