{"part_id": "2-7-8-14-14-23", "timings_sec": {"read_step": 0.010533200111240149, "enumerate_faces": 3.71001660823822e-05, "build_adjacency": 0.0002975999377667904, "extract_features": 0.0011361001525074244, "map_labels": 0.00023280014283955097, "sanity_checks": 0.00013749999925494194, "total": 0.012374300509691238}}