{"part_id": "2-7-12-13-13-23", "timings_sec": {"read_step": 0.009526799898594618, "enumerate_faces": 2.7900096029043198e-05, "build_adjacency": 0.00028270017355680466, "extract_features": 0.0010448000393807888, "map_labels": 0.00021329987794160843, "sanity_checks": 0.00013289996422827244, "total": 0.011228400049731135}}