{"part_id": "2-7-10-10-14-23", "timings_sec": {"read_step": 0.010739099932834506, "enumerate_faces": 3.42000275850296e-05, "build_adjacency": 0.00033069984056055546, "extract_features": 0.0012227999977767467, "map_labels": 0.000228899996727705, "sanity_checks": 0.00015940004959702492, "total": 0.012715099845081568}}