{"part_id": "2-7-8-8-8-23", "timings_sec": {"read_step": 0.006697000004351139, "enumerate_faces": 2.2500054910779e-05, "build_adjacency": 0.00023819995112717152, "extract_features": 0.000834600068628788, "map_labels": 0.00019489997066557407, "sanity_checks": 0.00010719988495111465, "total": 0.008094399934634566}}