{"part_id": "2-7-9-13-13-23", "timings_sec": {"read_step": 0.008543499978259206, "enumerate_faces": 3.320001997053623e-05, "build_adjacency": 0.00028319982811808586, "extract_features": 0.0012473000679165125, "map_labels": 0.00022120005451142788, "sanity_checks": 0.0001330000814050436, "total": 0.010461400030180812}}