{"part_id": "2-7-12-12-19", "timings_sec": {"read_step": 0.009269099915400147, "enumerate_faces": 2.5900080800056458e-05, "build_adjacency": 0.00040449993684887886, "extract_features": 0.0010377999860793352, "map_labels": 0.00019859988242387772, "sanity_checks": 0.00012909993529319763, "total": 0.011064999736845493}}