{"part_id": "2-7-8-9-11-23", "timings_sec": {"read_step": 0.01010119984857738, "enumerate_faces": 3.969995304942131e-05, "build_adjacency": 0.0003285999409854412, "extract_features": 0.0012107999064028263, "map_labels": 0.00020910007879137993, "sanity_checks": 0.00020120013505220413, "total": 0.012090599862858653}}