{"part_id": "2-7-10-13-13-23", "timings_sec": {"read_step": 0.008624600013718009, "enumerate_faces": 2.4999957531690598e-05, "build_adjacency": 0.00027600000612437725, "extract_features": 0.0012280000373721123, "map_labels": 0.00018609990365803242, "sanity_checks": 0.00013409997336566448, "total": 0.010473799891769886}}