{"part_id": "2-7-7-9-9-23", "timings_sec": {"read_step": 0.010254600085318089, "enumerate_faces": 3.5400036722421646e-05, "build_adjacency": 0.00030889990739524364, "extract_features": 0.0012314000632613897, "map_labels": 0.0002452000044286251, "sanity_checks": 0.00014899997040629387, "total": 0.012224500067532063}}