{"part_id": "2-7-7-11-11-23", "timings_sec": {"read_step": 0.012008300051093102, "enumerate_faces": 3.0700117349624634e-05, "build_adjacency": 0.00038590002804994583, "extract_features": 0.001478400081396103, "map_labels": 0.00021900003775954247, "sanity_checks": 0.0001852000132203102, "total": 0.014307500328868628}}