{"part_id": "2-7-8-10-10-23", "timings_sec": {"read_step": 0.009457599837332964, "enumerate_faces": 2.7399975806474686e-05, "build_adjacency": 0.0003738000523298979, "extract_features": 0.001223200000822544, "map_labels": 0.00023449980653822422, "sanity_checks": 0.00015949993394315243, "total": 0.011475999606773257}}