{"part_id": "2-7-7-11-12-23", "timings_sec": {"read_step": 0.010480099823325872, "enumerate_faces": 3.5300152376294136e-05, "build_adjacency": 0.00041799992322921753, "extract_features": 0.0013657999224960804, "map_labels": 0.00020689982920885086, "sanity_checks": 0.000161399831995368, "total": 0.012667499482631683}}