{"part_id": "2-7-7-12-12-23", "timings_sec": {"read_step": 0.00982889998704195, "enumerate_faces": 2.8999987989664078e-05, "build_adjacency": 0.00032759993337094784, "extract_features": 0.0011737998574972153, "map_labels": 0.00021460000425577164, "sanity_checks": 0.00014410004951059818, "total": 0.011717999819666147}}