{"part_id": "2-7-9-9-9-23", "timings_sec": {"read_step": 0.012986700050532818, "enumerate_faces": 3.620004281401634e-05, "build_adjacency": 0.0003820001147687435, "extract_features": 0.0014158000703901052, "map_labels": 0.00034849997609853745, "sanity_checks": 0.0002391999587416649, "total": 0.015408400213345885}}