{"part_id": "2-7-7-13-13-23", "timings_sec": {"read_step": 0.0077806999906897545, "enumerate_faces": 2.210005186498165e-05, "build_adjacency": 0.00026110000908374786, "extract_features": 0.0010037000756710768, "map_labels": 0.0001871997956186533, "sanity_checks": 0.00012139999307692051, "total": 0.009376199916005135}}