{"part_id": "2-7-10-11-19", "timings_sec": {"read_step": 0.009344900026917458, "enumerate_faces": 2.9399991035461426e-05, "build_adjacency": 0.0003161998465657234, "extract_features": 0.0011760999914258718, "map_labels": 0.00021689990535378456, "sanity_checks": 0.0001556000206619501, "total": 0.011239099781960249}}