{"part_id": "2-7-8-13-13-23", "timings_sec": {"read_step": 0.008423800114542246, "enumerate_faces": 3.8899946957826614e-05, "build_adjacency": 0.0002585998736321926, "extract_features": 0.0012586000375449657, "map_labels": 0.0003611999563872814, "sanity_checks": 0.00012529990635812283, "total": 0.010466399835422635}}