{"part_id": "2-7-7-8-10-23", "timings_sec": {"read_step": 0.009351400192826986, "enumerate_faces": 3.0499882996082306e-05, "build_adjacency": 0.0003028998617082834, "extract_features": 0.0011622000019997358, "map_labels": 0.00020870007574558258, "sanity_checks": 0.0001425000373274088, "total": 0.01119820005260408}}