{"part_id": "2-7-11-11-13-23", "timings_sec": {"read_step": 0.011048200074583292, "enumerate_faces": 2.659996971487999e-05, "build_adjacency": 0.00044819992035627365, "extract_features": 0.0015561000909656286, "map_labels": 0.00023370003327727318, "sanity_checks": 0.00017570005729794502, "total": 0.013488500146195292}}