{"part_id": "2-7-10-14-14-23", "timings_sec": {"read_step": 0.004178200149908662, "enumerate_faces": 2.7399975806474686e-05, "build_adjacency": 0.0001403999049216509, "extract_features": 0.0005657998844981194, "map_labels": 0.00019900011830031872, "sanity_checks": 6.900005973875523e-05, "total": 0.005179800093173981}}