{"part_id": "2-7-11-12-13-23", "timings_sec": {"read_step": 0.009933100081980228, "enumerate_faces": 2.5300076231360435e-05, "build_adjacency": 0.0003453001845628023, "extract_features": 0.0012779999524354935, "map_labels": 0.00020119990222156048, "sanity_checks": 0.00015529990196228027, "total": 0.011938200099393725}}