{"part_id": "2-7-10-11-14-23", "timings_sec": {"read_step": 0.011022400110960007, "enumerate_faces": 3.120000474154949e-05, "build_adjacency": 0.0007374999113380909, "extract_features": 0.0013884000945836306, "map_labels": 0.0002197998110204935, "sanity_checks": 0.00016940012574195862, "total": 0.01356870005838573}}