{"part_id": "2-7-7-13-14-23", "timings_sec": {"read_step": 0.008830999955534935, "enumerate_faces": 2.4099834263324738e-05, "build_adjacency": 0.00027490011416375637, "extract_features": 0.0011003999970853329, "map_labels": 0.00020560016855597496, "sanity_checks": 0.00013150018639862537, "total": 0.01056750025600195}}