{"part_id": "2-7-10-11-13-23", "timings_sec": {"read_step": 0.010572100058197975, "enumerate_faces": 2.8799986466765404e-05, "build_adjacency": 0.00034169992431998253, "extract_features": 0.0012815999798476696, "map_labels": 0.00023969984613358974, "sanity_checks": 0.0002812000457197428, "total": 0.012745099840685725}}