{"part_id": "2-7-7-11-14-23", "timings_sec": {"read_step": 0.010279199806973338, "enumerate_faces": 2.8499867767095566e-05, "build_adjacency": 0.0003394000232219696, "extract_features": 0.0018144999630749226, "map_labels": 0.00021399999968707561, "sanity_checks": 0.00015600002370774746, "total": 0.012831599684432149}}