{"part_id": "2-7-7-9-14-23", "timings_sec": {"read_step": 0.011514200130477548, "enumerate_faces": 3.5400036722421646e-05, "build_adjacency": 0.00030729989521205425, "extract_features": 0.0018593999557197094, "map_labels": 0.0002933000214397907, "sanity_checks": 0.00023909984156489372, "total": 0.014248699881136417}}