{"part_id": "2-7-14-14-14-23", "timings_sec": {"read_step": 0.009560800157487392, "enumerate_faces": 2.7800211682915688e-05, "build_adjacency": 0.00030239997431635857, "extract_features": 0.0010889999102801085, "map_labels": 0.00021820003166794777, "sanity_checks": 0.00015489989891648293, "total": 0.011353100184351206}}