{"part_id": "2-7-8-8-13-23", "timings_sec": {"read_step": 0.007223099935799837, "enumerate_faces": 3.1299889087677e-05, "build_adjacency": 0.00024019996635615826, "extract_features": 0.000959400087594986, "map_labels": 0.00025500007905066013, "sanity_checks": 0.00011350004933774471, "total": 0.008822500007227063}}