{"part_id": "2-7-9-12-13-23", "timings_sec": {"read_step": 0.009691699873656034, "enumerate_faces": 4.6900007873773575e-05, "build_adjacency": 0.0005747999530285597, "extract_features": 0.0019366999622434378, "map_labels": 0.0003611000720411539, "sanity_checks": 0.00023429980501532555, "total": 0.012845499673858285}}