{"part_id": "2-7-8-8-9-23", "timings_sec": {"read_step": 0.009140199981629848, "enumerate_faces": 3.1700124964118004e-05, "build_adjacency": 0.0002804999239742756, "extract_features": 0.000995800131931901, "map_labels": 0.00021900003775954247, "sanity_checks": 0.00013060006313025951, "total": 0.010797800263389945}}