{"part_id": "2-7-11-14-19", "timings_sec": {"read_step": 0.008868700126186013, "enumerate_faces": 2.1700048819184303e-05, "build_adjacency": 0.0002817001659423113, "extract_features": 0.0010689001064747572, "map_labels": 0.00018540001474320889, "sanity_checks": 0.00013950001448392868, "total": 0.010565900476649404}}