{"part_id": "2-7-7-10-11-23", "timings_sec": {"read_step": 0.015682999975979328, "enumerate_faces": 3.5499921068549156e-05, "build_adjacency": 0.00040380004793405533, "extract_features": 0.0015225999522954226, "map_labels": 0.00022460008040070534, "sanity_checks": 0.0001767000649124384, "total": 0.0180462000425905}}