{"part_id": "2-7-8-9-10-23", "timings_sec": {"read_step": 0.009402799885720015, "enumerate_faces": 3.590015694499016e-05, "build_adjacency": 0.00030530011281371117, "extract_features": 0.0011559000704437494, "map_labels": 0.00022529996931552887, "sanity_checks": 0.00014989986084401608, "total": 0.01127510005608201}}