{"part_id": "2-7-7-8-9-23", "timings_sec": {"read_step": 0.008548799902200699, "enumerate_faces": 2.5899847969412804e-05, "build_adjacency": 0.00028239982202649117, "extract_features": 0.0010448000393807888, "map_labels": 0.0002508999314159155, "sanity_checks": 0.00015709991566836834, "total": 0.010309899458661675}}