{"part_id": "2-7-8-11-12-23", "timings_sec": {"read_step": 0.010160499950870872, "enumerate_faces": 2.9799994081258774e-05, "build_adjacency": 0.00033840001560747623, "extract_features": 0.0014159998390823603, "map_labels": 0.00021289987489581108, "sanity_checks": 0.00016080006025731564, "total": 0.012318399734795094}}