{"part_id": "2-7-11-19", "timings_sec": {"read_step": 0.009719699854031205, "enumerate_faces": 2.7900096029043198e-05, "build_adjacency": 0.0002585998736321926, "extract_features": 0.0009517997968941927, "map_labels": 0.00022999988868832588, "sanity_checks": 0.00012320000678300858, "total": 0.011311199516057968}}