{"part_id": "2-7-12-12-12-23", "timings_sec": {"read_step": 0.013223099987953901, "enumerate_faces": 2.8899870812892914e-05, "build_adjacency": 0.0003424999304115772, "extract_features": 0.0012264000251889229, "map_labels": 0.00022980011999607086, "sanity_checks": 0.00024230009876191616, "total": 0.015293000033125281}}