{"part_id": "2-7-13-13-13-23", "timings_sec": {"read_step": 0.007589200045913458, "enumerate_faces": 2.3899832740426064e-05, "build_adjacency": 0.0002528000622987747, "extract_features": 0.0012228998821228743, "map_labels": 0.0002679999452084303, "sanity_checks": 0.00012470013462007046, "total": 0.009481499902904034}}