{"part_id": "2-7-11-13-19", "timings_sec": {"read_step": 0.008205299964174628, "enumerate_faces": 2.229982055723667e-05, "build_adjacency": 0.0002717999741435051, "extract_features": 0.001066500088199973, "map_labels": 0.00018949992954730988, "sanity_checks": 0.00013479986228048801, "total": 0.009890199638903141}}