{"part_id": "2-7-7-8-11-23", "timings_sec": {"read_step": 0.010014900006353855, "enumerate_faces": 3.439979627728462e-05, "build_adjacency": 0.0003378000110387802, "extract_features": 0.0014875000342726707, "map_labels": 0.000264899805188179, "sanity_checks": 0.00016169995069503784, "total": 0.012301199603825808}}