{"part_id": "2-7-8-8-14-23", "timings_sec": {"read_step": 0.008604699978604913, "enumerate_faces": 4.12999652326107e-05, "build_adjacency": 0.00044010020792484283, "extract_features": 0.0010381999891251326, "map_labels": 0.00022229994647204876, "sanity_checks": 0.00018500001169741154, "total": 0.01053160009905696}}