{"part_id": "2-7-10-11-11-23", "timings_sec": {"read_step": 0.012018200010061264, "enumerate_faces": 2.950010821223259e-05, "build_adjacency": 0.0005212000105530024, "extract_features": 0.001577200135216117, "map_labels": 0.000224200077354908, "sanity_checks": 0.00021460000425577164, "total": 0.014584900345653296}}