{"part_id": "2-7-8-12-14-23", "timings_sec": {"read_step": 0.009963699849322438, "enumerate_faces": 5.769985727965832e-05, "build_adjacency": 0.0004825000651180744, "extract_features": 0.0018681001383811235, "map_labels": 0.00030780001543462276, "sanity_checks": 0.00022689998149871826, "total": 0.012906699907034636}}