{"part_id": "2-7-9-11-11-23", "timings_sec": {"read_step": 0.01181569998152554, "enumerate_faces": 3.1499890610575676e-05, "build_adjacency": 0.00038359989412128925, "extract_features": 0.0016101999208331108, "map_labels": 0.00024109985679388046, "sanity_checks": 0.00018640002235770226, "total": 0.014268499566242099}}