{"part_id": "2-7-7-7-13-23", "timings_sec": {"read_step": 0.009376399917528033, "enumerate_faces": 2.969987690448761e-05, "build_adjacency": 0.0003003999590873718, "extract_features": 0.0010800000745803118, "map_labels": 0.0002177001442760229, "sanity_checks": 0.00013819988816976547, "total": 0.011142399860545993}}