{"part_id": "2-8-12-12-12-23", "timings_sec": {"read_step": 0.01207199995405972, "enumerate_faces": 0.00012019998393952847, "build_adjacency": 0.0003426999319344759, "extract_features": 0.001204000087454915, "map_labels": 0.0002359999343752861, "sanity_checks": 0.0001488998532295227, "total": 0.014123799744993448}}