{"part_id": "2-8-12-12-19", "timings_sec": {"read_step": 0.008695500204339623, "enumerate_faces": 3.700004890561104e-05, "build_adjacency": 0.0003961999900639057, "extract_features": 0.001020199852064252, "map_labels": 0.00022909999825060368, "sanity_checks": 0.00014439993537962437, "total": 0.01052240002900362}}