{"part_id": "2-8-10-12-14-23", "timings_sec": {"read_step": 0.01531049981713295, "enumerate_faces": 4.42001037299633e-05, "build_adjacency": 0.00048390007577836514, "extract_features": 0.0017285000067204237, "map_labels": 0.00026839994825422764, "sanity_checks": 0.0001550999004393816, "total": 0.01799059985205531}}