{"part_id": "2-8-14-14-19", "timings_sec": {"read_step": 0.009508899878710508, "enumerate_faces": 3.8700178265571594e-05, "build_adjacency": 0.00036159995943307877, "extract_features": 0.001082699978724122, "map_labels": 0.0002380001824349165, "sanity_checks": 0.00011890009045600891, "total": 0.011348800268024206}}