{"part_id": "2-8-8-9-9-23", "timings_sec": {"read_step": 0.00824210001155734, "enumerate_faces": 3.609992563724518e-05, "build_adjacency": 0.00027980003505945206, "extract_features": 0.0010748000349849463, "map_labels": 0.00020739994943141937, "sanity_checks": 0.00021190010011196136, "total": 0.010052100056782365}}