{"part_id": "2-8-9-10-10-23", "timings_sec": {"read_step": 0.009489099960774183, "enumerate_faces": 2.8700102120637894e-05, "build_adjacency": 0.0003207998815923929, "extract_features": 0.001178500009700656, "map_labels": 0.00020899996161460876, "sanity_checks": 0.00015520001761615276, "total": 0.011381299933418632}}