{"part_id": "2-8-11-12-13-23", "timings_sec": {"read_step": 0.013900999911129475, "enumerate_faces": 3.760005347430706e-05, "build_adjacency": 0.00034549995325505733, "extract_features": 0.001235299976542592, "map_labels": 0.00024290010333061218, "sanity_checks": 0.00016020005568861961, "total": 0.015922500053420663}}