{"part_id": "2-8-8-8-19", "timings_sec": {"read_step": 0.0065777001436799765, "enumerate_faces": 2.550007775425911e-05, "build_adjacency": 0.0002164999023079872, "extract_features": 0.0007796999998390675, "map_labels": 0.00020210002548992634, "sanity_checks": 0.00010259984992444515, "total": 0.007904099998995662}}