{"part_id": "2-8-9-9-14-23", "timings_sec": {"read_step": 0.012645100010558963, "enumerate_faces": 3.9499951526522636e-05, "build_adjacency": 0.0004430999979376793, "extract_features": 0.0013577998615801334, "map_labels": 0.0002289998810738325, "sanity_checks": 0.00014439993537962437, "total": 0.014858899638056755}}