{"part_id": "2-8-8-10-10-23", "timings_sec": {"read_step": 0.01365119987167418, "enumerate_faces": 4.2899977415800095e-05, "build_adjacency": 0.00046529993414878845, "extract_features": 0.0017264001071453094, "map_labels": 0.0002779001370072365, "sanity_checks": 0.00036479998379945755, "total": 0.016528500011190772}}