{"part_id": "2-8-9-11-13-23", "timings_sec": {"read_step": 0.008733800146728754, "enumerate_faces": 2.869986928999424e-05, "build_adjacency": 0.0002880000974982977, "extract_features": 0.001123500056564808, "map_labels": 0.0002058998215943575, "sanity_checks": 0.00014490005560219288, "total": 0.010524800047278404}}