{"part_id": "2-8-12-12-13-23", "timings_sec": {"read_step": 0.009949000086635351, "enumerate_faces": 4.20999713242054e-05, "build_adjacency": 0.00037139980122447014, "extract_features": 0.0012290999293327332, "map_labels": 0.00024429988116025925, "sanity_checks": 0.0001431000418961048, "total": 0.011978999711573124}}