{"part_id": "2-8-8-12-19", "timings_sec": {"read_step": 0.007083799922838807, "enumerate_faces": 2.3300061002373695e-05, "build_adjacency": 0.0002383999526500702, "extract_features": 0.0008672999683767557, "map_labels": 0.00019490020349621773, "sanity_checks": 0.00011310004629194736, "total": 0.008520800154656172}}