{"part_id": "2-8-9-9-13-23", "timings_sec": {"read_step": 0.010880300076678395, "enumerate_faces": 3.929995000362396e-05, "build_adjacency": 0.00044510001316666603, "extract_features": 0.0015477999113500118, "map_labels": 0.00027660001069307327, "sanity_checks": 0.0002180000301450491, "total": 0.01340709999203682}}