{"part_id": "2-8-8-8-11-23", "timings_sec": {"read_step": 0.008992099901661277, "enumerate_faces": 2.750009298324585e-05, "build_adjacency": 0.00029910006560385227, "extract_features": 0.0012493999674916267, "map_labels": 0.00020250002853572369, "sanity_checks": 0.00014119991101324558, "total": 0.010911799967288971}}