{"part_id": "2-8-13-13-14-23", "timings_sec": {"read_step": 0.008912399876862764, "enumerate_faces": 3.210012800991535e-05, "build_adjacency": 0.00027760001830756664, "extract_features": 0.0009677999187260866, "map_labels": 0.00021700002253055573, "sanity_checks": 0.00013020006008446217, "total": 0.01053710002452135}}