{"part_id": "2-8-12-13-14-23", "timings_sec": {"read_step": 0.01050879992544651, "enumerate_faces": 3.900006413459778e-05, "build_adjacency": 0.0003619000781327486, "extract_features": 0.001066500088199973, "map_labels": 0.00024110008962452412, "sanity_checks": 0.00013509998098015785, "total": 0.012352400226518512}}