{"part_id": "2-8-10-13-19", "timings_sec": {"read_step": 0.009144000010564923, "enumerate_faces": 4.2800093069672585e-05, "build_adjacency": 0.00044970004819333553, "extract_features": 0.0012326000723987818, "map_labels": 0.00033890013583004475, "sanity_checks": 0.00017000013031065464, "total": 0.011378000490367413}}