{"part_id": "2-8-11-11-14-23", "timings_sec": {"read_step": 0.014147399924695492, "enumerate_faces": 4.400010220706463e-05, "build_adjacency": 0.0004430999979376793, "extract_features": 0.001956300111487508, "map_labels": 0.0003154000733047724, "sanity_checks": 0.0001799999736249447, "total": 0.01708620018325746}}