{"part_id": "2-8-11-14-19", "timings_sec": {"read_step": 0.011614799965173006, "enumerate_faces": 3.810017369687557e-05, "build_adjacency": 0.00030239997431635857, "extract_features": 0.0010889999102801085, "map_labels": 0.00023380015045404434, "sanity_checks": 0.00014439993537962437, "total": 0.013422500109300017}}