{"part_id": "2-8-9-11-12-23", "timings_sec": {"read_step": 0.011288899928331375, "enumerate_faces": 3.4499913454055786e-05, "build_adjacency": 0.00034849997609853745, "extract_features": 0.001320800045505166, "map_labels": 0.0002256000880151987, "sanity_checks": 0.00016469997353851795, "total": 0.013382999924942851}}