{"part_id": "2-8-11-14-14-23", "timings_sec": {"read_step": 0.013598599936813116, "enumerate_faces": 4.1800085455179214e-05, "build_adjacency": 0.0003450000658631325, "extract_features": 0.001491399947553873, "map_labels": 0.000300099840387702, "sanity_checks": 0.00025129993446171284, "total": 0.016028199810534716}}