{"part_id": "2-8-8-8-9-23", "timings_sec": {"read_step": 0.00734539981931448, "enumerate_faces": 2.8399983420968056e-05, "build_adjacency": 0.00024279998615384102, "extract_features": 0.0008829999715089798, "map_labels": 0.0002085000742226839, "sanity_checks": 0.00011749984696507454, "total": 0.008825599681586027}}