{"part_id": "2-8-11-11-13-23", "timings_sec": {"read_step": 0.013040600111708045, "enumerate_faces": 4.549999721348286e-05, "build_adjacency": 0.0005900999531149864, "extract_features": 0.0023277001455426216, "map_labels": 0.00027920003049075603, "sanity_checks": 0.00030690012499690056, "total": 0.016590000363066792}}