{"part_id": "2-8-10-10-13-23", "timings_sec": {"read_step": 0.012293900130316615, "enumerate_faces": 3.920006565749645e-05, "build_adjacency": 0.0004841999616473913, "extract_features": 0.001600000075995922, "map_labels": 0.00030259997583925724, "sanity_checks": 0.0002753001172095537, "total": 0.014995200326666236}}