{"part_id": "2-8-8-8-12-23", "timings_sec": {"read_step": 0.00791589985601604, "enumerate_faces": 2.810009755194187e-05, "build_adjacency": 0.00026880018413066864, "extract_features": 0.0011352000292390585, "map_labels": 0.00023380015045404434, "sanity_checks": 0.0001284999307245016, "total": 0.009710300248116255}}