{"part_id": "2-8-13-19", "timings_sec": {"read_step": 0.008902500150725245, "enumerate_faces": 2.95999925583601e-05, "build_adjacency": 0.00019900011830031872, "extract_features": 0.0009075000416487455, "map_labels": 0.000250999815762043, "sanity_checks": 0.0001403999049216509, "total": 0.010430000023916364}}