{"part_id": "2-8-8-9-14-23", "timings_sec": {"read_step": 0.008704399922862649, "enumerate_faces": 3.290013410151005e-05, "build_adjacency": 0.00027769990265369415, "extract_features": 0.001249000197276473, "map_labels": 0.00021849991753697395, "sanity_checks": 0.00013209995813667774, "total": 0.010614600032567978}}