{"part_id": "2-8-13-13-13-23", "timings_sec": {"read_step": 0.0076744998805224895, "enumerate_faces": 3.3800024539232254e-05, "build_adjacency": 0.0002693000715225935, "extract_features": 0.0008976999670267105, "map_labels": 0.00027600000612437725, "sanity_checks": 0.0001666999887675047, "total": 0.009317999938502908}}