{"part_id": "2-8-10-13-14-23", "timings_sec": {"read_step": 0.014272100059315562, "enumerate_faces": 4.7900015488266945e-05, "build_adjacency": 0.0004795000422745943, "extract_features": 0.0013316997792571783, "map_labels": 0.00024250010028481483, "sanity_checks": 0.00014350004494190216, "total": 0.01651720004156232}}