{"part_id": "2-8-10-10-11-23", "timings_sec": {"read_step": 0.015491500031203032, "enumerate_faces": 4.850002005696297e-05, "build_adjacency": 0.0006021999288350344, "extract_features": 0.0019128001295030117, "map_labels": 0.0003029999788850546, "sanity_checks": 0.0002726998645812273, "total": 0.018630699953064322}}