{"part_id": "2-8-10-10-10-23", "timings_sec": {"read_step": 0.014657699968665838, "enumerate_faces": 4.029995761811733e-05, "build_adjacency": 0.0003475998528301716, "extract_features": 0.0018905999604612589, "map_labels": 0.00041200011037290096, "sanity_checks": 0.00027050008065998554, "total": 0.017618699930608273}}