{"part_id": "2-8-8-12-14-23", "timings_sec": {"read_step": 0.009030000073835254, "enumerate_faces": 2.5399960577487946e-05, "build_adjacency": 0.0002851998433470726, "extract_features": 0.0010286001488566399, "map_labels": 0.00020579993724822998, "sanity_checks": 0.00013029994443058968, "total": 0.010705299908295274}}