{"part_id": "2-8-12-12-14-23", "timings_sec": {"read_step": 0.012981300009414554, "enumerate_faces": 3.769993782043457e-05, "build_adjacency": 0.00033670011907815933, "extract_features": 0.0013313000090420246, "map_labels": 0.00023140013217926025, "sanity_checks": 0.00014939997345209122, "total": 0.015067800180986524}}