{"part_id": "2-8-8-9-19", "timings_sec": {"read_step": 0.006890499964356422, "enumerate_faces": 2.3900065571069717e-05, "build_adjacency": 0.0002853998448699713, "extract_features": 0.0009696001652628183, "map_labels": 0.00020040012896060944, "sanity_checks": 0.00011060014367103577, "total": 0.008480400312691927}}