{"part_id": "2-8-10-10-19", "timings_sec": {"read_step": 0.015993600012734532, "enumerate_faces": 4.8800138756632805e-05, "build_adjacency": 0.0004960999358445406, "extract_features": 0.0017852999735623598, "map_labels": 0.00029509980231523514, "sanity_checks": 0.0002305998932570219, "total": 0.018849499756470323}}