{"part_id": "2-8-9-12-13-23", "timings_sec": {"read_step": 0.008681699866428971, "enumerate_faces": 3.069988451898098e-05, "build_adjacency": 0.0002864999696612358, "extract_features": 0.0010557000059634447, "map_labels": 0.00021379999816417694, "sanity_checks": 0.00013569998554885387, "total": 0.010404099710285664}}