{"part_id": "2-8-8-9-11-23", "timings_sec": {"read_step": 0.009397200075909495, "enumerate_faces": 2.259993925690651e-05, "build_adjacency": 0.00041559990495443344, "extract_features": 0.0011841999366879463, "map_labels": 0.0002711999695748091, "sanity_checks": 0.00017690006643533707, "total": 0.011467699892818928}}