{"part_id": "2-8-8-14-14-23", "timings_sec": {"read_step": 0.007531600072979927, "enumerate_faces": 2.1300045773386955e-05, "build_adjacency": 0.0002593998797237873, "extract_features": 0.0009544999338686466, "map_labels": 0.00018170010298490524, "sanity_checks": 0.00012179999612271786, "total": 0.009070300031453371}}