{"part_id": "2-9-9-11-14-23", "timings_sec": {"read_step": 0.014889299869537354, "enumerate_faces": 4.910002462565899e-05, "build_adjacency": 0.0005622000899165869, "extract_features": 0.002085800049826503, "map_labels": 0.00025669997557997704, "sanity_checks": 0.00017250003293156624, "total": 0.018015600042417645}}