{"part_id": "2-9-12-14-14-23", "timings_sec": {"read_step": 0.009377000154927373, "enumerate_faces": 3.0199997127056122e-05, "build_adjacency": 0.0003114999271929264, "extract_features": 0.0013419999741017818, "map_labels": 0.00022909999825060368, "sanity_checks": 0.00014970009215176105, "total": 0.011439500143751502}}