{"part_id": "2-9-10-12-12-23", "timings_sec": {"read_step": 0.012028200086206198, "enumerate_faces": 4.569999873638153e-05, "build_adjacency": 0.0003915000706911087, "extract_features": 0.00210349983535707, "map_labels": 0.0002680998295545578, "sanity_checks": 0.00017310003750026226, "total": 0.015010099858045578}}