{"part_id": "2-9-10-10-10-23", "timings_sec": {"read_step": 0.014493700116872787, "enumerate_faces": 4.0899962186813354e-05, "build_adjacency": 0.0005244999192655087, "extract_features": 0.0017393999733030796, "map_labels": 0.0002313000150024891, "sanity_checks": 0.00018099998123943806, "total": 0.017210799967870116}}