{"part_id": "2-9-11-11-12-23", "timings_sec": {"read_step": 0.018450799863785505, "enumerate_faces": 4.509999416768551e-05, "build_adjacency": 0.0006238999776542187, "extract_features": 0.0022913001012057066, "map_labels": 0.0002912001218646765, "sanity_checks": 0.0003030998632311821, "total": 0.022005399921908975}}