{"part_id": "2-9-10-11-13-23", "timings_sec": {"read_step": 0.01570339989848435, "enumerate_faces": 4.8800138756632805e-05, "build_adjacency": 0.00043409992940723896, "extract_features": 0.0017757001332938671, "map_labels": 0.0003037999849766493, "sanity_checks": 0.0002664998173713684, "total": 0.018532299902290106}}