{"part_id": "2-9-9-9-14-23", "timings_sec": {"read_step": 0.009290599962696433, "enumerate_faces": 3.509991802275181e-05, "build_adjacency": 0.00030569988302886486, "extract_features": 0.001168200047686696, "map_labels": 0.00025240005925297737, "sanity_checks": 0.00015520001761615276, "total": 0.011207199888303876}}