{"part_id": "2-9-11-13-14-23", "timings_sec": {"read_step": 0.010008699959143996, "enumerate_faces": 3.0700117349624634e-05, "build_adjacency": 0.0003372000064700842, "extract_features": 0.0013135999906808138, "map_labels": 0.0002552999649196863, "sanity_checks": 0.00017779995687305927, "total": 0.012123299995437264}}