{"part_id": "2-9-11-12-12-23", "timings_sec": {"read_step": 0.016616800101473927, "enumerate_faces": 5.220016464591026e-05, "build_adjacency": 0.0006009000353515148, "extract_features": 0.002111900132149458, "map_labels": 0.00033299997448921204, "sanity_checks": 0.0002883998677134514, "total": 0.020003200275823474}}