{"part_id": "2-9-9-9-13-23", "timings_sec": {"read_step": 0.01426060008816421, "enumerate_faces": 3.529991954565048e-05, "build_adjacency": 0.00032410002313554287, "extract_features": 0.0015472001396119595, "map_labels": 0.0002967000473290682, "sanity_checks": 0.0002319000195711851, "total": 0.016695800237357616}}