{"part_id": "2-9-11-13-13-23", "timings_sec": {"read_step": 0.009669499937444925, "enumerate_faces": 3.1300121918320656e-05, "build_adjacency": 0.00033529987558722496, "extract_features": 0.0012660999782383442, "map_labels": 0.0002397999633103609, "sanity_checks": 0.00015360000543296337, "total": 0.01169559988193214}}