{"part_id": "2-9-10-13-13-23", "timings_sec": {"read_step": 0.014403699897229671, "enumerate_faces": 4.710000939667225e-05, "build_adjacency": 0.00037560006603598595, "extract_features": 0.0012908999342471361, "map_labels": 0.00023779994808137417, "sanity_checks": 0.00017230003140866756, "total": 0.016527399886399508}}