{"part_id": "2-9-10-11-12-23", "timings_sec": {"read_step": 0.0160996001213789, "enumerate_faces": 3.8599828258156776e-05, "build_adjacency": 0.0003869000356644392, "extract_features": 0.0014349000994116068, "map_labels": 0.00026750005781650543, "sanity_checks": 0.0001829001121222973, "total": 0.018410400254651904}}