{"part_id": "2-9-10-10-19", "timings_sec": {"read_step": 0.009606899926438928, "enumerate_faces": 3.4400029107928276e-05, "build_adjacency": 0.0002980001736432314, "extract_features": 0.0011070000473409891, "map_labels": 0.000220100162550807, "sanity_checks": 0.0001534000039100647, "total": 0.011419800342991948}}