{"part_id": "2-9-11-12-14-23", "timings_sec": {"read_step": 0.010821699863299727, "enumerate_faces": 2.8799986466765404e-05, "build_adjacency": 0.00041920016519725323, "extract_features": 0.001320800045505166, "map_labels": 0.00021920003928244114, "sanity_checks": 0.0002679000608623028, "total": 0.013077600160613656}}