{"part_id": "2-9-13-14-19", "timings_sec": {"read_step": 0.0077502999920398, "enumerate_faces": 3.120000474154949e-05, "build_adjacency": 0.00026210001669824123, "extract_features": 0.0011270998511463404, "map_labels": 0.0002221998292952776, "sanity_checks": 0.00012199999764561653, "total": 0.009514899691566825}}