{"part_id": "2-9-9-11-12-23", "timings_sec": {"read_step": 0.0113086998462677, "enumerate_faces": 3.460003063082695e-05, "build_adjacency": 0.00045439996756613255, "extract_features": 0.0017419999931007624, "map_labels": 0.00023290002718567848, "sanity_checks": 0.000183899886906147, "total": 0.013956499751657248}}