{"part_id": "2-9-12-12-13-23", "timings_sec": {"read_step": 0.009659499861299992, "enumerate_faces": 3.2700132578611374e-05, "build_adjacency": 0.0003454000689089298, "extract_features": 0.0011803999077528715, "map_labels": 0.00022120005451142788, "sanity_checks": 0.0001439000479876995, "total": 0.011583100073039532}}