{"part_id": "2-9-11-13-19", "timings_sec": {"read_step": 0.008955399971455336, "enumerate_faces": 3.909994848072529e-05, "build_adjacency": 0.00035559991374611855, "extract_features": 0.0011267999652773142, "map_labels": 0.00023330003023147583, "sanity_checks": 0.00014629983343183994, "total": 0.01085649966262281}}