{"part_id": "2-9-11-12-19", "timings_sec": {"read_step": 0.009566100081428885, "enumerate_faces": 3.0199997127056122e-05, "build_adjacency": 0.00033110007643699646, "extract_features": 0.0013760000001639128, "map_labels": 0.00025010015815496445, "sanity_checks": 0.0002717999741435051, "total": 0.01182530028745532}}