{"part_id": "2-9-11-14-14-23", "timings_sec": {"read_step": 0.010628500021994114, "enumerate_faces": 3.619980998337269e-05, "build_adjacency": 0.0003486999776214361, "extract_features": 0.0012837001122534275, "map_labels": 0.00025640008971095085, "sanity_checks": 0.0001962999813258648, "total": 0.012749799992889166}}