{"part_id": "2-9-11-14-19", "timings_sec": {"read_step": 0.009219800122082233, "enumerate_faces": 2.6900088414549828e-05, "build_adjacency": 0.00029930006712675095, "extract_features": 0.001268699998036027, "map_labels": 0.00022709998302161694, "sanity_checks": 0.00014860020019114017, "total": 0.011190400458872318}}