{"part_id": "2-9-9-11-13-23", "timings_sec": {"read_step": 0.010201100027188659, "enumerate_faces": 3.4899916499853134e-05, "build_adjacency": 0.0003464999608695507, "extract_features": 0.0016292000655084848, "map_labels": 0.00023710005916655064, "sanity_checks": 0.0001650999765843153, "total": 0.012613900005817413}}