{"part_id": "2-9-10-12-19", "timings_sec": {"read_step": 0.012969200033694506, "enumerate_faces": 4.569999873638153e-05, "build_adjacency": 0.0004624000284820795, "extract_features": 0.0017268999945372343, "map_labels": 0.00032519991509616375, "sanity_checks": 0.00024119997397065163, "total": 0.015770599944517016}}