{"part_id": "2-9-9-12-19", "timings_sec": {"read_step": 0.01193409995175898, "enumerate_faces": 3.939983434975147e-05, "build_adjacency": 0.00030220020562410355, "extract_features": 0.001092399936169386, "map_labels": 0.0002541998401284218, "sanity_checks": 0.0001501000951975584, "total": 0.013772399863228202}}