{"part_id": "2-9-9-10-12-23", "timings_sec": {"read_step": 0.01032260013744235, "enumerate_faces": 2.7899863198399544e-05, "build_adjacency": 0.00032739993184804916, "extract_features": 0.0016173000913113356, "map_labels": 0.0002725000958889723, "sanity_checks": 0.00018499977886676788, "total": 0.012752699898555875}}