{"part_id": "2-9-10-11-11-23", "timings_sec": {"read_step": 0.016453600022941828, "enumerate_faces": 4.239985719323158e-05, "build_adjacency": 0.0006219001952558756, "extract_features": 0.0022520001512020826, "map_labels": 0.00027970015071332455, "sanity_checks": 0.00029910006560385227, "total": 0.019948700442910194}}