{"part_id": "2-9-9-10-11-23", "timings_sec": {"read_step": 0.018352000042796135, "enumerate_faces": 4.4899992644786835e-05, "build_adjacency": 0.0005814000032842159, "extract_features": 0.0023247001226991415, "map_labels": 0.00027680001221597195, "sanity_checks": 0.00018739979714155197, "total": 0.021767199970781803}}