{"part_id": "2-9-9-13-13-23", "timings_sec": {"read_step": 0.014168799854815006, "enumerate_faces": 5.1900045946240425e-05, "build_adjacency": 0.000471699982881546, "extract_features": 0.0024180999025702477, "map_labels": 0.00035939994268119335, "sanity_checks": 0.0002584001049399376, "total": 0.01772829983383417}}