{"part_id": "2-9-11-11-14-23", "timings_sec": {"read_step": 0.01727570011280477, "enumerate_faces": 4.970002919435501e-05, "build_adjacency": 0.0006246000993996859, "extract_features": 0.002231399994343519, "map_labels": 0.00031589996069669724, "sanity_checks": 0.0002864000853151083, "total": 0.020783700281754136}}