{"part_id": "3-10-11-11-13-23", "timings_sec": {"read_step": 0.013054100098088384, "enumerate_faces": 3.329990431666374e-05, "build_adjacency": 0.0004903001245111227, "extract_features": 0.0016520998906344175, "map_labels": 0.0003404999151825905, "sanity_checks": 0.0002031000331044197, "total": 0.015773399965837598}}