{"part_id": "3-10-14-14-19", "timings_sec": {"read_step": 0.00892189983278513, "enumerate_faces": 2.2600172087550163e-05, "build_adjacency": 0.0002929000183939934, "extract_features": 0.0010645999573171139, "map_labels": 0.00018189987167716026, "sanity_checks": 0.0001385000068694353, "total": 0.010622399859130383}}