{"part_id": "3-10-12-13-14-23", "timings_sec": {"read_step": 0.016864800127223134, "enumerate_faces": 4.449998959898949e-05, "build_adjacency": 0.0006198999471962452, "extract_features": 0.0021497998386621475, "map_labels": 0.0002865998540073633, "sanity_checks": 0.0002921000123023987, "total": 0.020257699768990278}}