{"part_id": "3-10-10-11-12-23", "timings_sec": {"read_step": 0.02019399986602366, "enumerate_faces": 3.9999838918447495e-05, "build_adjacency": 0.0004979001823812723, "extract_features": 0.002311199903488159, "map_labels": 0.0002809001598507166, "sanity_checks": 0.0002864000853151083, "total": 0.023610400035977364}}