{"part_id": "3-10-11-12-13-23", "timings_sec": {"read_step": 0.011776699917390943, "enumerate_faces": 2.9700109735131264e-05, "build_adjacency": 0.0005137000698596239, "extract_features": 0.001553199952468276, "map_labels": 0.0002670001704245806, "sanity_checks": 0.0001946999691426754, "total": 0.01433500018902123}}