{"part_id": "3-10-12-14-19", "timings_sec": {"read_step": 0.013300499878823757, "enumerate_faces": 4.2400090023875237e-05, "build_adjacency": 0.0005087000317871571, "extract_features": 0.00181459984742105, "map_labels": 0.0002576999831944704, "sanity_checks": 0.00023739994503557682, "total": 0.016161299776285887}}