{"part_id": "3-10-13-14-19", "timings_sec": {"read_step": 0.008515900000929832, "enumerate_faces": 2.95999925583601e-05, "build_adjacency": 0.0002894999925047159, "extract_features": 0.0010776000563055277, "map_labels": 0.00020530004985630512, "sanity_checks": 0.0001354999840259552, "total": 0.010253400076180696}}