{"part_id": "3-10-10-10-11-23", "timings_sec": {"read_step": 0.019271799828857183, "enumerate_faces": 4.269997589290142e-05, "build_adjacency": 0.0006608001422137022, "extract_features": 0.0024359000381082296, "map_labels": 0.0002962001599371433, "sanity_checks": 0.0003233000170439482, "total": 0.023030700162053108}}