{"part_id": "3-10-14-14-14-23", "timings_sec": {"read_step": 0.009731599828228354, "enumerate_faces": 2.1399930119514465e-05, "build_adjacency": 0.0003888998180627823, "extract_features": 0.001275199931114912, "map_labels": 0.00022540008649230003, "sanity_checks": 0.0001580999232828617, "total": 0.011800599517300725}}