{"part_id": "3-10-10-11-19", "timings_sec": {"read_step": 0.011463999981060624, "enumerate_faces": 3.5700155422091484e-05, "build_adjacency": 0.00035910005681216717, "extract_features": 0.0013872000854462385, "map_labels": 0.0002712998539209366, "sanity_checks": 0.00022199982777237892, "total": 0.013739299960434437}}