{"part_id": "3-10-10-13-13-23", "timings_sec": {"read_step": 0.01036489987745881, "enumerate_faces": 3.720005042850971e-05, "build_adjacency": 0.00034769997000694275, "extract_features": 0.0014998998958617449, "map_labels": 0.0002247001975774765, "sanity_checks": 0.00016699987463653088, "total": 0.012641399865970016}}