{"part_id": "3-10-11-12-14-23", "timings_sec": {"read_step": 0.01237279991619289, "enumerate_faces": 3.0099879950284958e-05, "build_adjacency": 0.00040449993684887886, "extract_features": 0.0015990999527275562, "map_labels": 0.00022959988564252853, "sanity_checks": 0.0002009999006986618, "total": 0.0148370994720608}}