{"part_id": "3-10-10-11-11-23", "timings_sec": {"read_step": 0.021663400111719966, "enumerate_faces": 4.449998959898949e-05, "build_adjacency": 0.0006770999170839787, "extract_features": 0.002533300081267953, "map_labels": 0.00028540007770061493, "sanity_checks": 0.00033719977363944054, "total": 0.025540899951010942}}