{"part_id": "3-10-10-10-12-23", "timings_sec": {"read_step": 0.01884160004556179, "enumerate_faces": 4.5999884605407715e-05, "build_adjacency": 0.0006038998253643513, "extract_features": 0.0021782999392598867, "map_labels": 0.0002874999772757292, "sanity_checks": 0.00028939987532794476, "total": 0.02224669954739511}}