{"part_id": "3-11-12-13-13-23", "timings_sec": {"read_step": 0.01873070001602173, "enumerate_faces": 4.529999569058418e-05, "build_adjacency": 0.0006415999960154295, "extract_features": 0.0022892002016305923, "map_labels": 0.000313800061121583, "sanity_checks": 0.00031519983895123005, "total": 0.022335800109431148}}