{"part_id": "3-11-12-12-14-23", "timings_sec": {"read_step": 0.012071500066667795, "enumerate_faces": 3.709993325173855e-05, "build_adjacency": 0.0006604001391679049, "extract_features": 0.0018076999112963676, "map_labels": 0.00024370010942220688, "sanity_checks": 0.00018649990670382977, "total": 0.015006900066509843}}