{"part_id": "3-11-12-12-13-23", "timings_sec": {"read_step": 0.01196100004017353, "enumerate_faces": 3.0299881473183632e-05, "build_adjacency": 0.0003845000173896551, "extract_features": 0.001568299951031804, "map_labels": 0.0002850999590009451, "sanity_checks": 0.00026030000299215317, "total": 0.014489499852061272}}