{"part_id": "3-11-11-11-14-23", "timings_sec": {"read_step": 0.014356500003486872, "enumerate_faces": 3.550015389919281e-05, "build_adjacency": 0.00047399988397955894, "extract_features": 0.0017307999078184366, "map_labels": 0.0002402001991868019, "sanity_checks": 0.00022249994799494743, "total": 0.01705950009636581}}