{"part_id": "3-11-11-13-13-23", "timings_sec": {"read_step": 0.011997999856248498, "enumerate_faces": 3.550015389919281e-05, "build_adjacency": 0.00038659991696476936, "extract_features": 0.0014374000020325184, "map_labels": 0.0002218999434262514, "sanity_checks": 0.00019990000873804092, "total": 0.01427929988130927}}