{"part_id": "3-11-13-14-14-23", "timings_sec": {"read_step": 0.010900399880483747, "enumerate_faces": 3.529991954565048e-05, "build_adjacency": 0.0003966998774558306, "extract_features": 0.0012946000788360834, "map_labels": 0.0003127001691609621, "sanity_checks": 0.00018310011364519596, "total": 0.013122800039127469}}