{"part_id": "3-11-12-13-19", "timings_sec": {"read_step": 0.010128999827429652, "enumerate_faces": 3.660004585981369e-05, "build_adjacency": 0.0003509002272039652, "extract_features": 0.001271100016310811, "map_labels": 0.0002388001885265112, "sanity_checks": 0.0001556000206619501, "total": 0.012182000325992703}}