{"part_id": "3-11-11-11-13-23", "timings_sec": {"read_step": 0.013507700059562922, "enumerate_faces": 3.4400029107928276e-05, "build_adjacency": 0.0004716000985354185, "extract_features": 0.0017324998043477535, "map_labels": 0.0002367000561207533, "sanity_checks": 0.0002150998916476965, "total": 0.01619799993932247}}