{"part_id": "3-11-13-13-19", "timings_sec": {"read_step": 0.008803699864074588, "enumerate_faces": 2.8299866244196892e-05, "build_adjacency": 0.0002959000412374735, "extract_features": 0.0011284002102911472, "map_labels": 0.00020330003462731838, "sanity_checks": 0.00013729999773204327, "total": 0.010596900014206767}}