{"part_id": "3-11-12-14-19", "timings_sec": {"read_step": 0.010573099832981825, "enumerate_faces": 3.7800054997205734e-05, "build_adjacency": 0.000448400154709816, "extract_features": 0.0016517001204192638, "map_labels": 0.0002492999192327261, "sanity_checks": 0.00021650013513863087, "total": 0.013176800217479467}}