{"part_id": "3-11-11-13-19", "timings_sec": {"read_step": 0.010868199868127704, "enumerate_faces": 2.8999987989664078e-05, "build_adjacency": 0.00036559998989105225, "extract_features": 0.0014691001269966364, "map_labels": 0.00021460000425577164, "sanity_checks": 0.00018450012430548668, "total": 0.013131000101566315}}