{"part_id": "3-11-11-11-11-23", "timings_sec": {"read_step": 0.014613799983635545, "enumerate_faces": 3.4700147807598114e-05, "build_adjacency": 0.0007106999401003122, "extract_features": 0.001975300023332238, "map_labels": 0.00024880003184080124, "sanity_checks": 0.0002405000850558281, "total": 0.017823800211772323}}