{"part_id": "3-11-14-14-19", "timings_sec": {"read_step": 0.012498800177127123, "enumerate_faces": 3.5300152376294136e-05, "build_adjacency": 0.00034699984826147556, "extract_features": 0.0012338999658823013, "map_labels": 0.0002372001763433218, "sanity_checks": 0.00015219999477267265, "total": 0.014504400314763188}}