{"part_id": "3-11-12-13-14-23", "timings_sec": {"read_step": 0.013583100168034434, "enumerate_faces": 3.5499921068549156e-05, "build_adjacency": 0.0005151999648660421, "extract_features": 0.0013852000702172518, "map_labels": 0.00023829983547329903, "sanity_checks": 0.00017099990509450436, "total": 0.01592829986475408}}