{"part_id": "3-12-19", "timings_sec": {"read_step": 0.008037199964746833, "enumerate_faces": 4.339986480772495e-05, "build_adjacency": 0.0003667999990284443, "extract_features": 0.0008762998040765524, "map_labels": 0.00024259998463094234, "sanity_checks": 0.00010459986515343189, "total": 0.009670899482443929}}