{"part_id": "3-12-13-13-19", "timings_sec": {"read_step": 0.008434399962425232, "enumerate_faces": 3.8800062611699104e-05, "build_adjacency": 0.0002843998372554779, "extract_features": 0.001422500004991889, "map_labels": 0.00024610012769699097, "sanity_checks": 0.00016489997506141663, "total": 0.010591099970042706}}