{"part_id": "3-12-13-14-19", "timings_sec": {"read_step": 0.010968999937176704, "enumerate_faces": 4.730001091957092e-05, "build_adjacency": 0.0005500998813658953, "extract_features": 0.0015337998047471046, "map_labels": 0.00024030008353292942, "sanity_checks": 0.00015159999020397663, "total": 0.013492099707946181}}