{"part_id": "3-12-12-13-14-23", "timings_sec": {"read_step": 0.010380399879068136, "enumerate_faces": 3.66999302059412e-05, "build_adjacency": 0.00036179996095597744, "extract_features": 0.0013915000017732382, "map_labels": 0.00024250010028481483, "sanity_checks": 0.0001556000206619501, "total": 0.012568499892950058}}