{"part_id": "3-12-13-14-14-23", "timings_sec": {"read_step": 0.012300699949264526, "enumerate_faces": 4.1800085455179214e-05, "build_adjacency": 0.00043789995834231377, "extract_features": 0.0013933000154793262, "map_labels": 0.00026270002126693726, "sanity_checks": 0.00023540016263723373, "total": 0.014671800192445517}}