{"part_id": "3-12-12-13-19", "timings_sec": {"read_step": 0.008939499966800213, "enumerate_faces": 2.8399983420968056e-05, "build_adjacency": 0.00037509994581341743, "extract_features": 0.0012086001224815845, "map_labels": 0.0002392998430877924, "sanity_checks": 0.00013980013318359852, "total": 0.010930699994787574}}