{"part_id": "3-13-13-13-19", "timings_sec": {"read_step": 0.007717299973592162, "enumerate_faces": 3.5400036722421646e-05, "build_adjacency": 0.00026420014910399914, "extract_features": 0.0010791998356580734, "map_labels": 0.0002266999799758196, "sanity_checks": 0.00011770008131861687, "total": 0.009440500056371093}}