{"part_id": "3-13-13-14-14-23", "timings_sec": {"read_step": 0.01064730016514659, "enumerate_faces": 3.750016912817955e-05, "build_adjacency": 0.00032459991052746773, "extract_features": 0.0012770001776516438, "map_labels": 0.00021949992515146732, "sanity_checks": 0.00013899989426136017, "total": 0.012644900241866708}}