{"part_id": "3-13-14-14-14-23", "timings_sec": {"read_step": 0.009375300025567412, "enumerate_faces": 3.529991954565048e-05, "build_adjacency": 0.000328300055116415, "extract_features": 0.0011626000050455332, "map_labels": 0.00022799987345933914, "sanity_checks": 0.00014279992319643497, "total": 0.011272299801930785}}