{"part_id": "3-13-13-13-14-23", "timings_sec": {"read_step": 0.010313200065866113, "enumerate_faces": 3.829994238913059e-05, "build_adjacency": 0.00030869990587234497, "extract_features": 0.001048099948093295, "map_labels": 0.00033439998514950275, "sanity_checks": 0.0002408998552709818, "total": 0.012283599702641368}}