{"part_id": "3-13-14-14-19", "timings_sec": {"read_step": 0.008171299938112497, "enumerate_faces": 3.410014323890209e-05, "build_adjacency": 0.0002832000609487295, "extract_features": 0.0011338000185787678, "map_labels": 0.00024640001356601715, "sanity_checks": 0.00013029994443058968, "total": 0.009999100118875504}}