{"part_id": "3-3-8-9-11-23", "timings_sec": {"read_step": 0.01250179996713996, "enumerate_faces": 3.0499882996082306e-05, "build_adjacency": 0.00039590010419487953, "extract_features": 0.0014810999855399132, "map_labels": 0.00021290010772645473, "sanity_checks": 0.00031550019048154354, "total": 0.014937700238078833}}