{"part_id": "3-3-4-9-10-23", "timings_sec": {"read_step": 0.014907200122252107, "enumerate_faces": 3.690016455948353e-05, "build_adjacency": 0.0005727999377995729, "extract_features": 0.0023360000923275948, "map_labels": 0.0002397999633103609, "sanity_checks": 0.00020960019901394844, "total": 0.018302300479263067}}