{"part_id": "3-3-3-5-14-23", "timings_sec": {"read_step": 0.014249700121581554, "enumerate_faces": 4.069996066391468e-05, "build_adjacency": 0.0005829001311212778, "extract_features": 0.0016095999162644148, "map_labels": 0.00024500000290572643, "sanity_checks": 0.00018880004063248634, "total": 0.016916700173169374}}