{"part_id": "3-3-8-10-12-23", "timings_sec": {"read_step": 0.011587100103497505, "enumerate_faces": 3.150012344121933e-05, "build_adjacency": 0.00038670003414154053, "extract_features": 0.0015248998533934355, "map_labels": 0.00023110001347959042, "sanity_checks": 0.00018480001017451286, "total": 0.013946100138127804}}