{"part_id": "3-3-6-8-12-23", "timings_sec": {"read_step": 0.015076600015163422, "enumerate_faces": 4.000007174909115e-05, "build_adjacency": 0.00044419988989830017, "extract_features": 0.0019099998753517866, "map_labels": 0.0003124999348074198, "sanity_checks": 0.00025919987820088863, "total": 0.018042499665170908}}