{"part_id": "3-3-7-10-19", "timings_sec": {"read_step": 0.013121400028467178, "enumerate_faces": 2.5999965146183968e-05, "build_adjacency": 0.00043530017137527466, "extract_features": 0.0015807000454515219, "map_labels": 0.00020450004376471043, "sanity_checks": 0.00018950016237795353, "total": 0.015557400416582823}}