{"part_id": "3-3-3-7-11-23", "timings_sec": {"read_step": 0.016494999872520566, "enumerate_faces": 5.150004290044308e-05, "build_adjacency": 0.0006683999672532082, "extract_features": 0.0022791000083088875, "map_labels": 0.00026139989495277405, "sanity_checks": 0.0002058998215943575, "total": 0.019961299607530236}}