{"part_id": "3-3-9-9-10-23", "timings_sec": {"read_step": 0.011873999843373895, "enumerate_faces": 3.1400006264448166e-05, "build_adjacency": 0.0003929000813513994, "extract_features": 0.0015857000835239887, "map_labels": 0.00022040004841983318, "sanity_checks": 0.00018449989147484303, "total": 0.014288899954408407}}