{"part_id": "3-3-7-12-12-23", "timings_sec": {"read_step": 0.012349100084975362, "enumerate_faces": 3.309990279376507e-05, "build_adjacency": 0.0005141000729054213, "extract_features": 0.001408600015565753, "map_labels": 0.00022030016407370567, "sanity_checks": 0.0001759000588208437, "total": 0.01470110029913485}}