{"part_id": "3-3-7-7-11-23", "timings_sec": {"read_step": 0.019212900195270777, "enumerate_faces": 4.329998046159744e-05, "build_adjacency": 0.0009154998697340488, "extract_features": 0.002573200035840273, "map_labels": 0.00022789998911321163, "sanity_checks": 0.00022169994190335274, "total": 0.02319450001232326}}