{"part_id": "3-3-6-10-11-23", "timings_sec": {"read_step": 0.012047199998050928, "enumerate_faces": 2.7700094506144524e-05, "build_adjacency": 0.00040179979987442493, "extract_features": 0.0014903000555932522, "map_labels": 0.00021139997988939285, "sanity_checks": 0.00018909992650151253, "total": 0.014367499854415655}}