{"part_id": "3-3-12-14-14-23", "timings_sec": {"read_step": 0.021085800137370825, "enumerate_faces": 4.910002462565899e-05, "build_adjacency": 0.0008453999180346727, "extract_features": 0.00301240012049675, "map_labels": 0.00027840002439916134, "sanity_checks": 0.00021709990687668324, "total": 0.02548820013180375}}