{"part_id": "3-3-9-9-11-23", "timings_sec": {"read_step": 0.012549000093713403, "enumerate_faces": 3.0300114303827286e-05, "build_adjacency": 0.0005316000897437334, "extract_features": 0.0015389001928269863, "map_labels": 0.0002571998629719019, "sanity_checks": 0.00020130001939833164, "total": 0.015108300372958183}}