{"part_id": "3-3-9-12-13-23", "timings_sec": {"read_step": 0.010736000025644898, "enumerate_faces": 2.5300076231360435e-05, "build_adjacency": 0.0003666998818516731, "extract_features": 0.0013884000945836306, "map_labels": 0.00020910007879137993, "sanity_checks": 0.00017220014706254005, "total": 0.012897700304165483}}