{"part_id": "3-3-8-11-13-23", "timings_sec": {"read_step": 0.012129000155255198, "enumerate_faces": 3.20998951792717e-05, "build_adjacency": 0.00037720007821917534, "extract_features": 0.0015981998294591904, "map_labels": 0.00022179982624948025, "sanity_checks": 0.0001751999370753765, "total": 0.014533499721437693}}