{"part_id": "3-3-5-11-19", "timings_sec": {"read_step": 0.012626299867406487, "enumerate_faces": 3.6499928683042526e-05, "build_adjacency": 0.0004400999750941992, "extract_features": 0.0016546999104321003, "map_labels": 0.00022840010933578014, "sanity_checks": 0.00017699995078146458, "total": 0.015162999741733074}}