{"part_id": "3-3-3-6-14-23", "timings_sec": {"read_step": 0.015504899900406599, "enumerate_faces": 3.720005042850971e-05, "build_adjacency": 0.0007231999188661575, "extract_features": 0.0025444000493735075, "map_labels": 0.00032659992575645447, "sanity_checks": 0.00031839986331760883, "total": 0.019454699708148837}}