{"part_id": "3-3-4-7-14-23", "timings_sec": {"read_step": 0.011437400011345744, "enumerate_faces": 3.220001235604286e-05, "build_adjacency": 0.00037949997931718826, "extract_features": 0.0013263998553156853, "map_labels": 0.0002275998704135418, "sanity_checks": 0.00016169995069503784, "total": 0.01356479967944324}}