{"part_id": "3-3-8-12-13-23", "timings_sec": {"read_step": 0.010899599874392152, "enumerate_faces": 3.120000474154949e-05, "build_adjacency": 0.00036619999445974827, "extract_features": 0.0014221000019460917, "map_labels": 0.0002085000742226839, "sanity_checks": 0.00016220007091760635, "total": 0.013089800020679832}}