{"part_id": "3-3-9-9-19", "timings_sec": {"read_step": 0.010187599807977676, "enumerate_faces": 3.0800001695752144e-05, "build_adjacency": 0.0003323000855743885, "extract_features": 0.001439299900084734, "map_labels": 0.00021580001339316368, "sanity_checks": 0.00016660010442137718, "total": 0.012372399913147092}}