{"part_id": "3-3-8-11-11-23", "timings_sec": {"read_step": 0.017594699980691075, "enumerate_faces": 3.2700132578611374e-05, "build_adjacency": 0.0005586999468505383, "extract_features": 0.002454400062561035, "map_labels": 0.00022689998149871826, "sanity_checks": 0.00027540000155568123, "total": 0.02114280010573566}}