{"part_id": "3-3-6-8-11-23", "timings_sec": {"read_step": 0.01687519997358322, "enumerate_faces": 3.7499936297535896e-05, "build_adjacency": 0.0005248000379651785, "extract_features": 0.0021881998982280493, "map_labels": 0.00023840018548071384, "sanity_checks": 0.00020210002548992634, "total": 0.020066200057044625}}