{"part_id": "3-3-8-9-14-23", "timings_sec": {"read_step": 0.010660700034350157, "enumerate_faces": 2.859998494386673e-05, "build_adjacency": 0.00035799993202090263, "extract_features": 0.0017820000648498535, "map_labels": 0.00024560000747442245, "sanity_checks": 0.00018509989604353905, "total": 0.013259999919682741}}