{"part_id": "3-3-5-13-14-23", "timings_sec": {"read_step": 0.020932700019329786, "enumerate_faces": 5.21000474691391e-05, "build_adjacency": 0.0007412000559270382, "extract_features": 0.0017523998394608498, "map_labels": 0.00025969999842345715, "sanity_checks": 0.00019599986262619495, "total": 0.023934099823236465}}