{"part_id": "3-3-6-6-13-23", "timings_sec": {"read_step": 0.010774499969556928, "enumerate_faces": 3.0100112780928612e-05, "build_adjacency": 0.0003260001540184021, "extract_features": 0.0014129998162388802, "map_labels": 0.0002101000864058733, "sanity_checks": 0.00014730007387697697, "total": 0.012901000212877989}}