{"part_id": "3-3-4-8-10-23", "timings_sec": {"read_step": 0.010348800104111433, "enumerate_faces": 2.5899847969412804e-05, "build_adjacency": 0.0003545999061316252, "extract_features": 0.0012699998915195465, "map_labels": 0.0001859001349657774, "sanity_checks": 0.0001697998959571123, "total": 0.012354999780654907}}