{"part_id": "3-3-8-10-19", "timings_sec": {"read_step": 0.0122231999412179, "enumerate_faces": 3.329990431666374e-05, "build_adjacency": 0.0004054000601172447, "extract_features": 0.001606200123205781, "map_labels": 0.0002250999677926302, "sanity_checks": 0.00017380015924572945, "total": 0.014667000155895948}}