{"part_id": "3-3-3-10-13-23", "timings_sec": {"read_step": 0.027214299887418747, "enumerate_faces": 3.979983739554882e-05, "build_adjacency": 0.0006579000037163496, "extract_features": 0.0022048000246286392, "map_labels": 0.0002628001384437084, "sanity_checks": 0.0002630001399666071, "total": 0.0306426000315696}}