{"part_id": "3-3-8-14-19", "timings_sec": {"read_step": 0.009044599952176213, "enumerate_faces": 2.2600172087550163e-05, "build_adjacency": 0.00030090007930994034, "extract_features": 0.0011941001284867525, "map_labels": 0.00024099997244775295, "sanity_checks": 0.00020650005899369717, "total": 0.011009700363501906}}