{"part_id": "3-3-6-11-14-23", "timings_sec": {"read_step": 0.011942200129851699, "enumerate_faces": 4.369998350739479e-05, "build_adjacency": 0.0005765000823885202, "extract_features": 0.001932299928739667, "map_labels": 0.0002748998813331127, "sanity_checks": 0.0003198999911546707, "total": 0.015089499996975064}}