{"part_id": "3-3-8-10-10-23", "timings_sec": {"read_step": 0.013574699871242046, "enumerate_faces": 3.220001235604286e-05, "build_adjacency": 0.0004428001120686531, "extract_features": 0.001573899993672967, "map_labels": 0.00022460008040070534, "sanity_checks": 0.00020250002853572369, "total": 0.01605070009827614}}