{"part_id": "3-3-5-7-12-23", "timings_sec": {"read_step": 0.01339820004068315, "enumerate_faces": 2.9299873858690262e-05, "build_adjacency": 0.00046300003305077553, "extract_features": 0.0016153000760823488, "map_labels": 0.0002234000712633133, "sanity_checks": 0.00019519985653460026, "total": 0.01592439995147288}}