{"part_id": "3-3-9-14-14-23", "timings_sec": {"read_step": 0.013029799796640873, "enumerate_faces": 5.13000413775444e-05, "build_adjacency": 0.0006393999792635441, "extract_features": 0.0026493999175727367, "map_labels": 0.00026780017651617527, "sanity_checks": 0.00031420006416738033, "total": 0.016951899975538254}}