{"part_id": "3-3-4-9-11-23", "timings_sec": {"read_step": 0.014371800003573298, "enumerate_faces": 3.700004890561104e-05, "build_adjacency": 0.0004687998443841934, "extract_features": 0.0018164999783039093, "map_labels": 0.00024399999529123306, "sanity_checks": 0.0002039000391960144, "total": 0.01714199990965426}}