{"part_id": "3-3-4-11-19", "timings_sec": {"read_step": 0.011125799966976047, "enumerate_faces": 3.0800001695752144e-05, "build_adjacency": 0.00043320003896951675, "extract_features": 0.0013838999439030886, "map_labels": 0.00026350002735853195, "sanity_checks": 0.00017959997057914734, "total": 0.013416799949482083}}