{"part_id": "3-3-10-10-10-23", "timings_sec": {"read_step": 0.012696199817582965, "enumerate_faces": 3.639981150627136e-05, "build_adjacency": 0.0004171000327914953, "extract_features": 0.001527799991890788, "map_labels": 0.00023279991000890732, "sanity_checks": 0.00019409996457397938, "total": 0.015104399528354406}}