{"part_id": "3-3-10-10-12-23", "timings_sec": {"read_step": 0.014886300079524517, "enumerate_faces": 3.650016151368618e-05, "build_adjacency": 0.0005325998645275831, "extract_features": 0.0021816000808030367, "map_labels": 0.0002470000181347132, "sanity_checks": 0.00019039981998503208, "total": 0.01807440002448857}}