{"part_id": "3-3-3-4-14-23", "timings_sec": {"read_step": 0.02117490000091493, "enumerate_faces": 3.8499943912029266e-05, "build_adjacency": 0.0006069999653846025, "extract_features": 0.0021528000943362713, "map_labels": 0.0002443001139909029, "sanity_checks": 0.00023150001652538776, "total": 0.024449000135064125}}