{"part_id": "3-3-4-10-14-23", "timings_sec": {"read_step": 0.01419700006954372, "enumerate_faces": 3.700004890561104e-05, "build_adjacency": 0.0003955001011490822, "extract_features": 0.001524799969047308, "map_labels": 0.00031749997287988663, "sanity_checks": 0.00018110009841620922, "total": 0.016652900259941816}}