{"part_id": "3-3-3-5-6-23", "timings_sec": {"read_step": 0.018637399887666106, "enumerate_faces": 3.909994848072529e-05, "build_adjacency": 0.0006521001923829317, "extract_features": 0.002278900006785989, "map_labels": 0.0002551001962274313, "sanity_checks": 0.00023530004546046257, "total": 0.022097900277003646}}