{"part_id": "3-3-5-7-9-23", "timings_sec": {"read_step": 0.014405899913981557, "enumerate_faces": 3.4899916499853134e-05, "build_adjacency": 0.0004822998307645321, "extract_features": 0.0020653000101447105, "map_labels": 0.00027980003505945206, "sanity_checks": 0.0002123001031577587, "total": 0.017480499809607863}}