{"part_id": "3-3-10-13-14-23", "timings_sec": {"read_step": 0.019464800134301186, "enumerate_faces": 4.5900000259280205e-05, "build_adjacency": 0.0006757001392543316, "extract_features": 0.0024782000109553337, "map_labels": 0.0003030998632311821, "sanity_checks": 0.0002999999560415745, "total": 0.023267700104042888}}