{"part_id": "3-3-4-5-12-23", "timings_sec": {"read_step": 0.014905699994415045, "enumerate_faces": 3.7800054997205734e-05, "build_adjacency": 0.0004993998445570469, "extract_features": 0.0019270998891443014, "map_labels": 0.0002389000728726387, "sanity_checks": 0.00020910007879137993, "total": 0.017817999934777617}}