{"part_id": "3-3-14-14-19", "timings_sec": {"read_step": 0.022981199901551008, "enumerate_faces": 4.4999876990914345e-05, "build_adjacency": 0.0006800000555813313, "extract_features": 0.0027571998070925474, "map_labels": 0.000332399969920516, "sanity_checks": 0.000332399969920516, "total": 0.027128199581056833}}