{"part_id": "3-3-3-4-4-23", "timings_sec": {"read_step": 0.014779300196096301, "enumerate_faces": 6.360001862049103e-05, "build_adjacency": 0.0005602999590337276, "extract_features": 0.0018816001247614622, "map_labels": 0.00026459991931915283, "sanity_checks": 0.0001970999874174595, "total": 0.017746500205248594}}