{"part_id": "3-3-4-4-5-23", "timings_sec": {"read_step": 0.014001399977132678, "enumerate_faces": 3.520003519952297e-05, "build_adjacency": 0.0005310999695211649, "extract_features": 0.0016608000732958317, "map_labels": 0.0002686998341232538, "sanity_checks": 0.00019589997828006744, "total": 0.01669309986755252}}