{"part_id": "3-3-4-12-19", "timings_sec": {"read_step": 0.010839400114491582, "enumerate_faces": 3.450014628469944e-05, "build_adjacency": 0.00043649994768202305, "extract_features": 0.00133019988425076, "map_labels": 0.0002351999282836914, "sanity_checks": 0.00016380008310079575, "total": 0.013039600104093552}}