{"part_id": "3-3-4-12-13-23", "timings_sec": {"read_step": 0.011236299993470311, "enumerate_faces": 3.42000275850296e-05, "build_adjacency": 0.0003792000934481621, "extract_features": 0.0013621000107377768, "map_labels": 0.0002250999677926302, "sanity_checks": 0.0001645998563617468, "total": 0.013401499949395657}}