{"part_id": "3-3-11-11-19", "timings_sec": {"read_step": 0.015065399929881096, "enumerate_faces": 3.609992563724518e-05, "build_adjacency": 0.00048470008186995983, "extract_features": 0.0018843999132514, "map_labels": 0.00024630012921988964, "sanity_checks": 0.00022320006974041462, "total": 0.017940100049600005}}