{"part_id": "3-3-7-8-11-23", "timings_sec": {"read_step": 0.01136850006878376, "enumerate_faces": 2.1399930119514465e-05, "build_adjacency": 0.0003729001618921757, "extract_features": 0.0015066999476402998, "map_labels": 0.00020560016855597496, "sanity_checks": 0.00017889984883368015, "total": 0.013654000125825405}}