{"part_id": "3-3-5-8-19", "timings_sec": {"read_step": 0.01077269995585084, "enumerate_faces": 4.200008697807789e-05, "build_adjacency": 0.0003381997812539339, "extract_features": 0.0011847000569105148, "map_labels": 0.000274099875241518, "sanity_checks": 0.00026030000299215317, "total": 0.012871999759227037}}