{"part_id": "3-3-4-7-11-23", "timings_sec": {"read_step": 0.015306100016459823, "enumerate_faces": 4.1999854147434235e-05, "build_adjacency": 0.00042539997957646847, "extract_features": 0.0015895001124590635, "map_labels": 0.00027379998937249184, "sanity_checks": 0.00019669998437166214, "total": 0.017833499936386943}}