{"part_id": "3-3-12-14-19", "timings_sec": {"read_step": 0.012646500021219254, "enumerate_faces": 5.050003528594971e-05, "build_adjacency": 0.000534099992364645, "extract_features": 0.001871699932962656, "map_labels": 0.0002935000229626894, "sanity_checks": 0.00026519992388784885, "total": 0.015661499928683043}}