{"part_id": "3-3-12-13-14-23", "timings_sec": {"read_step": 0.01431649993173778, "enumerate_faces": 3.8499943912029266e-05, "build_adjacency": 0.00037589995190501213, "extract_features": 0.0019082999788224697, "map_labels": 0.0002896001096814871, "sanity_checks": 0.0002617000136524439, "total": 0.017190499929711223}}