{"part_id": "3-3-4-9-13-23", "timings_sec": {"read_step": 0.012808699859306216, "enumerate_faces": 3.4800032153725624e-05, "build_adjacency": 0.0004078999627381563, "extract_features": 0.0014465998392552137, "map_labels": 0.00024399999529123306, "sanity_checks": 0.0001772001851350069, "total": 0.015119199873879552}}