{"part_id": "3-3-9-10-10-23", "timings_sec": {"read_step": 0.01239189994521439, "enumerate_faces": 3.0199997127056122e-05, "build_adjacency": 0.0004029001574963331, "extract_features": 0.0017446998972445726, "map_labels": 0.0002495998051017523, "sanity_checks": 0.0001922999508678913, "total": 0.015011599753051996}}