{"part_id": "3-3-13-14-19", "timings_sec": {"read_step": 0.0175284999422729, "enumerate_faces": 3.660004585981369e-05, "build_adjacency": 0.000435299938544631, "extract_features": 0.0015865000896155834, "map_labels": 0.0003690999001264572, "sanity_checks": 0.00019890000112354755, "total": 0.020154899917542934}}