{"part_id": "3-3-4-4-8-23", "timings_sec": {"read_step": 0.010050700046122074, "enumerate_faces": 2.210005186498165e-05, "build_adjacency": 0.0003340998664498329, "extract_features": 0.0012195000890642405, "map_labels": 0.00018910015933215618, "sanity_checks": 0.00021749990992248058, "total": 0.012033000122755766}}