{"part_id": "3-3-7-14-19", "timings_sec": {"read_step": 0.01058859983459115, "enumerate_faces": 3.3700140193104744e-05, "build_adjacency": 0.0003440000582486391, "extract_features": 0.001191799994558096, "map_labels": 0.0002389999572187662, "sanity_checks": 0.00014810007996857166, "total": 0.012545200064778328}}