{"part_id": "3-3-4-5-10-23", "timings_sec": {"read_step": 0.018410899909213185, "enumerate_faces": 3.7499936297535896e-05, "build_adjacency": 0.0004141000099480152, "extract_features": 0.0014907000586390495, "map_labels": 0.00027210009284317493, "sanity_checks": 0.00020610005594789982, "total": 0.02083140006288886}}