{"part_id": "3-3-10-14-19", "timings_sec": {"read_step": 0.015460000140592456, "enumerate_faces": 3.620004281401634e-05, "build_adjacency": 0.0004990000743418932, "extract_features": 0.001945100026205182, "map_labels": 0.00024330010637640953, "sanity_checks": 0.00020950008183717728, "total": 0.018393100472167134}}