{"part_id": "3-3-10-11-12-23", "timings_sec": {"read_step": 0.01637719990685582, "enumerate_faces": 3.8499943912029266e-05, "build_adjacency": 0.0006655000615864992, "extract_features": 0.0018760999664664268, "map_labels": 0.00023739994503557682, "sanity_checks": 0.00022539985366165638, "total": 0.01942009967751801}}