{"part_id": "3-3-5-5-12-23", "timings_sec": {"read_step": 0.012448399793356657, "enumerate_faces": 3.4400029107928276e-05, "build_adjacency": 0.00041009997949004173, "extract_features": 0.0014657999854534864, "map_labels": 0.0002427001018077135, "sanity_checks": 0.00029159989207983017, "total": 0.014892999781295657}}