{"part_id": "3-3-6-6-9-23", "timings_sec": {"read_step": 0.010797400027513504, "enumerate_faces": 3.3300137147307396e-05, "build_adjacency": 0.0003581000491976738, "extract_features": 0.0012858998961746693, "map_labels": 0.0002242999617010355, "sanity_checks": 0.00016000005416572094, "total": 0.012859000125899911}}