{"part_id": "3-3-4-6-13-23", "timings_sec": {"read_step": 0.010398499900475144, "enumerate_faces": 3.3800024539232254e-05, "build_adjacency": 0.00034600007347762585, "extract_features": 0.001483200117945671, "map_labels": 0.00022719986736774445, "sanity_checks": 0.00016089994460344315, "total": 0.012649599928408861}}