{"part_id": "3-3-5-11-13-23", "timings_sec": {"read_step": 0.013812900055199862, "enumerate_faces": 3.4800032153725624e-05, "build_adjacency": 0.00042189983651041985, "extract_features": 0.0015424001030623913, "map_labels": 0.00023550004698336124, "sanity_checks": 0.00019409996457397938, "total": 0.01624160003848374}}