{"part_id": "3-3-7-8-8-23", "timings_sec": {"read_step": 0.009294799994677305, "enumerate_faces": 2.3700064048171043e-05, "build_adjacency": 0.0002991999499499798, "extract_features": 0.0011056000366806984, "map_labels": 0.00019500008784234524, "sanity_checks": 0.00013910001143813133, "total": 0.011057400144636631}}