{"part_id": "3-3-6-8-8-23", "timings_sec": {"read_step": 0.010492899920791388, "enumerate_faces": 3.729993477463722e-05, "build_adjacency": 0.000340400030836463, "extract_features": 0.0014836001209914684, "map_labels": 0.00027449987828731537, "sanity_checks": 0.0002117999829351902, "total": 0.012840499868616462}}