{"part_id": "3-3-6-6-11-23", "timings_sec": {"read_step": 0.010984299937263131, "enumerate_faces": 3.0800001695752144e-05, "build_adjacency": 0.0004227000754326582, "extract_features": 0.0012761999387294054, "map_labels": 0.00021600001491606236, "sanity_checks": 0.00018869992345571518, "total": 0.013118699891492724}}