{"part_id": "3-3-6-9-9-23", "timings_sec": {"read_step": 0.013430099934339523, "enumerate_faces": 3.169989213347435e-05, "build_adjacency": 0.00048619997687637806, "extract_features": 0.001740999985486269, "map_labels": 0.00022200006060302258, "sanity_checks": 0.00018149986863136292, "total": 0.01609249971807003}}