{"part_id": "3-3-6-7-12-23", "timings_sec": {"read_step": 0.01104829995892942, "enumerate_faces": 2.859998494386673e-05, "build_adjacency": 0.0003587000537663698, "extract_features": 0.0013418002054095268, "map_labels": 0.00021070009097456932, "sanity_checks": 0.00016160006634891033, "total": 0.013149700360372663}}