{"part_id": "3-3-4-9-12-23", "timings_sec": {"read_step": 0.011446200078353286, "enumerate_faces": 3.550015389919281e-05, "build_adjacency": 0.00039490009658038616, "extract_features": 0.0014148000627756119, "map_labels": 0.0002342001534998417, "sanity_checks": 0.00029799994081258774, "total": 0.013823600485920906}}