{"part_id": "3-3-8-8-11-23", "timings_sec": {"read_step": 0.011518700048327446, "enumerate_faces": 3.1300121918320656e-05, "build_adjacency": 0.0003831998910754919, "extract_features": 0.0014003999531269073, "map_labels": 0.00022620009258389473, "sanity_checks": 0.00017550005577504635, "total": 0.013735300162807107}}