{"part_id": "3-3-7-8-13-23", "timings_sec": {"read_step": 0.012020299909636378, "enumerate_faces": 2.500019036233425e-05, "build_adjacency": 0.0004118001088500023, "extract_features": 0.0014366998802870512, "map_labels": 0.00018859980627894402, "sanity_checks": 0.00017359992489218712, "total": 0.014255999820306897}}