{"part_id": "3-3-4-11-11-23", "timings_sec": {"read_step": 0.013992100022733212, "enumerate_faces": 3.509991802275181e-05, "build_adjacency": 0.00048220017924904823, "extract_features": 0.0016895001754164696, "map_labels": 0.00025420007295906544, "sanity_checks": 0.00020779995247721672, "total": 0.016660900320857763}}