{"part_id": "3-3-10-11-11-23", "timings_sec": {"read_step": 0.02034990000538528, "enumerate_faces": 3.8499943912029266e-05, "build_adjacency": 0.00047149998135864735, "extract_features": 0.0020449000876396894, "map_labels": 0.00022909999825060368, "sanity_checks": 0.00023879995569586754, "total": 0.023372699972242117}}