{"part_id": "3-3-3-3-7-23", "timings_sec": {"read_step": 0.01947259996086359, "enumerate_faces": 3.7899939343333244e-05, "build_adjacency": 0.0006165001541376114, "extract_features": 0.002396699972450733, "map_labels": 0.00023999996483325958, "sanity_checks": 0.00026270002126693726, "total": 0.023026400012895465}}