{"part_id": "3-3-5-9-13-23", "timings_sec": {"read_step": 0.011228399816900492, "enumerate_faces": 3.8700178265571594e-05, "build_adjacency": 0.00037249992601573467, "extract_features": 0.0015136001165956259, "map_labels": 0.0002079999540001154, "sanity_checks": 0.00016769999638199806, "total": 0.013528899988159537}}