{"part_id": "3-3-5-14-14-23", "timings_sec": {"read_step": 0.012281500035896897, "enumerate_faces": 3.5800039768218994e-05, "build_adjacency": 0.0004909001290798187, "extract_features": 0.0014438999351114035, "map_labels": 0.00022959988564252853, "sanity_checks": 0.00016940012574195862, "total": 0.014651100151240826}}