{"part_id": "3-3-7-7-12-23", "timings_sec": {"read_step": 0.013119000010192394, "enumerate_faces": 3.650016151368618e-05, "build_adjacency": 0.00040459982119500637, "extract_features": 0.002334799850359559, "map_labels": 0.0002577998675405979, "sanity_checks": 0.00018199998885393143, "total": 0.016334699699655175}}