{"part_id": "3-3-10-11-13-23", "timings_sec": {"read_step": 0.016287700040265918, "enumerate_faces": 3.5899924114346504e-05, "build_adjacency": 0.000519599998369813, "extract_features": 0.0026515000499784946, "map_labels": 0.0003373997751623392, "sanity_checks": 0.0004183999262750149, "total": 0.020250499714165926}}