{"part_id": "3-3-10-10-14-23", "timings_sec": {"read_step": 0.013216200051829219, "enumerate_faces": 3.439979627728462e-05, "build_adjacency": 0.0004094999749213457, "extract_features": 0.001675700070336461, "map_labels": 0.00023779994808137417, "sanity_checks": 0.0001892999280244112, "total": 0.015762899769470096}}