{"part_id": "3-3-6-12-13-23", "timings_sec": {"read_step": 0.010625700000673532, "enumerate_faces": 3.409991040825844e-05, "build_adjacency": 0.0003613000735640526, "extract_features": 0.0015320000238716602, "map_labels": 0.0002498999238014221, "sanity_checks": 0.00015819980762898922, "total": 0.012961199739947915}}