{"part_id": "3-3-5-10-10-23", "timings_sec": {"read_step": 0.017906300025060773, "enumerate_faces": 3.820005804300308e-05, "build_adjacency": 0.00047389999963343143, "extract_features": 0.001673900056630373, "map_labels": 0.00023959996178746223, "sanity_checks": 0.00020399992354214191, "total": 0.020535900024697185}}