{"part_id": "3-3-3-4-19", "timings_sec": {"read_step": 0.014317299937829375, "enumerate_faces": 3.639981150627136e-05, "build_adjacency": 0.00038570002652704716, "extract_features": 0.0014734999276697636, "map_labels": 0.00024919980205595493, "sanity_checks": 0.00016850000247359276, "total": 0.016630599508062005}}