{"part_id": "3-3-10-11-14-23", "timings_sec": {"read_step": 0.01993929990567267, "enumerate_faces": 5.2900053560733795e-05, "build_adjacency": 0.0007644998840987682, "extract_features": 0.0026516998186707497, "map_labels": 0.00030399998649954796, "sanity_checks": 0.0003746999427676201, "total": 0.02408709959127009}}