{"part_id": "3-3-3-6-10-23", "timings_sec": {"read_step": 0.017673299880698323, "enumerate_faces": 3.729993477463722e-05, "build_adjacency": 0.0005615002010017633, "extract_features": 0.0019418001174926758, "map_labels": 0.00026299990713596344, "sanity_checks": 0.00023250002413988113, "total": 0.020709400065243244}}