{"part_id": "3-3-3-9-19", "timings_sec": {"read_step": 0.027126799803227186, "enumerate_faces": 3.800005652010441e-05, "build_adjacency": 0.0009740001987665892, "extract_features": 0.003270499873906374, "map_labels": 0.0002951000351458788, "sanity_checks": 0.00025289994664490223, "total": 0.031957299914211035}}