{"part_id": "3-3-11-12-12-23", "timings_sec": {"read_step": 0.013741699978709221, "enumerate_faces": 4.3999869376420975e-05, "build_adjacency": 0.0007428000681102276, "extract_features": 0.0018702999223023653, "map_labels": 0.0002522000577300787, "sanity_checks": 0.00020340015180408955, "total": 0.016854400048032403}}