{"part_id": "3-3-13-13-13-23", "timings_sec": {"read_step": 0.01341579994186759, "enumerate_faces": 4.540011286735535e-05, "build_adjacency": 0.0005056997761130333, "extract_features": 0.001766500063240528, "map_labels": 0.0003372000064700842, "sanity_checks": 0.00024860003031790257, "total": 0.016319199930876493}}