{"part_id": "3-3-4-9-9-23", "timings_sec": {"read_step": 0.016791700152680278, "enumerate_faces": 3.929995000362396e-05, "build_adjacency": 0.0004048999398946762, "extract_features": 0.0014603999443352222, "map_labels": 0.00023540016263723373, "sanity_checks": 0.00017239991575479507, "total": 0.01910410006530583}}