{"part_id": "3-3-3-10-11-23", "timings_sec": {"read_step": 0.027217600028961897, "enumerate_faces": 5.319993942975998e-05, "build_adjacency": 0.000772800063714385, "extract_features": 0.0025688998866826296, "map_labels": 0.00025589996948838234, "sanity_checks": 0.00024960003793239594, "total": 0.03111799992620945}}