{"part_id": "3-3-6-6-10-23", "timings_sec": {"read_step": 0.01414650003425777, "enumerate_faces": 3.309990279376507e-05, "build_adjacency": 0.00048539997078478336, "extract_features": 0.0019380999729037285, "map_labels": 0.00022879987955093384, "sanity_checks": 0.0001992001198232174, "total": 0.017031099880114198}}