{"part_id": "3-3-5-5-9-23", "timings_sec": {"read_step": 0.014545500045642257, "enumerate_faces": 3.460003063082695e-05, "build_adjacency": 0.00046300003305077553, "extract_features": 0.0017943999264389277, "map_labels": 0.000250800047069788, "sanity_checks": 0.00035799993202090263, "total": 0.017446300014853477}}