{"part_id": "3-3-3-12-14-23", "timings_sec": {"read_step": 0.021599699975922704, "enumerate_faces": 4.920014180243015e-05, "build_adjacency": 0.0009579998441040516, "extract_features": 0.0026971001643687487, "map_labels": 0.000251400051638484, "sanity_checks": 0.0002544000744819641, "total": 0.025809800252318382}}