{"part_id": "3-3-6-10-10-23", "timings_sec": {"read_step": 0.011154099833220243, "enumerate_faces": 2.5399960577487946e-05, "build_adjacency": 0.00036940001882612705, "extract_features": 0.0013828999362885952, "map_labels": 0.00019829999655485153, "sanity_checks": 0.0001759000588208437, "total": 0.013305999804288149}}