{"part_id": "3-3-7-13-19", "timings_sec": {"read_step": 0.009729799814522266, "enumerate_faces": 2.7799978852272034e-05, "build_adjacency": 0.00032730004750192165, "extract_features": 0.0011406999547034502, "map_labels": 0.00024560000747442245, "sanity_checks": 0.00024069985374808311, "total": 0.011711899656802416}}