{"part_id": "3-3-4-8-14-23", "timings_sec": {"read_step": 0.013405899982899427, "enumerate_faces": 3.5300152376294136e-05, "build_adjacency": 0.0004579999949783087, "extract_features": 0.0016377998981624842, "map_labels": 0.00024880003184080124, "sanity_checks": 0.00018770014867186546, "total": 0.01597350020892918}}