{"part_id": "3-3-11-13-14-23", "timings_sec": {"read_step": 0.023917799815535545, "enumerate_faces": 4.0800077840685844e-05, "build_adjacency": 0.0007859999313950539, "extract_features": 0.002770500024780631, "map_labels": 0.00033270008862018585, "sanity_checks": 0.0003264998085796833, "total": 0.028174299746751785}}