{"part_id": "3-3-6-9-10-23", "timings_sec": {"read_step": 0.017358899815008044, "enumerate_faces": 5.3999945521354675e-05, "build_adjacency": 0.0006897000130265951, "extract_features": 0.00236909999512136, "map_labels": 0.0003046998754143715, "sanity_checks": 0.00030930014327168465, "total": 0.02108569978736341}}