{"part_id": "3-3-4-19", "timings_sec": {"read_step": 0.008910899981856346, "enumerate_faces": 3.4800032153725624e-05, "build_adjacency": 0.00029470003210008144, "extract_features": 0.0010355999693274498, "map_labels": 0.00024080020375549793, "sanity_checks": 0.00013779988512396812, "total": 0.010654600104317069}}