{"part_id": "3-3-5-19", "timings_sec": {"read_step": 0.009785700123757124, "enumerate_faces": 3.220001235604286e-05, "build_adjacency": 0.00030349986627697945, "extract_features": 0.0012351998593658209, "map_labels": 0.00021749990992248058, "sanity_checks": 0.00013700011186301708, "total": 0.011711099883541465}}