{"part_id": "3-3-4-6-9-23", "timings_sec": {"read_step": 0.016874699853360653, "enumerate_faces": 3.529991954565048e-05, "build_adjacency": 0.00037260004319250584, "extract_features": 0.0021784999407827854, "map_labels": 0.0002870000898838043, "sanity_checks": 0.0003152999561280012, "total": 0.0200633998028934}}