{"part_id": "3-3-7-7-8-23", "timings_sec": {"read_step": 0.010061200009658933, "enumerate_faces": 3.0300114303827286e-05, "build_adjacency": 0.00033359997905790806, "extract_features": 0.001312799984589219, "map_labels": 0.0002125999890267849, "sanity_checks": 0.00014699995517730713, "total": 0.01209750003181398}}