{"part_id": "3-3-7-14-14-23", "timings_sec": {"read_step": 0.011379099916666746, "enumerate_faces": 2.9799994081258774e-05, "build_adjacency": 0.00037789996713399887, "extract_features": 0.0017174000386148691, "map_labels": 0.00021849991753697395, "sanity_checks": 0.00016249995678663254, "total": 0.01388519979082048}}