{"part_id": "3-3-7-11-12-23", "timings_sec": {"read_step": 0.013152800034731627, "enumerate_faces": 5.149981006979942e-05, "build_adjacency": 0.0007251999340951443, "extract_features": 0.002569799777120352, "map_labels": 0.0002492000348865986, "sanity_checks": 0.00019589997828006744, "total": 0.016944399569183588}}