{"part_id": "3-3-4-8-12-23", "timings_sec": {"read_step": 0.010342900175601244, "enumerate_faces": 2.2300053387880325e-05, "build_adjacency": 0.0003608001861721277, "extract_features": 0.0012928999494761229, "map_labels": 0.0001846000086516142, "sanity_checks": 0.0001597998198121786, "total": 0.012363300193101168}}