{"part_id": "3-3-8-9-9-23", "timings_sec": {"read_step": 0.01084679993800819, "enumerate_faces": 2.859998494386673e-05, "build_adjacency": 0.0003603999502956867, "extract_features": 0.0015106999780982733, "map_labels": 0.0002085000742226839, "sanity_checks": 0.0002264000941067934, "total": 0.013181400019675493}}