{"part_id": "3-3-8-8-19", "timings_sec": {"read_step": 0.009714700048789382, "enumerate_faces": 3.220001235604286e-05, "build_adjacency": 0.0003019000869244337, "extract_features": 0.001106700161471963, "map_labels": 0.00021629990078508854, "sanity_checks": 0.0001360001042485237, "total": 0.011507800314575434}}