{"part_id": "3-3-5-8-14-23", "timings_sec": {"read_step": 0.014381400076672435, "enumerate_faces": 3.410014323890209e-05, "build_adjacency": 0.00048379995860159397, "extract_features": 0.001827700063586235, "map_labels": 0.00022909999825060368, "sanity_checks": 0.00019529997371137142, "total": 0.01715140021406114}}