{"part_id": "3-3-6-8-9-23", "timings_sec": {"read_step": 0.013424400007352233, "enumerate_faces": 4.120008088648319e-05, "build_adjacency": 0.000552699901163578, "extract_features": 0.0020586999598890543, "map_labels": 0.00024410011246800423, "sanity_checks": 0.0001835001166909933, "total": 0.016504600178450346}}