{"part_id": "3-3-5-10-14-23", "timings_sec": {"read_step": 0.016420100117102265, "enumerate_faces": 3.5599805414676666e-05, "build_adjacency": 0.0005262000486254692, "extract_features": 0.0019781000446528196, "map_labels": 0.00023850006982684135, "sanity_checks": 0.00022749998606741428, "total": 0.019426000071689487}}