{"part_id": "3-3-3-5-11-23", "timings_sec": {"read_step": 0.021611599950119853, "enumerate_faces": 3.620004281401634e-05, "build_adjacency": 0.0006587000098079443, "extract_features": 0.0027246999088674784, "map_labels": 0.00023879995569586754, "sanity_checks": 0.00023380015045404434, "total": 0.025503800017759204}}