{"part_id": "3-3-4-4-13-23", "timings_sec": {"read_step": 0.01079009985551238, "enumerate_faces": 3.2700132578611374e-05, "build_adjacency": 0.00034849997609853745, "extract_features": 0.0013294999953359365, "map_labels": 0.00022489996626973152, "sanity_checks": 0.00015680002979934216, "total": 0.01288249995559454}}