{"part_id": "3-3-7-7-14-23", "timings_sec": {"read_step": 0.011208700016140938, "enumerate_faces": 2.9399991035461426e-05, "build_adjacency": 0.0003714000340551138, "extract_features": 0.0014690000098198652, "map_labels": 0.00020819995552301407, "sanity_checks": 0.0001642000861465931, "total": 0.013450900092720985}}