{"part_id": "3-3-5-8-9-23", "timings_sec": {"read_step": 0.016721999971196055, "enumerate_faces": 4.660012200474739e-05, "build_adjacency": 0.0008439000230282545, "extract_features": 0.0028657999355345964, "map_labels": 0.0002880000974982977, "sanity_checks": 0.0003831000067293644, "total": 0.021149400155991316}}