{"part_id": "3-3-5-13-13-23", "timings_sec": {"read_step": 0.013816899852827191, "enumerate_faces": 3.310013562440872e-05, "build_adjacency": 0.00046600005589425564, "extract_features": 0.0016203999985009432, "map_labels": 0.000223799841478467, "sanity_checks": 0.00019110017456114292, "total": 0.01635130005888641}}