{"part_id": "3-3-5-12-13-23", "timings_sec": {"read_step": 0.011715100146830082, "enumerate_faces": 3.460003063082695e-05, "build_adjacency": 0.0003994000144302845, "extract_features": 0.0014793998561799526, "map_labels": 0.0002601000014692545, "sanity_checks": 0.0001729999203234911, "total": 0.014061599969863892}}