{"part_id": "3-3-4-4-11-23", "timings_sec": {"read_step": 0.012060399865731597, "enumerate_faces": 4.20999713242054e-05, "build_adjacency": 0.0004944000393152237, "extract_features": 0.0013985999394208193, "map_labels": 0.00026299990713596344, "sanity_checks": 0.00016479985788464546, "total": 0.014423299580812454}}