{"part_id": "3-3-8-13-13-23", "timings_sec": {"read_step": 0.010143699822947383, "enumerate_faces": 2.7799978852272034e-05, "build_adjacency": 0.00032659992575645447, "extract_features": 0.0011710000690072775, "map_labels": 0.00021219998598098755, "sanity_checks": 0.00014849985018372536, "total": 0.0120297996327281}}