{"part_id": "3-3-9-14-19", "timings_sec": {"read_step": 0.013048299821093678, "enumerate_faces": 3.260001540184021e-05, "build_adjacency": 0.0004032000433653593, "extract_features": 0.0014116999227553606, "map_labels": 0.00021440000273287296, "sanity_checks": 0.00017550005577504635, "total": 0.015285699861124158}}