{"part_id": "3-3-7-7-9-23", "timings_sec": {"read_step": 0.01113849994726479, "enumerate_faces": 3.369990736246109e-05, "build_adjacency": 0.0004312999080866575, "extract_features": 0.0013352001551538706, "map_labels": 0.00023040012456476688, "sanity_checks": 0.00017079990357160568, "total": 0.013339899946004152}}