{"part_id": "3-3-4-7-9-23", "timings_sec": {"read_step": 0.010392999975010753, "enumerate_faces": 2.0300038158893585e-05, "build_adjacency": 0.0003394000232219696, "extract_features": 0.0014570001512765884, "map_labels": 0.00021239998750388622, "sanity_checks": 0.00016990001313388348, "total": 0.012592000188305974}}