{"part_id": "3-3-11-12-14-23", "timings_sec": {"read_step": 0.019241000059992075, "enumerate_faces": 3.860006108880043e-05, "build_adjacency": 0.00047289999201893806, "extract_features": 0.0017417999915778637, "map_labels": 0.00029859994538128376, "sanity_checks": 0.0003271999303251505, "total": 0.02212009998038411}}