{"part_id": "3-3-4-5-11-23", "timings_sec": {"read_step": 0.02048129984177649, "enumerate_faces": 3.679981455206871e-05, "build_adjacency": 0.0005341998767107725, "extract_features": 0.0020504998974502087, "map_labels": 0.00030610011890530586, "sanity_checks": 0.0003261999227106571, "total": 0.023735099472105503}}