{"part_id": "3-3-6-14-19", "timings_sec": {"read_step": 0.010048799915239215, "enumerate_faces": 3.220001235604286e-05, "build_adjacency": 0.00033760000951588154, "extract_features": 0.0012039998546242714, "map_labels": 0.0002133999951183796, "sanity_checks": 0.00014150002971291542, "total": 0.011977499816566706}}