{"part_id": "3-3-4-6-10-23", "timings_sec": {"read_step": 0.01500570005737245, "enumerate_faces": 3.5499921068549156e-05, "build_adjacency": 0.0004055001772940159, "extract_features": 0.0014148999471217394, "map_labels": 0.0002319000195711851, "sanity_checks": 0.00017559994012117386, "total": 0.017269100062549114}}