{"part_id": "3-3-7-11-19", "timings_sec": {"read_step": 0.011439800029620528, "enumerate_faces": 3.319978713989258e-05, "build_adjacency": 0.0003712000325322151, "extract_features": 0.001449699979275465, "map_labels": 0.00022280006669461727, "sanity_checks": 0.00016879988834261894, "total": 0.013685499783605337}}