{"part_id": "3-3-3-10-14-23", "timings_sec": {"read_step": 0.022242699982598424, "enumerate_faces": 5.039991810917854e-05, "build_adjacency": 0.0007616998627781868, "extract_features": 0.0027127000503242016, "map_labels": 0.00031429994851350784, "sanity_checks": 0.00034619984216988087, "total": 0.02642799960449338}}