{"part_id": "3-4-5-10-14-23", "timings_sec": {"read_step": 0.014457999961450696, "enumerate_faces": 3.809994086623192e-05, "build_adjacency": 0.0003799998667091131, "extract_features": 0.0023014999460428953, "map_labels": 0.00026560015976428986, "sanity_checks": 0.0002258999738842249, "total": 0.01766909984871745}}