{"part_id": "3-4-4-7-14-23", "timings_sec": {"read_step": 0.013199300039559603, "enumerate_faces": 3.2700132578611374e-05, "build_adjacency": 0.0005553001537919044, "extract_features": 0.0017995000816881657, "map_labels": 0.00022920011542737484, "sanity_checks": 0.00014899997040629387, "total": 0.015965000493451953}}