{"part_id": "3-4-8-11-19", "timings_sec": {"read_step": 0.013982800068333745, "enumerate_faces": 4.469999112188816e-05, "build_adjacency": 0.0005471000913530588, "extract_features": 0.001703399932011962, "map_labels": 0.00022080005146563053, "sanity_checks": 0.00014690007083117962, "total": 0.016645700205117464}}