{"part_id": "3-4-9-10-13-23", "timings_sec": {"read_step": 0.009858200093731284, "enumerate_faces": 3.1700124964118004e-05, "build_adjacency": 0.00034190015867352486, "extract_features": 0.001220199977979064, "map_labels": 0.0002196000423282385, "sanity_checks": 0.00016589998267591, "total": 0.01183750038035214}}