{"part_id": "3-4-8-10-12-23", "timings_sec": {"read_step": 0.010233000153675675, "enumerate_faces": 2.850010059773922e-05, "build_adjacency": 0.00033730012364685535, "extract_features": 0.0013863998465240002, "map_labels": 0.0002188000362366438, "sanity_checks": 0.00016020005568861961, "total": 0.012364200316369534}}