{"part_id": "3-4-7-8-10-23", "timings_sec": {"read_step": 0.01000080001540482, "enumerate_faces": 3.0299881473183632e-05, "build_adjacency": 0.00032970006577670574, "extract_features": 0.001358899986371398, "map_labels": 0.0002126998733729124, "sanity_checks": 0.0001542000100016594, "total": 0.01208659983240068}}