{"part_id": "3-4-10-10-11-23", "timings_sec": {"read_step": 0.012028499972075224, "enumerate_faces": 3.200001083314419e-05, "build_adjacency": 0.00040360004641115665, "extract_features": 0.0014818001072853804, "map_labels": 0.00022629997693002224, "sanity_checks": 0.00019580009393393993, "total": 0.014368000207468867}}