{"part_id": "3-4-6-7-7-23", "timings_sec": {"read_step": 0.009255300043150783, "enumerate_faces": 2.5600194931030273e-05, "build_adjacency": 0.00031880009919404984, "extract_features": 0.0012288999278098345, "map_labels": 0.00020970008336007595, "sanity_checks": 0.00014190003275871277, "total": 0.011180200381204486}}