{"part_id": "3-4-9-9-13-23", "timings_sec": {"read_step": 0.009709700010716915, "enumerate_faces": 2.969987690448761e-05, "build_adjacency": 0.0003158000763505697, "extract_features": 0.001202800078317523, "map_labels": 0.00020469981245696545, "sanity_checks": 0.00015620002523064613, "total": 0.011618899879977107}}