{"part_id": "3-4-8-12-19", "timings_sec": {"read_step": 0.009272299939766526, "enumerate_faces": 2.95999925583601e-05, "build_adjacency": 0.00028929999098181725, "extract_features": 0.001046100165694952, "map_labels": 0.00021119997836649418, "sanity_checks": 0.00013529998250305653, "total": 0.010983800049871206}}