{"part_id": "3-4-4-6-14-23", "timings_sec": {"read_step": 0.014159699901938438, "enumerate_faces": 4.309997893869877e-05, "build_adjacency": 0.0005267001688480377, "extract_features": 0.0019898000173270702, "map_labels": 0.0003037001006305218, "sanity_checks": 0.00023019989021122456, "total": 0.01725320005789399}}