{"part_id": "3-4-14-14-14-23", "timings_sec": {"read_step": 0.009061699965968728, "enumerate_faces": 2.0399922505021095e-05, "build_adjacency": 0.00031560007482767105, "extract_features": 0.0011271999683231115, "map_labels": 0.00018409988842904568, "sanity_checks": 0.00014279992319643497, "total": 0.010851799743250012}}