{"part_id": "3-4-7-9-11-23", "timings_sec": {"read_step": 0.011646300088614225, "enumerate_faces": 3.200001083314419e-05, "build_adjacency": 0.00037569995038211346, "extract_features": 0.0013749999925494194, "map_labels": 0.00021820003166794777, "sanity_checks": 0.00018129986710846424, "total": 0.013828499941155314}}