{"part_id": "3-4-8-10-19", "timings_sec": {"read_step": 0.008555599953979254, "enumerate_faces": 2.569984644651413e-05, "build_adjacency": 0.00029220012947916985, "extract_features": 0.0011996999382972717, "map_labels": 0.00019540009088814259, "sanity_checks": 0.00013459986075758934, "total": 0.010403199819847941}}