{"part_id": "3-4-6-19", "timings_sec": {"read_step": 0.007241799961775541, "enumerate_faces": 3.060000017285347e-05, "build_adjacency": 0.0002384998369961977, "extract_features": 0.0008419000077992678, "map_labels": 0.000206399941816926, "sanity_checks": 0.00010790000669658184, "total": 0.008667099755257368}}