{"part_id": "3-4-11-14-19", "timings_sec": {"read_step": 0.009969200007617474, "enumerate_faces": 2.619996666908264e-05, "build_adjacency": 0.00032430002465844154, "extract_features": 0.001191499875858426, "map_labels": 0.00020599993877112865, "sanity_checks": 0.00015020021237432957, "total": 0.011867400025948882}}