{"part_id": "3-4-4-5-6-23", "timings_sec": {"read_step": 0.014762100065127015, "enumerate_faces": 4.0899962186813354e-05, "build_adjacency": 0.0005745000671595335, "extract_features": 0.0021461998112499714, "map_labels": 0.0002723000943660736, "sanity_checks": 0.0002782999072223902, "total": 0.018074299907311797}}