{"part_id": "3-4-5-9-10-23", "timings_sec": {"read_step": 0.01103639998473227, "enumerate_faces": 3.0199997127056122e-05, "build_adjacency": 0.0005475999787449837, "extract_features": 0.0019136001355946064, "map_labels": 0.00022309995256364346, "sanity_checks": 0.00017090002074837685, "total": 0.013921800069510937}}