{"part_id": "3-4-6-6-13-23", "timings_sec": {"read_step": 0.009230599971488118, "enumerate_faces": 2.9499875381588936e-05, "build_adjacency": 0.00028600008226931095, "extract_features": 0.0012197999749332666, "map_labels": 0.00019199983216822147, "sanity_checks": 0.00012870016507804394, "total": 0.01108659990131855}}