{"part_id": "3-4-6-8-10-23", "timings_sec": {"read_step": 0.008779500145465136, "enumerate_faces": 2.1999934688210487e-05, "build_adjacency": 0.0003053999971598387, "extract_features": 0.001120300032198429, "map_labels": 0.00018560001626610756, "sanity_checks": 0.00014239992015063763, "total": 0.010555200045928359}}