{"part_id": "3-4-9-10-12-23", "timings_sec": {"read_step": 0.011016800068318844, "enumerate_faces": 3.529991954565048e-05, "build_adjacency": 0.00035530002787709236, "extract_features": 0.0013784000184386969, "map_labels": 0.0002272001001983881, "sanity_checks": 0.00017030001617968082, "total": 0.013183300150558352}}