{"part_id": "3-4-4-11-19", "timings_sec": {"read_step": 0.010293200146406889, "enumerate_faces": 4.029995761811733e-05, "build_adjacency": 0.0005570999346673489, "extract_features": 0.0017905000131577253, "map_labels": 0.0002383999526500702, "sanity_checks": 0.00019589997828006744, "total": 0.013115399982780218}}