{"part_id": "3-4-5-10-11-23", "timings_sec": {"read_step": 0.017664599930867553, "enumerate_faces": 4.3400097638368607e-05, "build_adjacency": 0.0006529001984745264, "extract_features": 0.002476499881595373, "map_labels": 0.00022680009715259075, "sanity_checks": 0.00021039997227489948, "total": 0.02127460017800331}}