{"part_id": "3-4-4-12-14-23", "timings_sec": {"read_step": 0.010311600053682923, "enumerate_faces": 2.8799986466765404e-05, "build_adjacency": 0.0003486999776214361, "extract_features": 0.0012445999309420586, "map_labels": 0.0002584999892860651, "sanity_checks": 0.00016149994917213917, "total": 0.012353699887171388}}