{"part_id": "3-4-8-10-14-23", "timings_sec": {"read_step": 0.009655699832364917, "enumerate_faces": 2.4800188839435577e-05, "build_adjacency": 0.00032029999420046806, "extract_features": 0.00132350018247962, "map_labels": 0.00025589996948838234, "sanity_checks": 0.00015690014697611332, "total": 0.011737100314348936}}