{"part_id": "3-4-4-5-12-23", "timings_sec": {"read_step": 0.010085400193929672, "enumerate_faces": 2.8800219297409058e-05, "build_adjacency": 0.00042259995825588703, "extract_features": 0.0012985998764634132, "map_labels": 0.0002055000513792038, "sanity_checks": 0.00015780003741383553, "total": 0.012198700336739421}}