{"part_id": "3-4-6-11-13-23", "timings_sec": {"read_step": 0.01259029982611537, "enumerate_faces": 3.190012648701668e-05, "build_adjacency": 0.0003483998589217663, "extract_features": 0.0013378001749515533, "map_labels": 0.00023199990391731262, "sanity_checks": 0.0001626999583095312, "total": 0.01470309984870255}}