{"part_id": "3-4-7-8-9-23", "timings_sec": {"read_step": 0.010062400018796325, "enumerate_faces": 3.7400051951408386e-05, "build_adjacency": 0.00045430008322000504, "extract_features": 0.0015586998779326677, "map_labels": 0.00028449995443224907, "sanity_checks": 0.00021359999664127827, "total": 0.012610899982973933}}