{"part_id": "3-4-6-7-9-23", "timings_sec": {"read_step": 0.008974600117653608, "enumerate_faces": 2.259993925690651e-05, "build_adjacency": 0.00030329986475408077, "extract_features": 0.0011076999362558126, "map_labels": 0.00028179981745779514, "sanity_checks": 0.00019649998284876347, "total": 0.010886499658226967}}