{"part_id": "3-4-8-8-14-23", "timings_sec": {"read_step": 0.007893600035458803, "enumerate_faces": 2.5900080800056458e-05, "build_adjacency": 0.00025860010646283627, "extract_features": 0.0009325998835265636, "map_labels": 0.00019779987633228302, "sanity_checks": 0.00011970009654760361, "total": 0.009428200079128146}}