{"part_id": "3-4-6-8-9-23", "timings_sec": {"read_step": 0.008949000155553222, "enumerate_faces": 2.5099841877818108e-05, "build_adjacency": 0.00028760009445250034, "extract_features": 0.0011913999915122986, "map_labels": 0.0002150998916476965, "sanity_checks": 0.0001471999567002058, "total": 0.010815399931743741}}