{"part_id": "3-4-4-10-13-23", "timings_sec": {"read_step": 0.00964669999666512, "enumerate_faces": 3.0700117349624634e-05, "build_adjacency": 0.0003899000585079193, "extract_features": 0.001407099887728691, "map_labels": 0.0002212999388575554, "sanity_checks": 0.0001580000389367342, "total": 0.011853700038045645}}