{"part_id": "3-4-6-6-11-23", "timings_sec": {"read_step": 0.010253900196403265, "enumerate_faces": 3.3800024539232254e-05, "build_adjacency": 0.0003500001039355993, "extract_features": 0.0012366001028567553, "map_labels": 0.00022620009258389473, "sanity_checks": 0.00015900004655122757, "total": 0.012259500566869974}}