{"part_id": "3-4-7-11-14-23", "timings_sec": {"read_step": 0.01141869998537004, "enumerate_faces": 3.2499898225069046e-05, "build_adjacency": 0.0003923999611288309, "extract_features": 0.001487300032749772, "map_labels": 0.00022999988868832588, "sanity_checks": 0.00016930000856518745, "total": 0.013730199774727225}}