{"part_id": "3-4-5-5-11-23", "timings_sec": {"read_step": 0.01189139997586608, "enumerate_faces": 3.6400044336915016e-05, "build_adjacency": 0.00041229999624192715, "extract_features": 0.0015052000526338816, "map_labels": 0.00022699986584484577, "sanity_checks": 0.0003573999274522066, "total": 0.014429699862375855}}