{"part_id": "3-4-4-5-7-23", "timings_sec": {"read_step": 0.013717300025746226, "enumerate_faces": 3.969995304942131e-05, "build_adjacency": 0.0005123999435454607, "extract_features": 0.0015193999279290438, "map_labels": 0.00023470004089176655, "sanity_checks": 0.00023039989173412323, "total": 0.016253899782896042}}