{"part_id": "3-4-5-9-14-23", "timings_sec": {"read_step": 0.011941899778321385, "enumerate_faces": 4.109996370971203e-05, "build_adjacency": 0.0005348001141101122, "extract_features": 0.0019153999164700508, "map_labels": 0.0002739999908953905, "sanity_checks": 0.00025560008361935616, "total": 0.014962799847126007}}