{"part_id": "3-4-8-10-13-23", "timings_sec": {"read_step": 0.009399399859830737, "enumerate_faces": 2.6899855583906174e-05, "build_adjacency": 0.00034929998219013214, "extract_features": 0.0012182998470962048, "map_labels": 0.00019890000112354755, "sanity_checks": 0.00015079998411238194, "total": 0.01134359952993691}}