{"part_id": "3-4-4-9-12-23", "timings_sec": {"read_step": 0.014624100178480148, "enumerate_faces": 5.0900038331747055e-05, "build_adjacency": 0.00038109999150037766, "extract_features": 0.0016735000535845757, "map_labels": 0.0002343999221920967, "sanity_checks": 0.00020679994486272335, "total": 0.01717080012895167}}