{"part_id": "3-4-6-8-19", "timings_sec": {"read_step": 0.006956800119951367, "enumerate_faces": 2.550007775425911e-05, "build_adjacency": 0.0002319000195711851, "extract_features": 0.00097510009072721, "map_labels": 0.0001846000086516142, "sanity_checks": 0.00010710000060498714, "total": 0.008481000317260623}}