{"part_id": "3-4-6-6-12-23", "timings_sec": {"read_step": 0.009202599991112947, "enumerate_faces": 2.6499852538108826e-05, "build_adjacency": 0.00039389985613524914, "extract_features": 0.001158999977633357, "map_labels": 0.00020830007269978523, "sanity_checks": 0.00014919997192919254, "total": 0.01113949972204864}}