{"part_id": "3-4-9-11-11-23", "timings_sec": {"read_step": 0.011872800067067146, "enumerate_faces": 2.3799948394298553e-05, "build_adjacency": 0.0003992000129073858, "extract_features": 0.001490799942985177, "map_labels": 0.00019160006195306778, "sanity_checks": 0.00019150017760694027, "total": 0.014169700210914016}}