{"part_id": "3-4-7-10-11-23", "timings_sec": {"read_step": 0.011641399934887886, "enumerate_faces": 2.869986928999424e-05, "build_adjacency": 0.00037889997474849224, "extract_features": 0.0014035999774932861, "map_labels": 0.0002093000803142786, "sanity_checks": 0.00017939996905624866, "total": 0.013841299805790186}}