{"part_id": "3-4-10-13-14-23", "timings_sec": {"read_step": 0.011806099908426404, "enumerate_faces": 3.50000336766243e-05, "build_adjacency": 0.00045810011215507984, "extract_features": 0.0018182999920099974, "map_labels": 0.00025489996187388897, "sanity_checks": 0.0002405000850558281, "total": 0.014612900093197823}}