{"part_id": "3-4-4-12-13-23", "timings_sec": {"read_step": 0.00997880008071661, "enumerate_faces": 2.9899878427386284e-05, "build_adjacency": 0.00033119996078312397, "extract_features": 0.0011843000538647175, "map_labels": 0.0002142998855561018, "sanity_checks": 0.00014730007387697697, "total": 0.011885799933224916}}