{"part_id": "3-4-13-13-13-23", "timings_sec": {"read_step": 0.009650100022554398, "enumerate_faces": 2.610008232295513e-05, "build_adjacency": 0.0002881998661905527, "extract_features": 0.0010195998474955559, "map_labels": 0.00020360015332698822, "sanity_checks": 0.00012900005094707012, "total": 0.01131660002283752}}