{"part_id": "3-4-7-14-19", "timings_sec": {"read_step": 0.008722599828615785, "enumerate_faces": 2.0300038158893585e-05, "build_adjacency": 0.00027540000155568123, "extract_features": 0.0010228999890387058, "map_labels": 0.00019109994173049927, "sanity_checks": 0.00019529997371137142, "total": 0.010427599772810936}}