{"part_id": "3-4-5-8-9-23", "timings_sec": {"read_step": 0.009891999885439873, "enumerate_faces": 2.559996210038662e-05, "build_adjacency": 0.00032519991509616375, "extract_features": 0.001283799996599555, "map_labels": 0.00023719994351267815, "sanity_checks": 0.00015369988977909088, "total": 0.011917499592527747}}