{"part_id": "3-4-4-8-11-23", "timings_sec": {"read_step": 0.014208599925041199, "enumerate_faces": 4.309997893869877e-05, "build_adjacency": 0.0006054998375475407, "extract_features": 0.002374800154939294, "map_labels": 0.0002836999483406544, "sanity_checks": 0.00027009984478354454, "total": 0.01778579968959093}}