{"part_id": "3-4-6-10-12-23", "timings_sec": {"read_step": 0.00985740008763969, "enumerate_faces": 2.7999980375170708e-05, "build_adjacency": 0.0003396999090909958, "extract_features": 0.0012564000207930803, "map_labels": 0.0002142998855561018, "sanity_checks": 0.0001626999583095312, "total": 0.01185849984176457}}