{"part_id": "3-4-7-14-14-23", "timings_sec": {"read_step": 0.00939800008200109, "enumerate_faces": 2.450007013976574e-05, "build_adjacency": 0.000340400030836463, "extract_features": 0.0011531999334692955, "map_labels": 0.00019649998284876347, "sanity_checks": 0.00014439993537962437, "total": 0.011257000034675002}}