{"part_id": "3-4-4-4-12-23", "timings_sec": {"read_step": 0.008853900013491511, "enumerate_faces": 2.810009755194187e-05, "build_adjacency": 0.000310300150886178, "extract_features": 0.0010828999802470207, "map_labels": 0.00024349987506866455, "sanity_checks": 0.00016559986397624016, "total": 0.010684299981221557}}