{"part_id": "3-4-4-4-14-23", "timings_sec": {"read_step": 0.009983999887481332, "enumerate_faces": 2.9799994081258774e-05, "build_adjacency": 0.00033989991061389446, "extract_features": 0.001223099883645773, "map_labels": 0.00027449987828731537, "sanity_checks": 0.00024889991618692875, "total": 0.012100199470296502}}