{"part_id": "3-4-4-4-9-23", "timings_sec": {"read_step": 0.009224400157108903, "enumerate_faces": 2.1799933165311813e-05, "build_adjacency": 0.0003105001524090767, "extract_features": 0.0014204001054167747, "map_labels": 0.00019809999503195286, "sanity_checks": 0.00014819996431469917, "total": 0.011323400307446718}}