{"part_id": "3-4-7-7-12-23", "timings_sec": {"read_step": 0.010048100026324391, "enumerate_faces": 2.4399952962994576e-05, "build_adjacency": 0.00034769997000694275, "extract_features": 0.0011958000250160694, "map_labels": 0.00019910000264644623, "sanity_checks": 0.00015199999324977398, "total": 0.011967099970206618}}