{"part_id": "3-4-6-13-13-23", "timings_sec": {"read_step": 0.007735100109130144, "enumerate_faces": 2.100015990436077e-05, "build_adjacency": 0.0002474000211805105, "extract_features": 0.0010124000255018473, "map_labels": 0.00019759987480938435, "sanity_checks": 0.00011749984696507454, "total": 0.009331000037491322}}