{"part_id": "3-4-13-13-14-23", "timings_sec": {"read_step": 0.008395899785682559, "enumerate_faces": 2.2500054910779e-05, "build_adjacency": 0.00028689997270703316, "extract_features": 0.0010816999711096287, "map_labels": 0.00024110008962452412, "sanity_checks": 0.00013679987750947475, "total": 0.010164899751543999}}