{"part_id": "3-4-5-12-13-23", "timings_sec": {"read_step": 0.014504400081932545, "enumerate_faces": 4.2899977415800095e-05, "build_adjacency": 0.00048670009709894657, "extract_features": 0.0012393000070005655, "map_labels": 0.00025889999233186245, "sanity_checks": 0.00023799994960427284, "total": 0.016770200105383992}}