{"part_id": "3-4-9-19", "timings_sec": {"read_step": 0.007815799908712506, "enumerate_faces": 2.940022386610508e-05, "build_adjacency": 0.00025269994512200356, "extract_features": 0.0009083999320864677, "map_labels": 0.00020539993420243263, "sanity_checks": 0.00011910009197890759, "total": 0.009330800035968423}}