{"part_id": "3-4-7-7-10-23", "timings_sec": {"read_step": 0.009641299955546856, "enumerate_faces": 2.1399930119514465e-05, "build_adjacency": 0.0003239000216126442, "extract_features": 0.0012127000372856855, "map_labels": 0.0001906000543385744, "sanity_checks": 0.00015840004198253155, "total": 0.011548300040885806}}