{"part_id": "3-4-7-12-14-23", "timings_sec": {"read_step": 0.010247699916362762, "enumerate_faces": 2.7899863198399544e-05, "build_adjacency": 0.0003453001845628023, "extract_features": 0.0013123999815434217, "map_labels": 0.00021620001643896103, "sanity_checks": 0.0001539001241326332, "total": 0.01230340008623898}}