{"part_id": "3-4-6-9-10-23", "timings_sec": {"read_step": 0.009916400071233511, "enumerate_faces": 2.4399952962994576e-05, "build_adjacency": 0.00033970014192163944, "extract_features": 0.0013290001079440117, "map_labels": 0.00020050001330673695, "sanity_checks": 0.0001609001774340868, "total": 0.01197090046480298}}