{"part_id": "3-4-5-7-13-23", "timings_sec": {"read_step": 0.009558900026604533, "enumerate_faces": 2.850010059773922e-05, "build_adjacency": 0.0003247000277042389, "extract_features": 0.001261299941688776, "map_labels": 0.00020239991135895252, "sanity_checks": 0.00014590006321668625, "total": 0.011521700071170926}}