{"part_id": "3-4-5-5-10-23", "timings_sec": {"read_step": 0.011762300040572882, "enumerate_faces": 3.410014323890209e-05, "build_adjacency": 0.00038960017263889313, "extract_features": 0.0015891001094132662, "map_labels": 0.00029319990426301956, "sanity_checks": 0.00020679994486272335, "total": 0.014275100314989686}}