{"part_id": "3-4-6-7-14-23", "timings_sec": {"read_step": 0.009425000054761767, "enumerate_faces": 2.8299866244196892e-05, "build_adjacency": 0.0003154999576508999, "extract_features": 0.001128799980506301, "map_labels": 0.00021460000425577164, "sanity_checks": 0.00014130002819001675, "total": 0.011253499891608953}}