{"part_id": "3-4-5-7-7-23", "timings_sec": {"read_step": 0.0101863001473248, "enumerate_faces": 3.0899886041879654e-05, "build_adjacency": 0.0003494999837130308, "extract_features": 0.0012689998839050531, "map_labels": 0.00021069985814392567, "sanity_checks": 0.00015449989587068558, "total": 0.012200899654999375}}