{"part_id": "3-4-5-7-14-23", "timings_sec": {"read_step": 0.010165400104597211, "enumerate_faces": 2.4899840354919434e-05, "build_adjacency": 0.00039510009810328484, "extract_features": 0.0012046999763697386, "map_labels": 0.0002112998627126217, "sanity_checks": 0.0001550999004393816, "total": 0.012156499782577157}}