{"part_id": "3-4-12-12-14-23", "timings_sec": {"read_step": 0.010769700165838003, "enumerate_faces": 2.459995448589325e-05, "build_adjacency": 0.00035450002178549767, "extract_features": 0.001277499832212925, "map_labels": 0.00022990000434219837, "sanity_checks": 0.00025250017642974854, "total": 0.012908700155094266}}