{"part_id": "3-4-6-9-12-23", "timings_sec": {"read_step": 0.010047899791970849, "enumerate_faces": 3.0199997127056122e-05, "build_adjacency": 0.0003252001479268074, "extract_features": 0.0012014000676572323, "map_labels": 0.00021029985509812832, "sanity_checks": 0.00015300000086426735, "total": 0.01196799986064434}}