{"part_id": "3-4-4-5-11-23", "timings_sec": {"read_step": 0.011104899924248457, "enumerate_faces": 2.5300076231360435e-05, "build_adjacency": 0.000381499994546175, "extract_features": 0.0013760998845100403, "map_labels": 0.00020459992811083794, "sanity_checks": 0.00017790007404983044, "total": 0.013270299881696701}}