{"part_id": "3-4-4-10-14-23", "timings_sec": {"read_step": 0.009902899852022529, "enumerate_faces": 2.4900073185563087e-05, "build_adjacency": 0.00045519997365772724, "extract_features": 0.0016276000533252954, "map_labels": 0.0002071999479085207, "sanity_checks": 0.00026919995434582233, "total": 0.012486999854445457}}