{"part_id": "3-4-7-13-13-23", "timings_sec": {"read_step": 0.008630800060927868, "enumerate_faces": 2.459995448589325e-05, "build_adjacency": 0.00029710005037486553, "extract_features": 0.0010568001307547092, "map_labels": 0.00018989993259310722, "sanity_checks": 0.00013429997488856316, "total": 0.010333500104025006}}