{"part_id": "3-4-9-10-10-23", "timings_sec": {"read_step": 0.01099209999665618, "enumerate_faces": 3.120000474154949e-05, "build_adjacency": 0.0003535998985171318, "extract_features": 0.0014887999277561903, "map_labels": 0.00021460000425577164, "sanity_checks": 0.00017450004816055298, "total": 0.013254799880087376}}