{"part_id": "3-4-4-7-9-23", "timings_sec": {"read_step": 0.011488699819892645, "enumerate_faces": 3.600004129111767e-05, "build_adjacency": 0.00039909989573061466, "extract_features": 0.0018668000120669603, "map_labels": 0.00028300005942583084, "sanity_checks": 0.0002429999876767397, "total": 0.014316599816083908}}