{"part_id": "3-4-8-9-9-23", "timings_sec": {"read_step": 0.009484600042924285, "enumerate_faces": 2.9399991035461426e-05, "build_adjacency": 0.00031640008091926575, "extract_features": 0.0013245001900941133, "map_labels": 0.00020610005594789982, "sanity_checks": 0.00015620002523064613, "total": 0.011517200386151671}}