{"part_id": "3-4-7-11-11-23", "timings_sec": {"read_step": 0.02001650002785027, "enumerate_faces": 4.329998046159744e-05, "build_adjacency": 0.0006855998653918505, "extract_features": 0.0015266998670995235, "map_labels": 0.00031409994699060917, "sanity_checks": 0.0003589000552892685, "total": 0.02294509974308312}}