{"part_id": "3-4-5-19", "timings_sec": {"read_step": 0.010453999973833561, "enumerate_faces": 3.7999823689460754e-05, "build_adjacency": 0.00038890005089342594, "extract_features": 0.0014315999578684568, "map_labels": 0.0002823001705110073, "sanity_checks": 0.00020739994943141937, "total": 0.012802199926227331}}