{"part_id": "3-4-9-9-12-23", "timings_sec": {"read_step": 0.010419199941679835, "enumerate_faces": 3.529991954565048e-05, "build_adjacency": 0.0003850001376122236, "extract_features": 0.0012586999218910933, "map_labels": 0.00020919996313750744, "sanity_checks": 0.00016200006939470768, "total": 0.012469399953261018}}