{"part_id": "3-4-4-13-13-23", "timings_sec": {"read_step": 0.009296400006860495, "enumerate_faces": 2.3999949917197227e-05, "build_adjacency": 0.00029450003057718277, "extract_features": 0.0010516999755054712, "map_labels": 0.00020190002396702766, "sanity_checks": 0.00013560010120272636, "total": 0.0110041000880301}}