{"part_id": "3-4-6-12-14-23", "timings_sec": {"read_step": 0.014216799987480044, "enumerate_faces": 3.1800009310245514e-05, "build_adjacency": 0.0003545999061316252, "extract_features": 0.0018437998369336128, "map_labels": 0.00023870007134974003, "sanity_checks": 0.00014829984866082668, "total": 0.016833999659866095}}