{"part_id": "3-4-9-14-14-23", "timings_sec": {"read_step": 0.009748400188982487, "enumerate_faces": 2.95999925583601e-05, "build_adjacency": 0.0004911001306027174, "extract_features": 0.0013091000728309155, "map_labels": 0.0002549001947045326, "sanity_checks": 0.00015510013327002525, "total": 0.011988200712949038}}