{"part_id": "3-4-5-7-19", "timings_sec": {"read_step": 0.00879630004055798, "enumerate_faces": 2.9399991035461426e-05, "build_adjacency": 0.0003035999834537506, "extract_features": 0.0010806000791490078, "map_labels": 0.00021570012904703617, "sanity_checks": 0.00014110002666711807, "total": 0.010566700249910355}}