{"part_id": "3-4-11-12-12-23", "timings_sec": {"read_step": 0.012348099844530225, "enumerate_faces": 3.4499913454055786e-05, "build_adjacency": 0.00040149991400539875, "extract_features": 0.001446800073608756, "map_labels": 0.0002308997791260481, "sanity_checks": 0.0001829999964684248, "total": 0.014644799521192908}}