{"part_id": "3-4-6-9-14-23", "timings_sec": {"read_step": 0.01036980003118515, "enumerate_faces": 3.25001310557127e-05, "build_adjacency": 0.00032870005816221237, "extract_features": 0.0011675001587718725, "map_labels": 0.00022769998759031296, "sanity_checks": 0.00015030009672045708, "total": 0.012276500463485718}}