{"part_id": "3-4-14-14-19", "timings_sec": {"read_step": 0.008979399921372533, "enumerate_faces": 1.8799910321831703e-05, "build_adjacency": 0.0002622001338750124, "extract_features": 0.0009913998655974865, "map_labels": 0.00017859996296465397, "sanity_checks": 0.00012580002658069134, "total": 0.010556199820712209}}