{"part_id": "3-4-6-10-11-23", "timings_sec": {"read_step": 0.011046000057831407, "enumerate_faces": 3.2700132578611374e-05, "build_adjacency": 0.00037170015275478363, "extract_features": 0.00137039995752275, "map_labels": 0.00022320006974041462, "sanity_checks": 0.00017639994621276855, "total": 0.013220400316640735}}