{"part_id": "3-4-11-12-19", "timings_sec": {"read_step": 0.010444100014865398, "enumerate_faces": 3.1300121918320656e-05, "build_adjacency": 0.00034920009784400463, "extract_features": 0.0012630000710487366, "map_labels": 0.0002188999205827713, "sanity_checks": 0.00015840004198253155, "total": 0.012464900268241763}}