{"part_id": "3-4-9-9-11-23", "timings_sec": {"read_step": 0.011392399901524186, "enumerate_faces": 3.0199997127056122e-05, "build_adjacency": 0.00036479998379945755, "extract_features": 0.0018337999936193228, "map_labels": 0.0002656998112797737, "sanity_checks": 0.0002711999695748091, "total": 0.014158099656924605}}