{"part_id": "3-4-10-11-14-23", "timings_sec": {"read_step": 0.012590300058946013, "enumerate_faces": 3.0499882996082306e-05, "build_adjacency": 0.00038570002652704716, "extract_features": 0.0015008000191301107, "map_labels": 0.0002209001686424017, "sanity_checks": 0.00019069993868470192, "total": 0.014918900094926357}}