{"part_id": "3-4-4-7-13-23", "timings_sec": {"read_step": 0.010619000066071749, "enumerate_faces": 3.800005652010441e-05, "build_adjacency": 0.00043080002069473267, "extract_features": 0.001610300038009882, "map_labels": 0.0002649999223649502, "sanity_checks": 0.00019440008327364922, "total": 0.013157500186935067}}