{"part_id": "3-4-6-9-19", "timings_sec": {"read_step": 0.008459900040179491, "enumerate_faces": 3.1400006264448166e-05, "build_adjacency": 0.00027590012177824974, "extract_features": 0.0010274001397192478, "map_labels": 0.00022920011542737484, "sanity_checks": 0.0001321001909673214, "total": 0.010155900614336133}}