{"part_id": "3-4-6-12-12-23", "timings_sec": {"read_step": 0.01302319997921586, "enumerate_faces": 3.0499882996082306e-05, "build_adjacency": 0.00034989998675882816, "extract_features": 0.0016563001554459333, "map_labels": 0.00027249986305832863, "sanity_checks": 0.00024480000138282776, "total": 0.01557719986885786}}