{"part_id": "3-4-5-10-10-23", "timings_sec": {"read_step": 0.0161850000731647, "enumerate_faces": 3.560003824532032e-05, "build_adjacency": 0.0003746999427676201, "extract_features": 0.002479099901393056, "map_labels": 0.0002666001673787832, "sanity_checks": 0.0002897998783737421, "total": 0.019630800001323223}}