{"part_id": "3-4-4-4-11-23", "timings_sec": {"read_step": 0.010954400058835745, "enumerate_faces": 2.859998494386673e-05, "build_adjacency": 0.00038759992457926273, "extract_features": 0.0013560999650508165, "map_labels": 0.00021440000273287296, "sanity_checks": 0.00016949977725744247, "total": 0.013110599713400006}}