{"part_id": "3-4-5-11-12-23", "timings_sec": {"read_step": 0.01619230001233518, "enumerate_faces": 4.310021176934242e-05, "build_adjacency": 0.0006103001069277525, "extract_features": 0.0022041001357138157, "map_labels": 0.00028210016898810863, "sanity_checks": 0.00031560007482767105, "total": 0.01964750071056187}}