{"part_id": "3-4-7-12-19", "timings_sec": {"read_step": 0.0093149000313133, "enumerate_faces": 2.9099872335791588e-05, "build_adjacency": 0.00029770005494356155, "extract_features": 0.0010824999772012234, "map_labels": 0.00021169986575841904, "sanity_checks": 0.00014059990644454956, "total": 0.011076499707996845}}