{"part_id": "3-4-8-8-11-23", "timings_sec": {"read_step": 0.006847799988463521, "enumerate_faces": 3.2400013878941536e-05, "build_adjacency": 0.00026819994673132896, "extract_features": 0.0007890001870691776, "map_labels": 0.00019970000721514225, "sanity_checks": 0.00010429997928440571, "total": 0.008241400122642517}}