{"part_id": "3-4-6-11-12-23", "timings_sec": {"read_step": 0.014007400022819638, "enumerate_faces": 4.200008697807789e-05, "build_adjacency": 0.0006681999657303095, "extract_features": 0.001334899803623557, "map_labels": 0.00022200006060302258, "sanity_checks": 0.00016930000856518745, "total": 0.016443799948319793}}