{"part_id": "3-4-4-10-12-23", "timings_sec": {"read_step": 0.010613800026476383, "enumerate_faces": 3.0199997127056122e-05, "build_adjacency": 0.000498299952596426, "extract_features": 0.001299999887123704, "map_labels": 0.0002188000362366438, "sanity_checks": 0.00016249995678663254, "total": 0.012823599856346846}}