{"part_id": "3-4-10-14-14-23", "timings_sec": {"read_step": 0.010643600020557642, "enumerate_faces": 3.2400013878941536e-05, "build_adjacency": 0.00035539991222321987, "extract_features": 0.001281999982893467, "map_labels": 0.00023210002109408379, "sanity_checks": 0.00017079990357160568, "total": 0.01271629985421896}}