{"part_id": "3-4-9-13-14-23", "timings_sec": {"read_step": 0.009186099981889129, "enumerate_faces": 2.719997428357601e-05, "build_adjacency": 0.0003900001756846905, "extract_features": 0.0011903999838978052, "map_labels": 0.00025289994664490223, "sanity_checks": 0.00016020005568861961, "total": 0.011206800118088722}}