{"part_id": "3-4-5-8-8-23", "timings_sec": {"read_step": 0.009961799951270223, "enumerate_faces": 3.6400044336915016e-05, "build_adjacency": 0.0003206999972462654, "extract_features": 0.001397100044414401, "map_labels": 0.0002272999845445156, "sanity_checks": 0.00014619994908571243, "total": 0.012089499970898032}}