{"part_id": "3-4-10-11-11-23", "timings_sec": {"read_step": 0.017421500058844686, "enumerate_faces": 3.6700163036584854e-05, "build_adjacency": 0.00044119986705482006, "extract_features": 0.002541100140661001, "map_labels": 0.00023400015197694302, "sanity_checks": 0.00020529981702566147, "total": 0.020879800198599696}}