{"part_id": "3-4-11-12-14-23", "timings_sec": {"read_step": 0.011702900053933263, "enumerate_faces": 3.400002606213093e-05, "build_adjacency": 0.00040069990791380405, "extract_features": 0.0014139998238533735, "map_labels": 0.00023819995112717152, "sanity_checks": 0.0001775999553501606, "total": 0.013967399718239903}}