{"part_id": "3-4-8-10-11-23", "timings_sec": {"read_step": 0.01223629992455244, "enumerate_faces": 3.4599797800183296e-05, "build_adjacency": 0.0003749001771211624, "extract_features": 0.0018883999437093735, "map_labels": 0.00023150001652538776, "sanity_checks": 0.00017570005729794502, "total": 0.014941399917006493}}