{"part_id": "3-4-5-11-19", "timings_sec": {"read_step": 0.013548400020226836, "enumerate_faces": 4.219985567033291e-05, "build_adjacency": 0.000579100102186203, "extract_features": 0.0021021999418735504, "map_labels": 0.00030090007930994034, "sanity_checks": 0.00027980003505945206, "total": 0.016852600034326315}}