{"part_id": "3-4-8-10-10-23", "timings_sec": {"read_step": 0.01107159978710115, "enumerate_faces": 2.9700109735131264e-05, "build_adjacency": 0.0003437001723796129, "extract_features": 0.0013856999576091766, "map_labels": 0.00028000003658235073, "sanity_checks": 0.0002414998598396778, "total": 0.013352199923247099}}