{"part_id": "3-4-4-8-9-23", "timings_sec": {"read_step": 0.01117460010573268, "enumerate_faces": 3.060000017285347e-05, "build_adjacency": 0.0003158000763505697, "extract_features": 0.001921800198033452, "map_labels": 0.00025509996339678764, "sanity_checks": 0.00025800010189414024, "total": 0.013955900445580482}}