{"part_id": "3-4-10-12-13-23", "timings_sec": {"read_step": 0.010075900005176663, "enumerate_faces": 3.529991954565048e-05, "build_adjacency": 0.0003877000417560339, "extract_features": 0.0012424001470208168, "map_labels": 0.00030770013108849525, "sanity_checks": 0.0002466000150889158, "total": 0.012295600259676576}}