{"part_id": "3-4-6-9-9-23", "timings_sec": {"read_step": 0.009744600160047412, "enumerate_faces": 3.0199997127056122e-05, "build_adjacency": 0.000434699933975935, "extract_features": 0.0012252000160515308, "map_labels": 0.00021520000882446766, "sanity_checks": 0.0001534998882561922, "total": 0.011803400004282594}}