{"part_id": "3-4-5-11-11-23", "timings_sec": {"read_step": 0.0192652998957783, "enumerate_faces": 3.850017674267292e-05, "build_adjacency": 0.00043509993702173233, "extract_features": 0.002061899984255433, "map_labels": 0.00028290017507970333, "sanity_checks": 0.00028820009902119637, "total": 0.022371900267899036}}