{"part_id": "3-4-5-6-12-23", "timings_sec": {"read_step": 0.010068399831652641, "enumerate_faces": 2.7799978852272034e-05, "build_adjacency": 0.00033989991061389446, "extract_features": 0.0012330999597907066, "map_labels": 0.000188400037586689, "sanity_checks": 0.0001503999810665846, "total": 0.012007999699562788}}