{"part_id": "3-4-4-6-9-23", "timings_sec": {"read_step": 0.009791499935090542, "enumerate_faces": 2.9999995604157448e-05, "build_adjacency": 0.00032110000029206276, "extract_features": 0.0014727001544088125, "map_labels": 0.00021660001948475838, "sanity_checks": 0.00016300007700920105, "total": 0.011994900181889534}}