{"part_id": "3-4-11-12-13-23", "timings_sec": {"read_step": 0.011202199850231409, "enumerate_faces": 3.050011582672596e-05, "build_adjacency": 0.00039810012094676495, "extract_features": 0.001377300126478076, "map_labels": 0.000219699926674366, "sanity_checks": 0.00017290003597736359, "total": 0.013400700176134706}}