{"part_id": "3-4-11-13-19", "timings_sec": {"read_step": 0.009741900023072958, "enumerate_faces": 2.9199989512562752e-05, "build_adjacency": 0.00032049999572336674, "extract_features": 0.0013880999758839607, "map_labels": 0.00020610005594789982, "sanity_checks": 0.0001509001012891531, "total": 0.011836700141429901}}