{"part_id": "3-4-8-13-13-23", "timings_sec": {"read_step": 0.009475299855694175, "enumerate_faces": 2.4999957531690598e-05, "build_adjacency": 0.0002836999483406544, "extract_features": 0.0010318998247385025, "map_labels": 0.00019580009393393993, "sanity_checks": 0.00013269996270537376, "total": 0.011144399642944336}}