{"part_id": "3-4-6-6-10-23", "timings_sec": {"read_step": 0.009597899857908487, "enumerate_faces": 3.1700124964118004e-05, "build_adjacency": 0.000323199899867177, "extract_features": 0.001175600104033947, "map_labels": 0.00021789991296827793, "sanity_checks": 0.00015350012108683586, "total": 0.011499800020828843}}