{"part_id": "3-4-8-9-19", "timings_sec": {"read_step": 0.008068100083619356, "enumerate_faces": 2.3999949917197227e-05, "build_adjacency": 0.00026539992541074753, "extract_features": 0.000986600061878562, "map_labels": 0.00019209994934499264, "sanity_checks": 0.00012729992158710957, "total": 0.009663499891757965}}