{"part_id": "3-4-10-19", "timings_sec": {"read_step": 0.008314099861308932, "enumerate_faces": 3.5800039768218994e-05, "build_adjacency": 0.00044689979404211044, "extract_features": 0.0018396000377833843, "map_labels": 0.0002590999938547611, "sanity_checks": 0.00021660001948475838, "total": 0.011112099746242166}}