{"part_id": "3-4-4-4-5-23", "timings_sec": {"read_step": 0.009698100155219436, "enumerate_faces": 2.4999957531690598e-05, "build_adjacency": 0.00034169992431998253, "extract_features": 0.0015428999904543161, "map_labels": 0.00021500000730156898, "sanity_checks": 0.00015139998868107796, "total": 0.011974100023508072}}