{"part_id": "3-4-5-5-5-23", "timings_sec": {"read_step": 0.009547500172629952, "enumerate_faces": 2.8900103643536568e-05, "build_adjacency": 0.0003160999622195959, "extract_features": 0.0011841000523418188, "map_labels": 0.00023870007134974003, "sanity_checks": 0.00014309980906546116, "total": 0.011458400171250105}}