{"part_id": "3-4-13-14-19", "timings_sec": {"read_step": 0.007717299973592162, "enumerate_faces": 1.9200146198272705e-05, "build_adjacency": 0.0002530999481678009, "extract_features": 0.0009377999231219292, "map_labels": 0.00017170002683997154, "sanity_checks": 0.00012059998698532581, "total": 0.009219700004905462}}