{"part_id": "3-5-8-12-19", "timings_sec": {"read_step": 0.009069900028407574, "enumerate_faces": 2.7299858629703522e-05, "build_adjacency": 0.0002980001736432314, "extract_features": 0.001128199975937605, "map_labels": 0.00020400015637278557, "sanity_checks": 0.0001355998683720827, "total": 0.010863000061362982}}