{"part_id": "3-5-11-11-11-23", "timings_sec": {"read_step": 0.014078599866479635, "enumerate_faces": 3.8400059565901756e-05, "build_adjacency": 0.0007073001470416784, "extract_features": 0.001845099963247776, "map_labels": 0.0002250999677926302, "sanity_checks": 0.0002172999083995819, "total": 0.017111799912527204}}