{"part_id": "3-5-12-13-14-23", "timings_sec": {"read_step": 0.01002360018901527, "enumerate_faces": 3.1499890610575676e-05, "build_adjacency": 0.00033529987558722496, "extract_features": 0.0012276999186724424, "map_labels": 0.0002126998733729124, "sanity_checks": 0.00016029994003474712, "total": 0.011991099687293172}}