{"part_id": "3-5-10-12-13-23", "timings_sec": {"read_step": 0.010082999942824244, "enumerate_faces": 2.110004425048828e-05, "build_adjacency": 0.0003423001617193222, "extract_features": 0.0014050998724997044, "map_labels": 0.00024860003031790257, "sanity_checks": 0.00024560000747442245, "total": 0.012345700059086084}}