{"part_id": "3-5-6-10-14-23", "timings_sec": {"read_step": 0.010971999960020185, "enumerate_faces": 2.7600210160017014e-05, "build_adjacency": 0.00034510018303990364, "extract_features": 0.0013131999876350164, "map_labels": 0.00022339983843266964, "sanity_checks": 0.000157100148499012, "total": 0.013038400327786803}}