{"part_id": "3-5-13-14-19", "timings_sec": {"read_step": 0.009547200053930283, "enumerate_faces": 2.8199981898069382e-05, "build_adjacency": 0.00029170000925660133, "extract_features": 0.001145099988207221, "map_labels": 0.00021319999359548092, "sanity_checks": 0.00013060006313025951, "total": 0.011356000090017915}}