{"part_id": "3-5-7-8-13-23", "timings_sec": {"read_step": 0.009337400086224079, "enumerate_faces": 3.3800024539232254e-05, "build_adjacency": 0.0003100999165326357, "extract_features": 0.0011077001690864563, "map_labels": 0.00019869999960064888, "sanity_checks": 0.00014150002971291542, "total": 0.011129200225695968}}