{"part_id": "3-5-5-10-11-23", "timings_sec": {"read_step": 0.013713299995288253, "enumerate_faces": 3.309990279376507e-05, "build_adjacency": 0.00041770003736019135, "extract_features": 0.001556099858134985, "map_labels": 0.00022789998911321163, "sanity_checks": 0.00019500008784234524, "total": 0.01614309987053275}}