{"part_id": "3-5-6-7-13-23", "timings_sec": {"read_step": 0.00940659991465509, "enumerate_faces": 3.5400036722421646e-05, "build_adjacency": 0.00036479998379945755, "extract_features": 0.0011893000919371843, "map_labels": 0.00024880003184080124, "sanity_checks": 0.00016160006634891033, "total": 0.011406500125303864}}