{"part_id": "3-5-5-9-13-23", "timings_sec": {"read_step": 0.010148399975150824, "enumerate_faces": 2.9199989512562752e-05, "build_adjacency": 0.00034549995325505733, "extract_features": 0.0012535001151263714, "map_labels": 0.00025790021754801273, "sanity_checks": 0.0001596999354660511, "total": 0.012194200186058879}}