{"part_id": "3-5-6-11-12-23", "timings_sec": {"read_step": 0.011767199961468577, "enumerate_faces": 2.7999980375170708e-05, "build_adjacency": 0.0003847000189125538, "extract_features": 0.001475099939852953, "map_labels": 0.0002123001031577587, "sanity_checks": 0.0002079999540001154, "total": 0.014075299957767129}}