{"part_id": "3-5-9-19", "timings_sec": {"read_step": 0.007302999962121248, "enumerate_faces": 1.6700010746717453e-05, "build_adjacency": 0.00023910007439553738, "extract_features": 0.0009077999275177717, "map_labels": 0.00016990001313388348, "sanity_checks": 0.00011799996718764305, "total": 0.008754499955102801}}