{"part_id": "3-5-6-11-11-23", "timings_sec": {"read_step": 0.013769699959084392, "enumerate_faces": 4.619988612830639e-05, "build_adjacency": 0.0004515999462455511, "extract_features": 0.0015308000147342682, "map_labels": 0.0002429999876767397, "sanity_checks": 0.00019620009697973728, "total": 0.016237499890848994}}