{"part_id": "3-5-11-12-19", "timings_sec": {"read_step": 0.010621799854561687, "enumerate_faces": 3.4800032153725624e-05, "build_adjacency": 0.0003644998650997877, "extract_features": 0.0013093000743538141, "map_labels": 0.00021540001034736633, "sanity_checks": 0.00017859996296465397, "total": 0.012724399799481034}}