{"part_id": "3-5-7-13-19", "timings_sec": {"read_step": 0.009557500015944242, "enumerate_faces": 2.9499875381588936e-05, "build_adjacency": 0.0002935000229626894, "extract_features": 0.0011946999002248049, "map_labels": 0.00020519993267953396, "sanity_checks": 0.00012980005703866482, "total": 0.011410199804231524}}