{"part_id": "3-5-12-12-19", "timings_sec": {"read_step": 0.009638899937272072, "enumerate_faces": 3.0199997127056122e-05, "build_adjacency": 0.000336499884724617, "extract_features": 0.001356600085273385, "map_labels": 0.00020590005442500114, "sanity_checks": 0.00014740019105374813, "total": 0.01171550014987588}}