{"part_id": "3-5-8-11-13-23", "timings_sec": {"read_step": 0.011789900017902255, "enumerate_faces": 3.2499898225069046e-05, "build_adjacency": 0.000358800170943141, "extract_features": 0.0013268000911921263, "map_labels": 0.00027030007913708687, "sanity_checks": 0.00022909999825060368, "total": 0.014007400255650282}}