{"part_id": "3-5-5-10-10-23", "timings_sec": {"read_step": 0.011715499917045236, "enumerate_faces": 3.229989670217037e-05, "build_adjacency": 0.0003915999550372362, "extract_features": 0.0015724000986665487, "map_labels": 0.00021869991905987263, "sanity_checks": 0.0001813000999391079, "total": 0.014111799886450171}}