{"part_id": "3-5-5-11-19", "timings_sec": {"read_step": 0.010855099884793162, "enumerate_faces": 3.090011887252331e-05, "build_adjacency": 0.0003565000370144844, "extract_features": 0.0013102998491376638, "map_labels": 0.00021289987489581108, "sanity_checks": 0.00016520009376108646, "total": 0.012930899858474731}}