{"part_id": "3-5-7-7-7-23", "timings_sec": {"read_step": 0.012911600060760975, "enumerate_faces": 3.5499921068549156e-05, "build_adjacency": 0.0003551999107003212, "extract_features": 0.0014665999915450811, "map_labels": 0.00022609997540712357, "sanity_checks": 0.00016179983504116535, "total": 0.015156799694523215}}