{"part_id": "3-5-7-7-9-23", "timings_sec": {"read_step": 0.010986499954015017, "enumerate_faces": 3.9599835872650146e-05, "build_adjacency": 0.0004906000103801489, "extract_features": 0.0015613001305609941, "map_labels": 0.00023179990239441395, "sanity_checks": 0.0001605998259037733, "total": 0.013470399659126997}}