{"part_id": "3-5-11-13-14-23", "timings_sec": {"read_step": 0.011126999976113439, "enumerate_faces": 3.1800009310245514e-05, "build_adjacency": 0.00036539998836815357, "extract_features": 0.0015913001261651516, "map_labels": 0.0002251998521387577, "sanity_checks": 0.00017659994773566723, "total": 0.013517299899831414}}