{"part_id": "3-5-11-13-13-23", "timings_sec": {"read_step": 0.01111209997907281, "enumerate_faces": 3.2400013878941536e-05, "build_adjacency": 0.000354900024831295, "extract_features": 0.0013003998901695013, "map_labels": 0.00022849999368190765, "sanity_checks": 0.00016439985483884811, "total": 0.013192699756473303}}