{"part_id": "3-5-13-14-14-23", "timings_sec": {"read_step": 0.00977529981173575, "enumerate_faces": 2.4999957531690598e-05, "build_adjacency": 0.00032110000029206276, "extract_features": 0.0011481000110507011, "map_labels": 0.00020319991745054722, "sanity_checks": 0.00017799995839595795, "total": 0.011650699656456709}}