{"part_id": "3-5-7-9-12-23", "timings_sec": {"read_step": 0.010650600073859096, "enumerate_faces": 3.3300137147307396e-05, "build_adjacency": 0.0003449998330324888, "extract_features": 0.0013800000306218863, "map_labels": 0.00021620001643896103, "sanity_checks": 0.00016360008157789707, "total": 0.012788700172677636}}