{"part_id": "3-5-12-13-13-23", "timings_sec": {"read_step": 0.010274800006300211, "enumerate_faces": 3.160000778734684e-05, "build_adjacency": 0.0003370000049471855, "extract_features": 0.0012064001057296991, "map_labels": 0.0002118998672813177, "sanity_checks": 0.0002492999192327261, "total": 0.012310999911278486}}