{"part_id": "3-5-6-8-8-23", "timings_sec": {"read_step": 0.00817420007660985, "enumerate_faces": 2.650008536875248e-05, "build_adjacency": 0.00028529996052384377, "extract_features": 0.0015558998566120863, "map_labels": 0.0002577998675405979, "sanity_checks": 0.00022829999215900898, "total": 0.01052799983881414}}