{"part_id": "3-5-7-10-13-23", "timings_sec": {"read_step": 0.009697300149127841, "enumerate_faces": 2.7999980375170708e-05, "build_adjacency": 0.00035460013896226883, "extract_features": 0.0013238000683486462, "map_labels": 0.00022799987345933914, "sanity_checks": 0.00015639979392290115, "total": 0.011788100004196167}}