{"part_id": "3-5-10-14-14-23", "timings_sec": {"read_step": 0.010395399993285537, "enumerate_faces": 2.4700071662664413e-05, "build_adjacency": 0.0006061999592930079, "extract_features": 0.002483000047504902, "map_labels": 0.0002562000881880522, "sanity_checks": 0.00028389994986355305, "total": 0.014049400109797716}}