{"part_id": "3-5-6-7-19", "timings_sec": {"read_step": 0.009862900013104081, "enumerate_faces": 2.7900096029043198e-05, "build_adjacency": 0.0002894001081585884, "extract_features": 0.0010426000226289034, "map_labels": 0.00023390003480017185, "sanity_checks": 0.00013260007835924625, "total": 0.011589300353080034}}