{"part_id": "3-5-5-12-12-23", "timings_sec": {"read_step": 0.011205499991774559, "enumerate_faces": 3.0800001695752144e-05, "build_adjacency": 0.0003877999261021614, "extract_features": 0.0013546000700443983, "map_labels": 0.00023479992523789406, "sanity_checks": 0.00025139981880784035, "total": 0.013464899733662605}}