{"part_id": "3-5-9-10-11-23", "timings_sec": {"read_step": 0.011966800084337592, "enumerate_faces": 3.2400013878941536e-05, "build_adjacency": 0.000395399983972311, "extract_features": 0.0015026000328361988, "map_labels": 0.00026439991779625416, "sanity_checks": 0.0002443999983370304, "total": 0.014406000031158328}}