{"part_id": "3-5-6-7-12-23", "timings_sec": {"read_step": 0.01018569990992546, "enumerate_faces": 3.120000474154949e-05, "build_adjacency": 0.0003426000475883484, "extract_features": 0.0013960001524537802, "map_labels": 0.0002476999070495367, "sanity_checks": 0.0001556000206619501, "total": 0.012358800042420626}}