{"part_id": "3-5-5-9-12-23", "timings_sec": {"read_step": 0.011223800014704466, "enumerate_faces": 3.20998951792717e-05, "build_adjacency": 0.00037269992753863335, "extract_features": 0.0015328999143093824, "map_labels": 0.00022249994799494743, "sanity_checks": 0.0001713999081403017, "total": 0.013555399607867002}}