{"part_id": "3-5-5-5-9-23", "timings_sec": {"read_step": 0.010947700124233961, "enumerate_faces": 2.7700094506144524e-05, "build_adjacency": 0.0004572998732328415, "extract_features": 0.0013328001368790865, "map_labels": 0.0002715999726206064, "sanity_checks": 0.00017470004968345165, "total": 0.013211800251156092}}