{"part_id": "3-5-10-11-11-23", "timings_sec": {"read_step": 0.013243800029158592, "enumerate_faces": 3.8800062611699104e-05, "build_adjacency": 0.0004688999615609646, "extract_features": 0.0017637000419199467, "map_labels": 0.00023290002718567848, "sanity_checks": 0.00022980011999607086, "total": 0.015977900242432952}}