{"part_id": "3-5-10-19", "timings_sec": {"read_step": 0.008364500012248755, "enumerate_faces": 2.7099857106804848e-05, "build_adjacency": 0.0002741999924182892, "extract_features": 0.0011026000138372183, "map_labels": 0.0002280001062899828, "sanity_checks": 0.0001330999657511711, "total": 0.01012949994765222}}