{"part_id": "3-5-6-11-13-23", "timings_sec": {"read_step": 0.010785100050270557, "enumerate_faces": 3.050011582672596e-05, "build_adjacency": 0.0003502999898046255, "extract_features": 0.0014564001467078924, "map_labels": 0.00021139997988939285, "sanity_checks": 0.00016620010137557983, "total": 0.012999900383874774}}