{"part_id": "3-5-5-5-10-23", "timings_sec": {"read_step": 0.011014499934390187, "enumerate_faces": 2.619996666908264e-05, "build_adjacency": 0.00037700007669627666, "extract_features": 0.0013639000244438648, "map_labels": 0.00020399992354214191, "sanity_checks": 0.00017620017752051353, "total": 0.013161800103262067}}