{"part_id": "3-5-9-10-14-23", "timings_sec": {"read_step": 0.010502299992367625, "enumerate_faces": 2.9899878427386284e-05, "build_adjacency": 0.000340400030836463, "extract_features": 0.0013407999649643898, "map_labels": 0.00019869999960064888, "sanity_checks": 0.00017740018665790558, "total": 0.012589500052854419}}