{"part_id": "3-5-11-12-14-23", "timings_sec": {"read_step": 0.012228799983859062, "enumerate_faces": 3.269989974796772e-05, "build_adjacency": 0.0004344999324530363, "extract_features": 0.0015364999417215586, "map_labels": 0.00022749998606741428, "sanity_checks": 0.0001827001105993986, "total": 0.014642699854448438}}