{"part_id": "3-5-5-12-13-23", "timings_sec": {"read_step": 0.012000699993222952, "enumerate_faces": 3.20998951792717e-05, "build_adjacency": 0.000447999918833375, "extract_features": 0.0012831001076847315, "map_labels": 0.00021580001339316368, "sanity_checks": 0.00016559986397624016, "total": 0.014145299792289734}}