{"part_id": "3-5-12-12-13-23", "timings_sec": {"read_step": 0.010472999885678291, "enumerate_faces": 2.8799986466765404e-05, "build_adjacency": 0.00036720000207424164, "extract_features": 0.0013198999222368002, "map_labels": 0.00021689990535378456, "sanity_checks": 0.00016119983047246933, "total": 0.012566999532282352}}