{"part_id": "3-5-7-8-9-23", "timings_sec": {"read_step": 0.010003200033679605, "enumerate_faces": 3.0800001695752144e-05, "build_adjacency": 0.0003268001601099968, "extract_features": 0.001216899836435914, "map_labels": 0.00020610005594789982, "sanity_checks": 0.00015430012717843056, "total": 0.011938100215047598}}