{"part_id": "3-5-10-10-11-23", "timings_sec": {"read_step": 0.01640000008046627, "enumerate_faces": 3.9899954572319984e-05, "build_adjacency": 0.0005407999269664288, "extract_features": 0.0015602000057697296, "map_labels": 0.00023010000586509705, "sanity_checks": 0.00019660010002553463, "total": 0.01896760007366538}}