{"part_id": "3-5-11-12-12-23", "timings_sec": {"read_step": 0.01228900020942092, "enumerate_faces": 4.079984501004219e-05, "build_adjacency": 0.0004696999676525593, "extract_features": 0.0015106999780982733, "map_labels": 0.000224399846047163, "sanity_checks": 0.0001862999051809311, "total": 0.014720899751409888}}