{"part_id": "3-5-8-11-12-23", "timings_sec": {"read_step": 0.011639999924227595, "enumerate_faces": 3.779982216656208e-05, "build_adjacency": 0.0005104001611471176, "extract_features": 0.0013872000854462385, "map_labels": 0.00021430011838674545, "sanity_checks": 0.0001735000405460596, "total": 0.013963200151920319}}