{"part_id": "3-5-9-9-14-23", "timings_sec": {"read_step": 0.011197000043466687, "enumerate_faces": 2.9499875381588936e-05, "build_adjacency": 0.0003486999776214361, "extract_features": 0.0012491000816226006, "map_labels": 0.00021379999816417694, "sanity_checks": 0.00016220007091760635, "total": 0.013200300047174096}}