{"part_id": "3-5-6-8-12-23", "timings_sec": {"read_step": 0.00955520011484623, "enumerate_faces": 2.519995905458927e-05, "build_adjacency": 0.00031749997287988663, "extract_features": 0.0011930998880416155, "map_labels": 0.00027020019479095936, "sanity_checks": 0.00019960012286901474, "total": 0.011560800252482295}}