{"part_id": "3-5-13-13-13-23", "timings_sec": {"read_step": 0.008214799920096993, "enumerate_faces": 3.0099879950284958e-05, "build_adjacency": 0.0002731999848037958, "extract_features": 0.0009810999035835266, "map_labels": 0.0002283998765051365, "sanity_checks": 0.00017959997057914734, "total": 0.009907199535518885}}