{"part_id": "3-5-10-12-12-23", "timings_sec": {"read_step": 0.01100539998151362, "enumerate_faces": 2.2999942302703857e-05, "build_adjacency": 0.0005465999711304903, "extract_features": 0.0013735999818891287, "map_labels": 0.00019829999655485153, "sanity_checks": 0.00018199998885393143, "total": 0.013328899862244725}}