{"part_id": "3-5-9-10-13-23", "timings_sec": {"read_step": 0.010378899984061718, "enumerate_faces": 2.6899855583906174e-05, "build_adjacency": 0.00034689996391534805, "extract_features": 0.0013077000621706247, "map_labels": 0.00028699985705316067, "sanity_checks": 0.0002614001277834177, "total": 0.012608799850568175}}