{"part_id": "3-5-12-12-14-23", "timings_sec": {"read_step": 0.011251799995079637, "enumerate_faces": 3.0199997127056122e-05, "build_adjacency": 0.00037240004166960716, "extract_features": 0.0013469001278281212, "map_labels": 0.0002117999829351902, "sanity_checks": 0.00017119990661740303, "total": 0.013384300051257014}}