{"part_id": "3-5-7-10-10-23", "timings_sec": {"read_step": 0.010766900144517422, "enumerate_faces": 3.2700132578611374e-05, "build_adjacency": 0.0003744000568985939, "extract_features": 0.001352099934592843, "map_labels": 0.00021580001339316368, "sanity_checks": 0.00017310003750026226, "total": 0.012915000319480896}}