{"part_id": "3-5-6-6-7-23", "timings_sec": {"read_step": 0.009474299848079681, "enumerate_faces": 2.6799971237778664e-05, "build_adjacency": 0.0002810999285429716, "extract_features": 0.001092800172045827, "map_labels": 0.00026539992541074753, "sanity_checks": 0.00013160007074475288, "total": 0.011271999916061759}}