{"part_id": "3-5-9-11-19", "timings_sec": {"read_step": 0.010361799970269203, "enumerate_faces": 2.9399991035461426e-05, "build_adjacency": 0.00033740000799298286, "extract_features": 0.0012433999218046665, "map_labels": 0.00020359992049634457, "sanity_checks": 0.00016179983504116535, "total": 0.012337399646639824}}