{"part_id": "3-5-7-12-13-23", "timings_sec": {"read_step": 0.010001899907365441, "enumerate_faces": 3.300001844763756e-05, "build_adjacency": 0.00045519997365772724, "extract_features": 0.0014648998621851206, "map_labels": 0.0002443999983370304, "sanity_checks": 0.0002296001184731722, "total": 0.01242899987846613}}