{"part_id": "3-5-8-9-11-23", "timings_sec": {"read_step": 0.010979099897667766, "enumerate_faces": 3.520003519952297e-05, "build_adjacency": 0.0005040999967604876, "extract_features": 0.0013609000016003847, "map_labels": 0.00019809999503195286, "sanity_checks": 0.00017320015467703342, "total": 0.013250600080937147}}