{"part_id": "3-5-6-7-8-23", "timings_sec": {"read_step": 0.009839699836447835, "enumerate_faces": 3.1499890610575676e-05, "build_adjacency": 0.00031349994242191315, "extract_features": 0.0011901999823749065, "map_labels": 0.00021549989469349384, "sanity_checks": 0.00014119991101324558, "total": 0.01173159945756197}}