{"part_id": "3-5-7-8-11-23", "timings_sec": {"read_step": 0.011143899988383055, "enumerate_faces": 2.9299873858690262e-05, "build_adjacency": 0.0003720999229699373, "extract_features": 0.0015423998702317476, "map_labels": 0.00020970008336007595, "sanity_checks": 0.00017470004968345165, "total": 0.013472099788486958}}