{"part_id": "3-5-7-8-8-23", "timings_sec": {"read_step": 0.009726900141686201, "enumerate_faces": 2.8099864721298218e-05, "build_adjacency": 0.00031260005198419094, "extract_features": 0.0011322000063955784, "map_labels": 0.00022920011542737484, "sanity_checks": 0.0002077000681310892, "total": 0.011636700248345733}}