{"part_id": "3-5-7-14-14-23", "timings_sec": {"read_step": 0.010091499891132116, "enumerate_faces": 2.719997428357601e-05, "build_adjacency": 0.000336499884724617, "extract_features": 0.0013799001462757587, "map_labels": 0.00022739986889064312, "sanity_checks": 0.00015210011042654514, "total": 0.012214599875733256}}