{"part_id": "3-5-9-14-14-23", "timings_sec": {"read_step": 0.01004369999282062, "enumerate_faces": 2.8099864721298218e-05, "build_adjacency": 0.0003418999258428812, "extract_features": 0.001249500084668398, "map_labels": 0.00021580001339316368, "sanity_checks": 0.00024749990552663803, "total": 0.012126499786973}}