{"part_id": "3-5-8-11-11-23", "timings_sec": {"read_step": 0.014175399905070662, "enumerate_faces": 3.1400006264448166e-05, "build_adjacency": 0.0004362999461591244, "extract_features": 0.0015442001167684793, "map_labels": 0.00023079989477992058, "sanity_checks": 0.0001938999630510807, "total": 0.016611999832093716}}