{"part_id": "3-5-14-14-19", "timings_sec": {"read_step": 0.009006599895656109, "enumerate_faces": 2.869986928999424e-05, "build_adjacency": 0.00030409987084567547, "extract_features": 0.0012471999507397413, "map_labels": 0.00020819995552301407, "sanity_checks": 0.00013500009663403034, "total": 0.010929799638688564}}