{"part_id": "3-5-7-13-13-23", "timings_sec": {"read_step": 0.00926760002039373, "enumerate_faces": 2.7300091460347176e-05, "build_adjacency": 0.0003147998359054327, "extract_features": 0.001332900021225214, "map_labels": 0.00021780002862215042, "sanity_checks": 0.00014439993537962437, "total": 0.011304799932986498}}