{"part_id": "3-5-5-5-14-23", "timings_sec": {"read_step": 0.015852099983021617, "enumerate_faces": 4.1400082409381866e-05, "build_adjacency": 0.0006532999686896801, "extract_features": 0.0015324000269174576, "map_labels": 0.00021929992362856865, "sanity_checks": 0.0001659998670220375, "total": 0.018464499851688743}}