{"part_id": "3-5-6-10-11-23", "timings_sec": {"read_step": 0.01176850008778274, "enumerate_faces": 2.8499867767095566e-05, "build_adjacency": 0.00038260011933743954, "extract_features": 0.0016320999711751938, "map_labels": 0.00022499985061585903, "sanity_checks": 0.0001993998885154724, "total": 0.014236099785193801}}