{"part_id": "3-5-8-12-12-23", "timings_sec": {"read_step": 0.011328200111165643, "enumerate_faces": 3.1400006264448166e-05, "build_adjacency": 0.0003525000065565109, "extract_features": 0.0013007000088691711, "map_labels": 0.00022400007583200932, "sanity_checks": 0.00018339999951422215, "total": 0.013420200208202004}}