{"part_id": "3-5-8-10-12-23", "timings_sec": {"read_step": 0.010765499901026487, "enumerate_faces": 2.810009755194187e-05, "build_adjacency": 0.0003557000309228897, "extract_features": 0.0013204000424593687, "map_labels": 0.00021609989926218987, "sanity_checks": 0.00016310019418597221, "total": 0.01284890016540885}}