{"part_id": "3-5-7-9-9-23", "timings_sec": {"read_step": 0.011022499995306134, "enumerate_faces": 4.539988003671169e-05, "build_adjacency": 0.0003613999579101801, "extract_features": 0.0013642001431435347, "map_labels": 0.00025049992837011814, "sanity_checks": 0.00016689999029040337, "total": 0.013210899895057082}}