{"part_id": "3-5-10-10-13-23", "timings_sec": {"read_step": 0.010725299827754498, "enumerate_faces": 3.169989213347435e-05, "build_adjacency": 0.0004420001059770584, "extract_features": 0.0013426998630166054, "map_labels": 0.00021469988860189915, "sanity_checks": 0.000175100052729249, "total": 0.012931499630212784}}