{"part_id": "3-5-5-5-7-23", "timings_sec": {"read_step": 0.010859500151127577, "enumerate_faces": 3.200001083314419e-05, "build_adjacency": 0.00036429986357688904, "extract_features": 0.0014327999670058489, "map_labels": 0.00021549989469349384, "sanity_checks": 0.0001645998563617468, "total": 0.0130686997435987}}