{"part_id": "3-5-8-8-8-23", "timings_sec": {"read_step": 0.008339200168848038, "enumerate_faces": 1.840014010667801e-05, "build_adjacency": 0.00028629996813833714, "extract_features": 0.001046100165694952, "map_labels": 0.00017370004206895828, "sanity_checks": 0.0001324999611824751, "total": 0.009996200446039438}}