{"part_id": "3-5-5-7-11-23", "timings_sec": {"read_step": 0.011394599918276072, "enumerate_faces": 2.9099872335791588e-05, "build_adjacency": 0.0003121001645922661, "extract_features": 0.0011068000458180904, "map_labels": 0.0002633000258356333, "sanity_checks": 0.00014699995517730713, "total": 0.01325289998203516}}