{"part_id": "3-5-6-8-11-23", "timings_sec": {"read_step": 0.010534599889069796, "enumerate_faces": 2.559996210038662e-05, "build_adjacency": 0.00036720000207424164, "extract_features": 0.001307500060647726, "map_labels": 0.00022150017321109772, "sanity_checks": 0.00018540001474320889, "total": 0.012641800101846457}}