{"part_id": "3-5-9-9-13-23", "timings_sec": {"read_step": 0.015219799941405654, "enumerate_faces": 4.119984805583954e-05, "build_adjacency": 0.0005681000184267759, "extract_features": 0.002368899993598461, "map_labels": 0.00028520007617771626, "sanity_checks": 0.00019910000264644623, "total": 0.018682299880310893}}