{"part_id": "3-5-8-9-10-23", "timings_sec": {"read_step": 0.013492199825122952, "enumerate_faces": 3.090011887252331e-05, "build_adjacency": 0.0003733998164534569, "extract_features": 0.0012821001000702381, "map_labels": 0.0002951000351458788, "sanity_checks": 0.0002482999116182327, "total": 0.015721999807283282}}