{"part_id": "3-5-5-7-14-23", "timings_sec": {"read_step": 0.011133600026369095, "enumerate_faces": 3.8899946957826614e-05, "build_adjacency": 0.000435100169852376, "extract_features": 0.0013878000900149345, "map_labels": 0.0002250999677926302, "sanity_checks": 0.00015940004959702492, "total": 0.013379900250583887}}