{"part_id": "3-5-5-12-14-23", "timings_sec": {"read_step": 0.01121730008162558, "enumerate_faces": 3.1499890610575676e-05, "build_adjacency": 0.0003665001131594181, "extract_features": 0.0013252000790089369, "map_labels": 0.0002142998855561018, "sanity_checks": 0.00017199991270899773, "total": 0.013326799962669611}}