{"part_id": "3-5-5-7-9-23", "timings_sec": {"read_step": 0.010987299960106611, "enumerate_faces": 3.160000778734684e-05, "build_adjacency": 0.00038490002043545246, "extract_features": 0.0012976001016795635, "map_labels": 0.00023770006373524666, "sanity_checks": 0.00018149986863136292, "total": 0.013120600022375584}}