{"part_id": "3-5-7-7-12-23", "timings_sec": {"read_step": 0.009293299866840243, "enumerate_faces": 3.110012039542198e-05, "build_adjacency": 0.00031849998049438, "extract_features": 0.0011267999652773142, "map_labels": 0.00021289987489581108, "sanity_checks": 0.00020769983530044556, "total": 0.011190299643203616}}