{"part_id": "3-5-5-9-10-23", "timings_sec": {"read_step": 0.010987999849021435, "enumerate_faces": 2.9900111258029938e-05, "build_adjacency": 0.00037109991535544395, "extract_features": 0.0015199000481516123, "map_labels": 0.00021149986423552036, "sanity_checks": 0.00017950008623301983, "total": 0.013299899874255061}}