{"part_id": "3-5-9-10-10-23", "timings_sec": {"read_step": 0.011079700198024511, "enumerate_faces": 3.550015389919281e-05, "build_adjacency": 0.00043329992331564426, "extract_features": 0.0015982999466359615, "map_labels": 0.0002229998353868723, "sanity_checks": 0.00018310011364519596, "total": 0.013552900170907378}}