{"part_id": "3-5-6-8-13-23", "timings_sec": {"read_step": 0.014698599930852652, "enumerate_faces": 3.6599813029170036e-05, "build_adjacency": 0.0005080001428723335, "extract_features": 0.0018784001003950834, "map_labels": 0.0002280001062899828, "sanity_checks": 0.00014439993537962437, "total": 0.017494000028818846}}