{"part_id": "3-5-6-9-10-23", "timings_sec": {"read_step": 0.010815099813044071, "enumerate_faces": 3.160000778734684e-05, "build_adjacency": 0.0003437998238950968, "extract_features": 0.0012833001092076302, "map_labels": 0.0002804999239742756, "sanity_checks": 0.0001674999948590994, "total": 0.01292179967276752}}