{"part_id": "3-5-6-6-13-23", "timings_sec": {"read_step": 0.007901699980720878, "enumerate_faces": 1.9700033590197563e-05, "build_adjacency": 0.000260199885815382, "extract_features": 0.0009453000966459513, "map_labels": 0.00017619994468986988, "sanity_checks": 0.00012609991244971752, "total": 0.009429199853911996}}