{"part_id": "3-5-11-11-19", "timings_sec": {"read_step": 0.012079000007361174, "enumerate_faces": 3.2400013878941536e-05, "build_adjacency": 0.0004000000189989805, "extract_features": 0.0015833000652492046, "map_labels": 0.00022389995865523815, "sanity_checks": 0.0001908999402076006, "total": 0.014509500004351139}}