{"part_id": "3-5-7-12-12-23", "timings_sec": {"read_step": 0.01097719999961555, "enumerate_faces": 3.529991954565048e-05, "build_adjacency": 0.00046399980783462524, "extract_features": 0.0013176000211387873, "map_labels": 0.00021690013818442822, "sanity_checks": 0.0001846000086516142, "total": 0.013195599894970655}}