{"part_id": "3-5-5-8-10-23", "timings_sec": {"read_step": 0.010795899899676442, "enumerate_faces": 2.9799994081258774e-05, "build_adjacency": 0.000354900024831295, "extract_features": 0.0013007998932152987, "map_labels": 0.00022109993733465672, "sanity_checks": 0.00016539986245334148, "total": 0.012867899611592293}}