{"part_id": "3-5-7-7-8-23", "timings_sec": {"read_step": 0.01039970014244318, "enumerate_faces": 3.3700140193104744e-05, "build_adjacency": 0.0003467998467385769, "extract_features": 0.0011573999654501677, "map_labels": 0.00021229987032711506, "sanity_checks": 0.00014769984409213066, "total": 0.012297599809244275}}