{"part_id": "3-5-5-6-14-23", "timings_sec": {"read_step": 0.010287800105288625, "enumerate_faces": 3.090011887252331e-05, "build_adjacency": 0.00034120003692805767, "extract_features": 0.001384899951517582, "map_labels": 0.00028169993311166763, "sanity_checks": 0.00015530013479292393, "total": 0.01248180028051138}}