{"part_id": "3-5-5-11-12-23", "timings_sec": {"read_step": 0.014709499897435308, "enumerate_faces": 3.360002301633358e-05, "build_adjacency": 0.00042390008457005024, "extract_features": 0.0016713999211788177, "map_labels": 0.00023999996483325958, "sanity_checks": 0.00018820003606379032, "total": 0.01726659992709756}}