{"part_id": "3-5-7-9-19", "timings_sec": {"read_step": 0.009202599991112947, "enumerate_faces": 3.309990279376507e-05, "build_adjacency": 0.00031960010528564453, "extract_features": 0.0011130000930279493, "map_labels": 0.00022300006821751595, "sanity_checks": 0.00014939997345209122, "total": 0.011040700133889914}}