{"part_id": "3-5-7-10-14-23", "timings_sec": {"read_step": 0.010217400034889579, "enumerate_faces": 2.5799963623285294e-05, "build_adjacency": 0.00035319989547133446, "extract_features": 0.0012741999235004187, "map_labels": 0.0002009000163525343, "sanity_checks": 0.00016210018657147884, "total": 0.01223360002040863}}