{"part_id": "3-5-6-7-10-23", "timings_sec": {"read_step": 0.009978400077670813, "enumerate_faces": 2.8300099074840546e-05, "build_adjacency": 0.00036179996095597744, "extract_features": 0.001263400074094534, "map_labels": 0.00021829991601407528, "sanity_checks": 0.00015899981372058392, "total": 0.012009199941530824}}