{"part_id": "3-5-8-13-13-23", "timings_sec": {"read_step": 0.009172300109639764, "enumerate_faces": 2.650008536875248e-05, "build_adjacency": 0.00029390002600848675, "extract_features": 0.0010599999222904444, "map_labels": 0.0002093999646604061, "sanity_checks": 0.0001401000190526247, "total": 0.010902200127020478}}