{"part_id": "3-5-5-6-12-23", "timings_sec": {"read_step": 0.01034160004928708, "enumerate_faces": 3.050011582672596e-05, "build_adjacency": 0.0003580001648515463, "extract_features": 0.0012942999601364136, "map_labels": 0.000215600011870265, "sanity_checks": 0.00015929993242025375, "total": 0.012399300234392285}}