{"part_id": "3-5-6-10-13-23", "timings_sec": {"read_step": 0.009792599827051163, "enumerate_faces": 3.2700132578611374e-05, "build_adjacency": 0.0004563999827951193, "extract_features": 0.0011760001070797443, "map_labels": 0.00020130001939833164, "sanity_checks": 0.0001503999810665846, "total": 0.011809400049969554}}