{"part_id": "3-5-9-12-13-23", "timings_sec": {"read_step": 0.010348099982365966, "enumerate_faces": 3.120000474154949e-05, "build_adjacency": 0.0003379001282155514, "extract_features": 0.001254800008609891, "map_labels": 0.000215600011870265, "sanity_checks": 0.00015980005264282227, "total": 0.012347400188446045}}