{"part_id": "3-5-7-14-19", "timings_sec": {"read_step": 0.0077708999160677195, "enumerate_faces": 2.5899847969412804e-05, "build_adjacency": 0.00026199989952147007, "extract_features": 0.0011430999729782343, "map_labels": 0.00020150002092123032, "sanity_checks": 0.00011799996718764305, "total": 0.00952139962464571}}