{"part_id": "3-5-9-9-10-23", "timings_sec": {"read_step": 0.010214099893346429, "enumerate_faces": 1.8700025975704193e-05, "build_adjacency": 0.0003294998314231634, "extract_features": 0.0014008998405188322, "map_labels": 0.0001797000877559185, "sanity_checks": 0.00016789999790489674, "total": 0.012310799676924944}}