{"part_id": "3-5-5-11-13-23", "timings_sec": {"read_step": 0.011907999869436026, "enumerate_faces": 3.220001235604286e-05, "build_adjacency": 0.00038260011933743954, "extract_features": 0.0014029999729245901, "map_labels": 0.00022220006212592125, "sanity_checks": 0.00017650006338953972, "total": 0.014124500099569559}}