{"part_id": "3-5-11-13-19", "timings_sec": {"read_step": 0.010340600041672587, "enumerate_faces": 2.940022386610508e-05, "build_adjacency": 0.00046529993414878845, "extract_features": 0.0012574000284075737, "map_labels": 0.00021369988098740578, "sanity_checks": 0.0001520998775959015, "total": 0.012458499986678362}}