{"part_id": "3-6-7-7-19", "timings_sec": {"read_step": 0.008893799968063831, "enumerate_faces": 2.650008536875248e-05, "build_adjacency": 0.00042239995673298836, "extract_features": 0.001007599988952279, "map_labels": 0.00019759987480938435, "sanity_checks": 0.00012390012852847576, "total": 0.010671800002455711}}