{"part_id": "3-6-6-6-10-23", "timings_sec": {"read_step": 0.012579299975186586, "enumerate_faces": 3.829994238913059e-05, "build_adjacency": 0.0004678999539464712, "extract_features": 0.0016695000231266022, "map_labels": 0.0002625000197440386, "sanity_checks": 0.00021989992819726467, "total": 0.015237399842590094}}