{"part_id": "3-6-11-12-13-23", "timings_sec": {"read_step": 0.00998309999704361, "enumerate_faces": 2.3300061002373695e-05, "build_adjacency": 0.00033680000342428684, "extract_features": 0.001274599926546216, "map_labels": 0.00018860003910958767, "sanity_checks": 0.00016240007244050503, "total": 0.011968800099566579}}