{"part_id": "3-6-6-12-19", "timings_sec": {"read_step": 0.011025300016626716, "enumerate_faces": 3.0899886041879654e-05, "build_adjacency": 0.00027359998784959316, "extract_features": 0.0019067998509854078, "map_labels": 0.00026400014758110046, "sanity_checks": 0.0002297000028192997, "total": 0.013730299891903996}}