{"part_id": "3-6-9-9-11-23", "timings_sec": {"read_step": 0.010681800078600645, "enumerate_faces": 2.7200207114219666e-05, "build_adjacency": 0.0003413998056203127, "extract_features": 0.0014384000096470118, "map_labels": 0.00020430004224181175, "sanity_checks": 0.00017499993555247784, "total": 0.012868100078776479}}