{"part_id": "3-6-10-14-19", "timings_sec": {"read_step": 0.008678399957716465, "enumerate_faces": 2.5399960577487946e-05, "build_adjacency": 0.0002794999163597822, "extract_features": 0.0011513999197632074, "map_labels": 0.00019780010916292667, "sanity_checks": 0.00013369997031986713, "total": 0.010466199833899736}}