{"part_id": "3-6-7-8-8-23", "timings_sec": {"read_step": 0.008096999954432249, "enumerate_faces": 2.719997428357601e-05, "build_adjacency": 0.0002570999786257744, "extract_features": 0.0009244999382644892, "map_labels": 0.0002041999250650406, "sanity_checks": 0.00011859997175633907, "total": 0.009628599742427468}}