{"part_id": "3-6-6-7-14-23", "timings_sec": {"read_step": 0.012368399882689118, "enumerate_faces": 4.0899962186813354e-05, "build_adjacency": 0.00047179986722767353, "extract_features": 0.00103829987347126, "map_labels": 0.00023279991000890732, "sanity_checks": 0.00012139999307692051, "total": 0.014273599488660693}}