{"part_id": "3-6-7-7-12-23", "timings_sec": {"read_step": 0.0099072998855263, "enumerate_faces": 2.8199981898069382e-05, "build_adjacency": 0.0003301000688225031, "extract_features": 0.0011802001390606165, "map_labels": 0.00020690006203949451, "sanity_checks": 0.00020720018073916435, "total": 0.011859900318086147}}