{"part_id": "3-6-11-13-14-23", "timings_sec": {"read_step": 0.010718199890106916, "enumerate_faces": 3.309990279376507e-05, "build_adjacency": 0.00034280004911124706, "extract_features": 0.0012475000694394112, "map_labels": 0.000219699926674366, "sanity_checks": 0.00016549997963011265, "total": 0.012726799817755818}}