{"part_id": "3-6-12-12-13-23", "timings_sec": {"read_step": 0.01023909985087812, "enumerate_faces": 3.50000336766243e-05, "build_adjacency": 0.00037219980731606483, "extract_features": 0.0012499000877141953, "map_labels": 0.00021540001034736633, "sanity_checks": 0.00016149994917213917, "total": 0.01227309973910451}}