{"part_id": "3-6-9-12-14-23", "timings_sec": {"read_step": 0.010094699915498495, "enumerate_faces": 2.719997428357601e-05, "build_adjacency": 0.00032890005968511105, "extract_features": 0.0012370999902486801, "map_labels": 0.00020130001939833164, "sanity_checks": 0.00015870016068220139, "total": 0.012047900119796395}}