{"part_id": "3-6-6-12-13-23", "timings_sec": {"read_step": 0.012750199995934963, "enumerate_faces": 2.6300083845853806e-05, "build_adjacency": 0.0003093997947871685, "extract_features": 0.0010875998996198177, "map_labels": 0.00019819987937808037, "sanity_checks": 0.00013360008597373962, "total": 0.014505299739539623}}