{"part_id": "3-6-7-7-13-23", "timings_sec": {"read_step": 0.009190100012347102, "enumerate_faces": 2.869986928999424e-05, "build_adjacency": 0.000297000166028738, "extract_features": 0.0012884000316262245, "map_labels": 0.00022089993581175804, "sanity_checks": 0.00013759988360106945, "total": 0.011162699898704886}}