{"part_id": "3-6-7-8-9-23", "timings_sec": {"read_step": 0.008853500010445714, "enumerate_faces": 2.969987690448761e-05, "build_adjacency": 0.0003003999590873718, "extract_features": 0.0013242000713944435, "map_labels": 0.00021260022185742855, "sanity_checks": 0.00014350004494190216, "total": 0.010863900184631348}}