{"part_id": "3-6-6-12-14-23", "timings_sec": {"read_step": 0.008819400100037456, "enumerate_faces": 2.2900057956576347e-05, "build_adjacency": 0.0003043999895453453, "extract_features": 0.001105699921026826, "map_labels": 0.0001898000482469797, "sanity_checks": 0.00013749999925494194, "total": 0.010579700116068125}}