{"part_id": "3-6-6-9-19", "timings_sec": {"read_step": 0.007944700075313449, "enumerate_faces": 2.3799948394298553e-05, "build_adjacency": 0.0002485997974872589, "extract_features": 0.0011451998725533485, "map_labels": 0.0001914000604301691, "sanity_checks": 0.00012449990026652813, "total": 0.009678199654445052}}