{"part_id": "3-6-7-13-19", "timings_sec": {"read_step": 0.008134800009429455, "enumerate_faces": 2.4399952962994576e-05, "build_adjacency": 0.0002498999238014221, "extract_features": 0.0009147999808192253, "map_labels": 0.00019329995848238468, "sanity_checks": 0.00011779996566474438, "total": 0.009634999791160226}}