{"part_id": "3-6-10-11-14-23", "timings_sec": {"read_step": 0.011210500029847026, "enumerate_faces": 3.120000474154949e-05, "build_adjacency": 0.0003684000112116337, "extract_features": 0.0014281000476330519, "map_labels": 0.0002202000468969345, "sanity_checks": 0.00017690006643533707, "total": 0.013435300206765532}}