{"part_id": "3-6-8-9-9-23", "timings_sec": {"read_step": 0.00895149982534349, "enumerate_faces": 3.0700117349624634e-05, "build_adjacency": 0.00030499999411404133, "extract_features": 0.0012908999342471361, "map_labels": 0.00020560016855597496, "sanity_checks": 0.00014820019714534283, "total": 0.01093190023675561}}