{"part_id": "3-6-6-11-11-23", "timings_sec": {"read_step": 0.01084819994866848, "enumerate_faces": 2.269982360303402e-05, "build_adjacency": 0.0003692000173032284, "extract_features": 0.001411000033840537, "map_labels": 0.00019249995239078999, "sanity_checks": 0.00018360000103712082, "total": 0.01302719977684319}}