{"part_id": "3-6-7-7-7-23", "timings_sec": {"read_step": 0.0072413000743836164, "enumerate_faces": 2.6999972760677338e-05, "build_adjacency": 0.00023339991457760334, "extract_features": 0.0008369998540729284, "map_labels": 0.00020699994638562202, "sanity_checks": 0.00010799989104270935, "total": 0.008653699653223157}}