{"part_id": "3-6-14-14-14-23", "timings_sec": {"read_step": 0.009169199969619513, "enumerate_faces": 2.759997732937336e-05, "build_adjacency": 0.00030889990739524364, "extract_features": 0.00117459986358881, "map_labels": 0.00025720009580254555, "sanity_checks": 0.00016539986245334148, "total": 0.011102899676188827}}