{"part_id": "3-6-9-10-14-23", "timings_sec": {"read_step": 0.009867100045084953, "enumerate_faces": 2.8399983420968056e-05, "build_adjacency": 0.0003296998329460621, "extract_features": 0.0013510000426322222, "map_labels": 0.00022909999825060368, "sanity_checks": 0.00016760011203587055, "total": 0.01197290001437068}}