{"part_id": "3-6-6-8-14-23", "timings_sec": {"read_step": 0.007349600084125996, "enumerate_faces": 2.3999949917197227e-05, "build_adjacency": 0.00024580000899732113, "extract_features": 0.0008797000627964735, "map_labels": 0.00018850015476346016, "sanity_checks": 0.0001721999142318964, "total": 0.008859800174832344}}