{"part_id": "3-6-7-12-14-23", "timings_sec": {"read_step": 0.009593300055712461, "enumerate_faces": 2.9999995604157448e-05, "build_adjacency": 0.0003303999546915293, "extract_features": 0.0011744999792426825, "map_labels": 0.00021199998445808887, "sanity_checks": 0.00014929985627532005, "total": 0.01148949982598424}}