{"part_id": "3-6-9-9-12-23", "timings_sec": {"read_step": 0.009855200070887804, "enumerate_faces": 3.229989670217037e-05, "build_adjacency": 0.0003355999942868948, "extract_features": 0.0016530000139027834, "map_labels": 0.0002470999024808407, "sanity_checks": 0.00015580002218484879, "total": 0.012278999900445342}}