{"part_id": "3-6-6-8-9-23", "timings_sec": {"read_step": 0.007917399983853102, "enumerate_faces": 3.1700124964118004e-05, "build_adjacency": 0.0003442000597715378, "extract_features": 0.000942799961194396, "map_labels": 0.00019090017303824425, "sanity_checks": 0.00012289988808333874, "total": 0.009549900190904737}}