{"part_id": "3-6-6-12-12-23", "timings_sec": {"read_step": 0.009061799850314856, "enumerate_faces": 1.859990879893303e-05, "build_adjacency": 0.0003255000337958336, "extract_features": 0.0011667001526802778, "map_labels": 0.0001913001760840416, "sanity_checks": 0.0001970999874174595, "total": 0.010961000109091401}}