{"part_id": "3-6-6-11-12-23", "timings_sec": {"read_step": 0.009926399914547801, "enumerate_faces": 2.240017056465149e-05, "build_adjacency": 0.00033760000951588154, "extract_features": 0.001278099836781621, "map_labels": 0.00019170017912983894, "sanity_checks": 0.00016289995983242989, "total": 0.011919100070372224}}