{"part_id": "3-6-6-13-13-23", "timings_sec": {"read_step": 0.009970200015231967, "enumerate_faces": 2.8099864721298218e-05, "build_adjacency": 0.0002452000044286251, "extract_features": 0.0008968000765889883, "map_labels": 0.0002085000742226839, "sanity_checks": 0.00010469998233020306, "total": 0.011453500017523766}}