{"part_id": "3-6-7-10-13-23", "timings_sec": {"read_step": 0.010382800130173564, "enumerate_faces": 3.060000017285347e-05, "build_adjacency": 0.0003160999622195959, "extract_features": 0.0011568998452275991, "map_labels": 0.00021980004385113716, "sanity_checks": 0.00015350012108683586, "total": 0.012259700102731586}}