{"part_id": "3-6-6-11-13-23", "timings_sec": {"read_step": 0.009313399903476238, "enumerate_faces": 2.3700064048171043e-05, "build_adjacency": 0.0003100999165326357, "extract_features": 0.0011724000796675682, "map_labels": 0.00019990000873804092, "sanity_checks": 0.000148500083014369, "total": 0.011168000055477023}}