{"part_id": "3-6-12-12-14-23", "timings_sec": {"read_step": 0.010245199780911207, "enumerate_faces": 2.6399968191981316e-05, "build_adjacency": 0.0004056000616401434, "extract_features": 0.00120749999769032, "map_labels": 0.00021530012600123882, "sanity_checks": 0.0002747999969869852, "total": 0.012374799931421876}}