{"part_id": "3-6-12-12-12-23", "timings_sec": {"read_step": 0.010521800024434924, "enumerate_faces": 2.619996666908264e-05, "build_adjacency": 0.00034369993954896927, "extract_features": 0.0013432998675853014, "map_labels": 0.00020610005594789982, "sanity_checks": 0.0002669999375939369, "total": 0.012708099791780114}}