{"part_id": "3-6-11-13-19", "timings_sec": {"read_step": 0.009003899991512299, "enumerate_faces": 5.179992876946926e-05, "build_adjacency": 0.00030159996822476387, "extract_features": 0.0010949000716209412, "map_labels": 0.00021689990535378456, "sanity_checks": 0.0001509999856352806, "total": 0.010820099851116538}}