{"part_id": "3-6-6-13-14-23", "timings_sec": {"read_step": 0.009475199971348047, "enumerate_faces": 2.5799963623285294e-05, "build_adjacency": 0.000283700181171298, "extract_features": 0.0010265999007970095, "map_labels": 0.00019349996000528336, "sanity_checks": 0.00013749999925494194, "total": 0.011142299976199865}}