{"part_id": "3-6-7-8-11-23", "timings_sec": {"read_step": 0.010116999968886375, "enumerate_faces": 2.7700094506144524e-05, "build_adjacency": 0.0003303999546915293, "extract_features": 0.0012378999963402748, "map_labels": 0.000282099936157465, "sanity_checks": 0.00027520000003278255, "total": 0.012270299950614572}}