{"part_id": "3-6-8-8-13-23", "timings_sec": {"read_step": 0.007776800077408552, "enumerate_faces": 2.229982055723667e-05, "build_adjacency": 0.00025480007752776146, "extract_features": 0.0009638001210987568, "map_labels": 0.0001797000877559185, "sanity_checks": 0.0001230998896062374, "total": 0.009320500073954463}}