{"part_id": "3-6-12-12-19", "timings_sec": {"read_step": 0.00909539987333119, "enumerate_faces": 2.6900088414549828e-05, "build_adjacency": 0.0002991999499499798, "extract_features": 0.0011008000001311302, "map_labels": 0.00020410004071891308, "sanity_checks": 0.00013409997336566448, "total": 0.010860499925911427}}