{"part_id": "3-6-12-13-14-23", "timings_sec": {"read_step": 0.009334900183603168, "enumerate_faces": 2.7799978852272034e-05, "build_adjacency": 0.00030610011890530586, "extract_features": 0.0011591999791562557, "map_labels": 0.00020379992201924324, "sanity_checks": 0.00014139991253614426, "total": 0.011173200095072389}}