{"part_id": "3-6-6-8-12-23", "timings_sec": {"read_step": 0.008912499994039536, "enumerate_faces": 3.20998951792717e-05, "build_adjacency": 0.0004537999629974365, "extract_features": 0.001090700039640069, "map_labels": 0.00019409996457397938, "sanity_checks": 0.00013420009054243565, "total": 0.010817399946972728}}