{"part_id": "3-6-9-11-14-23", "timings_sec": {"read_step": 0.014798999996855855, "enumerate_faces": 4.100007936358452e-05, "build_adjacency": 0.0006325000431388617, "extract_features": 0.0021383999846875668, "map_labels": 0.0002375999465584755, "sanity_checks": 0.00017530005425214767, "total": 0.01802380010485649}}