{"part_id": "3-6-8-9-14-23", "timings_sec": {"read_step": 0.008884100010618567, "enumerate_faces": 3.0300114303827286e-05, "build_adjacency": 0.0003068000078201294, "extract_features": 0.0011245999485254288, "map_labels": 0.0002142000012099743, "sanity_checks": 0.00014820019714534283, "total": 0.01070820027962327}}