{"part_id": "3-6-9-12-13-23", "timings_sec": {"read_step": 0.00993699999526143, "enumerate_faces": 3.120000474154949e-05, "build_adjacency": 0.00033519999124109745, "extract_features": 0.0013787997886538506, "map_labels": 0.00020890007726848125, "sanity_checks": 0.0001517001073807478, "total": 0.012042799964547157}}