{"part_id": "3-6-7-9-10-23", "timings_sec": {"read_step": 0.01004199986346066, "enumerate_faces": 2.7099857106804848e-05, "build_adjacency": 0.00041740015149116516, "extract_features": 0.0012555001303553581, "map_labels": 0.00022400007583200932, "sanity_checks": 0.00015840004198253155, "total": 0.012124400120228529}}