{"part_id": "3-6-7-7-8-23", "timings_sec": {"read_step": 0.008310999954119325, "enumerate_faces": 2.8099864721298218e-05, "build_adjacency": 0.00027240021154284477, "extract_features": 0.0009811997879296541, "map_labels": 0.00021139997988939285, "sanity_checks": 0.00021840003319084644, "total": 0.010022499831393361}}