{"part_id": "3-6-7-13-14-23", "timings_sec": {"read_step": 0.008647399954497814, "enumerate_faces": 2.519995905458927e-05, "build_adjacency": 0.00038160011172294617, "extract_features": 0.0011165000032633543, "map_labels": 0.00022060004994273186, "sanity_checks": 0.0001526998821645975, "total": 0.010543999960646033}}