{"part_id": "3-6-11-12-14-23", "timings_sec": {"read_step": 0.010354399913921952, "enumerate_faces": 2.3700064048171043e-05, "build_adjacency": 0.0003532001283019781, "extract_features": 0.001301799900829792, "map_labels": 0.00019049993716180325, "sanity_checks": 0.0001650000922381878, "total": 0.012388600036501884}}