{"part_id": "3-6-6-6-8-23", "timings_sec": {"read_step": 0.007946700090542436, "enumerate_faces": 2.8700102120637894e-05, "build_adjacency": 0.00024110008962452412, "extract_features": 0.0009480000007897615, "map_labels": 0.00024159997701644897, "sanity_checks": 0.0001154998317360878, "total": 0.009521600091829896}}