{"part_id": "3-6-7-13-13-23", "timings_sec": {"read_step": 0.009571099886670709, "enumerate_faces": 3.2899901270866394e-05, "build_adjacency": 0.0002857998479157686, "extract_features": 0.001090700039640069, "map_labels": 0.00021329987794160843, "sanity_checks": 0.000134199857711792, "total": 0.011327999411150813}}