{"part_id": "3-6-8-11-13-23", "timings_sec": {"read_step": 0.009917499963194132, "enumerate_faces": 2.9099872335791588e-05, "build_adjacency": 0.00032410002313554287, "extract_features": 0.001185599947348237, "map_labels": 0.00021080020815134048, "sanity_checks": 0.00019910000264644623, "total": 0.01186620001681149}}