{"part_id": "3-6-11-11-14-23", "timings_sec": {"read_step": 0.012255299836397171, "enumerate_faces": 3.0700117349624634e-05, "build_adjacency": 0.0003961001057177782, "extract_features": 0.0015577999874949455, "map_labels": 0.0002133999951183796, "sanity_checks": 0.00018650013953447342, "total": 0.014639800181612372}}