{"part_id": "3-6-7-7-14-23", "timings_sec": {"read_step": 0.008102700114250183, "enumerate_faces": 2.4799956008791924e-05, "build_adjacency": 0.00026800017803907394, "extract_features": 0.0011166001204401255, "map_labels": 0.0002242999617010355, "sanity_checks": 0.00012720003724098206, "total": 0.009863600367680192}}