{"part_id": "3-6-7-8-10-23", "timings_sec": {"read_step": 0.009610600071027875, "enumerate_faces": 3.169989213347435e-05, "build_adjacency": 0.0003190001007169485, "extract_features": 0.0011581999715417624, "map_labels": 0.00021620001643896103, "sanity_checks": 0.00016009993851184845, "total": 0.01149579999037087}}