{"part_id": "3-6-7-11-11-23", "timings_sec": {"read_step": 0.012096900027245283, "enumerate_faces": 3.0300114303827286e-05, "build_adjacency": 0.0003915999550372362, "extract_features": 0.0017369999550282955, "map_labels": 0.00022479984909296036, "sanity_checks": 0.00018570013344287872, "total": 0.014666300034150481}}