{"part_id": "3-6-7-8-19", "timings_sec": {"read_step": 0.007735599996522069, "enumerate_faces": 2.6800204068422318e-05, "build_adjacency": 0.0002562000881880522, "extract_features": 0.0010059000924229622, "map_labels": 0.00020080013200640678, "sanity_checks": 0.00011979998089373112, "total": 0.009345100494101644}}