{"part_id": "3-6-6-8-13-23", "timings_sec": {"read_step": 0.007260800106450915, "enumerate_faces": 2.5900080800056458e-05, "build_adjacency": 0.0002492000348865986, "extract_features": 0.0009683000389486551, "map_labels": 0.0002095999661833048, "sanity_checks": 0.00011630007065832615, "total": 0.008830100297927856}}