{"part_id": "3-6-6-14-14-23", "timings_sec": {"read_step": 0.009081300115212798, "enumerate_faces": 2.8399983420968056e-05, "build_adjacency": 0.00029719993472099304, "extract_features": 0.0012848000042140484, "map_labels": 0.00020370003767311573, "sanity_checks": 0.00013649999164044857, "total": 0.011031900066882372}}