{"part_id": "3-6-8-12-19", "timings_sec": {"read_step": 0.008303300011903048, "enumerate_faces": 2.659996971487999e-05, "build_adjacency": 0.0002655000425875187, "extract_features": 0.0009745999705046415, "map_labels": 0.00020080013200640678, "sanity_checks": 0.0001275001559406519, "total": 0.009898300282657146}}