{"part_id": "3-6-6-10-12-23", "timings_sec": {"read_step": 0.01002930011600256, "enumerate_faces": 2.8300099074840546e-05, "build_adjacency": 0.0003240997903048992, "extract_features": 0.0013445999938994646, "map_labels": 0.00022829999215900898, "sanity_checks": 0.0001596999354660511, "total": 0.012114299926906824}}