{"part_id": "3-6-8-10-10-23", "timings_sec": {"read_step": 0.009998299879953265, "enumerate_faces": 2.619996666908264e-05, "build_adjacency": 0.0003237000200897455, "extract_features": 0.0014472000766545534, "map_labels": 0.0002749999985098839, "sanity_checks": 0.00016569998115301132, "total": 0.012236099923029542}}