{"part_id": "3-6-6-10-10-23", "timings_sec": {"read_step": 0.009871300077065825, "enumerate_faces": 2.7900096029043198e-05, "build_adjacency": 0.00032650004141032696, "extract_features": 0.0013703000731766224, "map_labels": 0.00020950008183717728, "sanity_checks": 0.00015940004959702492, "total": 0.01196490041911602}}