{"part_id": "3-6-9-13-14-23", "timings_sec": {"read_step": 0.009229199960827827, "enumerate_faces": 2.619996666908264e-05, "build_adjacency": 0.000297000166028738, "extract_features": 0.001380999805405736, "map_labels": 0.00020740018226206303, "sanity_checks": 0.00014260015450417995, "total": 0.011283400235697627}}