{"part_id": "3-6-7-9-13-23", "timings_sec": {"read_step": 0.009634300135076046, "enumerate_faces": 2.719997428357601e-05, "build_adjacency": 0.00030349986627697945, "extract_features": 0.001113399863243103, "map_labels": 0.0002009999006986618, "sanity_checks": 0.00015350012108683586, "total": 0.011432899860665202}}