{"part_id": "3-7-11-11-11-23", "timings_sec": {"read_step": 0.013784100068733096, "enumerate_faces": 3.300001844763756e-05, "build_adjacency": 0.0005822998937219381, "extract_features": 0.0016973998863250017, "map_labels": 0.00022859987802803516, "sanity_checks": 0.00022160005755722523, "total": 0.016546999802812934}}