{"part_id": "3-7-12-12-14-23", "timings_sec": {"read_step": 0.010430400026962161, "enumerate_faces": 2.719997428357601e-05, "build_adjacency": 0.0004459000192582607, "extract_features": 0.0014158000703901052, "map_labels": 0.00023170001804828644, "sanity_checks": 0.0001596999354660511, "total": 0.01271070004440844}}