{"part_id": "3-7-8-11-12-23", "timings_sec": {"read_step": 0.010975099867209792, "enumerate_faces": 2.859998494386673e-05, "build_adjacency": 0.00043949997052550316, "extract_features": 0.0015710999723523855, "map_labels": 0.00022360007278621197, "sanity_checks": 0.00017320015467703342, "total": 0.013411100022494793}}