{"part_id": "3-7-8-10-19", "timings_sec": {"read_step": 0.009290399961173534, "enumerate_faces": 2.9199989512562752e-05, "build_adjacency": 0.0003782000858336687, "extract_features": 0.0010943999513983727, "map_labels": 0.00022240006364881992, "sanity_checks": 0.00013689999468624592, "total": 0.011151500046253204}}