{"part_id": "3-7-8-14-14-23", "timings_sec": {"read_step": 0.00909280008636415, "enumerate_faces": 2.6799971237778664e-05, "build_adjacency": 0.00030470010824501514, "extract_features": 0.0011989998165518045, "map_labels": 0.00022240006364881992, "sanity_checks": 0.0001495999749749899, "total": 0.010995300021022558}}