{"part_id": "3-7-7-13-13-23", "timings_sec": {"read_step": 0.009421400027349591, "enumerate_faces": 3.0700117349624634e-05, "build_adjacency": 0.0003345001023262739, "extract_features": 0.0010931999422609806, "map_labels": 0.00022520008496940136, "sanity_checks": 0.0001354999840259552, "total": 0.011240500258281827}}