{"part_id": "3-7-7-12-14-23", "timings_sec": {"read_step": 0.01000710017979145, "enumerate_faces": 2.569984644651413e-05, "build_adjacency": 0.00033599999733269215, "extract_features": 0.0012152998242527246, "map_labels": 0.00021530012600123882, "sanity_checks": 0.00015270011499524117, "total": 0.011952100088819861}}