{"part_id": "3-7-10-14-19", "timings_sec": {"read_step": 0.009273000061511993, "enumerate_faces": 2.8799986466765404e-05, "build_adjacency": 0.00030419998802244663, "extract_features": 0.0011018000077456236, "map_labels": 0.00021610013209283352, "sanity_checks": 0.00014909985475242138, "total": 0.011073000030592084}}