{"part_id": "3-7-10-11-14-23", "timings_sec": {"read_step": 0.012306399876251817, "enumerate_faces": 3.42000275850296e-05, "build_adjacency": 0.00038759992457926273, "extract_features": 0.0014503998681902885, "map_labels": 0.00022929999977350235, "sanity_checks": 0.0001835001166909933, "total": 0.014591399813070893}}