{"part_id": "3-7-10-10-19", "timings_sec": {"read_step": 0.009334600064903498, "enumerate_faces": 2.7399975806474686e-05, "build_adjacency": 0.000479700043797493, "extract_features": 0.0016830000095069408, "map_labels": 0.0002272999845445156, "sanity_checks": 0.00015219999477267265, "total": 0.011904200073331594}}