{"part_id": "3-7-10-12-13-23", "timings_sec": {"read_step": 0.01261829980649054, "enumerate_faces": 3.5499921068549156e-05, "build_adjacency": 0.00034600007347762585, "extract_features": 0.0016961998771876097, "map_labels": 0.00027609989047050476, "sanity_checks": 0.0002587998751550913, "total": 0.015230899443849921}}