{"part_id": "3-7-10-10-13-23", "timings_sec": {"read_step": 0.01008990011177957, "enumerate_faces": 2.9300106689333916e-05, "build_adjacency": 0.00033219996839761734, "extract_features": 0.0014324001967906952, "map_labels": 0.00022270018234848976, "sanity_checks": 0.00016309996135532856, "total": 0.012269600527361035}}