{"part_id": "3-7-8-11-13-23", "timings_sec": {"read_step": 0.010329999960958958, "enumerate_faces": 2.719997428357601e-05, "build_adjacency": 0.0003366998862475157, "extract_features": 0.0012419000267982483, "map_labels": 0.00021510012447834015, "sanity_checks": 0.0001620999537408352, "total": 0.012312999926507473}}