{"part_id": "3-7-8-10-13-23", "timings_sec": {"read_step": 0.009546299930661917, "enumerate_faces": 2.9900111258029938e-05, "build_adjacency": 0.0003146999515593052, "extract_features": 0.001165800029411912, "map_labels": 0.00021139997988939285, "sanity_checks": 0.0001533001195639372, "total": 0.011421400122344494}}