{"part_id": "3-7-11-11-12-23", "timings_sec": {"read_step": 0.01299690012820065, "enumerate_faces": 3.0199997127056122e-05, "build_adjacency": 0.0004187999293208122, "extract_features": 0.0016753999516367912, "map_labels": 0.0002171001397073269, "sanity_checks": 0.0002009999006986618, "total": 0.015539400046691298}}