{"part_id": "3-7-9-10-13-23", "timings_sec": {"read_step": 0.010118399979546666, "enumerate_faces": 2.9399991035461426e-05, "build_adjacency": 0.00032640015706419945, "extract_features": 0.00124739995226264, "map_labels": 0.00025429995730519295, "sanity_checks": 0.00017110002227127552, "total": 0.012147000059485435}}