{"part_id": "3-7-10-11-19", "timings_sec": {"read_step": 0.010774599853903055, "enumerate_faces": 3.300001844763756e-05, "build_adjacency": 0.0003527000080794096, "extract_features": 0.001276399940252304, "map_labels": 0.00022919988259673119, "sanity_checks": 0.0002351000439375639, "total": 0.012900999747216702}}