{"part_id": "3-7-8-13-13-23", "timings_sec": {"read_step": 0.010724700056016445, "enumerate_faces": 3.169989213347435e-05, "build_adjacency": 0.00028920010663568974, "extract_features": 0.0011717998422682285, "map_labels": 0.0002539998386055231, "sanity_checks": 0.0001324999611824751, "total": 0.012603899696841836}}