{"part_id": "3-7-7-7-11-23", "timings_sec": {"read_step": 0.011631299974396825, "enumerate_faces": 4.349998198449612e-05, "build_adjacency": 0.00044100009836256504, "extract_features": 0.0012350000906735659, "map_labels": 0.000224399846047163, "sanity_checks": 0.0001626000739634037, "total": 0.013737800065428019}}