{"part_id": "3-7-14-14-14-23", "timings_sec": {"read_step": 0.009536199970170856, "enumerate_faces": 2.410006709396839e-05, "build_adjacency": 0.00043809995986521244, "extract_features": 0.0011702999472618103, "map_labels": 0.00019560009241104126, "sanity_checks": 0.00015239999629557133, "total": 0.01151670003309846}}