{"part_id": "3-7-9-11-11-23", "timings_sec": {"read_step": 0.012638199841603637, "enumerate_faces": 3.210012800991535e-05, "build_adjacency": 0.00041600014083087444, "extract_features": 0.0015175000298768282, "map_labels": 0.00022469996474683285, "sanity_checks": 0.00020130001939833164, "total": 0.01502980012446642}}