{"part_id": "3-7-11-11-19", "timings_sec": {"read_step": 0.011077700182795525, "enumerate_faces": 3.0099879950284958e-05, "build_adjacency": 0.00036649988032877445, "extract_features": 0.001393600134178996, "map_labels": 0.0002226999495178461, "sanity_checks": 0.00017410004511475563, "total": 0.013264700071886182}}