{"part_id": "3-7-11-12-12-23", "timings_sec": {"read_step": 0.01174589991569519, "enumerate_faces": 2.5799963623285294e-05, "build_adjacency": 0.0003782999701797962, "extract_features": 0.001423100009560585, "map_labels": 0.00018940004520118237, "sanity_checks": 0.0001892999280244112, "total": 0.01395179983228445}}