{"part_id": "3-7-7-7-7-23", "timings_sec": {"read_step": 0.009800100000575185, "enumerate_faces": 2.95999925583601e-05, "build_adjacency": 0.0002842000685632229, "extract_features": 0.0010645999573171139, "map_labels": 0.00025120005011558533, "sanity_checks": 0.00013340008445084095, "total": 0.011563100153580308}}