{"part_id": "3-7-9-12-14-23", "timings_sec": {"read_step": 0.012225599959492683, "enumerate_faces": 4.20999713242054e-05, "build_adjacency": 0.0004986999556422234, "extract_features": 0.0018074000254273415, "map_labels": 0.00026629981584846973, "sanity_checks": 0.00024509988725185394, "total": 0.015085199614986777}}