{"part_id": "3-7-9-13-14-23", "timings_sec": {"read_step": 0.013142399955540895, "enumerate_faces": 2.9099872335791588e-05, "build_adjacency": 0.0004042999353259802, "extract_features": 0.0017415001057088375, "map_labels": 0.0002723999787122011, "sanity_checks": 0.0002723000943660736, "total": 0.01586199994198978}}