{"part_id": "3-7-7-11-11-23", "timings_sec": {"read_step": 0.019311399897560477, "enumerate_faces": 3.539980389177799e-05, "build_adjacency": 0.00041850004345178604, "extract_features": 0.0015239000786095858, "map_labels": 0.0002367000561207533, "sanity_checks": 0.0003154999576508999, "total": 0.02184139983728528}}