{"part_id": "3-7-7-13-14-23", "timings_sec": {"read_step": 0.009368000086396933, "enumerate_faces": 4.0700193494558334e-05, "build_adjacency": 0.0004775999113917351, "extract_features": 0.0011318998876959085, "map_labels": 0.00025649997405707836, "sanity_checks": 0.00014439993537962437, "total": 0.011419099988415837}}