{"part_id": "3-7-7-13-19", "timings_sec": {"read_step": 0.008126900065690279, "enumerate_faces": 2.2799940779805183e-05, "build_adjacency": 0.00028309994377195835, "extract_features": 0.001178199891000986, "map_labels": 0.00024090008810162544, "sanity_checks": 0.00020620017312467098, "total": 0.010058100102469325}}