{"part_id": "3-7-10-12-19", "timings_sec": {"read_step": 0.009490199852734804, "enumerate_faces": 3.200001083314419e-05, "build_adjacency": 0.0003195998724550009, "extract_features": 0.0011622998863458633, "map_labels": 0.00021410011686384678, "sanity_checks": 0.00018179998733103275, "total": 0.011399999726563692}}