{"part_id": "3-7-11-13-19", "timings_sec": {"read_step": 0.009392400039359927, "enumerate_faces": 2.6300083845853806e-05, "build_adjacency": 0.00030800001695752144, "extract_features": 0.0012083000037819147, "map_labels": 0.00020199990831315517, "sanity_checks": 0.0001449999399483204, "total": 0.011281999992206693}}