{"part_id": "3-7-9-12-12-23", "timings_sec": {"read_step": 0.010719300014898181, "enumerate_faces": 3.060000017285347e-05, "build_adjacency": 0.00044579990208148956, "extract_features": 0.0013873998541384935, "map_labels": 0.00021500000730156898, "sanity_checks": 0.00016830000095069408, "total": 0.01296639977954328}}