{"part_id": "3-7-8-10-11-23", "timings_sec": {"read_step": 0.011798599967733026, "enumerate_faces": 2.8099864721298218e-05, "build_adjacency": 0.0003618001937866211, "extract_features": 0.0013608001172542572, "map_labels": 0.00024119997397065163, "sanity_checks": 0.00021229987032711506, "total": 0.014002799987792969}}