{"part_id": "3-7-10-10-12-23", "timings_sec": {"read_step": 0.010971700074151158, "enumerate_faces": 3.5700155422091484e-05, "build_adjacency": 0.0003947000950574875, "extract_features": 0.0013840000610798597, "map_labels": 0.0002131001092493534, "sanity_checks": 0.00017520016990602016, "total": 0.01317440066486597}}