{"part_id": "3-7-7-7-13-23", "timings_sec": {"read_step": 0.009458400076255202, "enumerate_faces": 2.9300106689333916e-05, "build_adjacency": 0.00032270001247525215, "extract_features": 0.001154900062829256, "map_labels": 0.00021330011077225208, "sanity_checks": 0.00014119991101324558, "total": 0.011319800280034542}}