{"part_id": "3-7-11-14-14-23", "timings_sec": {"read_step": 0.01078200014308095, "enumerate_faces": 2.6900088414549828e-05, "build_adjacency": 0.0003622998483479023, "extract_features": 0.0014934998471289873, "map_labels": 0.00020690006203949451, "sanity_checks": 0.00016870000399649143, "total": 0.013040299993008375}}