{"part_id": "3-7-8-14-19", "timings_sec": {"read_step": 0.007937799906358123, "enumerate_faces": 2.6399968191981316e-05, "build_adjacency": 0.0002758000046014786, "extract_features": 0.0011044000275433064, "map_labels": 0.00019900011830031872, "sanity_checks": 0.00012999982573091984, "total": 0.009673399850726128}}