{"part_id": "3-7-9-11-14-23", "timings_sec": {"read_step": 0.011505299946293235, "enumerate_faces": 3.190012648701668e-05, "build_adjacency": 0.00037029990926384926, "extract_features": 0.001375799998641014, "map_labels": 0.0002297000028192997, "sanity_checks": 0.00017499993555247784, "total": 0.013687999919056892}}