{"part_id": "3-7-7-9-11-23", "timings_sec": {"read_step": 0.010523899924010038, "enumerate_faces": 2.3600179702043533e-05, "build_adjacency": 0.00036839977838099003, "extract_features": 0.0013279998674988747, "map_labels": 0.00019370019435882568, "sanity_checks": 0.00017370004206895828, "total": 0.01261129998601973}}