{"part_id": "3-7-7-11-12-23", "timings_sec": {"read_step": 0.01162190013565123, "enumerate_faces": 3.1899893656373024e-05, "build_adjacency": 0.0003899999428540468, "extract_features": 0.0013911998830735683, "map_labels": 0.00021760002709925175, "sanity_checks": 0.0001751999370753765, "total": 0.013827799819409847}}