{"part_id": "3-7-10-11-12-23", "timings_sec": {"read_step": 0.012408100068569183, "enumerate_faces": 3.5400036722421646e-05, "build_adjacency": 0.00040369993075728416, "extract_features": 0.0014587999321520329, "map_labels": 0.0002234000712633133, "sanity_checks": 0.00019180006347596645, "total": 0.014721200102940202}}