{"part_id": "3-7-13-14-19", "timings_sec": {"read_step": 0.008073000004515052, "enumerate_faces": 2.5999965146183968e-05, "build_adjacency": 0.000336300116032362, "extract_features": 0.001030100043863058, "map_labels": 0.00019509997218847275, "sanity_checks": 0.00012420001439750195, "total": 0.00978470011614263}}