{"part_id": "3-7-8-12-13-23", "timings_sec": {"read_step": 0.010066099930554628, "enumerate_faces": 3.0800001695752144e-05, "build_adjacency": 0.0003149998374283314, "extract_features": 0.0013196999207139015, "map_labels": 0.00021909992210566998, "sanity_checks": 0.0001455999445170164, "total": 0.0120962995570153}}