{"part_id": "3-7-10-11-13-23", "timings_sec": {"read_step": 0.011069899890571833, "enumerate_faces": 2.95999925583601e-05, "build_adjacency": 0.0003657001070678234, "extract_features": 0.0013471001293510199, "map_labels": 0.00021569989621639252, "sanity_checks": 0.0001813000999391079, "total": 0.013209300115704536}}