{"part_id": "3-7-8-10-12-23", "timings_sec": {"read_step": 0.010403300169855356, "enumerate_faces": 3.0800001695752144e-05, "build_adjacency": 0.00033829989843070507, "extract_features": 0.0012566999066621065, "map_labels": 0.0002125999890267849, "sanity_checks": 0.00016529997810721397, "total": 0.012406999943777919}}