{"part_id": "3-7-11-13-14-23", "timings_sec": {"read_step": 0.010494800051674247, "enumerate_faces": 2.619996666908264e-05, "build_adjacency": 0.0003420999273657799, "extract_features": 0.0013562000822275877, "map_labels": 0.00022749998606741428, "sanity_checks": 0.0002655000425875187, "total": 0.01271230005659163}}