{"part_id": "3-7-13-13-13-23", "timings_sec": {"read_step": 0.014098099898546934, "enumerate_faces": 3.560003824532032e-05, "build_adjacency": 0.00045909988693892956, "extract_features": 0.0010871998965740204, "map_labels": 0.00022629997693002224, "sanity_checks": 0.00013420009054243565, "total": 0.016040499787777662}}