{"part_id": "3-7-11-11-14-23", "timings_sec": {"read_step": 0.021969599882140756, "enumerate_faces": 3.429991193115711e-05, "build_adjacency": 0.0005431000608950853, "extract_features": 0.0015286998823285103, "map_labels": 0.00022220006212592125, "sanity_checks": 0.00019820011220872402, "total": 0.024496099911630154}}