{"part_id": "3-7-8-12-12-23", "timings_sec": {"read_step": 0.010279900161549449, "enumerate_faces": 2.9399991035461426e-05, "build_adjacency": 0.0003380998969078064, "extract_features": 0.0014274998102337122, "map_labels": 0.00020970008336007595, "sanity_checks": 0.00015629990957677364, "total": 0.012440899852663279}}