{"part_id": "3-7-7-12-13-23", "timings_sec": {"read_step": 0.009492799872532487, "enumerate_faces": 2.719997428357601e-05, "build_adjacency": 0.00044029997661709785, "extract_features": 0.0012971998658031225, "map_labels": 0.0002147001214325428, "sanity_checks": 0.00015089986845850945, "total": 0.011623099679127336}}