{"part_id": "3-7-12-12-13-23", "timings_sec": {"read_step": 0.010533400112763047, "enumerate_faces": 3.390014171600342e-05, "build_adjacency": 0.000341600039973855, "extract_features": 0.0012454998213797808, "map_labels": 0.0002266999799758196, "sanity_checks": 0.0001550999004393816, "total": 0.012536199996247888}}