{"part_id": "3-7-8-11-11-23", "timings_sec": {"read_step": 0.012097700033336878, "enumerate_faces": 2.95999925583601e-05, "build_adjacency": 0.0003863000310957432, "extract_features": 0.0016612999606877565, "map_labels": 0.0002226999495178461, "sanity_checks": 0.00025640008971095085, "total": 0.014654000056907535}}