{"part_id": "3-7-13-13-14-23", "timings_sec": {"read_step": 0.008960699895396829, "enumerate_faces": 2.9300106689333916e-05, "build_adjacency": 0.00029959995299577713, "extract_features": 0.0010847998782992363, "map_labels": 0.00021070009097456932, "sanity_checks": 0.00014750007539987564, "total": 0.010732599999755621}}