{"part_id": "3-8-11-12-12-23", "timings_sec": {"read_step": 0.011335199931636453, "enumerate_faces": 3.1400006264448166e-05, "build_adjacency": 0.0003800999838858843, "extract_features": 0.0014195998664945364, "map_labels": 0.0002808000426739454, "sanity_checks": 0.0001759000588208437, "total": 0.01362299988977611}}