{"part_id": "3-8-13-13-19", "timings_sec": {"read_step": 0.007453899830579758, "enumerate_faces": 2.7099857106804848e-05, "build_adjacency": 0.0002484000287950039, "extract_features": 0.0008989998605102301, "map_labels": 0.00020399992354214191, "sanity_checks": 0.00011490005999803543, "total": 0.008947299560531974}}