{"part_id": "3-8-8-13-13-23", "timings_sec": {"read_step": 0.013664899859577417, "enumerate_faces": 3.390014171600342e-05, "build_adjacency": 0.00027439999394118786, "extract_features": 0.0009906000923365355, "map_labels": 0.00023239990696310997, "sanity_checks": 0.00018919981084764004, "total": 0.015385399805381894}}