{"part_id": "3-8-11-13-14-23", "timings_sec": {"read_step": 0.010547500103712082, "enumerate_faces": 3.360002301633358e-05, "build_adjacency": 0.00034099980257451534, "extract_features": 0.0012636000756174326, "map_labels": 0.00021340022794902325, "sanity_checks": 0.00015770015306770802, "total": 0.012556800385937095}}