{"part_id": "3-8-12-19", "timings_sec": {"read_step": 0.007213700097054243, "enumerate_faces": 2.7399975806474686e-05, "build_adjacency": 0.00024940003640949726, "extract_features": 0.0009832000359892845, "map_labels": 0.0002101000864058733, "sanity_checks": 0.00011380016803741455, "total": 0.008797600399702787}}