{"part_id": "3-8-9-14-19", "timings_sec": {"read_step": 0.008300499990582466, "enumerate_faces": 2.6999972760677338e-05, "build_adjacency": 0.0004322000313550234, "extract_features": 0.0010357999708503485, "map_labels": 0.00020890007726848125, "sanity_checks": 0.00012989994138479233, "total": 0.010134299984201789}}