{"part_id": "3-8-8-11-11-23", "timings_sec": {"read_step": 0.01389750000089407, "enumerate_faces": 6.520003080368042e-05, "build_adjacency": 0.0004956000484526157, "extract_features": 0.0016783999744802713, "map_labels": 0.00030070007778704166, "sanity_checks": 0.00031700008548796177, "total": 0.01675440021790564}}