{"part_id": "3-8-9-10-13-23", "timings_sec": {"read_step": 0.009430099977180362, "enumerate_faces": 2.8799986466765404e-05, "build_adjacency": 0.0003130000550299883, "extract_features": 0.0014853000175207853, "map_labels": 0.00022440007887780666, "sanity_checks": 0.00015989993698894978, "total": 0.011641500052064657}}