{"part_id": "3-8-10-13-14-23", "timings_sec": {"read_step": 0.01023650006391108, "enumerate_faces": 3.0099879950284958e-05, "build_adjacency": 0.0003120000474154949, "extract_features": 0.0011579999700188637, "map_labels": 0.00021450011990964413, "sanity_checks": 0.0001471999567002058, "total": 0.012098300037905574}}