{"part_id": "3-8-12-12-13-23", "timings_sec": {"read_step": 0.00948270014487207, "enumerate_faces": 2.5300076231360435e-05, "build_adjacency": 0.00031949998810887337, "extract_features": 0.0012697000056505203, "map_labels": 0.00020150002092123032, "sanity_checks": 0.00014699995517730713, "total": 0.011445700190961361}}