{"part_id": "3-8-11-12-14-23", "timings_sec": {"read_step": 0.011063199955970049, "enumerate_faces": 2.659996971487999e-05, "build_adjacency": 0.0003657999914139509, "extract_features": 0.0015783000271767378, "map_labels": 0.00021860003471374512, "sanity_checks": 0.00017840019427239895, "total": 0.013430900173261762}}