{"part_id": "3-8-12-12-19", "timings_sec": {"read_step": 0.00890300003811717, "enumerate_faces": 3.400002606213093e-05, "build_adjacency": 0.00041200011037290096, "extract_features": 0.001086600124835968, "map_labels": 0.00019369996152818203, "sanity_checks": 0.00013810000382363796, "total": 0.01076740026473999}}