{"part_id": "3-8-9-9-12-23", "timings_sec": {"read_step": 0.010351200122386217, "enumerate_faces": 3.1400006264448166e-05, "build_adjacency": 0.0003325999714434147, "extract_features": 0.0014405001420527697, "map_labels": 0.00020829983986914158, "sanity_checks": 0.0001596999354660511, "total": 0.012523700017482042}}