{"part_id": "3-8-11-11-11-23", "timings_sec": {"read_step": 0.013803600100800395, "enumerate_faces": 2.8899870812892914e-05, "build_adjacency": 0.0006271000020205975, "extract_features": 0.002181400079280138, "map_labels": 0.0002950001507997513, "sanity_checks": 0.00036239996552467346, "total": 0.017298400169238448}}