{"part_id": "3-8-8-10-13-23", "timings_sec": {"read_step": 0.012797700008377433, "enumerate_faces": 3.809994086623192e-05, "build_adjacency": 0.000512000173330307, "extract_features": 0.0019517999608069658, "map_labels": 0.0002810000441968441, "sanity_checks": 0.00025269994512200356, "total": 0.015833300072699785}}