{"part_id": "3-8-8-8-11-23", "timings_sec": {"read_step": 0.009834500029683113, "enumerate_faces": 2.6399968191981316e-05, "build_adjacency": 0.00032190000638365746, "extract_features": 0.0013276999816298485, "map_labels": 0.000197199871763587, "sanity_checks": 0.00014999997802078724, "total": 0.011857699835672975}}