{"part_id": "3-8-12-14-19", "timings_sec": {"read_step": 0.009809999959543347, "enumerate_faces": 3.0100112780928612e-05, "build_adjacency": 0.00029840017668902874, "extract_features": 0.0010436000302433968, "map_labels": 0.00021119997836649418, "sanity_checks": 0.00013200007379055023, "total": 0.011525300331413746}}