{"part_id": "3-8-9-11-12-23", "timings_sec": {"read_step": 0.011398599948734045, "enumerate_faces": 3.160000778734684e-05, "build_adjacency": 0.00037940009497106075, "extract_features": 0.0013633000198751688, "map_labels": 0.00021319999359548092, "sanity_checks": 0.00018079997971653938, "total": 0.013566900044679642}}