{"part_id": "3-8-8-14-19", "timings_sec": {"read_step": 0.007694900035858154, "enumerate_faces": 2.519995905458927e-05, "build_adjacency": 0.00025880010798573494, "extract_features": 0.0009320999961346388, "map_labels": 0.00020260014571249485, "sanity_checks": 0.00011900020763278008, "total": 0.009232600452378392}}