{"part_id": "3-8-8-10-11-23", "timings_sec": {"read_step": 0.015210399869829416, "enumerate_faces": 3.96000687032938e-05, "build_adjacency": 0.0006065000779926777, "extract_features": 0.002117500174790621, "map_labels": 0.00029530003666877747, "sanity_checks": 0.0003060000017285347, "total": 0.01857530022971332}}