{"part_id": "3-8-8-9-12-23", "timings_sec": {"read_step": 0.009623799938708544, "enumerate_faces": 3.0199997127056122e-05, "build_adjacency": 0.0003434000536799431, "extract_features": 0.0011793000157922506, "map_labels": 0.00020779995247721672, "sanity_checks": 0.00014659995213150978, "total": 0.01153109990991652}}