{"part_id": "3-8-9-10-10-23", "timings_sec": {"read_step": 0.017322500003501773, "enumerate_faces": 4.1400082409381866e-05, "build_adjacency": 0.0006029000505805016, "extract_features": 0.0021796999499201775, "map_labels": 0.0002834999468177557, "sanity_checks": 0.00030860002152621746, "total": 0.020738600054755807}}