{"part_id": "3-8-8-13-19", "timings_sec": {"read_step": 0.007223699940368533, "enumerate_faces": 2.059992402791977e-05, "build_adjacency": 0.00023889984004199505, "extract_features": 0.0010122000239789486, "map_labels": 0.00019980012439191341, "sanity_checks": 0.00011190003715455532, "total": 0.008807099889963865}}