{"part_id": "3-8-9-12-13-23", "timings_sec": {"read_step": 0.009431099984794855, "enumerate_faces": 2.5600194931030273e-05, "build_adjacency": 0.000305800000205636, "extract_features": 0.0011881999671459198, "map_labels": 0.0002009000163525343, "sanity_checks": 0.00014539994299411774, "total": 0.011297000106424093}}