{"part_id": "3-8-11-11-14-23", "timings_sec": {"read_step": 0.012099199928343296, "enumerate_faces": 3.110012039542198e-05, "build_adjacency": 0.0005305998492985964, "extract_features": 0.00145619991235435, "map_labels": 0.00022740010172128677, "sanity_checks": 0.00019189994782209396, "total": 0.014536399859935045}}