{"part_id": "3-8-10-14-19", "timings_sec": {"read_step": 0.008615199942141771, "enumerate_faces": 3.3999793231487274e-05, "build_adjacency": 0.0002973000518977642, "extract_features": 0.0011595000978559256, "map_labels": 0.0002375999465584755, "sanity_checks": 0.00016309996135532856, "total": 0.010506699793040752}}