{"part_id": "3-8-8-9-10-23", "timings_sec": {"read_step": 0.009363600052893162, "enumerate_faces": 2.750009298324585e-05, "build_adjacency": 0.0003116999287158251, "extract_features": 0.0011720000766217709, "map_labels": 0.00021760002709925175, "sanity_checks": 0.00015739980153739452, "total": 0.01124979997985065}}