{"part_id": "3-8-11-11-13-23", "timings_sec": {"read_step": 0.012161700055003166, "enumerate_faces": 3.200001083314419e-05, "build_adjacency": 0.00038189999759197235, "extract_features": 0.001420099986717105, "map_labels": 0.0002305998932570219, "sanity_checks": 0.00018710014410316944, "total": 0.014413400087505579}}