{"part_id": "3-8-13-19", "timings_sec": {"read_step": 0.006640499923378229, "enumerate_faces": 2.3700064048171043e-05, "build_adjacency": 0.0002142998855561018, "extract_features": 0.0007871999405324459, "map_labels": 0.00018820003606379032, "sanity_checks": 0.00010790000669658184, "total": 0.00796179985627532}}