{"part_id": "3-8-10-10-14-23", "timings_sec": {"read_step": 0.010334300110116601, "enumerate_faces": 3.060000017285347e-05, "build_adjacency": 0.000349600100889802, "extract_features": 0.0012695000041276217, "map_labels": 0.00021279999054968357, "sanity_checks": 0.00017030001617968082, "total": 0.012367100222036242}}