{"part_id": "3-8-10-10-19", "timings_sec": {"read_step": 0.008952799951657653, "enumerate_faces": 2.4999957531690598e-05, "build_adjacency": 0.0004195000510662794, "extract_features": 0.0011181000154465437, "map_labels": 0.00018860003910958767, "sanity_checks": 0.0001442998182028532, "total": 0.010848299833014607}}