{"part_id": "3-8-11-13-19", "timings_sec": {"read_step": 0.008531100116670132, "enumerate_faces": 2.4799956008791924e-05, "build_adjacency": 0.0002896001096814871, "extract_features": 0.0011013001203536987, "map_labels": 0.00019569997675716877, "sanity_checks": 0.00013929978013038635, "total": 0.010281800059601665}}