{"part_id": "3-8-13-13-14-23", "timings_sec": {"read_step": 0.009381999960169196, "enumerate_faces": 2.6300083845853806e-05, "build_adjacency": 0.00029090000316500664, "extract_features": 0.001262800069525838, "map_labels": 0.00019739987328648567, "sanity_checks": 0.00013679987750947475, "total": 0.011296199867501855}}