{"part_id": "3-8-12-13-14-23", "timings_sec": {"read_step": 0.009552199859172106, "enumerate_faces": 3.200001083314419e-05, "build_adjacency": 0.0003255999181419611, "extract_features": 0.0011452999897301197, "map_labels": 0.00021709990687668324, "sanity_checks": 0.00015139998868107796, "total": 0.011423599673435092}}