{"part_id": "3-8-10-12-12-23", "timings_sec": {"read_step": 0.011110099963843822, "enumerate_faces": 3.229989670217037e-05, "build_adjacency": 0.0003633000887930393, "extract_features": 0.0013043999206274748, "map_labels": 0.00022109993733465672, "sanity_checks": 0.00016569998115301132, "total": 0.013196899788454175}}