{"part_id": "3-8-9-12-12-23", "timings_sec": {"read_step": 0.011280700098723173, "enumerate_faces": 2.9799994081258774e-05, "build_adjacency": 0.000364100094884634, "extract_features": 0.0014372000005096197, "map_labels": 0.00022109993733465672, "sanity_checks": 0.00017369980923831463, "total": 0.013506599934771657}}