{"part_id": "3-8-12-13-13-23", "timings_sec": {"read_step": 0.008997999830171466, "enumerate_faces": 2.71000899374485e-05, "build_adjacency": 0.00030150008387863636, "extract_features": 0.001088300021365285, "map_labels": 0.0002093000803142786, "sanity_checks": 0.0001371998805552721, "total": 0.010761399986222386}}