{"part_id": "3-8-8-12-14-23", "timings_sec": {"read_step": 0.00898279994726181, "enumerate_faces": 1.9399914890527725e-05, "build_adjacency": 0.0002897998783737421, "extract_features": 0.001083199866116047, "map_labels": 0.00018330011516809464, "sanity_checks": 0.0001376001164317131, "total": 0.010696099838241935}}