{"part_id": "3-8-9-9-10-23", "timings_sec": {"read_step": 0.009764699963852763, "enumerate_faces": 2.9999995604157448e-05, "build_adjacency": 0.0003320998512208462, "extract_features": 0.0012463000603020191, "map_labels": 0.00025240005925297737, "sanity_checks": 0.00016339984722435474, "total": 0.011788899777457118}}