{"part_id": "3-8-8-8-9-23", "timings_sec": {"read_step": 0.007274199975654483, "enumerate_faces": 2.1900050342082977e-05, "build_adjacency": 0.00023570004850625992, "extract_features": 0.000997199909761548, "map_labels": 0.00023170001804828644, "sanity_checks": 0.00011559994891285896, "total": 0.00887629995122552}}