{"part_id": "3-8-12-12-12-23", "timings_sec": {"read_step": 0.01065999991260469, "enumerate_faces": 2.859998494386673e-05, "build_adjacency": 0.0004488001577556133, "extract_features": 0.0013194000348448753, "map_labels": 0.00022499985061585903, "sanity_checks": 0.00016689999029040337, "total": 0.012848699931055307}}