{"part_id": "3-8-10-13-19", "timings_sec": {"read_step": 0.009805700043216348, "enumerate_faces": 3.7800054997205734e-05, "build_adjacency": 0.00027820002287626266, "extract_features": 0.001023600110784173, "map_labels": 0.00022120005451142788, "sanity_checks": 0.00013539986684918404, "total": 0.011501900153234601}}