{"part_id": "3-8-9-9-11-23", "timings_sec": {"read_step": 0.011011100141331553, "enumerate_faces": 3.6300159990787506e-05, "build_adjacency": 0.0003562998026609421, "extract_features": 0.0013375000562518835, "map_labels": 0.00023749982938170433, "sanity_checks": 0.00018570013344287872, "total": 0.01316440012305975}}