{"part_id": "3-8-8-9-19", "timings_sec": {"read_step": 0.011805000016465783, "enumerate_faces": 3.609992563724518e-05, "build_adjacency": 0.0004540998488664627, "extract_features": 0.001631600083783269, "map_labels": 0.0002679999452084303, "sanity_checks": 0.00022660009562969208, "total": 0.014421399915590882}}