{"part_id": "3-9-9-9-13-23", "timings_sec": {"read_step": 0.010933300014585257, "enumerate_faces": 4.3400097638368607e-05, "build_adjacency": 0.0003309999592602253, "extract_features": 0.001224299892783165, "map_labels": 0.0002557998523116112, "sanity_checks": 0.00018369988538324833, "total": 0.012971499701961875}}