{"part_id": "3-9-11-12-13-23", "timings_sec": {"read_step": 0.012490100227296352, "enumerate_faces": 3.629992716014385e-05, "build_adjacency": 0.0003945000935345888, "extract_features": 0.0023074999917298555, "map_labels": 0.0003293000627309084, "sanity_checks": 0.00021610013209283352, "total": 0.015773800434544683}}