{"part_id": "3-9-11-12-12-23", "timings_sec": {"read_step": 0.016912899911403656, "enumerate_faces": 4.560011439025402e-05, "build_adjacency": 0.000689599895849824, "extract_features": 0.0016026000957936049, "map_labels": 0.0002812000457197428, "sanity_checks": 0.00023660017177462578, "total": 0.019768500234931707}}