{"part_id": "3-9-13-14-19", "timings_sec": {"read_step": 0.013292399933561683, "enumerate_faces": 4.409998655319214e-05, "build_adjacency": 0.00046040001325309277, "extract_features": 0.0017655999399721622, "map_labels": 0.00026270002126693726, "sanity_checks": 0.00023019989021122456, "total": 0.01605539978481829}}