{"part_id": "3-9-12-19", "timings_sec": {"read_step": 0.011202999856323004, "enumerate_faces": 3.5899924114346504e-05, "build_adjacency": 0.0002669000532478094, "extract_features": 0.0016632000915706158, "map_labels": 0.00028849998489022255, "sanity_checks": 0.000219699926674366, "total": 0.013677199836820364}}