{"part_id": "3-9-9-10-19", "timings_sec": {"read_step": 0.012575000058859587, "enumerate_faces": 3.50000336766243e-05, "build_adjacency": 0.0003152999561280012, "extract_features": 0.0013469001278281212, "map_labels": 0.0002429999876767397, "sanity_checks": 0.00015529990196228027, "total": 0.014670500066131353}}