{"part_id": "3-9-10-10-13-23", "timings_sec": {"read_step": 0.010381799889728427, "enumerate_faces": 2.8799986466765404e-05, "build_adjacency": 0.00041790003888309, "extract_features": 0.001275000162422657, "map_labels": 0.00021430011838674545, "sanity_checks": 0.0001975002232939005, "total": 0.012515300419181585}}