{"part_id": "3-9-9-10-14-23", "timings_sec": {"read_step": 0.016209700144827366, "enumerate_faces": 4.560011439025402e-05, "build_adjacency": 0.0005481999833136797, "extract_features": 0.0020483999978750944, "map_labels": 0.0002927000168710947, "sanity_checks": 0.00026800017803907394, "total": 0.019412600435316563}}