{"part_id": "3-9-9-11-19", "timings_sec": {"read_step": 0.009997500106692314, "enumerate_faces": 3.200001083314419e-05, "build_adjacency": 0.0004088999703526497, "extract_features": 0.0012384001165628433, "map_labels": 0.00022549997083842754, "sanity_checks": 0.00018950016237795353, "total": 0.012091800337657332}}