{"part_id": "3-9-10-10-19", "timings_sec": {"read_step": 0.009610099950805306, "enumerate_faces": 2.8899870812892914e-05, "build_adjacency": 0.0003076000139117241, "extract_features": 0.0012791999615728855, "map_labels": 0.00021769991144537926, "sanity_checks": 0.00015909993089735508, "total": 0.011602599639445543}}