{"part_id": "3-9-13-13-19", "timings_sec": {"read_step": 0.011735399952158332, "enumerate_faces": 4.1899969801306725e-05, "build_adjacency": 0.0004464997909963131, "extract_features": 0.0015048000495880842, "map_labels": 0.00023559993132948875, "sanity_checks": 0.0001283001620322466, "total": 0.014092499855905771}}