{"part_id": "3-9-9-10-10-23", "timings_sec": {"read_step": 0.01655400008894503, "enumerate_faces": 4.469999112188816e-05, "build_adjacency": 0.0006925000343471766, "extract_features": 0.001989099895581603, "map_labels": 0.0002623999025672674, "sanity_checks": 0.00019289995543658733, "total": 0.019735599867999554}}