{"part_id": "3-9-9-12-12-23", "timings_sec": {"read_step": 0.013250899966806173, "enumerate_faces": 4.559988155961037e-05, "build_adjacency": 0.0005035002250224352, "extract_features": 0.0015978000592440367, "map_labels": 0.0002538999542593956, "sanity_checks": 0.00017220014706254005, "total": 0.01582390023395419}}