{"part_id": "3-9-10-10-14-23", "timings_sec": {"read_step": 0.010523400036618114, "enumerate_faces": 2.8399983420968056e-05, "build_adjacency": 0.00036339997313916683, "extract_features": 0.0015336000360548496, "map_labels": 0.00022320006974041462, "sanity_checks": 0.0001829999964684248, "total": 0.012855000095441937}}