{"part_id": "3-9-11-14-14-23", "timings_sec": {"read_step": 0.01845500012859702, "enumerate_faces": 4.2499974370002747e-05, "build_adjacency": 0.00063699996098876, "extract_features": 0.002351299859583378, "map_labels": 0.0002617000136524439, "sanity_checks": 0.0002429999876767397, "total": 0.021990499924868345}}