{"part_id": "3-9-12-12-12-23", "timings_sec": {"read_step": 0.017300999956205487, "enumerate_faces": 4.259985871613026e-05, "build_adjacency": 0.000618400052189827, "extract_features": 0.002338099991902709, "map_labels": 0.00023259990848600864, "sanity_checks": 0.00017099990509450436, "total": 0.020703699672594666}}