{"part_id": "3-9-10-10-10-23", "timings_sec": {"read_step": 0.011451599886640906, "enumerate_faces": 3.1499890610575676e-05, "build_adjacency": 0.00036780000664293766, "extract_features": 0.0016206000000238419, "map_labels": 0.00022089993581175804, "sanity_checks": 0.00018329988233745098, "total": 0.01387569960206747}}