{"part_id": "3-9-9-10-13-23", "timings_sec": {"read_step": 0.014039200032129884, "enumerate_faces": 4.440010525286198e-05, "build_adjacency": 0.0004897001199424267, "extract_features": 0.0018112999387085438, "map_labels": 0.0002623000182211399, "sanity_checks": 0.00023320014588534832, "total": 0.016880100360140204}}