{"part_id": "3-9-11-19", "timings_sec": {"read_step": 0.012978400103747845, "enumerate_faces": 4.519987851381302e-05, "build_adjacency": 0.0003809998743236065, "extract_features": 0.001821800135076046, "map_labels": 0.00026919995434582233, "sanity_checks": 0.000210499856621027, "total": 0.01570609980262816}}