{"part_id": "3-9-10-13-13-23", "timings_sec": {"read_step": 0.00985219981521368, "enumerate_faces": 3.860006108880043e-05, "build_adjacency": 0.0003223998937755823, "extract_features": 0.0012586000375449657, "map_labels": 0.0002296001184731722, "sanity_checks": 0.00015380000695586205, "total": 0.011855199933052063}}