{"part_id": "3-9-10-12-12-23", "timings_sec": {"read_step": 0.017056900076568127, "enumerate_faces": 4.1800085455179214e-05, "build_adjacency": 0.000498299952596426, "extract_features": 0.001358899986371398, "map_labels": 0.00029990007169544697, "sanity_checks": 0.0002531998325139284, "total": 0.019509000005200505}}