{"part_id": "3-9-12-14-14-23", "timings_sec": {"read_step": 0.012342300033196807, "enumerate_faces": 3.6499928683042526e-05, "build_adjacency": 0.000354300020262599, "extract_features": 0.0017031999304890633, "map_labels": 0.00025809998624026775, "sanity_checks": 0.00029230001382529736, "total": 0.014986699912697077}}