{"part_id": "3-9-9-11-13-23", "timings_sec": {"read_step": 0.014230499975383282, "enumerate_faces": 4.260009154677391e-05, "build_adjacency": 0.0005761999636888504, "extract_features": 0.0017413999885320663, "map_labels": 0.00023250002413988113, "sanity_checks": 0.0001784998457878828, "total": 0.017001699889078736}}