{"part_id": "4-10-11-14-14-23", "timings_sec": {"read_step": 0.017349400091916323, "enumerate_faces": 4.7999899834394455e-05, "build_adjacency": 0.0005695999134331942, "extract_features": 0.0017723999917507172, "map_labels": 0.00035140011459589005, "sanity_checks": 0.0002633999101817608, "total": 0.02035419992171228}}