{"part_id": "4-10-10-11-12-23", "timings_sec": {"read_step": 0.0132190000731498, "enumerate_faces": 3.660004585981369e-05, "build_adjacency": 0.00039309985004365444, "extract_features": 0.0014864001423120499, "map_labels": 0.00030019995756447315, "sanity_checks": 0.00022849999368190765, "total": 0.0156638000626117}}