{"part_id": "4-10-10-11-19", "timings_sec": {"read_step": 0.009997199987992644, "enumerate_faces": 3.7899939343333244e-05, "build_adjacency": 0.0003299999516457319, "extract_features": 0.00130690005607903, "map_labels": 0.0002630001399666071, "sanity_checks": 0.0001650999765843153, "total": 0.012100100051611662}}