{"part_id": "4-10-12-13-14-23", "timings_sec": {"read_step": 0.01482210005633533, "enumerate_faces": 3.909994848072529e-05, "build_adjacency": 0.0003418999258428812, "extract_features": 0.0011852998286485672, "map_labels": 0.0002497001551091671, "sanity_checks": 0.0001705000177025795, "total": 0.01680859993211925}}