{"part_id": "4-10-13-19", "timings_sec": {"read_step": 0.009671499952673912, "enumerate_faces": 4.4899992644786835e-05, "build_adjacency": 0.0003293999470770359, "extract_features": 0.0012614000588655472, "map_labels": 0.00026919995434582233, "sanity_checks": 0.0001645998563617468, "total": 0.011740999761968851}}