{"part_id": "4-10-10-10-19", "timings_sec": {"read_step": 0.012852300191298127, "enumerate_faces": 6.469991058111191e-05, "build_adjacency": 0.0004885999951511621, "extract_features": 0.0015904998872429132, "map_labels": 0.00029799994081258774, "sanity_checks": 0.00016289995983242989, "total": 0.015456999884918332}}