{"part_id": "4-10-12-12-12-23", "timings_sec": {"read_step": 0.015847599832341075, "enumerate_faces": 4.669977352023125e-05, "build_adjacency": 0.0006411001086235046, "extract_features": 0.0017933000344783068, "map_labels": 0.0003035000991076231, "sanity_checks": 0.00029550003819167614, "total": 0.018927699886262417}}