{"part_id": "4-10-10-13-14-23", "timings_sec": {"read_step": 0.015359599841758609, "enumerate_faces": 4.269997589290142e-05, "build_adjacency": 0.0003325000870972872, "extract_features": 0.0014633999671787024, "map_labels": 0.00030930014327168465, "sanity_checks": 0.00017419992946088314, "total": 0.017681699944660068}}