{"part_id": "4-10-10-12-19", "timings_sec": {"read_step": 0.012681600172072649, "enumerate_faces": 4.959991201758385e-05, "build_adjacency": 0.0004764001350849867, "extract_features": 0.0017131001222878695, "map_labels": 0.00035990006290376186, "sanity_checks": 0.00021929992362856865, "total": 0.01549990032799542}}