{"part_id": "4-10-11-11-13-23", "timings_sec": {"read_step": 0.012095600133761764, "enumerate_faces": 3.7499936297535896e-05, "build_adjacency": 0.0003863000310957432, "extract_features": 0.0015165000222623348, "map_labels": 0.0002779001370072365, "sanity_checks": 0.0002030001487582922, "total": 0.014516800409182906}}