{"part_id": "4-10-10-13-13-23", "timings_sec": {"read_step": 0.010119999991729856, "enumerate_faces": 4.150019958615303e-05, "build_adjacency": 0.0002999999560415745, "extract_features": 0.0011217999272048473, "map_labels": 0.0002762000076472759, "sanity_checks": 0.00021039997227489948, "total": 0.012069900054484606}}