{"part_id": "4-10-12-14-14-23", "timings_sec": {"read_step": 0.013263400178402662, "enumerate_faces": 4.970002919435501e-05, "build_adjacency": 0.0003307999577373266, "extract_features": 0.0012805999722331762, "map_labels": 0.00025289994664490223, "sanity_checks": 0.0001767000649124384, "total": 0.01535410014912486}}