{"part_id": "4-10-13-14-14-23", "timings_sec": {"read_step": 0.012219500029459596, "enumerate_faces": 4.760012961924076e-05, "build_adjacency": 0.00035399990156292915, "extract_features": 0.0014217998832464218, "map_labels": 0.0002631999086588621, "sanity_checks": 0.00019409996457397938, "total": 0.014500199817121029}}