{"part_id": "4-10-10-14-19", "timings_sec": {"read_step": 0.010001200018450618, "enumerate_faces": 3.5499921068549156e-05, "build_adjacency": 0.00029760017059743404, "extract_features": 0.0010671999771147966, "map_labels": 0.00023669982329010963, "sanity_checks": 0.00014819996431469917, "total": 0.011786399874836206}}