{"part_id": "4-10-11-13-13-23", "timings_sec": {"read_step": 0.01366179995238781, "enumerate_faces": 4.7999899834394455e-05, "build_adjacency": 0.0003666998818516731, "extract_features": 0.0014118000399321318, "map_labels": 0.0003494999837130308, "sanity_checks": 0.0002280001062899828, "total": 0.016065799864009023}}