{"part_id": "4-10-12-12-19", "timings_sec": {"read_step": 0.01181109994649887, "enumerate_faces": 4.569999873638153e-05, "build_adjacency": 0.0004580998793244362, "extract_features": 0.0016151999589055777, "map_labels": 0.0002808000426739454, "sanity_checks": 0.0002177001442760229, "total": 0.014428599970415235}}