{"part_id": "4-10-14-14-19", "timings_sec": {"read_step": 0.008541699964553118, "enumerate_faces": 3.469991497695446e-05, "build_adjacency": 0.0002733999863266945, "extract_features": 0.0009861001744866371, "map_labels": 0.00022959988564252853, "sanity_checks": 0.00012820004485547543, "total": 0.010193699970841408}}