{"part_id": "4-10-12-13-13-23", "timings_sec": {"read_step": 0.011520099826157093, "enumerate_faces": 4.660012200474739e-05, "build_adjacency": 0.0005082001443952322, "extract_features": 0.0017840999644249678, "map_labels": 0.0003089001402258873, "sanity_checks": 0.00024090008810162544, "total": 0.014408800285309553}}