{"part_id": "4-11-13-13-19", "timings_sec": {"read_step": 0.00825069984421134, "enumerate_faces": 3.679981455206871e-05, "build_adjacency": 0.0002932001370936632, "extract_features": 0.0011787998955696821, "map_labels": 0.00023569981567561626, "sanity_checks": 0.00013569998554885387, "total": 0.010130899492651224}}