{"part_id": "4-11-13-13-14-23", "timings_sec": {"read_step": 0.012902399990707636, "enumerate_faces": 3.629992716014385e-05, "build_adjacency": 0.0003128000535070896, "extract_features": 0.0011122999712824821, "map_labels": 0.00024480000138282776, "sanity_checks": 0.00014510005712509155, "total": 0.01475370000116527}}