{"part_id": "4-11-11-12-19", "timings_sec": {"read_step": 0.012517800088971853, "enumerate_faces": 4.169996827840805e-05, "build_adjacency": 0.00035820016637444496, "extract_features": 0.0018309999722987413, "map_labels": 0.00024979980662465096, "sanity_checks": 0.00016930000856518745, "total": 0.015167800011113286}}