{"part_id": "4-11-12-14-14-23", "timings_sec": {"read_step": 0.014779499964788556, "enumerate_faces": 4.050019197165966e-05, "build_adjacency": 0.00040909997187554836, "extract_features": 0.0014531000051647425, "map_labels": 0.0002646001521497965, "sanity_checks": 0.00016659987159073353, "total": 0.017113400157541037}}