{"part_id": "4-11-11-19", "timings_sec": {"read_step": 0.011093299835920334, "enumerate_faces": 4.870002157986164e-05, "build_adjacency": 0.0003587000537663698, "extract_features": 0.0012896000407636166, "map_labels": 0.00025289994664490223, "sanity_checks": 0.00014739995822310448, "total": 0.013190599856898189}}