{"part_id": "4-11-12-12-19", "timings_sec": {"read_step": 0.009643299970775843, "enumerate_faces": 3.709993325173855e-05, "build_adjacency": 0.00032700016163289547, "extract_features": 0.0017917000222951174, "map_labels": 0.0003083001356571913, "sanity_checks": 0.00025480007752776146, "total": 0.012362200301140547}}