{"part_id": "4-11-13-14-14-23", "timings_sec": {"read_step": 0.014945999952033162, "enumerate_faces": 4.660012200474739e-05, "build_adjacency": 0.0005536000244319439, "extract_features": 0.00203300011344254, "map_labels": 0.0003100000321865082, "sanity_checks": 0.0002671999391168356, "total": 0.018156400183215737}}