{"part_id": "4-11-14-14-14-23", "timings_sec": {"read_step": 0.015122400131076574, "enumerate_faces": 4.3400097638368607e-05, "build_adjacency": 0.000514900078997016, "extract_features": 0.0018788999877870083, "map_labels": 0.0002940001431852579, "sanity_checks": 0.00022600009106099606, "total": 0.01807960052974522}}