{"part_id": "4-11-13-13-13-23", "timings_sec": {"read_step": 0.014123900095000863, "enumerate_faces": 4.700012505054474e-05, "build_adjacency": 0.0003029999788850546, "extract_features": 0.0013495997991412878, "map_labels": 0.0003143001813441515, "sanity_checks": 0.00015820004045963287, "total": 0.016296000219881535}}