{"part_id": "4-11-12-13-19", "timings_sec": {"read_step": 0.015646399930119514, "enumerate_faces": 4.349998198449612e-05, "build_adjacency": 0.00038410001434385777, "extract_features": 0.001575299771502614, "map_labels": 0.00029610004276037216, "sanity_checks": 0.00020699994638562202, "total": 0.018152399687096477}}