{"part_id": "4-11-11-12-14-23", "timings_sec": {"read_step": 0.012309199897572398, "enumerate_faces": 3.920006565749645e-05, "build_adjacency": 0.00048719998449087143, "extract_features": 0.00245789997279644, "map_labels": 0.0002839001826941967, "sanity_checks": 0.00026839994825422764, "total": 0.01584580005146563}}