{"part_id": "4-12-13-14-19", "timings_sec": {"read_step": 0.009327600011602044, "enumerate_faces": 3.569992259144783e-05, "build_adjacency": 0.0002563998568803072, "extract_features": 0.0009557998273521662, "map_labels": 0.00023650005459785461, "sanity_checks": 0.0001354999840259552, "total": 0.010947499657049775}}