{"part_id": "4-12-12-12-13-23", "timings_sec": {"read_step": 0.013861200073733926, "enumerate_faces": 3.829994238913059e-05, "build_adjacency": 0.00044679990969598293, "extract_features": 0.001781900180503726, "map_labels": 0.0002646001521497965, "sanity_checks": 0.00017579994164407253, "total": 0.016568600200116634}}