{"part_id": "4-12-12-19", "timings_sec": {"read_step": 0.008875099942088127, "enumerate_faces": 4.950002767145634e-05, "build_adjacency": 0.000377400079742074, "extract_features": 0.0013931000139564276, "map_labels": 0.0003106999211013317, "sanity_checks": 0.00018540001474320889, "total": 0.011191199999302626}}