{"part_id": "4-12-12-13-13-23", "timings_sec": {"read_step": 0.008927299873903394, "enumerate_faces": 3.739981912076473e-05, "build_adjacency": 0.0003162000793963671, "extract_features": 0.001208700006827712, "map_labels": 0.0002430998720228672, "sanity_checks": 0.00023410003632307053, "total": 0.010966799687594175}}