{"part_id": "4-12-12-13-14-23", "timings_sec": {"read_step": 0.013777100015431643, "enumerate_faces": 5.270005203783512e-05, "build_adjacency": 0.00046609994024038315, "extract_features": 0.0017650998197495937, "map_labels": 0.0003136000595986843, "sanity_checks": 0.00014690007083117962, "total": 0.01652149995788932}}