{"part_id": "4-12-14-14-14-23", "timings_sec": {"read_step": 0.010478599928319454, "enumerate_faces": 4.770001396536827e-05, "build_adjacency": 0.0005256000440567732, "extract_features": 0.0018826001323759556, "map_labels": 0.00030470010824501514, "sanity_checks": 0.0002490999177098274, "total": 0.013488300144672394}}