{"part_id": "4-12-12-14-14-23", "timings_sec": {"read_step": 0.011518700048327446, "enumerate_faces": 3.769993782043457e-05, "build_adjacency": 0.00033040018752217293, "extract_features": 0.002134700072929263, "map_labels": 0.00026490003801882267, "sanity_checks": 0.0002576999831944704, "total": 0.01454410026781261}}