{"part_id": "4-12-13-14-14-23", "timings_sec": {"read_step": 0.013136100023984909, "enumerate_faces": 3.760005347430706e-05, "build_adjacency": 0.0002999999560415745, "extract_features": 0.0011517000384628773, "map_labels": 0.0003229000139981508, "sanity_checks": 0.0001439000479876995, "total": 0.015092200133949518}}