{"part_id": "4-13-13-13-14-23", "timings_sec": {"read_step": 0.01283100014552474, "enumerate_faces": 4.559988155961037e-05, "build_adjacency": 0.00044700014404952526, "extract_features": 0.0014631999656558037, "map_labels": 0.0003246001433581114, "sanity_checks": 0.00016899988986551762, "total": 0.015280400170013309}}