{"part_id": "4-13-13-13-13-23", "timings_sec": {"read_step": 0.009735000086948276, "enumerate_faces": 4.83999028801918e-05, "build_adjacency": 0.000385400140658021, "extract_features": 0.0014541000127792358, "map_labels": 0.0002883998677134514, "sanity_checks": 0.00017790007404983044, "total": 0.012089200085029006}}