{"part_id": "4-13-14-14-19", "timings_sec": {"read_step": 0.016058200038969517, "enumerate_faces": 3.6700163036584854e-05, "build_adjacency": 0.00029450003057718277, "extract_features": 0.0009825997985899448, "map_labels": 0.0002530000638216734, "sanity_checks": 0.0001314000692218542, "total": 0.017756400164216757}}