{"part_id": "4-13-13-13-19", "timings_sec": {"read_step": 0.009736299980431795, "enumerate_faces": 4.5900000259280205e-05, "build_adjacency": 0.00034600007347762585, "extract_features": 0.0013516999315470457, "map_labels": 0.00032659992575645447, "sanity_checks": 0.00015600002370774746, "total": 0.011962499935179949}}