{"part_id": "4-14-14-19", "timings_sec": {"read_step": 0.008032800164073706, "enumerate_faces": 4.700012505054474e-05, "build_adjacency": 0.00037480005994439125, "extract_features": 0.0013291998766362667, "map_labels": 0.00032960018143057823, "sanity_checks": 0.00016210018657147884, "total": 0.010275500593706965}}