{"part_id": "4-4-5-6-11-23", "timings_sec": {"read_step": 0.009619599906727672, "enumerate_faces": 3.110012039542198e-05, "build_adjacency": 0.00033270008862018585, "extract_features": 0.0012095998972654343, "map_labels": 0.00022530020214617252, "sanity_checks": 0.00015430012717843056, "total": 0.011572600342333317}}