{"part_id": "4-4-4-6-9-23", "timings_sec": {"read_step": 0.01034210016950965, "enumerate_faces": 3.800005652010441e-05, "build_adjacency": 0.00029259989969432354, "extract_features": 0.0010889999102801085, "map_labels": 0.000251400051638484, "sanity_checks": 0.00013659987598657608, "total": 0.012149699963629246}}