{"part_id": "4-4-9-9-12-23", "timings_sec": {"read_step": 0.009246199857443571, "enumerate_faces": 3.5499921068549156e-05, "build_adjacency": 0.00030470010824501514, "extract_features": 0.0013540999498218298, "map_labels": 0.00022050016559660435, "sanity_checks": 0.00015289988368749619, "total": 0.011313899885863066}}