{"part_id": "4-4-5-8-14-23", "timings_sec": {"read_step": 0.008235699962824583, "enumerate_faces": 2.6399968191981316e-05, "build_adjacency": 0.0002808000426739454, "extract_features": 0.0010148000437766314, "map_labels": 0.00019679986871778965, "sanity_checks": 0.00012859981507062912, "total": 0.00988309970125556}}