{"part_id": "4-4-4-9-14-23", "timings_sec": {"read_step": 0.0100702999625355, "enumerate_faces": 3.0499882996082306e-05, "build_adjacency": 0.00028909998945891857, "extract_features": 0.0010548001155257225, "map_labels": 0.00022489996626973152, "sanity_checks": 0.00013759988360106945, "total": 0.011807199800387025}}