{"part_id": "4-4-5-6-13-23", "timings_sec": {"read_step": 0.008299400098621845, "enumerate_faces": 2.9700109735131264e-05, "build_adjacency": 0.000272899866104126, "extract_features": 0.0009917998686432838, "map_labels": 0.00020619994029402733, "sanity_checks": 0.00012600002810359, "total": 0.009925999911502004}}