{"part_id": "4-4-6-10-11-23", "timings_sec": {"read_step": 0.009675900219008327, "enumerate_faces": 2.8300099074840546e-05, "build_adjacency": 0.0003192999865859747, "extract_features": 0.0015308998990803957, "map_labels": 0.00026130001060664654, "sanity_checks": 0.00016440008766949177, "total": 0.011980100302025676}}