{"part_id": "4-4-10-11-14-23", "timings_sec": {"read_step": 0.015846900176256895, "enumerate_faces": 5.350005812942982e-05, "build_adjacency": 0.0006240000948309898, "extract_features": 0.0034554998856037855, "map_labels": 0.0003198001068085432, "sanity_checks": 0.0003153998404741287, "total": 0.020615100162103772}}