{"part_id": "4-4-4-11-14-23", "timings_sec": {"read_step": 0.01269140001386404, "enumerate_faces": 5.159992724657059e-05, "build_adjacency": 0.0005760001949965954, "extract_features": 0.0016277998220175505, "map_labels": 0.00023799994960427284, "sanity_checks": 0.00015780003741383553, "total": 0.015342599945142865}}