{"part_id": "4-4-5-10-13-23", "timings_sec": {"read_step": 0.013522400055080652, "enumerate_faces": 4.449998959898949e-05, "build_adjacency": 0.00046619982458651066, "extract_features": 0.0017333000432699919, "map_labels": 0.0002989999484270811, "sanity_checks": 0.0002218000590801239, "total": 0.01628719992004335}}