{"part_id": "4-4-8-14-19", "timings_sec": {"read_step": 0.0067968000657856464, "enumerate_faces": 3.0099879950284958e-05, "build_adjacency": 0.00024000019766390324, "extract_features": 0.0008548998739570379, "map_labels": 0.00021740002557635307, "sanity_checks": 0.00011320016346871853, "total": 0.008252400206401944}}