{"part_id": "4-4-6-6-19", "timings_sec": {"read_step": 0.0055270998273044825, "enumerate_faces": 2.4799956008791924e-05, "build_adjacency": 0.00019240006804466248, "extract_features": 0.0007060000207275152, "map_labels": 0.00018190010450780392, "sanity_checks": 9.089987725019455e-05, "total": 0.0067230998538434505}}