{"part_id": "4-4-13-13-14-23", "timings_sec": {"read_step": 0.007018799893558025, "enumerate_faces": 3.650016151368618e-05, "build_adjacency": 0.00023360014893114567, "extract_features": 0.0009963999036699533, "map_labels": 0.0002701000776141882, "sanity_checks": 0.0001151000615209341, "total": 0.008670500246807933}}