{"part_id": "4-4-9-10-19", "timings_sec": {"read_step": 0.00877570011653006, "enumerate_faces": 3.96000687032938e-05, "build_adjacency": 0.00037509994581341743, "extract_features": 0.0013836000580340624, "map_labels": 0.0002634997945278883, "sanity_checks": 0.00018070009537041187, "total": 0.011018200078979135}}