{"part_id": "4-4-12-12-12-23", "timings_sec": {"read_step": 0.011160200228914618, "enumerate_faces": 4.640012048184872e-05, "build_adjacency": 0.0005243001505732536, "extract_features": 0.0015804998110979795, "map_labels": 0.0002983000595122576, "sanity_checks": 0.00023410003632307053, "total": 0.013843800406903028}}