{"part_id": "4-4-4-7-12-23", "timings_sec": {"read_step": 0.011667900020256639, "enumerate_faces": 4.179985262453556e-05, "build_adjacency": 0.00037649995647370815, "extract_features": 0.0012735000345855951, "map_labels": 0.00031109992414712906, "sanity_checks": 0.00024170009419322014, "total": 0.013912499882280827}}