{"part_id": "4-4-7-8-12-23", "timings_sec": {"read_step": 0.009756100131198764, "enumerate_faces": 3.6899931728839874e-05, "build_adjacency": 0.00031729997135698795, "extract_features": 0.0010706998873502016, "map_labels": 0.00023460015654563904, "sanity_checks": 0.0001354999840259552, "total": 0.011551100062206388}}