{"part_id": "4-4-4-7-14-23", "timings_sec": {"read_step": 0.009809199953451753, "enumerate_faces": 3.5599805414676666e-05, "build_adjacency": 0.00029319990426301956, "extract_features": 0.0014169998466968536, "map_labels": 0.00035280012525618076, "sanity_checks": 0.0002025999128818512, "total": 0.012110399547964334}}