{"part_id": "4-4-5-7-7-23", "timings_sec": {"read_step": 0.008635099977254868, "enumerate_faces": 2.3999949917197227e-05, "build_adjacency": 0.00029009999707341194, "extract_features": 0.0010597999207675457, "map_labels": 0.00019459985196590424, "sanity_checks": 0.00013349996879696846, "total": 0.010337099665775895}}