{"part_id": "4-4-7-12-13-23", "timings_sec": {"read_step": 0.008602899964898825, "enumerate_faces": 2.550007775425911e-05, "build_adjacency": 0.00029200012795627117, "extract_features": 0.001003399956971407, "map_labels": 0.0001884999219328165, "sanity_checks": 0.0001292999368160963, "total": 0.010241599986329675}}