{"part_id": "4-4-6-8-9-23", "timings_sec": {"read_step": 0.007458999985828996, "enumerate_faces": 2.8799986466765404e-05, "build_adjacency": 0.0002615000121295452, "extract_features": 0.0011332000140100718, "map_labels": 0.00024259998463094234, "sanity_checks": 0.0001230998896062374, "total": 0.009248199872672558}}