{"part_id": "4-4-11-12-13-23", "timings_sec": {"read_step": 0.010348099982365966, "enumerate_faces": 4.879990592598915e-05, "build_adjacency": 0.0005687999073415995, "extract_features": 0.0024291998706758022, "map_labels": 0.00031299982219934464, "sanity_checks": 0.0002808000426739454, "total": 0.013988699531182647}}