{"part_id": "4-4-5-11-14-23", "timings_sec": {"read_step": 0.010125000029802322, "enumerate_faces": 3.7899939343333244e-05, "build_adjacency": 0.00034799985587596893, "extract_features": 0.0012914000544697046, "map_labels": 0.00023259990848600864, "sanity_checks": 0.00016639987006783485, "total": 0.012201299658045173}}