{"part_id": "4-4-4-4-14-23", "timings_sec": {"read_step": 0.009242499945685267, "enumerate_faces": 3.7800054997205734e-05, "build_adjacency": 0.00029770005494356155, "extract_features": 0.0010716000106185675, "map_labels": 0.00024179997853934765, "sanity_checks": 0.00013489997945725918, "total": 0.011026300024241209}}