{"part_id": "4-4-6-6-7-23", "timings_sec": {"read_step": 0.006028600037097931, "enumerate_faces": 2.610008232295513e-05, "build_adjacency": 0.00019079982303082943, "extract_features": 0.00071310019120574, "map_labels": 0.0001962999813258648, "sanity_checks": 9.119999594986439e-05, "total": 0.007246100110933185}}