{"part_id": "4-4-5-9-10-23", "timings_sec": {"read_step": 0.009729400044307113, "enumerate_faces": 3.1299889087677e-05, "build_adjacency": 0.0004718999844044447, "extract_features": 0.0017683000769466162, "map_labels": 0.0002731999848037958, "sanity_checks": 0.00024410011246800423, "total": 0.01251820009201765}}