{"part_id": "4-4-8-8-8-23", "timings_sec": {"read_step": 0.006613499950617552, "enumerate_faces": 2.459995448589325e-05, "build_adjacency": 0.0002163001336157322, "extract_features": 0.0008787999395281076, "map_labels": 0.00019280007109045982, "sanity_checks": 0.00011309981346130371, "total": 0.008039099862799048}}