{"part_id": "4-4-7-11-14-23", "timings_sec": {"read_step": 0.010216499911621213, "enumerate_faces": 3.560003824532032e-05, "build_adjacency": 0.0003341999836266041, "extract_features": 0.0014070000033825636, "map_labels": 0.00022849999368190765, "sanity_checks": 0.00015389989130198956, "total": 0.012375699821859598}}