{"part_id": "4-4-9-9-10-23", "timings_sec": {"read_step": 0.009610400069504976, "enumerate_faces": 2.9099872335791588e-05, "build_adjacency": 0.00029869982972741127, "extract_features": 0.0011728000827133656, "map_labels": 0.00020540016703307629, "sanity_checks": 0.00015070009976625443, "total": 0.011467100121080875}}