{"part_id": "4-4-9-11-12-23", "timings_sec": {"read_step": 0.010615099919959903, "enumerate_faces": 3.360002301633358e-05, "build_adjacency": 0.00033950014039874077, "extract_features": 0.0012711999006569386, "map_labels": 0.0002147001214325428, "sanity_checks": 0.00016819988377392292, "total": 0.012642299989238381}}