{"part_id": "4-4-6-6-12-23", "timings_sec": {"read_step": 0.007881199941039085, "enumerate_faces": 2.750009298324585e-05, "build_adjacency": 0.0002794000320136547, "extract_features": 0.001025599893182516, "map_labels": 0.00023520016111433506, "sanity_checks": 0.00021050008945167065, "total": 0.009659400209784508}}