{"part_id": "4-4-7-8-11-23", "timings_sec": {"read_step": 0.010577399982139468, "enumerate_faces": 3.8899946957826614e-05, "build_adjacency": 0.000480499817058444, "extract_features": 0.0019817000720649958, "map_labels": 0.00030429987236857414, "sanity_checks": 0.0002725999802350998, "total": 0.013655399670824409}}