{"part_id": "4-4-19", "timings_sec": {"read_step": 0.008104800013825297, "enumerate_faces": 4.269997589290142e-05, "build_adjacency": 0.00028280005790293217, "extract_features": 0.0010865000076591969, "map_labels": 0.0003690000157803297, "sanity_checks": 0.00012790015898644924, "total": 0.010013700230047107}}