{"part_id": "4-4-6-10-19", "timings_sec": {"read_step": 0.010479300050064921, "enumerate_faces": 3.879982978105545e-05, "build_adjacency": 0.00038979994133114815, "extract_features": 0.0013908999972045422, "map_labels": 0.000269399955868721, "sanity_checks": 0.00018440000712871552, "total": 0.012752599781379104}}