{"part_id": "4-4-7-10-19", "timings_sec": {"read_step": 0.008390199858695269, "enumerate_faces": 2.569984644651413e-05, "build_adjacency": 0.00027689989656209946, "extract_features": 0.0011394999455660582, "map_labels": 0.00019029993563890457, "sanity_checks": 0.00020420015789568424, "total": 0.01022679964080453}}