{"part_id": "4-4-6-8-12-23", "timings_sec": {"read_step": 0.007963099982589483, "enumerate_faces": 3.0299881473183632e-05, "build_adjacency": 0.0002801001537591219, "extract_features": 0.001221999991685152, "map_labels": 0.00021760002709925175, "sanity_checks": 0.00012729992158710957, "total": 0.009840399958193302}}