{"part_id": "4-4-6-6-13-23", "timings_sec": {"read_step": 0.007365399971604347, "enumerate_faces": 3.0300114303827286e-05, "build_adjacency": 0.00025289994664490223, "extract_features": 0.0008962000720202923, "map_labels": 0.00020549981854856014, "sanity_checks": 0.0001151000615209341, "total": 0.008865399984642863}}