{"part_id": "4-4-5-5-6-23", "timings_sec": {"read_step": 0.009380099829286337, "enumerate_faces": 3.569992259144783e-05, "build_adjacency": 0.00030519999563694, "extract_features": 0.0012612000573426485, "map_labels": 0.0002258999738842249, "sanity_checks": 0.00013839988969266415, "total": 0.011346499668434262}}