{"part_id": "4-4-5-5-13-23", "timings_sec": {"read_step": 0.00897550000809133, "enumerate_faces": 3.0300114303827286e-05, "build_adjacency": 0.0003349999897181988, "extract_features": 0.0011620998848229647, "map_labels": 0.00024159997701644897, "sanity_checks": 0.00021440000273287296, "total": 0.010958899976685643}}