{"part_id": "4-4-7-14-14-23", "timings_sec": {"read_step": 0.007156000006943941, "enumerate_faces": 2.6799971237778664e-05, "build_adjacency": 0.0002460998948663473, "extract_features": 0.0009165999945253134, "map_labels": 0.00020699994638562202, "sanity_checks": 0.00012149987742304802, "total": 0.00867399969138205}}