{"part_id": "4-4-4-5-11-23", "timings_sec": {"read_step": 0.015839499887079, "enumerate_faces": 4.9900030717253685e-05, "build_adjacency": 0.0004741000011563301, "extract_features": 0.0018732999451458454, "map_labels": 0.0003201998770236969, "sanity_checks": 0.00040089990943670273, "total": 0.01895789965055883}}