{"part_id": "4-4-6-7-11-23", "timings_sec": {"read_step": 0.010479300050064921, "enumerate_faces": 3.3899908885359764e-05, "build_adjacency": 0.0003238001372665167, "extract_features": 0.0012463999446481466, "map_labels": 0.00023920019157230854, "sanity_checks": 0.0001517999917268753, "total": 0.012474400224164128}}