{"part_id": "4-4-7-10-11-23", "timings_sec": {"read_step": 0.011858800193294883, "enumerate_faces": 3.5899924114346504e-05, "build_adjacency": 0.00035300012677907944, "extract_features": 0.0015517999418079853, "map_labels": 0.0002313000150024891, "sanity_checks": 0.00016740011051297188, "total": 0.014198200311511755}}