{"part_id": "4-4-8-9-19", "timings_sec": {"read_step": 0.00663760001771152, "enumerate_faces": 2.410006709396839e-05, "build_adjacency": 0.000228899996727705, "extract_features": 0.0011696000583469868, "map_labels": 0.0002522999420762062, "sanity_checks": 0.00013209995813667774, "total": 0.008444600040093064}}