{"part_id": "4-4-9-12-12-23", "timings_sec": {"read_step": 0.00967790000140667, "enumerate_faces": 3.120000474154949e-05, "build_adjacency": 0.0003090000245720148, "extract_features": 0.001285900129005313, "map_labels": 0.00026839994825422764, "sanity_checks": 0.00021159998141229153, "total": 0.011784000089392066}}