{"part_id": "4-4-4-10-19", "timings_sec": {"read_step": 0.007706300122663379, "enumerate_faces": 3.609992563724518e-05, "build_adjacency": 0.000264100031927228, "extract_features": 0.000978600000962615, "map_labels": 0.00021159998141229153, "sanity_checks": 0.00012730015441775322, "total": 0.009324000217020512}}