{"part_id": "4-4-4-10-10-23", "timings_sec": {"read_step": 0.013434800086542964, "enumerate_faces": 5.319993942975998e-05, "build_adjacency": 0.00045659998431801796, "extract_features": 0.0012481000740081072, "map_labels": 0.0002454000059515238, "sanity_checks": 0.00027229986153542995, "total": 0.015710399951785803}}