{"part_id": "4-4-5-5-5-23", "timings_sec": {"read_step": 0.007877199910581112, "enumerate_faces": 3.1800009310245514e-05, "build_adjacency": 0.00027660001069307327, "extract_features": 0.0010003000497817993, "map_labels": 0.00021840003319084644, "sanity_checks": 0.0001251001376658678, "total": 0.009529400151222944}}