{"part_id": "4-4-7-8-14-23", "timings_sec": {"read_step": 0.008825199911370873, "enumerate_faces": 3.200001083314419e-05, "build_adjacency": 0.0002911998890340328, "extract_features": 0.0011950000189244747, "map_labels": 0.00024569989182054996, "sanity_checks": 0.00014979997649788857, "total": 0.010738899698480964}}