{"part_id": "4-4-9-12-13-23", "timings_sec": {"read_step": 0.00931980018503964, "enumerate_faces": 2.9199989512562752e-05, "build_adjacency": 0.00029799994081258774, "extract_features": 0.0010546001140028238, "map_labels": 0.00020440015941858292, "sanity_checks": 0.00013620010577142239, "total": 0.011042200494557619}}