{"part_id": "4-4-13-19", "timings_sec": {"read_step": 0.00728520005941391, "enumerate_faces": 3.3899908885359764e-05, "build_adjacency": 0.0002177001442760229, "extract_features": 0.0008050999604165554, "map_labels": 0.0002280999906361103, "sanity_checks": 9.540002793073654e-05, "total": 0.008665400091558695}}