{"part_id": "4-4-6-12-19", "timings_sec": {"read_step": 0.007711699930950999, "enumerate_faces": 3.2800016924738884e-05, "build_adjacency": 0.00025420007295906544, "extract_features": 0.0009162998758256435, "map_labels": 0.00023120013065636158, "sanity_checks": 0.00013149995356798172, "total": 0.00927769998088479}}