{"part_id": "4-4-7-9-19", "timings_sec": {"read_step": 0.007401600014418364, "enumerate_faces": 2.8399983420968056e-05, "build_adjacency": 0.0002482999116182327, "extract_features": 0.0012447000481188297, "map_labels": 0.00023250002413988113, "sanity_checks": 0.00018909992650151253, "total": 0.009344599908217788}}