{"part_id": "4-4-5-10-11-23", "timings_sec": {"read_step": 0.013826899928972125, "enumerate_faces": 4.840013571083546e-05, "build_adjacency": 0.0006084002088755369, "extract_features": 0.0021643999498337507, "map_labels": 0.0003013000823557377, "sanity_checks": 0.0003008998464792967, "total": 0.017250300152227283}}