{"part_id": "4-4-8-10-11-23", "timings_sec": {"read_step": 0.009704299969598651, "enumerate_faces": 3.1899893656373024e-05, "build_adjacency": 0.0003388000186532736, "extract_features": 0.0012100001331418753, "map_labels": 0.00024239998310804367, "sanity_checks": 0.0002101999707520008, "total": 0.011737599968910217}}