{"part_id": "4-4-6-10-13-23", "timings_sec": {"read_step": 0.007262500002980232, "enumerate_faces": 3.8400059565901756e-05, "build_adjacency": 0.00020100013352930546, "extract_features": 0.00097510009072721, "map_labels": 0.0002935999073088169, "sanity_checks": 0.00016520009376108646, "total": 0.008935800287872553}}