{"part_id": "4-4-5-10-10-23", "timings_sec": {"read_step": 0.016162999905645847, "enumerate_faces": 4.9900030717253685e-05, "build_adjacency": 0.0005171999800950289, "extract_features": 0.0022589999716728926, "map_labels": 0.0003108000382781029, "sanity_checks": 0.00023470004089176655, "total": 0.019534599967300892}}