{"part_id": "4-4-4-9-10-23", "timings_sec": {"read_step": 0.013136500027030706, "enumerate_faces": 3.7400051951408386e-05, "build_adjacency": 0.0003162000793963671, "extract_features": 0.0012188998516649008, "map_labels": 0.00025949999690055847, "sanity_checks": 0.00015210011042654514, "total": 0.015120600117370486}}