{"part_id": "4-4-7-11-12-23", "timings_sec": {"read_step": 0.007747200084850192, "enumerate_faces": 2.7499860152602196e-05, "build_adjacency": 0.0002590999938547611, "extract_features": 0.0009365999139845371, "map_labels": 0.00022200006060302258, "sanity_checks": 0.0002058998215943575, "total": 0.009398299735039473}}