{"part_id": "4-4-4-14-14-23", "timings_sec": {"read_step": 0.009349200176075101, "enumerate_faces": 3.490014933049679e-05, "build_adjacency": 0.0003033000975847244, "extract_features": 0.0010766000486910343, "map_labels": 0.00023710005916655064, "sanity_checks": 0.00015520001761615276, "total": 0.01115630054846406}}