{"part_id": "4-4-4-11-12-23", "timings_sec": {"read_step": 0.01122780004516244, "enumerate_faces": 4.4800108298659325e-05, "build_adjacency": 0.000604500062763691, "extract_features": 0.0020560999400913715, "map_labels": 0.00033599999733269215, "sanity_checks": 0.00017570005729794502, "total": 0.014444900210946798}}