{"part_id": "4-4-5-11-11-23", "timings_sec": {"read_step": 0.009746999945491552, "enumerate_faces": 3.729993477463722e-05, "build_adjacency": 0.0003108000382781029, "extract_features": 0.0011557999532669783, "map_labels": 0.0002457001246511936, "sanity_checks": 0.00015400000847876072, "total": 0.011650600004941225}}