{"part_id": "4-4-4-12-19", "timings_sec": {"read_step": 0.011431199964135885, "enumerate_faces": 3.800005652010441e-05, "build_adjacency": 0.00027689989656209946, "extract_features": 0.001145099988207221, "map_labels": 0.0002503001596778631, "sanity_checks": 0.0001276000402867794, "total": 0.013269100105389953}}