{"part_id": "4-4-6-10-10-23", "timings_sec": {"read_step": 0.009080299874767661, "enumerate_faces": 3.190012648701668e-05, "build_adjacency": 0.0003027999773621559, "extract_features": 0.00112770008854568, "map_labels": 0.00022120005451142788, "sanity_checks": 0.00015540001913905144, "total": 0.010919300140812993}}