{"part_id": "4-4-5-8-10-23", "timings_sec": {"read_step": 0.010637300089001656, "enumerate_faces": 3.460003063082695e-05, "build_adjacency": 0.0003136999439448118, "extract_features": 0.0014271000400185585, "map_labels": 0.00026739994063973427, "sanity_checks": 0.00018400000408291817, "total": 0.012864100048318505}}