{"part_id": "4-4-6-9-10-23", "timings_sec": {"read_step": 0.009031200082972646, "enumerate_faces": 3.119977191090584e-05, "build_adjacency": 0.0002886001020669937, "extract_features": 0.001084300223737955, "map_labels": 0.00022300006821751595, "sanity_checks": 0.00014779996126890182, "total": 0.010806100210174918}}