{"part_id": "4-4-10-12-13-23", "timings_sec": {"read_step": 0.011682300129905343, "enumerate_faces": 3.8800062611699104e-05, "build_adjacency": 0.0003154000733047724, "extract_features": 0.0011573999654501677, "map_labels": 0.0003945999778807163, "sanity_checks": 0.00022820010781288147, "total": 0.01381670031696558}}