{"part_id": "4-4-9-9-13-23", "timings_sec": {"read_step": 0.008268299978226423, "enumerate_faces": 3.350013867020607e-05, "build_adjacency": 0.000283299945294857, "extract_features": 0.0010424000211060047, "map_labels": 0.00023170001804828644, "sanity_checks": 0.00013689999468624592, "total": 0.009996100096032023}}