{"part_id": "4-4-5-7-19", "timings_sec": {"read_step": 0.0079604999627918, "enumerate_faces": 3.3400021493434906e-05, "build_adjacency": 0.00027379998937249184, "extract_features": 0.0009659999050199986, "map_labels": 0.0002297000028192997, "sanity_checks": 0.00012329989112913609, "total": 0.009586699772626162}}