{"part_id": "4-4-9-11-11-23", "timings_sec": {"read_step": 0.013285699998959899, "enumerate_faces": 3.369990736246109e-05, "build_adjacency": 0.0003725001588463783, "extract_features": 0.0014176999684423208, "map_labels": 0.00022060004994273186, "sanity_checks": 0.00026670005172491074, "total": 0.015596900135278702}}