{"part_id": "4-4-6-7-14-23", "timings_sec": {"read_step": 0.006761400029063225, "enumerate_faces": 2.569984644651413e-05, "build_adjacency": 0.00029150000773370266, "extract_features": 0.0008870998863130808, "map_labels": 0.00018740002997219563, "sanity_checks": 0.00011240015737712383, "total": 0.008265499956905842}}