{"part_id": "4-4-10-10-13-23", "timings_sec": {"read_step": 0.01376120001077652, "enumerate_faces": 4.950002767145634e-05, "build_adjacency": 0.0005320000927895308, "extract_features": 0.001989200012758374, "map_labels": 0.0003684000112116337, "sanity_checks": 0.00027520000003278255, "total": 0.016975500155240297}}