{"part_id": "4-4-7-7-10-23", "timings_sec": {"read_step": 0.01103810011409223, "enumerate_faces": 3.220001235604286e-05, "build_adjacency": 0.0003225000109523535, "extract_features": 0.00109810009598732, "map_labels": 0.0002709999680519104, "sanity_checks": 0.00020839995704591274, "total": 0.01297030015848577}}