{"part_id": "4-4-4-11-11-23", "timings_sec": {"read_step": 0.013801600085571408, "enumerate_faces": 3.4400029107928276e-05, "build_adjacency": 0.0003752999473363161, "extract_features": 0.001776800025254488, "map_labels": 0.00030940002761781216, "sanity_checks": 0.00022169994190335274, "total": 0.016519200056791306}}