{"part_id": "4-4-4-8-12-23", "timings_sec": {"read_step": 0.011845499975606799, "enumerate_faces": 3.829994238913059e-05, "build_adjacency": 0.0003136999439448118, "extract_features": 0.0010719001293182373, "map_labels": 0.0002655000425875187, "sanity_checks": 0.00014320015907287598, "total": 0.013678100192919374}}