{"part_id": "4-4-7-10-13-23", "timings_sec": {"read_step": 0.008834700100123882, "enumerate_faces": 3.4400029107928276e-05, "build_adjacency": 0.0003027999773621559, "extract_features": 0.0010823998600244522, "map_labels": 0.00022849999368190765, "sanity_checks": 0.00014539994299411774, "total": 0.010628199903294444}}