{"part_id": "4-4-9-11-19", "timings_sec": {"read_step": 0.008760799886658788, "enumerate_faces": 3.5999808460474014e-05, "build_adjacency": 0.00031589996069669724, "extract_features": 0.0011234998237341642, "map_labels": 0.00023170001804828644, "sanity_checks": 0.00014210003428161144, "total": 0.010609999531880021}}