{"part_id": "4-4-4-13-13-23", "timings_sec": {"read_step": 0.011016200063750148, "enumerate_faces": 3.969995304942131e-05, "build_adjacency": 0.00028300005942583084, "extract_features": 0.0011316000018268824, "map_labels": 0.00025040004402399063, "sanity_checks": 0.0001263997983187437, "total": 0.012847299920395017}}