{"part_id": "4-4-4-11-19", "timings_sec": {"read_step": 0.010546399978920817, "enumerate_faces": 4.5900000259280205e-05, "build_adjacency": 0.00048719998449087143, "extract_features": 0.0019533999729901552, "map_labels": 0.00029690004885196686, "sanity_checks": 0.00021629990078508854, "total": 0.01354609988629818}}