{"part_id": "4-4-8-19", "timings_sec": {"read_step": 0.005724399816244841, "enumerate_faces": 2.4300068616867065e-05, "build_adjacency": 0.00019189994782209396, "extract_features": 0.0006927000358700752, "map_labels": 0.00018789991736412048, "sanity_checks": 0.00012589991092681885, "total": 0.006947099696844816}}