{"part_id": "4-4-5-9-12-23", "timings_sec": {"read_step": 0.009540200000628829, "enumerate_faces": 3.50000336766243e-05, "build_adjacency": 0.0003193998709321022, "extract_features": 0.0011649001389741898, "map_labels": 0.0002296001184731722, "sanity_checks": 0.00014989986084401608, "total": 0.011439000023528934}}