{"part_id": "4-4-8-11-19", "timings_sec": {"read_step": 0.008194099878892303, "enumerate_faces": 2.559996210038662e-05, "build_adjacency": 0.0002723000943660736, "extract_features": 0.001181099796667695, "map_labels": 0.00019449996761977673, "sanity_checks": 0.0001292999368160963, "total": 0.00999689963646233}}