{"part_id": "4-4-5-14-14-23", "timings_sec": {"read_step": 0.010699399979785085, "enumerate_faces": 3.66999302059412e-05, "build_adjacency": 0.0005373000167310238, "extract_features": 0.0022625999990850687, "map_labels": 0.0003037999849766493, "sanity_checks": 0.00014430005103349686, "total": 0.013984099961817265}}