{"part_id": "4-4-4-5-12-23", "timings_sec": {"read_step": 0.01978680002503097, "enumerate_faces": 4.360009916126728e-05, "build_adjacency": 0.0006484000477939844, "extract_features": 0.002047700108960271, "map_labels": 0.00038759992457926273, "sanity_checks": 0.0002272999845445156, "total": 0.02314140019007027}}