{"part_id": "4-4-10-12-14-23", "timings_sec": {"read_step": 0.012964800000190735, "enumerate_faces": 5.330005660653114e-05, "build_adjacency": 0.0003589000552892685, "extract_features": 0.0020261998288333416, "map_labels": 0.0003581000491976738, "sanity_checks": 0.00016009993851184845, "total": 0.0159213999286294}}