{"part_id": "4-4-6-11-11-23", "timings_sec": {"read_step": 0.01636440004222095, "enumerate_faces": 4.0999846532940865e-05, "build_adjacency": 0.000547399977222085, "extract_features": 0.0015599001199007034, "map_labels": 0.00023570004850625992, "sanity_checks": 0.00017159990966320038, "total": 0.01891999994404614}}