{"part_id": "4-4-5-10-14-23", "timings_sec": {"read_step": 0.015385900158435106, "enumerate_faces": 4.610000178217888e-05, "build_adjacency": 0.0004938000347465277, "extract_features": 0.0018290998414158821, "map_labels": 0.0003122999332845211, "sanity_checks": 0.00022919988259673119, "total": 0.018296399852260947}}