{"part_id": "4-4-6-9-9-23", "timings_sec": {"read_step": 0.012742399936541915, "enumerate_faces": 3.42000275850296e-05, "build_adjacency": 0.0004182998090982437, "extract_features": 0.0014214999973773956, "map_labels": 0.00021079997532069683, "sanity_checks": 0.00013440009206533432, "total": 0.014961599837988615}}