{"part_id": "4-4-12-13-13-23", "timings_sec": {"read_step": 0.00879599992185831, "enumerate_faces": 4.1499966755509377e-05, "build_adjacency": 0.0004493999294936657, "extract_features": 0.0012187999673187733, "map_labels": 0.0002397000789642334, "sanity_checks": 0.0001308000646531582, "total": 0.01087619992904365}}