{"part_id": "4-4-6-8-11-23", "timings_sec": {"read_step": 0.008967699948698282, "enumerate_faces": 2.6799971237778664e-05, "build_adjacency": 0.00029610004276037216, "extract_features": 0.0010913999285548925, "map_labels": 0.00019919988699257374, "sanity_checks": 0.00015440001152455807, "total": 0.010735599789768457}}