{"part_id": "4-4-7-10-10-23", "timings_sec": {"read_step": 0.009369099978357553, "enumerate_faces": 2.7499860152602196e-05, "build_adjacency": 0.0003138999454677105, "extract_features": 0.0013580999802798033, "map_labels": 0.00020320015028119087, "sanity_checks": 0.00015190010890364647, "total": 0.011423700023442507}}