{"part_id": "4-4-8-10-12-23", "timings_sec": {"read_step": 0.00887340004555881, "enumerate_faces": 3.520003519952297e-05, "build_adjacency": 0.0002991999499499798, "extract_features": 0.0012252999003976583, "map_labels": 0.00022609997540712357, "sanity_checks": 0.00014360016211867332, "total": 0.010802800068631768}}