{"part_id": "4-4-6-8-14-23", "timings_sec": {"read_step": 0.007715099956840277, "enumerate_faces": 3.050011582672596e-05, "build_adjacency": 0.00026650005020201206, "extract_features": 0.0009540999308228493, "map_labels": 0.00021030008792877197, "sanity_checks": 0.00012159999459981918, "total": 0.009298100136220455}}