{"part_id": "4-4-4-6-14-23", "timings_sec": {"read_step": 0.032630200032144785, "enumerate_faces": 4.930002614855766e-05, "build_adjacency": 0.00043709995225071907, "extract_features": 0.0016534000169485807, "map_labels": 0.0003053999971598387, "sanity_checks": 0.00021089985966682434, "total": 0.035286299884319305}}