{"part_id": "4-4-7-9-11-23", "timings_sec": {"read_step": 0.011794700054451823, "enumerate_faces": 3.929995000362396e-05, "build_adjacency": 0.00033909990452229977, "extract_features": 0.001217900076881051, "map_labels": 0.00023060012608766556, "sanity_checks": 0.00016300007700920105, "total": 0.013784600188955665}}