{"part_id": "4-4-8-12-14-23", "timings_sec": {"read_step": 0.008212600136175752, "enumerate_faces": 2.9999995604157448e-05, "build_adjacency": 0.0003100999165326357, "extract_features": 0.0011428999714553356, "map_labels": 0.0002616001293063164, "sanity_checks": 0.00016389996744692326, "total": 0.01012110011652112}}