{"part_id": "4-4-5-5-19", "timings_sec": {"read_step": 0.01124519994482398, "enumerate_faces": 2.9299873858690262e-05, "build_adjacency": 0.0002762000076472759, "extract_features": 0.0012162001803517342, "map_labels": 0.00020679994486272335, "sanity_checks": 0.0001308999489992857, "total": 0.01310459990054369}}