{"part_id": "4-4-4-11-13-23", "timings_sec": {"read_step": 0.013272699899971485, "enumerate_faces": 3.8700178265571594e-05, "build_adjacency": 0.00038679991848766804, "extract_features": 0.001449099974706769, "map_labels": 0.00024109985679388046, "sanity_checks": 0.0001517999917268753, "total": 0.01554019981995225}}