{"part_id": "4-4-7-9-9-23", "timings_sec": {"read_step": 0.008564900141209364, "enumerate_faces": 3.3300137147307396e-05, "build_adjacency": 0.00029209977947175503, "extract_features": 0.0010941000655293465, "map_labels": 0.0001987998839467764, "sanity_checks": 0.00014210003428161144, "total": 0.01032530004158616}}