{"part_id": "4-4-4-8-14-23", "timings_sec": {"read_step": 0.007249700138345361, "enumerate_faces": 3.9899954572319984e-05, "build_adjacency": 0.0002513001672923565, "extract_features": 0.0008797000627964735, "map_labels": 0.0002367999404668808, "sanity_checks": 0.00011310004629194736, "total": 0.008770500309765339}}