{"part_id": "4-4-4-12-14-23", "timings_sec": {"read_step": 0.01533879991620779, "enumerate_faces": 3.900006413459778e-05, "build_adjacency": 0.00033359997905790806, "extract_features": 0.001621800009161234, "map_labels": 0.00029319990426301956, "sanity_checks": 0.00021680002100765705, "total": 0.017843199893832207}}