{"part_id": "4-4-8-10-19", "timings_sec": {"read_step": 0.007236400153487921, "enumerate_faces": 2.6799971237778664e-05, "build_adjacency": 0.0002413000911474228, "extract_features": 0.0009035000111907721, "map_labels": 0.00021050008945167065, "sanity_checks": 0.00012320000678300858, "total": 0.008741700323298573}}