{"part_id": "4-4-4-10-14-23", "timings_sec": {"read_step": 0.011872100178152323, "enumerate_faces": 3.609992563724518e-05, "build_adjacency": 0.0003114999271929264, "extract_features": 0.0011211000382900238, "map_labels": 0.0002536000683903694, "sanity_checks": 0.0001462001819163561, "total": 0.013740600319579244}}