{"part_id": "4-4-5-8-19", "timings_sec": {"read_step": 0.007521599996834993, "enumerate_faces": 2.8099864721298218e-05, "build_adjacency": 0.00026459991931915283, "extract_features": 0.0016824000049382448, "map_labels": 0.00025289994664490223, "sanity_checks": 0.00019669998437166214, "total": 0.009946299716830254}}