{"part_id": "4-4-4-4-6-23", "timings_sec": {"read_step": 0.008702300023287535, "enumerate_faces": 3.7999823689460754e-05, "build_adjacency": 0.0002842000685632229, "extract_features": 0.0013951000291854143, "map_labels": 0.0002723999787122011, "sanity_checks": 0.00020199990831315517, "total": 0.010893999831750989}}