{"part_id": "4-4-6-8-13-23", "timings_sec": {"read_step": 0.0072154998779296875, "enumerate_faces": 2.4499837309122086e-05, "build_adjacency": 0.0002375999465584755, "extract_features": 0.000993699999526143, "map_labels": 0.0002810000441968441, "sanity_checks": 0.00011799996718764305, "total": 0.008870299672707915}}