{"part_id": "4-4-8-11-14-23", "timings_sec": {"read_step": 0.009933499852195382, "enumerate_faces": 3.7599820643663406e-05, "build_adjacency": 0.00032870005816221237, "extract_features": 0.0013906999956816435, "map_labels": 0.00023279991000890732, "sanity_checks": 0.0001496998593211174, "total": 0.012072999496012926}}