{"part_id": "4-4-5-10-12-23", "timings_sec": {"read_step": 0.013266499852761626, "enumerate_faces": 4.449998959898949e-05, "build_adjacency": 0.0005210998933762312, "extract_features": 0.001913899788632989, "map_labels": 0.0003068998921662569, "sanity_checks": 0.00025010015815496445, "total": 0.016302999574691057}}