{"part_id": "4-4-10-13-19", "timings_sec": {"read_step": 0.012753899907693267, "enumerate_faces": 8.159992285072803e-05, "build_adjacency": 0.00046609994024038315, "extract_features": 0.0016917998436838388, "map_labels": 0.00033069984056055546, "sanity_checks": 0.00022249994799494743, "total": 0.01554659940302372}}