{"part_id": "4-4-5-7-10-23", "timings_sec": {"read_step": 0.013060299912467599, "enumerate_faces": 3.0399998649954796e-05, "build_adjacency": 0.0003166000824421644, "extract_features": 0.0011742999777197838, "map_labels": 0.0002337999176234007, "sanity_checks": 0.00022719986736774445, "total": 0.015042599756270647}}