{"part_id": "4-4-7-11-11-23", "timings_sec": {"read_step": 0.012144399806857109, "enumerate_faces": 3.42000275850296e-05, "build_adjacency": 0.0003746999427676201, "extract_features": 0.0015777000226080418, "map_labels": 0.00025780010037124157, "sanity_checks": 0.0002079999540001154, "total": 0.014596799854189157}}