{"part_id": "4-4-6-8-8-23", "timings_sec": {"read_step": 0.0063639001455157995, "enumerate_faces": 2.5300076231360435e-05, "build_adjacency": 0.00021490012295544147, "extract_features": 0.0007821999024599791, "map_labels": 0.00019160006195306778, "sanity_checks": 0.00010180007666349411, "total": 0.007679700385779142}}