{"part_id": "4-4-10-11-19", "timings_sec": {"read_step": 0.014469500165432692, "enumerate_faces": 4.779989831149578e-05, "build_adjacency": 0.00048179994337260723, "extract_features": 0.0017985000740736723, "map_labels": 0.00032970006577670574, "sanity_checks": 0.00023119989782571793, "total": 0.01735850004479289}}