{"part_id": "4-4-10-11-12-23", "timings_sec": {"read_step": 0.01669650012627244, "enumerate_faces": 4.7800131142139435e-05, "build_adjacency": 0.0004771000239998102, "extract_features": 0.001995599828660488, "map_labels": 0.0002921000123023987, "sanity_checks": 0.00018649990670382977, "total": 0.019695600029081106}}