{"part_id": "4-4-5-14-19", "timings_sec": {"read_step": 0.007803099928423762, "enumerate_faces": 2.7899863198399544e-05, "build_adjacency": 0.0002695999573916197, "extract_features": 0.0009633000008761883, "map_labels": 0.0002052001655101776, "sanity_checks": 0.00012230011634528637, "total": 0.009391400031745434}}