{"part_id": "4-4-5-7-9-23", "timings_sec": {"read_step": 0.008431199938058853, "enumerate_faces": 4.020007327198982e-05, "build_adjacency": 0.00046060001477599144, "extract_features": 0.0015002998989075422, "map_labels": 0.00025209994055330753, "sanity_checks": 0.0002047000452876091, "total": 0.010889099910855293}}