{"part_id": "4-4-5-5-10-23", "timings_sec": {"read_step": 0.014081900008022785, "enumerate_faces": 3.4700147807598114e-05, "build_adjacency": 0.0003396000247448683, "extract_features": 0.0013757001142948866, "map_labels": 0.00022789998911321163, "sanity_checks": 0.0001604999415576458, "total": 0.016220300225540996}}