{"part_id": "4-4-8-11-13-23", "timings_sec": {"read_step": 0.013246800052002072, "enumerate_faces": 4.3800100684165955e-05, "build_adjacency": 0.00037489994429051876, "extract_features": 0.0019386999774724245, "map_labels": 0.0002824000548571348, "sanity_checks": 0.0002541998401284218, "total": 0.016140799969434738}}