{"part_id": "4-4-4-9-12-23", "timings_sec": {"read_step": 0.00963940005749464, "enumerate_faces": 3.769993782043457e-05, "build_adjacency": 0.00032270001247525215, "extract_features": 0.0011128999758511782, "map_labels": 0.0002384998369961977, "sanity_checks": 0.0001431000418961048, "total": 0.011494299862533808}}