{"part_id": "4-4-4-10-12-23", "timings_sec": {"read_step": 0.011813399847596884, "enumerate_faces": 4.2499974370002747e-05, "build_adjacency": 0.00032640015706419945, "extract_features": 0.0011839999351650476, "map_labels": 0.0002544000744819641, "sanity_checks": 0.00015859981067478657, "total": 0.013779299799352884}}