{"part_id": "4-4-8-11-11-23", "timings_sec": {"read_step": 0.011234199861064553, "enumerate_faces": 3.269989974796772e-05, "build_adjacency": 0.00035550002939999104, "extract_features": 0.0013175997883081436, "map_labels": 0.00022529996931552887, "sanity_checks": 0.00016930000856518745, "total": 0.013334599556401372}}