{"part_id": "4-4-6-11-14-23", "timings_sec": {"read_step": 0.009316399926319718, "enumerate_faces": 3.6499928683042526e-05, "build_adjacency": 0.0003247000277042389, "extract_features": 0.0016925998497754335, "map_labels": 0.00023460015654563904, "sanity_checks": 0.0002354998141527176, "total": 0.01184029970318079}}