{"part_id": "4-4-6-7-9-23", "timings_sec": {"read_step": 0.008641600143164396, "enumerate_faces": 3.609992563724518e-05, "build_adjacency": 0.0002949000336229801, "extract_features": 0.0012015998363494873, "map_labels": 0.00023200013674795628, "sanity_checks": 0.000134600093588233, "total": 0.010540800169110298}}