{"part_id": "4-4-8-9-13-23", "timings_sec": {"read_step": 0.009906499879434705, "enumerate_faces": 3.179977647960186e-05, "build_adjacency": 0.00026890006847679615, "extract_features": 0.0012499999720603228, "map_labels": 0.00023140013217926025, "sanity_checks": 0.00012759980745613575, "total": 0.011816199636086822}}