{"part_id": "4-4-5-7-11-23", "timings_sec": {"read_step": 0.009993999963626266, "enumerate_faces": 2.8799986466765404e-05, "build_adjacency": 0.0003720000386238098, "extract_features": 0.0013406998477876186, "map_labels": 0.00021079997532069683, "sanity_checks": 0.00015820004045963287, "total": 0.012104499852284789}}