{"part_id": "4-4-9-12-19", "timings_sec": {"read_step": 0.009906700113788247, "enumerate_faces": 3.429991193115711e-05, "build_adjacency": 0.00026650005020201206, "extract_features": 0.0009691999293863773, "map_labels": 0.00022190017625689507, "sanity_checks": 0.00012669991701841354, "total": 0.011525300098583102}}