{"part_id": "4-4-8-8-13-23", "timings_sec": {"read_step": 0.007039599819108844, "enumerate_faces": 3.1899893656373024e-05, "build_adjacency": 0.00039760000072419643, "extract_features": 0.0008968000765889883, "map_labels": 0.00019379984587430954, "sanity_checks": 0.00011270004324615002, "total": 0.008672399679198861}}