{"part_id": "4-5-12-14-14-23", "timings_sec": {"read_step": 0.009805000154301524, "enumerate_faces": 2.8999987989664078e-05, "build_adjacency": 0.0003112000413239002, "extract_features": 0.0011087001767009497, "map_labels": 0.00021490012295544147, "sanity_checks": 0.00014199991710484028, "total": 0.01161080040037632}}