{"part_id": "4-5-8-8-11-23", "timings_sec": {"read_step": 0.012669800082221627, "enumerate_faces": 4.179985262453556e-05, "build_adjacency": 0.0004813999403268099, "extract_features": 0.0016511001158505678, "map_labels": 0.00027309986762702465, "sanity_checks": 0.0002318001352250576, "total": 0.015348999993875623}}