{"part_id": "4-5-7-12-13-23", "timings_sec": {"read_step": 0.013326899847015738, "enumerate_faces": 3.220001235604286e-05, "build_adjacency": 0.0003082999028265476, "extract_features": 0.0010808000806719065, "map_labels": 0.00023459992371499538, "sanity_checks": 0.0001379998866468668, "total": 0.015120799653232098}}