{"part_id": "4-5-8-8-14-23", "timings_sec": {"read_step": 0.006799699971452355, "enumerate_faces": 2.359994687139988e-05, "build_adjacency": 0.00022280006669461727, "extract_features": 0.0007911999709904194, "map_labels": 0.0001938000787049532, "sanity_checks": 0.00010990002192556858, "total": 0.008141000056639314}}