{"part_id": "4-5-8-8-10-23", "timings_sec": {"read_step": 0.01086650020442903, "enumerate_faces": 3.71001660823822e-05, "build_adjacency": 0.0004437000025063753, "extract_features": 0.0015858998522162437, "map_labels": 0.00026590004563331604, "sanity_checks": 0.00024290010333061218, "total": 0.01344200037419796}}