{"part_id": "4-5-13-13-14-23", "timings_sec": {"read_step": 0.008066199952736497, "enumerate_faces": 3.2300129532814026e-05, "build_adjacency": 0.00028280005790293217, "extract_features": 0.001131199998781085, "map_labels": 0.0002857998479157686, "sanity_checks": 0.00021020020358264446, "total": 0.010008500190451741}}