{"part_id": "4-5-6-10-12-23", "timings_sec": {"read_step": 0.010069499956443906, "enumerate_faces": 3.20998951792717e-05, "build_adjacency": 0.0003190001007169485, "extract_features": 0.001310999970883131, "map_labels": 0.00022539985366165638, "sanity_checks": 0.00014730007387697697, "total": 0.01210429985076189}}