{"part_id": "4-5-6-6-11-23", "timings_sec": {"read_step": 0.011265399865806103, "enumerate_faces": 3.479979932308197e-05, "build_adjacency": 0.00029060011729598045, "extract_features": 0.0014243999030441046, "map_labels": 0.0002326001413166523, "sanity_checks": 0.00013849977403879166, "total": 0.013386299600824714}}