{"part_id": "4-5-5-5-8-23", "timings_sec": {"read_step": 0.00810409989207983, "enumerate_faces": 2.7700094506144524e-05, "build_adjacency": 0.0003021999727934599, "extract_features": 0.001018499955534935, "map_labels": 0.00020350003615021706, "sanity_checks": 0.00012950017116963863, "total": 0.009785500122234225}}