{"part_id": "4-5-6-8-12-23", "timings_sec": {"read_step": 0.008541899966076016, "enumerate_faces": 3.0499882996082306e-05, "build_adjacency": 0.00035220012068748474, "extract_features": 0.0011255000717937946, "map_labels": 0.00021489989012479782, "sanity_checks": 0.00013219984248280525, "total": 0.010397199774160981}}