{"part_id": "4-5-5-6-14-23", "timings_sec": {"read_step": 0.00903360010124743, "enumerate_faces": 3.1700124964118004e-05, "build_adjacency": 0.00047619990073144436, "extract_features": 0.0016095000319182873, "map_labels": 0.00025569996796548367, "sanity_checks": 0.00021299999207258224, "total": 0.011619700118899345}}