{"part_id": "4-5-7-8-10-23", "timings_sec": {"read_step": 0.012140800012275577, "enumerate_faces": 3.579980693757534e-05, "build_adjacency": 0.0003130000550299883, "extract_features": 0.0011413998436182737, "map_labels": 0.00023650005459785461, "sanity_checks": 0.0001449999399483204, "total": 0.014012499712407589}}