{"part_id": "4-5-6-7-14-23", "timings_sec": {"read_step": 0.009926300030201674, "enumerate_faces": 3.1899893656373024e-05, "build_adjacency": 0.00029470003210008144, "extract_features": 0.0010270001366734505, "map_labels": 0.00021249987185001373, "sanity_checks": 0.0001322000753134489, "total": 0.011624600039795041}}