{"part_id": "4-5-10-10-14-23", "timings_sec": {"read_step": 0.009958399925380945, "enumerate_faces": 3.400002606213093e-05, "build_adjacency": 0.00040319981053471565, "extract_features": 0.0012382001150399446, "map_labels": 0.00031489995308220387, "sanity_checks": 0.00024470011703670025, "total": 0.01219339994713664}}