{"part_id": "4-5-6-9-9-23", "timings_sec": {"read_step": 0.008702699793502688, "enumerate_faces": 2.8700102120637894e-05, "build_adjacency": 0.0003996999002993107, "extract_features": 0.001093599945306778, "map_labels": 0.0002076001837849617, "sanity_checks": 0.00014519994147121906, "total": 0.010577499866485596}}