{"part_id": "4-5-7-7-13-23", "timings_sec": {"read_step": 0.008389499969780445, "enumerate_faces": 4.139984957873821e-05, "build_adjacency": 0.0003534001298248768, "extract_features": 0.0010680998675525188, "map_labels": 0.0002258999738842249, "sanity_checks": 0.00013580010272562504, "total": 0.010214099893346429}}