{"part_id": "4-5-8-12-14-23", "timings_sec": {"read_step": 0.01363949989899993, "enumerate_faces": 4.309997893869877e-05, "build_adjacency": 0.00045739999040961266, "extract_features": 0.0016123999375849962, "map_labels": 0.0003472000826150179, "sanity_checks": 0.0002148000057786703, "total": 0.016314399894326925}}