{"part_id": "4-5-11-14-14-23", "timings_sec": {"read_step": 0.012699200073257089, "enumerate_faces": 3.460003063082695e-05, "build_adjacency": 0.00034169992431998253, "extract_features": 0.0021182000637054443, "map_labels": 0.0002864999696612358, "sanity_checks": 0.00029280013404786587, "total": 0.015773000195622444}}