{"part_id": "4-5-5-9-11-23", "timings_sec": {"read_step": 0.010439399862661958, "enumerate_faces": 2.7399975806474686e-05, "build_adjacency": 0.0003472999669611454, "extract_features": 0.0014588001649826765, "map_labels": 0.00019369996152818203, "sanity_checks": 0.00016870000399649143, "total": 0.012635299935936928}}