{"part_id": "4-5-5-11-13-23", "timings_sec": {"read_step": 0.011460499837994576, "enumerate_faces": 3.0300114303827286e-05, "build_adjacency": 0.00035479990765452385, "extract_features": 0.0012813000939786434, "map_labels": 0.00021749990992248058, "sanity_checks": 0.00016029994003474712, "total": 0.013504699803888798}}