{"part_id": "4-5-8-9-9-23", "timings_sec": {"read_step": 0.008519999915733933, "enumerate_faces": 2.9799994081258774e-05, "build_adjacency": 0.00032679992727935314, "extract_features": 0.0011458999942988157, "map_labels": 0.000202300027012825, "sanity_checks": 0.00014050002209842205, "total": 0.010365299880504608}}