{"part_id": "4-5-9-9-13-23", "timings_sec": {"read_step": 0.00883920001797378, "enumerate_faces": 4.259985871613026e-05, "build_adjacency": 0.00041840015910565853, "extract_features": 0.0014978998806327581, "map_labels": 0.0002677000593394041, "sanity_checks": 0.00019990000873804092, "total": 0.011265699984505773}}