{"part_id": "4-5-8-13-19", "timings_sec": {"read_step": 0.007635399932041764, "enumerate_faces": 3.210012800991535e-05, "build_adjacency": 0.00025509996339678764, "extract_features": 0.0008584000170230865, "map_labels": 0.00022229994647204876, "sanity_checks": 0.00011030002497136593, "total": 0.009113600011914968}}