{"part_id": "4-5-6-10-14-23", "timings_sec": {"read_step": 0.008872500155121088, "enumerate_faces": 3.329990431666374e-05, "build_adjacency": 0.00044780015014111996, "extract_features": 0.0010899000335484743, "map_labels": 0.00042949989438056946, "sanity_checks": 0.00017230003140866756, "total": 0.011045300168916583}}