{"part_id": "4-5-10-13-14-23", "timings_sec": {"read_step": 0.006707100197672844, "enumerate_faces": 3.110012039542198e-05, "build_adjacency": 0.00024010008201003075, "extract_features": 0.0014971999917179346, "map_labels": 0.00028650020249187946, "sanity_checks": 0.00012229988351464272, "total": 0.008884300477802753}}