{"part_id": "4-5-7-12-19", "timings_sec": {"read_step": 0.007972100051119924, "enumerate_faces": 3.0099879950284958e-05, "build_adjacency": 0.0002755001187324524, "extract_features": 0.0009981999173760414, "map_labels": 0.00021190010011196136, "sanity_checks": 0.00012650014832615852, "total": 0.009614300215616822}}