{"part_id": "4-5-6-6-9-23", "timings_sec": {"read_step": 0.008113899966701865, "enumerate_faces": 3.2400013878941536e-05, "build_adjacency": 0.00029910006560385227, "extract_features": 0.0011772001162171364, "map_labels": 0.00020880019292235374, "sanity_checks": 0.00013149995356798172, "total": 0.00996290030889213}}