{"part_id": "4-5-12-12-19", "timings_sec": {"read_step": 0.00848939991556108, "enumerate_faces": 3.150012344121933e-05, "build_adjacency": 0.0002933000214397907, "extract_features": 0.0010494999587535858, "map_labels": 0.0002392998430877924, "sanity_checks": 0.000134600093588233, "total": 0.010237599955871701}}