{"part_id": "4-5-12-12-12-23", "timings_sec": {"read_step": 0.009980399860069156, "enumerate_faces": 2.8499867767095566e-05, "build_adjacency": 0.0003432999365031719, "extract_features": 0.0012435000389814377, "map_labels": 0.00020679994486272335, "sanity_checks": 0.00015159999020397663, "total": 0.01195409963838756}}