{"part_id": "4-5-6-6-19", "timings_sec": {"read_step": 0.0068200998939573765, "enumerate_faces": 3.479979932308197e-05, "build_adjacency": 0.00023500015959143639, "extract_features": 0.0008527999743819237, "map_labels": 0.00021950015798211098, "sanity_checks": 0.00010820012539625168, "total": 0.008270400110632181}}