{"part_id": "4-5-10-12-14-23", "timings_sec": {"read_step": 0.009503900073468685, "enumerate_faces": 3.050011582672596e-05, "build_adjacency": 0.0003315999638289213, "extract_features": 0.001338799949735403, "map_labels": 0.0002087999600917101, "sanity_checks": 0.00015460001304745674, "total": 0.011568200075998902}}