{"part_id": "4-5-5-7-13-23", "timings_sec": {"read_step": 0.007782800123095512, "enumerate_faces": 2.519995905458927e-05, "build_adjacency": 0.00027130008675158024, "extract_features": 0.000980899902060628, "map_labels": 0.00023820018395781517, "sanity_checks": 0.00012720003724098206, "total": 0.009425600292161107}}