{"part_id": "4-5-9-10-13-23", "timings_sec": {"read_step": 0.007973900064826012, "enumerate_faces": 2.9499875381588936e-05, "build_adjacency": 0.0003116999287158251, "extract_features": 0.0010049999691545963, "map_labels": 0.00018900004215538502, "sanity_checks": 0.00013980013318359852, "total": 0.009648900013417006}}