{"part_id": "4-5-6-13-13-23", "timings_sec": {"read_step": 0.006192800123244524, "enumerate_faces": 2.8199981898069382e-05, "build_adjacency": 0.0002117000985890627, "extract_features": 0.0008205000776797533, "map_labels": 0.00020899996161460876, "sanity_checks": 0.00010070018470287323, "total": 0.007562900427728891}}