{"part_id": "4-5-5-7-10-23", "timings_sec": {"read_step": 0.009591399924829602, "enumerate_faces": 3.0300114303827286e-05, "build_adjacency": 0.00033519999124109745, "extract_features": 0.0012749999295920134, "map_labels": 0.00023819995112717152, "sanity_checks": 0.0001575998030602932, "total": 0.011627699714154005}}