{"part_id": "4-5-10-13-13-23", "timings_sec": {"read_step": 0.010324699804186821, "enumerate_faces": 3.100000321865082e-05, "build_adjacency": 0.00028559984639286995, "extract_features": 0.0012043002061545849, "map_labels": 0.00021299999207258224, "sanity_checks": 0.00013640010729432106, "total": 0.01219499995931983}}