{"part_id": "4-5-9-14-19", "timings_sec": {"read_step": 0.00814869999885559, "enumerate_faces": 2.759997732937336e-05, "build_adjacency": 0.0002608001232147217, "extract_features": 0.0011467000003904104, "map_labels": 0.00020070001482963562, "sanity_checks": 0.00012409989722073078, "total": 0.009908600011840463}}