{"part_id": "4-5-9-13-19", "timings_sec": {"read_step": 0.0074714000802487135, "enumerate_faces": 2.4799956008791924e-05, "build_adjacency": 0.0002470000181347132, "extract_features": 0.0008950999472290277, "map_labels": 0.0004832001868635416, "sanity_checks": 0.00015309988521039486, "total": 0.009274600073695183}}