{"part_id": "4-5-6-9-10-23", "timings_sec": {"read_step": 0.010496600065380335, "enumerate_faces": 3.990018740296364e-05, "build_adjacency": 0.00031809997744858265, "extract_features": 0.0013345000334084034, "map_labels": 0.00029450003057718277, "sanity_checks": 0.0002445999998599291, "total": 0.012728200294077396}}