{"part_id": "4-5-6-7-9-23", "timings_sec": {"read_step": 0.009306800086051226, "enumerate_faces": 3.310013562440872e-05, "build_adjacency": 0.0002903998829424381, "extract_features": 0.0010691999923437834, "map_labels": 0.0002289998810738325, "sanity_checks": 0.00013720011338591576, "total": 0.011065700091421604}}