{"part_id": "4-5-5-7-14-23", "timings_sec": {"read_step": 0.009541699895635247, "enumerate_faces": 3.0700117349624634e-05, "build_adjacency": 0.0003700000233948231, "extract_features": 0.001156100071966648, "map_labels": 0.00021070009097456932, "sanity_checks": 0.00014510005712509155, "total": 0.011454300256446004}}