{"part_id": "4-5-8-8-19", "timings_sec": {"read_step": 0.006687999935820699, "enumerate_faces": 3.100000321865082e-05, "build_adjacency": 0.0002343000378459692, "extract_features": 0.0008596999105066061, "map_labels": 0.00021430011838674545, "sanity_checks": 0.00010949978604912758, "total": 0.008136799791827798}}