{"part_id": "4-5-10-10-19", "timings_sec": {"read_step": 0.008613900048658252, "enumerate_faces": 3.110012039542198e-05, "build_adjacency": 0.00028789998032152653, "extract_features": 0.0011675001587718725, "map_labels": 0.00026819994673132896, "sanity_checks": 0.00014570006169378757, "total": 0.01051430031657219}}