{"part_id": "4-5-11-11-13-23", "timings_sec": {"read_step": 0.011525299865752459, "enumerate_faces": 4.179985262453556e-05, "build_adjacency": 0.0004195999354124069, "extract_features": 0.0015654999297112226, "map_labels": 0.00023339991457760334, "sanity_checks": 0.00017639994621276855, "total": 0.013961999444290996}}