{"part_id": "4-5-5-7-12-23", "timings_sec": {"read_step": 0.008401300059631467, "enumerate_faces": 2.9799994081258774e-05, "build_adjacency": 0.00028650020249187946, "extract_features": 0.0010054002050310373, "map_labels": 0.0002166999038308859, "sanity_checks": 0.00020570005290210247, "total": 0.01014540041796863}}