{"part_id": "4-5-5-13-13-23", "timings_sec": {"read_step": 0.008251099847257137, "enumerate_faces": 3.0399998649954796e-05, "build_adjacency": 0.00028639985248446465, "extract_features": 0.0012519999872893095, "map_labels": 0.00020290003158152103, "sanity_checks": 0.00013669999316334724, "total": 0.010159499710425735}}