{"part_id": "4-5-5-9-19", "timings_sec": {"read_step": 0.007983600022271276, "enumerate_faces": 2.610008232295513e-05, "build_adjacency": 0.00026689982041716576, "extract_features": 0.0013592999894171953, "map_labels": 0.0002538999542593956, "sanity_checks": 0.00020970008336007595, "total": 0.010099499952048063}}