{"part_id": "4-5-9-11-13-23", "timings_sec": {"read_step": 0.010591400088742375, "enumerate_faces": 3.309990279376507e-05, "build_adjacency": 0.00033449986949563026, "extract_features": 0.0013963000383228064, "map_labels": 0.00021489989012479782, "sanity_checks": 0.00016439985483884811, "total": 0.012734599644318223}}