{"part_id": "4-5-8-10-12-23", "timings_sec": {"read_step": 0.009128900012001395, "enumerate_faces": 3.1400006264448166e-05, "build_adjacency": 0.0003276001662015915, "extract_features": 0.001149600138887763, "map_labels": 0.0002180000301450491, "sanity_checks": 0.0001487999688833952, "total": 0.011004300322383642}}