{"part_id": "4-5-7-10-13-23", "timings_sec": {"read_step": 0.009017900098115206, "enumerate_faces": 3.210012800991535e-05, "build_adjacency": 0.0003799998667091131, "extract_features": 0.0011768999975174665, "map_labels": 0.00023889984004199505, "sanity_checks": 0.0001487999688833952, "total": 0.010994599899277091}}