{"part_id": "4-5-5-6-10-23", "timings_sec": {"read_step": 0.008742199977859855, "enumerate_faces": 2.2600172087550163e-05, "build_adjacency": 0.0002967999316751957, "extract_features": 0.0011430999729782343, "map_labels": 0.00017990008927881718, "sanity_checks": 0.00015169987455010414, "total": 0.010536300018429756}}