{"part_id": "4-5-7-9-10-23", "timings_sec": {"read_step": 0.010825000004842877, "enumerate_faces": 4.759989678859711e-05, "build_adjacency": 0.0006309000309556723, "extract_features": 0.0020073000341653824, "map_labels": 0.00032510003075003624, "sanity_checks": 0.00025090016424655914, "total": 0.014086800161749125}}