{"part_id": "4-5-6-10-10-23", "timings_sec": {"read_step": 0.009374300017952919, "enumerate_faces": 2.8299866244196892e-05, "build_adjacency": 0.00030869990587234497, "extract_features": 0.0011750999838113785, "map_labels": 0.0002058998215943575, "sanity_checks": 0.00015199999324977398, "total": 0.01124429958872497}}