{"part_id": "4-5-11-12-19", "timings_sec": {"read_step": 0.009441599948331714, "enumerate_faces": 3.1700124964118004e-05, "build_adjacency": 0.0003147998359054327, "extract_features": 0.0013504999224096537, "map_labels": 0.00020699994638562202, "sanity_checks": 0.0001462001819163561, "total": 0.011491799959912896}}