{"part_id": "4-5-5-6-8-23", "timings_sec": {"read_step": 0.008594300132244825, "enumerate_faces": 3.509991802275181e-05, "build_adjacency": 0.0003353999927639961, "extract_features": 0.0010438000317662954, "map_labels": 0.00020240014418959618, "sanity_checks": 0.0001360001042485237, "total": 0.010347000323235989}}