{"part_id": "4-5-8-19", "timings_sec": {"read_step": 0.006301000015810132, "enumerate_faces": 2.950010821223259e-05, "build_adjacency": 0.00021130009554326534, "extract_features": 0.0007700999267399311, "map_labels": 0.00026490003801882267, "sanity_checks": 0.00010329997166991234, "total": 0.007680100155994296}}