{"part_id": "4-5-10-11-14-23", "timings_sec": {"read_step": 0.010263699805364013, "enumerate_faces": 2.6799971237778664e-05, "build_adjacency": 0.0003450000658631325, "extract_features": 0.0016167000867426395, "map_labels": 0.00026130001060664654, "sanity_checks": 0.00019189994782209396, "total": 0.012705399887636304}}