{"part_id": "4-5-5-5-11-23", "timings_sec": {"read_step": 0.008547700010240078, "enumerate_faces": 3.169989213347435e-05, "build_adjacency": 0.00029530003666877747, "extract_features": 0.001163500128313899, "map_labels": 0.00021569989621639252, "sanity_checks": 0.0001330999657511711, "total": 0.010386999929323792}}