{"part_id": "4-5-6-7-11-23", "timings_sec": {"read_step": 0.009387800004333258, "enumerate_faces": 3.120000474154949e-05, "build_adjacency": 0.00031969998963177204, "extract_features": 0.001185400178655982, "map_labels": 0.00021449988707900047, "sanity_checks": 0.0001585001591593027, "total": 0.011297100223600864}}