{"part_id": "4-5-5-10-13-23", "timings_sec": {"read_step": 0.009488699957728386, "enumerate_faces": 2.9799994081258774e-05, "build_adjacency": 0.00034380005672574043, "extract_features": 0.001172899967059493, "map_labels": 0.00022300006821751595, "sanity_checks": 0.00017439993098378181, "total": 0.011432599974796176}}