{"part_id": "4-5-9-13-14-23", "timings_sec": {"read_step": 0.009644199861213565, "enumerate_faces": 3.0399998649954796e-05, "build_adjacency": 0.0003816999960690737, "extract_features": 0.00108780013397336, "map_labels": 0.00021039997227489948, "sanity_checks": 0.00013520009815692902, "total": 0.011489700060337782}}