{"part_id": "4-5-6-11-12-23", "timings_sec": {"read_step": 0.010377999860793352, "enumerate_faces": 3.8899946957826614e-05, "build_adjacency": 0.0005916000809520483, "extract_features": 0.002407599939033389, "map_labels": 0.0002608001232147217, "sanity_checks": 0.00028140004724264145, "total": 0.01395829999819398}}