{"part_id": "4-5-6-8-14-23", "timings_sec": {"read_step": 0.005985799944028258, "enumerate_faces": 2.3999949917197227e-05, "build_adjacency": 0.0002072998322546482, "extract_features": 0.0007195000071078539, "map_labels": 0.00018620002083480358, "sanity_checks": 9.629991836845875e-05, "total": 0.00721909967251122}}