{"part_id": "4-5-9-10-12-23", "timings_sec": {"read_step": 0.0071199999656528234, "enumerate_faces": 3.520003519952297e-05, "build_adjacency": 0.00035339989699423313, "extract_features": 0.0009591002017259598, "map_labels": 0.00019999989308416843, "sanity_checks": 0.0001610000617802143, "total": 0.008828700054436922}}