{"part_id": "4-5-6-12-13-23", "timings_sec": {"read_step": 0.009736599866300821, "enumerate_faces": 3.460003063082695e-05, "build_adjacency": 0.00029630004428327084, "extract_features": 0.0010840001050382853, "map_labels": 0.0002280999906361103, "sanity_checks": 0.00013440009206533432, "total": 0.011514000128954649}}