{"part_id": "4-5-8-9-10-23", "timings_sec": {"read_step": 0.010998799931257963, "enumerate_faces": 4.12999652326107e-05, "build_adjacency": 0.00046069989912211895, "extract_features": 0.0016604000702500343, "map_labels": 0.00026950007304549217, "sanity_checks": 0.00023179990239441395, "total": 0.013662499841302633}}