{"part_id": "4-5-5-9-9-23", "timings_sec": {"read_step": 0.009910000022500753, "enumerate_faces": 3.100000321865082e-05, "build_adjacency": 0.0003152000717818737, "extract_features": 0.0013961999211460352, "map_labels": 0.00020740018226206303, "sanity_checks": 0.00015409989282488823, "total": 0.012013900093734264}}