{"part_id": "4-5-7-11-11-23", "timings_sec": {"read_step": 0.011552599957212806, "enumerate_faces": 3.120000474154949e-05, "build_adjacency": 0.0003858001437038183, "extract_features": 0.0014124000445008278, "map_labels": 0.00022400007583200932, "sanity_checks": 0.00018530013039708138, "total": 0.013791300356388092}}