{"part_id": "4-5-8-9-19", "timings_sec": {"read_step": 0.007211700081825256, "enumerate_faces": 2.7999980375170708e-05, "build_adjacency": 0.00031550019048154354, "extract_features": 0.0009633998852223158, "map_labels": 0.00019369996152818203, "sanity_checks": 0.00011899997480213642, "total": 0.008831300074234605}}