{"part_id": "4-5-7-7-12-23", "timings_sec": {"read_step": 0.013548600021749735, "enumerate_faces": 3.729993477463722e-05, "build_adjacency": 0.0002853001933544874, "extract_features": 0.0011522998102009296, "map_labels": 0.00023390003480017185, "sanity_checks": 0.0001313001848757267, "total": 0.015388700179755688}}