{"part_id": "4-5-12-13-13-23", "timings_sec": {"read_step": 0.006641200045123696, "enumerate_faces": 2.359994687139988e-05, "build_adjacency": 0.0002259998582303524, "extract_features": 0.0008189999498426914, "map_labels": 0.0001876000314950943, "sanity_checks": 0.0001058999914675951, "total": 0.00800329982303083}}