{"part_id": "4-5-8-8-13-23", "timings_sec": {"read_step": 0.009313700022175908, "enumerate_faces": 4.859990440309048e-05, "build_adjacency": 0.00036569987423717976, "extract_features": 0.001342299859970808, "map_labels": 0.00026599992997944355, "sanity_checks": 0.0001729999203234911, "total": 0.011509299511089921}}