{"part_id": "4-5-11-13-14-23", "timings_sec": {"read_step": 0.009648399893194437, "enumerate_faces": 3.37997917085886e-05, "build_adjacency": 0.0002864000853151083, "extract_features": 0.0010532999876886606, "map_labels": 0.0002150998916476965, "sanity_checks": 0.00013729999773204327, "total": 0.011374299647286534}}