{"part_id": "4-5-5-5-10-23", "timings_sec": {"read_step": 0.010043299989774823, "enumerate_faces": 3.3400021493434906e-05, "build_adjacency": 0.00034769997000694275, "extract_features": 0.0013491001445800066, "map_labels": 0.00026599992997944355, "sanity_checks": 0.0002615000121295452, "total": 0.012301000067964196}}