{"part_id": "4-5-6-11-14-23", "timings_sec": {"read_step": 0.011750900186598301, "enumerate_faces": 3.7800054997205734e-05, "build_adjacency": 0.0003374998923391104, "extract_features": 0.0017738998867571354, "map_labels": 0.0002610997762531042, "sanity_checks": 0.00020039989612996578, "total": 0.014361599693074822}}