{"part_id": "4-5-8-8-12-23", "timings_sec": {"read_step": 0.011649199994280934, "enumerate_faces": 4.000007174909115e-05, "build_adjacency": 0.00043409992940723896, "extract_features": 0.0015481000300496817, "map_labels": 0.0002701999619603157, "sanity_checks": 0.00020239991135895252, "total": 0.014143999898806214}}