{"part_id": "4-5-5-10-12-23", "timings_sec": {"read_step": 0.010316899977624416, "enumerate_faces": 3.5800039768218994e-05, "build_adjacency": 0.00035479990765452385, "extract_features": 0.0012477999553084373, "map_labels": 0.00024550012312829494, "sanity_checks": 0.00016160006634891033, "total": 0.012362400069832802}}