{"part_id": "4-5-5-11-12-23", "timings_sec": {"read_step": 0.012189000146463513, "enumerate_faces": 3.1300121918320656e-05, "build_adjacency": 0.0003744000568985939, "extract_features": 0.001361799892038107, "map_labels": 0.00022460008040070534, "sanity_checks": 0.00027609989047050476, "total": 0.014457200188189745}}