{"part_id": "4-5-6-7-12-23", "timings_sec": {"read_step": 0.009188500000163913, "enumerate_faces": 3.400002606213093e-05, "build_adjacency": 0.00032160012051463127, "extract_features": 0.0011007001157850027, "map_labels": 0.00023070001043379307, "sanity_checks": 0.00014659995213150978, "total": 0.01102210022509098}}