{"part_id": "4-5-5-5-14-23", "timings_sec": {"read_step": 0.009985900018364191, "enumerate_faces": 3.950018435716629e-05, "build_adjacency": 0.00033650011755526066, "extract_features": 0.001313299871981144, "map_labels": 0.00021059997379779816, "sanity_checks": 0.00015440001152455807, "total": 0.012040200177580118}}