{"part_id": "4-5-10-11-19", "timings_sec": {"read_step": 0.009293300099670887, "enumerate_faces": 2.619996666908264e-05, "build_adjacency": 0.00030479999259114265, "extract_features": 0.0011631997767835855, "map_labels": 0.00019620009697973728, "sanity_checks": 0.00014979997649788857, "total": 0.011133499909192324}}