{"part_id": "4-5-8-11-14-23", "timings_sec": {"read_step": 0.010883999988436699, "enumerate_faces": 3.3400021493434906e-05, "build_adjacency": 0.00029429979622364044, "extract_features": 0.0010718000121414661, "map_labels": 0.00024329987354576588, "sanity_checks": 0.0001860000193119049, "total": 0.012712799711152911}}