{"part_id": "4-5-12-13-19", "timings_sec": {"read_step": 0.008238299982622266, "enumerate_faces": 3.1899893656373024e-05, "build_adjacency": 0.0002649999223649502, "extract_features": 0.0009735000785440207, "map_labels": 0.00022869999520480633, "sanity_checks": 0.00012400001287460327, "total": 0.00986139988526702}}