{"part_id": "4-5-6-7-8-23", "timings_sec": {"read_step": 0.007176599930971861, "enumerate_faces": 3.069988451898098e-05, "build_adjacency": 0.00024800002574920654, "extract_features": 0.0008894999045878649, "map_labels": 0.00021829991601407528, "sanity_checks": 0.00011269981041550636, "total": 0.008675799472257495}}