{"part_id": "4-5-5-8-14-23", "timings_sec": {"read_step": 0.008813499938696623, "enumerate_faces": 2.6600202545523643e-05, "build_adjacency": 0.0003003000747412443, "extract_features": 0.001063699834048748, "map_labels": 0.00020430004224181175, "sanity_checks": 0.0001346999779343605, "total": 0.010543100070208311}}