{"part_id": "4-5-13-13-19", "timings_sec": {"read_step": 0.007866199826821685, "enumerate_faces": 3.0800001695752144e-05, "build_adjacency": 0.00030339998193085194, "extract_features": 0.0008903001435101032, "map_labels": 0.00020350003615021706, "sanity_checks": 0.00010799989104270935, "total": 0.009402199881151319}}