{"part_id": "4-5-9-11-12-23", "timings_sec": {"read_step": 0.016175600001588464, "enumerate_faces": 4.770001396536827e-05, "build_adjacency": 0.0005157000850886106, "extract_features": 0.0025637999642640352, "map_labels": 0.0002764000091701746, "sanity_checks": 0.00029770005494356155, "total": 0.019876900129020214}}