{"part_id": "4-5-5-11-19", "timings_sec": {"read_step": 0.010023799957707524, "enumerate_faces": 3.529991954565048e-05, "build_adjacency": 0.00032880017533898354, "extract_features": 0.001185599947348237, "map_labels": 0.00022529996931552887, "sanity_checks": 0.0001471999567002058, "total": 0.01194599992595613}}