{"part_id": "4-5-6-9-12-23", "timings_sec": {"read_step": 0.011461799964308739, "enumerate_faces": 5.4900068789720535e-05, "build_adjacency": 0.00046820007264614105, "extract_features": 0.0016666001174598932, "map_labels": 0.00031070015393197536, "sanity_checks": 0.00021970015950500965, "total": 0.014181900536641479}}