{"part_id": "4-5-11-11-12-23", "timings_sec": {"read_step": 0.011953999986872077, "enumerate_faces": 3.42000275850296e-05, "build_adjacency": 0.0004040999338030815, "extract_features": 0.0015735998749732971, "map_labels": 0.0002319000195711851, "sanity_checks": 0.0001876999158412218, "total": 0.014385499758645892}}