{"part_id": "4-5-10-14-14-23", "timings_sec": {"read_step": 0.010892000049352646, "enumerate_faces": 3.060000017285347e-05, "build_adjacency": 0.00031509995460510254, "extract_features": 0.0011595000978559256, "map_labels": 0.00021520000882446766, "sanity_checks": 0.0001525001134723425, "total": 0.012764900224283338}}