{"part_id": "4-5-8-10-19", "timings_sec": {"read_step": 0.0076790000312030315, "enumerate_faces": 2.5799963623285294e-05, "build_adjacency": 0.0002628001384437084, "extract_features": 0.0009739999659359455, "map_labels": 0.00018699979409575462, "sanity_checks": 0.00012839981354773045, "total": 0.009256999706849456}}