{"part_id": "4-6-9-9-10-23", "timings_sec": {"read_step": 0.008691899944096804, "enumerate_faces": 2.8299866244196892e-05, "build_adjacency": 0.0002894999925047159, "extract_features": 0.0011071001645177603, "map_labels": 0.0002118998672813177, "sanity_checks": 0.00014599994756281376, "total": 0.010474699782207608}}