{"part_id": "4-6-8-9-10-23", "timings_sec": {"read_step": 0.005311799934133887, "enumerate_faces": 2.550007775425911e-05, "build_adjacency": 0.00018150010146200657, "extract_features": 0.0006535998545587063, "map_labels": 0.0001984001137316227, "sanity_checks": 8.789985440671444e-05, "total": 0.006458699936047196}}