{"part_id": "4-6-6-14-19", "timings_sec": {"read_step": 0.006314699770882726, "enumerate_faces": 2.5300076231360435e-05, "build_adjacency": 0.0002221998292952776, "extract_features": 0.0008503999561071396, "map_labels": 0.00019910000264644623, "sanity_checks": 0.00010169995948672295, "total": 0.0077133995946496725}}