{"part_id": "4-6-7-7-11-23", "timings_sec": {"read_step": 0.008729999884963036, "enumerate_faces": 4.1599851101636887e-05, "build_adjacency": 0.000350399874150753, "extract_features": 0.001007599988952279, "map_labels": 0.0002234999556094408, "sanity_checks": 0.0001314000692218542, "total": 0.010484499623999}}