{"part_id": "4-6-6-9-11-23", "timings_sec": {"read_step": 0.009667199803516269, "enumerate_faces": 3.869994543492794e-05, "build_adjacency": 0.0004980999510735273, "extract_features": 0.0014595000538975, "map_labels": 0.00022520008496940136, "sanity_checks": 0.00015169987455010414, "total": 0.01204039971344173}}