{"part_id": "4-6-8-11-12-23", "timings_sec": {"read_step": 0.013148400001227856, "enumerate_faces": 3.7400051951408386e-05, "build_adjacency": 0.0005245001520961523, "extract_features": 0.002027499955147505, "map_labels": 0.0002842000685632229, "sanity_checks": 0.00023699994198977947, "total": 0.016259000170975924}}