{"part_id": "4-6-8-11-14-23", "timings_sec": {"read_step": 0.008871299913153052, "enumerate_faces": 2.5399960577487946e-05, "build_adjacency": 0.0002883998677134514, "extract_features": 0.0012058001011610031, "map_labels": 0.00022900011390447617, "sanity_checks": 0.00020219990983605385, "total": 0.010822099866345525}}