{"part_id": "4-6-7-8-14-23", "timings_sec": {"read_step": 0.005355100147426128, "enumerate_faces": 2.2999942302703857e-05, "build_adjacency": 0.00027459999546408653, "extract_features": 0.0006750999018549919, "map_labels": 0.00018039997667074203, "sanity_checks": 0.00011769984848797321, "total": 0.006625899812206626}}