{"part_id": "4-6-13-13-14-23", "timings_sec": {"read_step": 0.00933910021558404, "enumerate_faces": 3.360002301633358e-05, "build_adjacency": 0.00028270017355680466, "extract_features": 0.0010285999160259962, "map_labels": 0.0002234999556094408, "sanity_checks": 0.0001230998896062374, "total": 0.011030600173398852}}