{"part_id": "4-6-10-10-12-23", "timings_sec": {"read_step": 0.009275899967178702, "enumerate_faces": 2.759997732937336e-05, "build_adjacency": 0.0003122999332845211, "extract_features": 0.0012992999982088804, "map_labels": 0.00019659986719489098, "sanity_checks": 0.0001517001073807478, "total": 0.011263399850577116}}