{"part_id": "4-6-11-14-14-23", "timings_sec": {"read_step": 0.009311000118032098, "enumerate_faces": 3.460003063082695e-05, "build_adjacency": 0.0003053999971598387, "extract_features": 0.0012947998475283384, "map_labels": 0.0002538999542593956, "sanity_checks": 0.0001449999399483204, "total": 0.011344699887558818}}