{"part_id": "4-6-11-13-14-23", "timings_sec": {"read_step": 0.010932500008493662, "enumerate_faces": 4.979991354048252e-05, "build_adjacency": 0.0004910998977720737, "extract_features": 0.0021861998829990625, "map_labels": 0.00040549994446337223, "sanity_checks": 0.00023250002413988113, "total": 0.014297599671408534}}