{"part_id": "4-6-8-9-9-23", "timings_sec": {"read_step": 0.00805850001052022, "enumerate_faces": 2.8200214728713036e-05, "build_adjacency": 0.0002623000182211399, "extract_features": 0.000986600061878562, "map_labels": 0.00019990000873804092, "sanity_checks": 0.00012980005703866482, "total": 0.00966530037112534}}