{"part_id": "4-6-7-7-8-23", "timings_sec": {"read_step": 0.00644339993596077, "enumerate_faces": 2.4899840354919434e-05, "build_adjacency": 0.00022689998149871826, "extract_features": 0.0008360999636352062, "map_labels": 0.00022240006364881992, "sanity_checks": 0.00017290003597736359, "total": 0.007926599821075797}}