{"part_id": "4-6-8-8-10-23", "timings_sec": {"read_step": 0.008247199933975935, "enumerate_faces": 3.400002606213093e-05, "build_adjacency": 0.00027629989199340343, "extract_features": 0.000979200005531311, "map_labels": 0.0002164000179618597, "sanity_checks": 0.00012529990635812283, "total": 0.009878399781882763}}