{"part_id": "4-6-11-14-19", "timings_sec": {"read_step": 0.00873710005544126, "enumerate_faces": 3.360002301633358e-05, "build_adjacency": 0.00031550019048154354, "extract_features": 0.0011613999959081411, "map_labels": 0.0002297000028192997, "sanity_checks": 0.00014999997802078724, "total": 0.010627300245687366}}