{"part_id": "4-6-10-10-19", "timings_sec": {"read_step": 0.011302199913188815, "enumerate_faces": 3.390014171600342e-05, "build_adjacency": 0.0002741999924182892, "extract_features": 0.000997199909761548, "map_labels": 0.00022140005603432655, "sanity_checks": 0.0001526998821645975, "total": 0.01298159989528358}}