{"part_id": "4-6-7-7-12-23", "timings_sec": {"read_step": 0.008292099926620722, "enumerate_faces": 2.4300068616867065e-05, "build_adjacency": 0.0002761001233011484, "extract_features": 0.0010089999996125698, "map_labels": 0.00019240006804466248, "sanity_checks": 0.00013689999468624592, "total": 0.009930800180882215}}