{"part_id": "4-6-6-7-13-23", "timings_sec": {"read_step": 0.009298800025135279, "enumerate_faces": 3.750016912817955e-05, "build_adjacency": 0.0003331999760121107, "extract_features": 0.0011787998955696821, "map_labels": 0.0002607000060379505, "sanity_checks": 0.00018679979257285595, "total": 0.011295799864456058}}