{"part_id": "4-6-6-9-13-23", "timings_sec": {"read_step": 0.006912400014698505, "enumerate_faces": 2.9099872335791588e-05, "build_adjacency": 0.000309899915009737, "extract_features": 0.0008834998589009047, "map_labels": 0.00021160021424293518, "sanity_checks": 0.0001097000204026699, "total": 0.008456199895590544}}