{"part_id": "4-6-9-13-13-23", "timings_sec": {"read_step": 0.007230899995192885, "enumerate_faces": 2.859998494386673e-05, "build_adjacency": 0.00024729990400373936, "extract_features": 0.0009159001056104898, "map_labels": 0.00021210010163486004, "sanity_checks": 0.00011980021372437477, "total": 0.008754600305110216}}