{"part_id": "4-6-7-9-14-23", "timings_sec": {"read_step": 0.00836670002900064, "enumerate_faces": 3.25001310557127e-05, "build_adjacency": 0.00028799986466765404, "extract_features": 0.0010107001289725304, "map_labels": 0.00021530012600123882, "sanity_checks": 0.00013209995813667774, "total": 0.010045300237834454}}