{"part_id": "4-6-8-8-19", "timings_sec": {"read_step": 0.007364899851381779, "enumerate_faces": 2.9700109735131264e-05, "build_adjacency": 0.00020999996922910213, "extract_features": 0.0007676000241190195, "map_labels": 0.00020970008336007595, "sanity_checks": 9.91998240351677e-05, "total": 0.008681099861860275}}