{"part_id": "4-6-7-7-13-23", "timings_sec": {"read_step": 0.007051500026136637, "enumerate_faces": 2.0399922505021095e-05, "build_adjacency": 0.00024489988572895527, "extract_features": 0.0011829000432044268, "map_labels": 0.00021059997379779816, "sanity_checks": 0.0001813000999391079, "total": 0.008891599951311946}}