{"part_id": "4-6-13-19", "timings_sec": {"read_step": 0.0072443000972270966, "enumerate_faces": 3.369990736246109e-05, "build_adjacency": 0.0001914000604301691, "extract_features": 0.0006937000434845686, "map_labels": 0.00019429996609687805, "sanity_checks": 8.5500068962574e-05, "total": 0.008442900143563747}}