{"part_id": "4-6-9-11-14-23", "timings_sec": {"read_step": 0.009297299897298217, "enumerate_faces": 3.1700124964118004e-05, "build_adjacency": 0.0003160000778734684, "extract_features": 0.0011626000050455332, "map_labels": 0.00020320015028119087, "sanity_checks": 0.00015139998868107796, "total": 0.011162200244143605}}