{"part_id": "4-6-9-9-14-23", "timings_sec": {"read_step": 0.008304200135171413, "enumerate_faces": 3.0399998649954796e-05, "build_adjacency": 0.00031780009157955647, "extract_features": 0.0012272000312805176, "map_labels": 0.00026389979757368565, "sanity_checks": 0.00013919989578425884, "total": 0.010282699950039387}}