{"part_id": "4-6-6-7-9-23", "timings_sec": {"read_step": 0.007813199888914824, "enumerate_faces": 2.8800219297409058e-05, "build_adjacency": 0.00022089993581175804, "extract_features": 0.0008094999939203262, "map_labels": 0.00020689982920885086, "sanity_checks": 0.00011129979975521564, "total": 0.009190599666908383}}