{"part_id": "4-6-7-8-10-23", "timings_sec": {"read_step": 0.005893799941986799, "enumerate_faces": 2.950010821223259e-05, "build_adjacency": 0.00019660010002553463, "extract_features": 0.000699399970471859, "map_labels": 0.0002142000012099743, "sanity_checks": 9.230012074112892e-05, "total": 0.007125800242647529}}