{"part_id": "4-6-7-8-11-23", "timings_sec": {"read_step": 0.007927299942821264, "enumerate_faces": 2.5700079277157784e-05, "build_adjacency": 0.00040209991857409477, "extract_features": 0.001061399932950735, "map_labels": 0.00019789999350905418, "sanity_checks": 0.0001268000341951847, "total": 0.00974119990132749}}