{"part_id": "4-6-9-9-19", "timings_sec": {"read_step": 0.00929590011946857, "enumerate_faces": 2.9999995604157448e-05, "build_adjacency": 0.0002452000044286251, "extract_features": 0.0009546000510454178, "map_labels": 0.00020089978352189064, "sanity_checks": 0.00011630007065832615, "total": 0.010842900024726987}}