{"part_id": "4-6-6-7-11-23", "timings_sec": {"read_step": 0.012826999882236123, "enumerate_faces": 3.9899954572319984e-05, "build_adjacency": 0.00031669996678829193, "extract_features": 0.0011388999409973621, "map_labels": 0.00024640001356601715, "sanity_checks": 0.00014520017430186272, "total": 0.014714099932461977}}