{"part_id": "4-6-8-9-19", "timings_sec": {"read_step": 0.006845100084319711, "enumerate_faces": 2.5200191885232925e-05, "build_adjacency": 0.00028740009292960167, "extract_features": 0.0008229999803006649, "map_labels": 0.00018900004215538502, "sanity_checks": 0.00010649999603629112, "total": 0.008276200387626886}}