{"part_id": "4-6-7-14-14-23", "timings_sec": {"read_step": 0.007715699961408973, "enumerate_faces": 2.4999957531690598e-05, "build_adjacency": 0.0002671000547707081, "extract_features": 0.000981499906629324, "map_labels": 0.00018749991431832314, "sanity_checks": 0.00012330012395977974, "total": 0.009300099918618798}}