{"part_id": "4-6-9-12-12-23", "timings_sec": {"read_step": 0.008968899957835674, "enumerate_faces": 3.4800032153725624e-05, "build_adjacency": 0.0003931999672204256, "extract_features": 0.0012085000053048134, "map_labels": 0.00022409996017813683, "sanity_checks": 0.00014190003275871277, "total": 0.010971399955451488}}