{"part_id": "4-6-6-6-12-23", "timings_sec": {"read_step": 0.007230299990624189, "enumerate_faces": 3.1299889087677e-05, "build_adjacency": 0.0002389000728726387, "extract_features": 0.0008466001600027084, "map_labels": 0.0002313000150024891, "sanity_checks": 0.00011169980280101299, "total": 0.008690099930390716}}