{"part_id": "4-6-6-7-8-23", "timings_sec": {"read_step": 0.0068218999076634645, "enumerate_faces": 2.7999980375170708e-05, "build_adjacency": 0.00022620009258389473, "extract_features": 0.0008022000547498465, "map_labels": 0.00020490004681050777, "sanity_checks": 0.0001050001010298729, "total": 0.008188200183212757}}