{"part_id": "4-6-8-13-13-23", "timings_sec": {"read_step": 0.006845700088888407, "enumerate_faces": 2.429983578622341e-05, "build_adjacency": 0.00023080012761056423, "extract_features": 0.0008516998495906591, "map_labels": 0.0001946999691426754, "sanity_checks": 0.00011019990779459476, "total": 0.008257399778813124}}