{"part_id": "4-6-6-10-13-23", "timings_sec": {"read_step": 0.007723200134932995, "enumerate_faces": 3.2300129532814026e-05, "build_adjacency": 0.0002630001399666071, "extract_features": 0.0009729000739753246, "map_labels": 0.00022199982777237892, "sanity_checks": 0.00012720003724098206, "total": 0.009340600343421102}}