{"part_id": "4-6-6-8-19", "timings_sec": {"read_step": 0.010354800149798393, "enumerate_faces": 3.720005042850971e-05, "build_adjacency": 0.0003122000489383936, "extract_features": 0.0010893000289797783, "map_labels": 0.0002554000820964575, "sanity_checks": 0.0001517999917268753, "total": 0.012200700351968408}}