{"part_id": "4-6-11-11-11-23", "timings_sec": {"read_step": 0.01232270011678338, "enumerate_faces": 3.569992259144783e-05, "build_adjacency": 0.0004080000799149275, "extract_features": 0.0014923999551683664, "map_labels": 0.00024169986136257648, "sanity_checks": 0.00019020005129277706, "total": 0.014690699987113476}}