{"part_id": "4-6-6-11-13-23", "timings_sec": {"read_step": 0.009454100159928203, "enumerate_faces": 3.1899893656373024e-05, "build_adjacency": 0.00029170000925660133, "extract_features": 0.0013015000149607658, "map_labels": 0.0002654001582413912, "sanity_checks": 0.00023019989021122456, "total": 0.011574800126254559}}