{"part_id": "4-6-8-11-11-23", "timings_sec": {"read_step": 0.010191200068220496, "enumerate_faces": 2.7300091460347176e-05, "build_adjacency": 0.00041999993845820427, "extract_features": 0.0012620000634342432, "map_labels": 0.00020950008183717728, "sanity_checks": 0.00016300007700920105, "total": 0.01227300032041967}}