{"part_id": "4-6-7-9-11-23", "timings_sec": {"read_step": 0.009279399877414107, "enumerate_faces": 3.1700124964118004e-05, "build_adjacency": 0.00031489995308220387, "extract_features": 0.001335300039499998, "map_labels": 0.00021769991144537926, "sanity_checks": 0.00015820004045963287, "total": 0.01133719994686544}}