{"part_id": "4-6-6-6-7-23", "timings_sec": {"read_step": 0.0075795999728143215, "enumerate_faces": 3.409991040825844e-05, "build_adjacency": 0.0002966001629829407, "extract_features": 0.0011155998799949884, "map_labels": 0.00026350002735853195, "sanity_checks": 0.00015219999477267265, "total": 0.009441599948331714}}