{"part_id": "4-6-8-10-12-23", "timings_sec": {"read_step": 0.015030199894681573, "enumerate_faces": 4.349998198449612e-05, "build_adjacency": 0.0005125000607222319, "extract_features": 0.0017841001972556114, "map_labels": 0.0002836999483406544, "sanity_checks": 0.00025630020536482334, "total": 0.01791030028834939}}