{"part_id": "4-6-10-13-19", "timings_sec": {"read_step": 0.009980499977245927, "enumerate_faces": 3.150012344121933e-05, "build_adjacency": 0.0003483002074062824, "extract_features": 0.0012592999264597893, "map_labels": 0.0002422998659312725, "sanity_checks": 0.00017399992793798447, "total": 0.012035900028422475}}