{"part_id": "4-6-7-13-14-23", "timings_sec": {"read_step": 0.005771799944341183, "enumerate_faces": 2.4499837309122086e-05, "build_adjacency": 0.0001954999752342701, "extract_features": 0.0006889998912811279, "map_labels": 0.0002452998887747526, "sanity_checks": 9.280000813305378e-05, "total": 0.007018899545073509}}