{"part_id": "4-6-8-9-14-23", "timings_sec": {"read_step": 0.008115599863231182, "enumerate_faces": 3.060000017285347e-05, "build_adjacency": 0.00026919995434582233, "extract_features": 0.0009669000282883644, "map_labels": 0.00023239990696310997, "sanity_checks": 0.0001379000023007393, "total": 0.009752599755302072}}