{"part_id": "4-6-6-11-11-23", "timings_sec": {"read_step": 0.010757299838587642, "enumerate_faces": 4.0800077840685844e-05, "build_adjacency": 0.0005753999575972557, "extract_features": 0.0016614999622106552, "map_labels": 0.00022539985366165638, "sanity_checks": 0.00016660010442137718, "total": 0.013426999794319272}}