{"part_id": "4-6-7-11-11-23", "timings_sec": {"read_step": 0.010687500005587935, "enumerate_faces": 3.320001997053623e-05, "build_adjacency": 0.00043780007399618626, "extract_features": 0.001324299955740571, "map_labels": 0.00022609997540712357, "sanity_checks": 0.00016569998115301132, "total": 0.012874600011855364}}