{"part_id": "4-6-9-13-14-23", "timings_sec": {"read_step": 0.007691799895837903, "enumerate_faces": 2.66998540610075e-05, "build_adjacency": 0.000260000117123127, "extract_features": 0.0009856000542640686, "map_labels": 0.00023429980501532555, "sanity_checks": 0.0001292000524699688, "total": 0.0093275997787714}}