{"part_id": "4-6-11-12-13-23", "timings_sec": {"read_step": 0.011305900057777762, "enumerate_faces": 3.66999302059412e-05, "build_adjacency": 0.0003610001876950264, "extract_features": 0.0012958000879734755, "map_labels": 0.0002585998736321926, "sanity_checks": 0.00015600002370774746, "total": 0.013414000160992146}}