{"part_id": "4-6-10-11-19", "timings_sec": {"read_step": 0.008559699868783355, "enumerate_faces": 2.459995448589325e-05, "build_adjacency": 0.0002733999863266945, "extract_features": 0.0010504999663680792, "map_labels": 0.00018369988538324833, "sanity_checks": 0.0001447000540792942, "total": 0.010236599715426564}}