{"part_id": "4-6-11-13-19", "timings_sec": {"read_step": 0.010478700045496225, "enumerate_faces": 4.2899977415800095e-05, "build_adjacency": 0.0004107002168893814, "extract_features": 0.0014969001058489084, "map_labels": 0.0002927000168710947, "sanity_checks": 0.00019789999350905418, "total": 0.012919800356030464}}