{"part_id": "4-6-10-11-11-23", "timings_sec": {"read_step": 0.010730199981480837, "enumerate_faces": 3.5400036722421646e-05, "build_adjacency": 0.0003705001436173916, "extract_features": 0.0014164000749588013, "map_labels": 0.00023039989173412323, "sanity_checks": 0.00017479993402957916, "total": 0.012957700062543154}}