{"part_id": "4-6-8-10-19", "timings_sec": {"read_step": 0.006961900042369962, "enumerate_faces": 2.6300083845853806e-05, "build_adjacency": 0.00022649997845292091, "extract_features": 0.0012145999353379011, "map_labels": 0.00026750005781650543, "sanity_checks": 0.00015059998258948326, "total": 0.008847400080412626}}