{"part_id": "4-6-6-12-14-23", "timings_sec": {"read_step": 0.0079066997859627, "enumerate_faces": 2.6300083845853806e-05, "build_adjacency": 0.00026679993607103825, "extract_features": 0.0012975998688489199, "map_labels": 0.00029170000925660133, "sanity_checks": 0.00014490005560219288, "total": 0.009933999739587307}}