{"part_id": "4-6-6-10-10-23", "timings_sec": {"read_step": 0.005611399887129664, "enumerate_faces": 3.0199997127056122e-05, "build_adjacency": 0.00020739994943141937, "extract_features": 0.001100099878385663, "map_labels": 0.000287800095975399, "sanity_checks": 0.0001362999901175499, "total": 0.007373199798166752}}