{"part_id": "4-6-10-13-14-23", "timings_sec": {"read_step": 0.007736500119790435, "enumerate_faces": 2.810009755194187e-05, "build_adjacency": 0.0002842999529093504, "extract_features": 0.0010814000852406025, "map_labels": 0.00021199998445808887, "sanity_checks": 0.00013429997488856316, "total": 0.009476600214838982}}