{"part_id": "4-6-9-10-14-23", "timings_sec": {"read_step": 0.010016800137236714, "enumerate_faces": 3.620004281401634e-05, "build_adjacency": 0.00044049997813999653, "extract_features": 0.0015889001078903675, "map_labels": 0.00025299983099102974, "sanity_checks": 0.00021820003166794777, "total": 0.012553600128740072}}