{"part_id": "4-6-6-8-13-23", "timings_sec": {"read_step": 0.006080899853259325, "enumerate_faces": 2.41999514400959e-05, "build_adjacency": 0.00021359999664127827, "extract_features": 0.0007558001670986414, "map_labels": 0.0001892000436782837, "sanity_checks": 9.400001727044582e-05, "total": 0.00735770002938807}}