{"part_id": "4-6-8-8-9-23", "timings_sec": {"read_step": 0.007922700140625238, "enumerate_faces": 2.8099864721298218e-05, "build_adjacency": 0.00025500007905066013, "extract_features": 0.0009438998531550169, "map_labels": 0.00020750006660819054, "sanity_checks": 0.00012480001896619797, "total": 0.009482000023126602}}