{"part_id": "4-6-8-10-10-23", "timings_sec": {"read_step": 0.008357099955901504, "enumerate_faces": 2.8399983420968056e-05, "build_adjacency": 0.00028719985857605934, "extract_features": 0.0010556001216173172, "map_labels": 0.00020430004224181175, "sanity_checks": 0.00014130002819001675, "total": 0.010073899989947677}}