{"part_id": "4-6-6-13-14-23", "timings_sec": {"read_step": 0.00718549988232553, "enumerate_faces": 4.970002919435501e-05, "build_adjacency": 0.00037640007212758064, "extract_features": 0.0013695000670850277, "map_labels": 0.00023570004850625992, "sanity_checks": 0.00018640002235770226, "total": 0.009403200121596456}}