{"part_id": "4-6-8-10-11-23", "timings_sec": {"read_step": 0.009783199988305569, "enumerate_faces": 3.309990279376507e-05, "build_adjacency": 0.00032560015097260475, "extract_features": 0.0012236000038683414, "map_labels": 0.00023259990848600864, "sanity_checks": 0.0001550000160932541, "total": 0.011753099970519543}}