{"part_id": "4-6-9-13-19", "timings_sec": {"read_step": 0.006406999891623855, "enumerate_faces": 2.3200176656246185e-05, "build_adjacency": 0.00021520000882446766, "extract_features": 0.0008628999348729849, "map_labels": 0.0001968001015484333, "sanity_checks": 0.00010649999603629112, "total": 0.007811600109562278}}