{"part_id": "4-6-10-11-12-23", "timings_sec": {"read_step": 0.010622500209137797, "enumerate_faces": 3.9400067180395126e-05, "build_adjacency": 0.00047319987788796425, "extract_features": 0.0012881001457571983, "map_labels": 0.0002981999423354864, "sanity_checks": 0.0001892000436782837, "total": 0.012910600285977125}}