{"part_id": "4-6-9-10-11-23", "timings_sec": {"read_step": 0.010098200058564544, "enumerate_faces": 3.4499913454055786e-05, "build_adjacency": 0.0003353999927639961, "extract_features": 0.0014820999931544065, "map_labels": 0.00022169994190335274, "sanity_checks": 0.00016619986854493618, "total": 0.012338099768385291}}