{"part_id": "4-6-13-13-13-23", "timings_sec": {"read_step": 0.009567100089043379, "enumerate_faces": 3.7599820643663406e-05, "build_adjacency": 0.0002649999223649502, "extract_features": 0.0012067998759448528, "map_labels": 0.0004012999124825001, "sanity_checks": 0.0001718001440167427, "total": 0.011649599764496088}}