{"part_id": "4-7-11-13-13-23", "timings_sec": {"read_step": 0.012993399985134602, "enumerate_faces": 4.0599843487143517e-05, "build_adjacency": 0.0005302000790834427, "extract_features": 0.00204030005261302, "map_labels": 0.00030080019496381283, "sanity_checks": 0.0002630001399666071, "total": 0.016168300295248628}}