{"part_id": "4-7-10-12-12-23", "timings_sec": {"read_step": 0.010603100061416626, "enumerate_faces": 4.4800108298659325e-05, "build_adjacency": 0.0005314999725669622, "extract_features": 0.0013612001203000546, "map_labels": 0.00023250002413988113, "sanity_checks": 0.00015700003132224083, "total": 0.012930100318044424}}