{"part_id": "4-7-7-10-11-23", "timings_sec": {"read_step": 0.01566949998959899, "enumerate_faces": 4.360009916126728e-05, "build_adjacency": 0.0005781999789178371, "extract_features": 0.0018047001212835312, "map_labels": 0.0002397999633103609, "sanity_checks": 0.00016259984113276005, "total": 0.018498399993404746}}