{"part_id": "4-7-11-11-11-23", "timings_sec": {"read_step": 0.017222899943590164, "enumerate_faces": 4.5900000259280205e-05, "build_adjacency": 0.0006903000175952911, "extract_features": 0.0025293000508099794, "map_labels": 0.00026530004106462, "sanity_checks": 0.0003268001601099968, "total": 0.021080500213429332}}