{"part_id": "4-7-10-10-12-23", "timings_sec": {"read_step": 0.01027070009149611, "enumerate_faces": 3.2700132578611374e-05, "build_adjacency": 0.00032989983446896076, "extract_features": 0.0012705998960882425, "map_labels": 0.00022409996017813683, "sanity_checks": 0.00016939989291131496, "total": 0.012297399807721376}}