{"part_id": "4-7-10-10-19", "timings_sec": {"read_step": 0.008424700004979968, "enumerate_faces": 2.95999925583601e-05, "build_adjacency": 0.000274099875241518, "extract_features": 0.0010305000469088554, "map_labels": 0.0002085000742226839, "sanity_checks": 0.00013429997488856316, "total": 0.010101699968799949}}