{"part_id": "4-7-8-10-11-23", "timings_sec": {"read_step": 0.011667300015687943, "enumerate_faces": 3.400002606213093e-05, "build_adjacency": 0.00033529987558722496, "extract_features": 0.0013735999818891287, "map_labels": 0.00022549997083842754, "sanity_checks": 0.00015920004807412624, "total": 0.01379489991813898}}