{"part_id": "4-7-7-7-8-23", "timings_sec": {"read_step": 0.009584299987182021, "enumerate_faces": 2.8799986466765404e-05, "build_adjacency": 0.0002723000943660736, "extract_features": 0.0009943998884409666, "map_labels": 0.00020810007117688656, "sanity_checks": 0.000125400023534894, "total": 0.011213300051167607}}