{"part_id": "4-7-8-9-9-23", "timings_sec": {"read_step": 0.008393099997192621, "enumerate_faces": 3.160000778734684e-05, "build_adjacency": 0.00031509995460510254, "extract_features": 0.0010406000073999166, "map_labels": 0.00022109993733465672, "sanity_checks": 0.00013400008901953697, "total": 0.010135499993339181}}