{"part_id": "4-7-8-12-13-23", "timings_sec": {"read_step": 0.013269099872559309, "enumerate_faces": 4.0999846532940865e-05, "build_adjacency": 0.00048429984599351883, "extract_features": 0.0016270000487565994, "map_labels": 0.0002808000426739454, "sanity_checks": 0.00023649982176721096, "total": 0.015938699478283525}}