{"part_id": "4-7-14-14-19", "timings_sec": {"read_step": 0.010735200019553304, "enumerate_faces": 2.859998494386673e-05, "build_adjacency": 0.0003864997997879982, "extract_features": 0.0014055001083761454, "map_labels": 0.0002443999983370304, "sanity_checks": 0.0002071000635623932, "total": 0.013007299974560738}}