{"part_id": "4-7-7-7-12-23", "timings_sec": {"read_step": 0.007509700022637844, "enumerate_faces": 2.6300083845853806e-05, "build_adjacency": 0.0002554000820964575, "extract_features": 0.0009203997906297445, "map_labels": 0.0002259998582303524, "sanity_checks": 0.00012500002048909664, "total": 0.009062799857929349}}