{"part_id": "4-7-12-12-12-23", "timings_sec": {"read_step": 0.014673599973320961, "enumerate_faces": 4.310021176934242e-05, "build_adjacency": 0.0005453999619930983, "extract_features": 0.001867600018158555, "map_labels": 0.00027270009741187096, "sanity_checks": 0.00025029992684721947, "total": 0.017652700189501047}}