{"part_id": "4-7-7-11-14-23", "timings_sec": {"read_step": 0.012942800065502524, "enumerate_faces": 4.620011895895004e-05, "build_adjacency": 0.0005312999710440636, "extract_features": 0.0017250999808311462, "map_labels": 0.000242199981585145, "sanity_checks": 0.00026709982194006443, "total": 0.015754699939861894}}