{"part_id": "4-7-9-9-13-23", "timings_sec": {"read_step": 0.009181399829685688, "enumerate_faces": 3.569992259144783e-05, "build_adjacency": 0.0002828999422490597, "extract_features": 0.0010492000728845596, "map_labels": 0.00022409996017813683, "sanity_checks": 0.00014210003428161144, "total": 0.010915399761870503}}