{"part_id": "4-7-9-13-13-23", "timings_sec": {"read_step": 0.007902499986812472, "enumerate_faces": 3.320001997053623e-05, "build_adjacency": 0.00027130008675158024, "extract_features": 0.0009760998655110598, "map_labels": 0.00021540001034736633, "sanity_checks": 0.00013299984857439995, "total": 0.009531499817967415}}