{"part_id": "4-7-8-12-14-23", "timings_sec": {"read_step": 0.010117700090631843, "enumerate_faces": 3.6300159990787506e-05, "build_adjacency": 0.00033829989843070507, "extract_features": 0.001063500065356493, "map_labels": 0.00023650005459785461, "sanity_checks": 0.00013279984705150127, "total": 0.011925100116059184}}