{"part_id": "4-7-7-12-12-23", "timings_sec": {"read_step": 0.00970480008982122, "enumerate_faces": 3.2400013878941536e-05, "build_adjacency": 0.0003915999550372362, "extract_features": 0.0019503000658005476, "map_labels": 0.0003137001767754555, "sanity_checks": 0.00022110017016530037, "total": 0.0126139004714787}}