{"part_id": "4-7-9-13-14-23", "timings_sec": {"read_step": 0.0071564000099897385, "enumerate_faces": 3.369990736246109e-05, "build_adjacency": 0.00024280021898448467, "extract_features": 0.0009639998897910118, "map_labels": 0.0002413000911474228, "sanity_checks": 0.00011690007522702217, "total": 0.008755100192502141}}