{"part_id": "4-7-9-11-19", "timings_sec": {"read_step": 0.00876199989579618, "enumerate_faces": 3.2499898225069046e-05, "build_adjacency": 0.00031029991805553436, "extract_features": 0.001322000054642558, "map_labels": 0.00022309995256364346, "sanity_checks": 0.00014199991710484028, "total": 0.010791899636387825}}