{"part_id": "4-7-7-13-19", "timings_sec": {"read_step": 0.009240000043064356, "enumerate_faces": 3.8400059565901756e-05, "build_adjacency": 0.0003543999046087265, "extract_features": 0.001339700073003769, "map_labels": 0.00027279998175799847, "sanity_checks": 0.00013770000077784061, "total": 0.011383000062778592}}