{"part_id": "4-7-7-10-10-23", "timings_sec": {"read_step": 0.010878899833187461, "enumerate_faces": 4.3400097638368607e-05, "build_adjacency": 0.0004227999597787857, "extract_features": 0.0016038999892771244, "map_labels": 0.0002786999102681875, "sanity_checks": 0.00022810022346675396, "total": 0.013455800013616681}}