{"part_id": "4-7-8-8-13-23", "timings_sec": {"read_step": 0.006104199914261699, "enumerate_faces": 2.350006252527237e-05, "build_adjacency": 0.00022359983995556831, "extract_features": 0.0007490001153200865, "map_labels": 0.0001862999051809311, "sanity_checks": 0.00010060006752610207, "total": 0.007387199904769659}}