{"part_id": "4-7-8-8-11-23", "timings_sec": {"read_step": 0.008736500050872564, "enumerate_faces": 2.659996971487999e-05, "build_adjacency": 0.00028840010054409504, "extract_features": 0.0010969999711960554, "map_labels": 0.00019529997371137142, "sanity_checks": 0.0001392001286149025, "total": 0.010483000194653869}}