{"part_id": "4-7-10-10-13-23", "timings_sec": {"read_step": 0.009132200153544545, "enumerate_faces": 3.220001235604286e-05, "build_adjacency": 0.00030499999411404133, "extract_features": 0.0011536001693457365, "map_labels": 0.0002196000423282385, "sanity_checks": 0.0001588000450283289, "total": 0.011001400416716933}}