{"part_id": "4-7-10-11-14-23", "timings_sec": {"read_step": 0.010210699867457151, "enumerate_faces": 3.1700124964118004e-05, "build_adjacency": 0.0003377001266926527, "extract_features": 0.0014498999807983637, "map_labels": 0.0002258999738842249, "sanity_checks": 0.0001626999583095312, "total": 0.012418600032106042}}