{"part_id": "4-7-7-9-10-23", "timings_sec": {"read_step": 0.008570900186896324, "enumerate_faces": 2.3399945348501205e-05, "build_adjacency": 0.000533499987795949, "extract_features": 0.0014915999490767717, "map_labels": 0.00022540008649230003, "sanity_checks": 0.00022840010933578014, "total": 0.011073200264945626}}