{"part_id": "4-7-8-10-10-23", "timings_sec": {"read_step": 0.005560100078582764, "enumerate_faces": 3.260001540184021e-05, "build_adjacency": 0.00027890014462172985, "extract_features": 0.0007015999872237444, "map_labels": 0.00020330003462731838, "sanity_checks": 8.990010246634483e-05, "total": 0.006866400362923741}}