{"part_id": "4-7-9-11-12-23", "timings_sec": {"read_step": 0.010353900026530027, "enumerate_faces": 2.8399983420968056e-05, "build_adjacency": 0.00034289993345737457, "extract_features": 0.001329899998381734, "map_labels": 0.0002080998383462429, "sanity_checks": 0.00016409996896982193, "total": 0.012427299749106169}}