{"part_id": "4-7-7-9-9-23", "timings_sec": {"read_step": 0.008608200121670961, "enumerate_faces": 2.650008536875248e-05, "build_adjacency": 0.00028319982811808586, "extract_features": 0.0010979999788105488, "map_labels": 0.00024390011094510555, "sanity_checks": 0.0001596000511199236, "total": 0.010419400176033378}}