{"part_id": "4-7-10-10-11-23", "timings_sec": {"read_step": 0.011218999978154898, "enumerate_faces": 3.4400029107928276e-05, "build_adjacency": 0.00036150007508695126, "extract_features": 0.001501500140875578, "map_labels": 0.00022000004537403584, "sanity_checks": 0.0001781000755727291, "total": 0.01351450034417212}}