{"part_id": "4-7-11-11-12-23", "timings_sec": {"read_step": 0.01627540006302297, "enumerate_faces": 4.0599843487143517e-05, "build_adjacency": 0.0005990001372992992, "extract_features": 0.0021238999906927347, "map_labels": 0.00027009984478354454, "sanity_checks": 0.00028769997879862785, "total": 0.01959669985808432}}