{"part_id": "4-7-7-7-13-23", "timings_sec": {"read_step": 0.0076401999685913324, "enumerate_faces": 2.9999995604157448e-05, "build_adjacency": 0.0002586999908089638, "extract_features": 0.0009020001161843538, "map_labels": 0.0002562000881880522, "sanity_checks": 0.00011750007979571819, "total": 0.009204600239172578}}