{"part_id": "4-7-8-9-10-23", "timings_sec": {"read_step": 0.008240299997851253, "enumerate_faces": 2.869986928999424e-05, "build_adjacency": 0.00034520006738603115, "extract_features": 0.0010615000501275063, "map_labels": 0.000283100176602602, "sanity_checks": 0.00013899989426136017, "total": 0.010097800055518746}}