{"part_id": "4-7-10-12-13-23", "timings_sec": {"read_step": 0.008575899992138147, "enumerate_faces": 2.4700071662664413e-05, "build_adjacency": 0.000489500118419528, "extract_features": 0.001273399917408824, "map_labels": 0.00029150000773370266, "sanity_checks": 0.00022659986279904842, "total": 0.010881599970161915}}