{"part_id": "4-7-7-13-14-23", "timings_sec": {"read_step": 0.006747000152245164, "enumerate_faces": 4.0899962186813354e-05, "build_adjacency": 0.00031969998963177204, "extract_features": 0.0010905000381171703, "map_labels": 0.00030029984191060066, "sanity_checks": 0.00010100007057189941, "total": 0.00859940005466342}}