{"part_id": "4-7-8-8-9-23", "timings_sec": {"read_step": 0.006837400142103434, "enumerate_faces": 2.410006709396839e-05, "build_adjacency": 0.00022689998149871826, "extract_features": 0.0008513000793755054, "map_labels": 0.0001976999919861555, "sanity_checks": 0.00011139991693198681, "total": 0.008248800178989768}}