{"part_id": "4-7-9-9-9-23", "timings_sec": {"read_step": 0.008631999837234616, "enumerate_faces": 3.269989974796772e-05, "build_adjacency": 0.0002903998829424381, "extract_features": 0.0011123998556286097, "map_labels": 0.0002280001062899828, "sanity_checks": 0.00023019989021122456, "total": 0.01052569947205484}}