{"part_id": "4-7-11-13-14-23", "timings_sec": {"read_step": 0.014850200153887272, "enumerate_faces": 4.559988155961037e-05, "build_adjacency": 0.0005568000487983227, "extract_features": 0.0013292999938130379, "map_labels": 0.00023910007439553738, "sanity_checks": 0.0001531001180410385, "total": 0.01717410027049482}}