{"part_id": "4-7-9-19", "timings_sec": {"read_step": 0.008527300087735057, "enumerate_faces": 2.3600179702043533e-05, "build_adjacency": 0.00020370003767311573, "extract_features": 0.000739299925044179, "map_labels": 0.00019500008784234524, "sanity_checks": 0.00010079983621835709, "total": 0.009789700154215097}}