{"part_id": "4-7-7-11-12-23", "timings_sec": {"read_step": 0.014428900089114904, "enumerate_faces": 4.320009611546993e-05, "build_adjacency": 0.0005634999834001064, "extract_features": 0.002032899996265769, "map_labels": 0.00024880003184080124, "sanity_checks": 0.00016939989291131496, "total": 0.017486700089648366}}