{"part_id": "4-7-12-19", "timings_sec": {"read_step": 0.00662259990349412, "enumerate_faces": 3.0399998649954796e-05, "build_adjacency": 0.00023210002109408379, "extract_features": 0.0010142000392079353, "map_labels": 0.00028089992702007294, "sanity_checks": 0.00018530013039708138, "total": 0.008365500019863248}}