{"part_id": "4-7-7-7-11-23", "timings_sec": {"read_step": 0.009835700038820505, "enumerate_faces": 2.9999995604157448e-05, "build_adjacency": 0.00029060011729598045, "extract_features": 0.0011740000918507576, "map_labels": 0.0002466000150889158, "sanity_checks": 0.00013679987750947475, "total": 0.011713700136169791}}