{"part_id": "4-7-10-11-11-23", "timings_sec": {"read_step": 0.011383399832993746, "enumerate_faces": 3.1400006264448166e-05, "build_adjacency": 0.00038320012390613556, "extract_features": 0.0014619999565184116, "map_labels": 0.000215600011870265, "sanity_checks": 0.000188400037586689, "total": 0.013663999969139695}}