{"part_id": "4-7-7-13-13-23", "timings_sec": {"read_step": 0.009653100045397878, "enumerate_faces": 3.3899908885359764e-05, "build_adjacency": 0.000269200187176466, "extract_features": 0.0009602999780327082, "map_labels": 0.00022740010172128677, "sanity_checks": 0.00012199999764561653, "total": 0.011265900218859315}}