{"part_id": "4-7-9-11-13-23", "timings_sec": {"read_step": 0.012760399840772152, "enumerate_faces": 2.9100105166435242e-05, "build_adjacency": 0.0003112000413239002, "extract_features": 0.0011817999184131622, "map_labels": 0.00021209986880421638, "sanity_checks": 0.0002474000211805105, "total": 0.014741999795660377}}