{"part_id": "4-7-7-8-19", "timings_sec": {"read_step": 0.0062489998526871204, "enumerate_faces": 1.8799910321831703e-05, "build_adjacency": 0.00021620001643896103, "extract_features": 0.0007992999162524939, "map_labels": 0.0003806999884545803, "sanity_checks": 0.00011480017565190792, "total": 0.007778799859806895}}