{"part_id": "4-7-10-12-14-23", "timings_sec": {"read_step": 0.010693500051274896, "enumerate_faces": 3.229989670217037e-05, "build_adjacency": 0.00032190000638365746, "extract_features": 0.0016354001127183437, "map_labels": 0.00023669982329010963, "sanity_checks": 0.0001501000951975584, "total": 0.013069899985566735}}