{"part_id": "4-8-10-13-13-23", "timings_sec": {"read_step": 0.0076951999217271805, "enumerate_faces": 3.400002606213093e-05, "build_adjacency": 0.0002723000943660736, "extract_features": 0.0010414000134915113, "map_labels": 0.0002234999556094408, "sanity_checks": 0.0001246000174432993, "total": 0.009391000028699636}}