{"part_id": "4-8-13-13-19", "timings_sec": {"read_step": 0.008262899937108159, "enumerate_faces": 4.5900000259280205e-05, "build_adjacency": 0.00032759993337094784, "extract_features": 0.0010993999894708395, "map_labels": 0.00027660001069307327, "sanity_checks": 0.00014379993081092834, "total": 0.010156199801713228}}