{"part_id": "4-8-12-12-14-23", "timings_sec": {"read_step": 0.008939499966800213, "enumerate_faces": 2.7999980375170708e-05, "build_adjacency": 0.0003027000930160284, "extract_features": 0.001153700053691864, "map_labels": 0.00033549987711012363, "sanity_checks": 0.0001385000068694353, "total": 0.010897899977862835}}