{"part_id": "4-8-10-11-13-23", "timings_sec": {"read_step": 0.010000400012359023, "enumerate_faces": 2.9200222343206406e-05, "build_adjacency": 0.0003208999987691641, "extract_features": 0.0011666000355035067, "map_labels": 0.00021510012447834015, "sanity_checks": 0.0002343999221920967, "total": 0.011966600315645337}}