{"part_id": "4-8-8-12-14-23", "timings_sec": {"read_step": 0.008180300006642938, "enumerate_faces": 3.320001997053623e-05, "build_adjacency": 0.00028030015528202057, "extract_features": 0.000998100033029914, "map_labels": 0.00022980011999607086, "sanity_checks": 0.00012770015746355057, "total": 0.00984940049238503}}