{"part_id": "4-8-8-10-12-23", "timings_sec": {"read_step": 0.014789100037887692, "enumerate_faces": 4.650000482797623e-05, "build_adjacency": 0.0004562998656183481, "extract_features": 0.001249099848791957, "map_labels": 0.0002647999208420515, "sanity_checks": 0.00016099982894957066, "total": 0.016966799506917596}}