{"part_id": "4-8-9-11-19", "timings_sec": {"read_step": 0.00896250014193356, "enumerate_faces": 3.400002606213093e-05, "build_adjacency": 0.00031349994242191315, "extract_features": 0.0010743997991085052, "map_labels": 0.00021079997532069683, "sanity_checks": 0.00014060013927519321, "total": 0.010735800024122}}