{"part_id": "4-8-10-12-14-23", "timings_sec": {"read_step": 0.008832999970763922, "enumerate_faces": 2.6399968191981316e-05, "build_adjacency": 0.0003120000474154949, "extract_features": 0.0011130000930279493, "map_labels": 0.0002088998444378376, "sanity_checks": 0.00013960013166069984, "total": 0.010632900055497885}}