{"part_id": "4-8-9-12-19", "timings_sec": {"read_step": 0.008590599987655878, "enumerate_faces": 2.6399968191981316e-05, "build_adjacency": 0.0002460000105202198, "extract_features": 0.0009198999032378197, "map_labels": 0.00019780010916292667, "sanity_checks": 0.00011799996718764305, "total": 0.010098699945956469}}