{"part_id": "4-8-9-13-14-23", "timings_sec": {"read_step": 0.00792060000821948, "enumerate_faces": 3.42000275850296e-05, "build_adjacency": 0.00042109983041882515, "extract_features": 0.001585099846124649, "map_labels": 0.00025800010189414024, "sanity_checks": 0.00019499985501170158, "total": 0.010413999669253826}}