{"part_id": "4-8-11-12-13-23", "timings_sec": {"read_step": 0.01151670003309846, "enumerate_faces": 3.6499928683042526e-05, "build_adjacency": 0.0004778001457452774, "extract_features": 0.0017220999579876661, "map_labels": 0.00026599992997944355, "sanity_checks": 0.00023830006830394268, "total": 0.014257400063797832}}