{"part_id": "4-8-8-8-12-23", "timings_sec": {"read_step": 0.006885000038892031, "enumerate_faces": 2.719997428357601e-05, "build_adjacency": 0.00023999996483325958, "extract_features": 0.0008413998875766993, "map_labels": 0.00019869999960064888, "sanity_checks": 0.00010859989561140537, "total": 0.00830089976079762}}