{"part_id": "4-8-9-9-12-23", "timings_sec": {"read_step": 0.0075505999848246574, "enumerate_faces": 2.5300076231360435e-05, "build_adjacency": 0.00023749982938170433, "extract_features": 0.001029999926686287, "map_labels": 0.0002531998325139284, "sanity_checks": 0.00021159998141229153, "total": 0.009308199631050229}}