{"part_id": "4-8-9-13-13-23", "timings_sec": {"read_step": 0.0072994998190552, "enumerate_faces": 3.620004281401634e-05, "build_adjacency": 0.00025720009580254555, "extract_features": 0.0009417999535799026, "map_labels": 0.00022659986279904842, "sanity_checks": 0.00012980005703866482, "total": 0.008891099831089377}}