{"part_id": "4-8-8-8-14-23", "timings_sec": {"read_step": 0.006321700057014823, "enumerate_faces": 2.429983578622341e-05, "build_adjacency": 0.00019950000569224358, "extract_features": 0.0007927999831736088, "map_labels": 0.00022950000129640102, "sanity_checks": 0.00010609999299049377, "total": 0.0076738998759537935}}