{"part_id": "4-8-13-13-14-23", "timings_sec": {"read_step": 0.008316399995237589, "enumerate_faces": 2.9399991035461426e-05, "build_adjacency": 0.000256099971011281, "extract_features": 0.0010432000271975994, "map_labels": 0.00028609996661543846, "sanity_checks": 0.0001721999142318964, "total": 0.010103399865329266}}