{"part_id": "4-8-9-9-11-23", "timings_sec": {"read_step": 0.009429699974134564, "enumerate_faces": 2.8399983420968056e-05, "build_adjacency": 0.0003138999454677105, "extract_features": 0.0011736000888049603, "map_labels": 0.00021709990687668324, "sanity_checks": 0.00015989993698894978, "total": 0.011322599835693836}}