{"part_id": "4-8-8-9-19", "timings_sec": {"read_step": 0.007784800138324499, "enumerate_faces": 3.7999823689460754e-05, "build_adjacency": 0.0002937999088317156, "extract_features": 0.0008281001355499029, "map_labels": 0.0002297000028192997, "sanity_checks": 0.00010870001278817654, "total": 0.009283100022003055}}