{"part_id": "4-8-8-12-19", "timings_sec": {"read_step": 0.006861499976366758, "enumerate_faces": 2.5799963623285294e-05, "build_adjacency": 0.00022920011542737484, "extract_features": 0.0008352999575436115, "map_labels": 0.00019329995848238468, "sanity_checks": 0.00011400016956031322, "total": 0.008259100141003728}}