{"part_id": "4-8-9-11-11-23", "timings_sec": {"read_step": 0.011140999849885702, "enumerate_faces": 3.560003824532032e-05, "build_adjacency": 0.0003632002044469118, "extract_features": 0.0013638997916132212, "map_labels": 0.00024170009419322014, "sanity_checks": 0.00017610006034374237, "total": 0.013321500038728118}}