{"part_id": "4-8-11-12-19", "timings_sec": {"read_step": 0.009356800001114607, "enumerate_faces": 2.9100105166435242e-05, "build_adjacency": 0.0002870000898838043, "extract_features": 0.0012441999278962612, "map_labels": 0.00020730006508529186, "sanity_checks": 0.00014570006169378757, "total": 0.011270100250840187}}