{"part_id": "4-8-10-10-11-23", "timings_sec": {"read_step": 0.010234200162813067, "enumerate_faces": 3.329990431666374e-05, "build_adjacency": 0.00034929998219013214, "extract_features": 0.0013146998826414347, "map_labels": 0.00023150001652538776, "sanity_checks": 0.0001697000116109848, "total": 0.01233269996009767}}