{"part_id": "4-8-14-19", "timings_sec": {"read_step": 0.005744000198319554, "enumerate_faces": 3.820005804300308e-05, "build_adjacency": 0.00029019988141953945, "extract_features": 0.0007559000514447689, "map_labels": 0.0002297000028192997, "sanity_checks": 9.529991075396538e-05, "total": 0.007153300102800131}}