{"part_id": "4-8-9-10-11-23", "timings_sec": {"read_step": 0.009973099920898676, "enumerate_faces": 3.220001235604286e-05, "build_adjacency": 0.00044320011511445045, "extract_features": 0.0012517999857664108, "map_labels": 0.00023019989021122456, "sanity_checks": 0.00016389996744692326, "total": 0.012094399891793728}}