{"part_id": "4-8-8-10-10-23", "timings_sec": {"read_step": 0.009769599884748459, "enumerate_faces": 3.4700147807598114e-05, "build_adjacency": 0.0002710998523980379, "extract_features": 0.0010110000148415565, "map_labels": 0.0002359999343752861, "sanity_checks": 0.00013369997031986713, "total": 0.011456099804490805}}