{"part_id": "4-8-11-12-12-23", "timings_sec": {"read_step": 0.01194459991529584, "enumerate_faces": 3.609992563724518e-05, "build_adjacency": 0.0003524001222103834, "extract_features": 0.0012533001136034727, "map_labels": 0.00023320014588534832, "sanity_checks": 0.00015779980458319187, "total": 0.01397740002721548}}