{"part_id": "4-8-10-11-19", "timings_sec": {"read_step": 0.008920000167563558, "enumerate_faces": 3.419979475438595e-05, "build_adjacency": 0.00029080011881887913, "extract_features": 0.0010768999345600605, "map_labels": 0.00022680009715259075, "sanity_checks": 0.00014110002666711807, "total": 0.010689800139516592}}