{"part_id": "4-8-10-10-13-23", "timings_sec": {"read_step": 0.008578400127589703, "enumerate_faces": 2.6900088414549828e-05, "build_adjacency": 0.00028639985248446465, "extract_features": 0.0011129998601973057, "map_labels": 0.00020849984139204025, "sanity_checks": 0.00014160014688968658, "total": 0.01035479991696775}}