{"part_id": "4-8-10-12-12-23", "timings_sec": {"read_step": 0.009380500065162778, "enumerate_faces": 3.6400044336915016e-05, "build_adjacency": 0.0004732001107186079, "extract_features": 0.001588999992236495, "map_labels": 0.00026020011864602566, "sanity_checks": 0.00020450004376471043, "total": 0.011943800374865532}}