{"part_id": "4-8-8-14-14-23", "timings_sec": {"read_step": 0.00642280001193285, "enumerate_faces": 2.9199989512562752e-05, "build_adjacency": 0.0002250999677926302, "extract_features": 0.0007882001809775829, "map_labels": 0.00021460000425577164, "sanity_checks": 0.00010179984383285046, "total": 0.007781699998304248}}