{"part_id": "4-8-9-11-14-23", "timings_sec": {"read_step": 0.009518799837678671, "enumerate_faces": 2.6900088414549828e-05, "build_adjacency": 0.0003081001341342926, "extract_features": 0.0011617999989539385, "map_labels": 0.00021359999664127827, "sanity_checks": 0.0001503999810665846, "total": 0.011379600036889315}}