{"part_id": "4-8-8-9-10-23", "timings_sec": {"read_step": 0.008747299900278449, "enumerate_faces": 3.469991497695446e-05, "build_adjacency": 0.0002807001583278179, "extract_features": 0.0010483998339623213, "map_labels": 0.00024949992075562477, "sanity_checks": 0.0001422001514583826, "total": 0.01050279987975955}}