{"part_id": "4-8-11-13-19", "timings_sec": {"read_step": 0.007977899862453341, "enumerate_faces": 3.060000017285347e-05, "build_adjacency": 0.00026100012473762035, "extract_features": 0.0009866999462246895, "map_labels": 0.0002204999327659607, "sanity_checks": 0.0001270999200642109, "total": 0.009603799786418676}}