{"part_id": "4-8-10-14-19", "timings_sec": {"read_step": 0.009557400131598115, "enumerate_faces": 3.109988756477833e-05, "build_adjacency": 0.00025040004402399063, "extract_features": 0.0009332001209259033, "map_labels": 0.0003426999319344759, "sanity_checks": 0.00013409997336566448, "total": 0.011248900089412928}}