{"part_id": "4-8-11-11-11-23", "timings_sec": {"read_step": 0.01239820010960102, "enumerate_faces": 3.50000336766243e-05, "build_adjacency": 0.00040360004641115665, "extract_features": 0.0014726000372320414, "map_labels": 0.00022380007430911064, "sanity_checks": 0.00018870015628635883, "total": 0.014721900457516313}}