{"part_id": "4-8-9-9-13-23", "timings_sec": {"read_step": 0.008129900088533759, "enumerate_faces": 2.450007013976574e-05, "build_adjacency": 0.0002535001840442419, "extract_features": 0.0010957999620586634, "map_labels": 0.00019319984130561352, "sanity_checks": 0.00012660003267228603, "total": 0.00982350017875433}}