{"part_id": "4-8-9-14-19", "timings_sec": {"read_step": 0.006844500079751015, "enumerate_faces": 2.759997732937336e-05, "build_adjacency": 0.00023330003023147583, "extract_features": 0.0008562998846173286, "map_labels": 0.00020150002092123032, "sanity_checks": 0.00011240015737712383, "total": 0.008275600150227547}}