{"part_id": "4-8-10-10-10-23", "timings_sec": {"read_step": 0.009455400053411722, "enumerate_faces": 3.709993325173855e-05, "build_adjacency": 0.0004420999903231859, "extract_features": 0.001205699983984232, "map_labels": 0.00022780010476708412, "sanity_checks": 0.000156699912622571, "total": 0.011524799978360534}}