{"part_id": "4-8-8-12-13-23", "timings_sec": {"read_step": 0.011148500023409724, "enumerate_faces": 3.4700147807598114e-05, "build_adjacency": 0.0002723000943660736, "extract_features": 0.001019699964672327, "map_labels": 0.00023110001347959042, "sanity_checks": 0.00012049986980855465, "total": 0.012826800113543868}}