{"part_id": "4-9-10-10-12-23", "timings_sec": {"read_step": 0.009812699863687158, "enumerate_faces": 2.7799978852272034e-05, "build_adjacency": 0.0003325999714434147, "extract_features": 0.0012620999477803707, "map_labels": 0.00020279991440474987, "sanity_checks": 0.00016200006939470768, "total": 0.011799999745562673}}