{"part_id": "4-9-13-13-14-23", "timings_sec": {"read_step": 0.00923210009932518, "enumerate_faces": 3.609992563724518e-05, "build_adjacency": 0.0003874001558870077, "extract_features": 0.0014303000643849373, "map_labels": 0.0002590999938547611, "sanity_checks": 0.00019539985805749893, "total": 0.01154040009714663}}