{"part_id": "4-9-10-10-13-23", "timings_sec": {"read_step": 0.014909100020304322, "enumerate_faces": 4.810001701116562e-05, "build_adjacency": 0.0005280000623315573, "extract_features": 0.001617399975657463, "map_labels": 0.00023930007591843605, "sanity_checks": 0.00016149994917213917, "total": 0.017503400100395083}}