{"part_id": "4-9-10-14-14-23", "timings_sec": {"read_step": 0.008806300116702914, "enumerate_faces": 3.0700117349624634e-05, "build_adjacency": 0.0003961001057177782, "extract_features": 0.0010979000944644213, "map_labels": 0.0001892000436782837, "sanity_checks": 0.00014070002362132072, "total": 0.010660900501534343}}