{"part_id": "4-9-11-13-13-23", "timings_sec": {"read_step": 0.009354900103062391, "enumerate_faces": 3.1300121918320656e-05, "build_adjacency": 0.0003081001341342926, "extract_features": 0.0011348000261932611, "map_labels": 0.00021820003166794777, "sanity_checks": 0.00014659995213150978, "total": 0.011193900369107723}}