{"part_id": "4-9-12-13-14-23", "timings_sec": {"read_step": 0.009536400204524398, "enumerate_faces": 2.8900103643536568e-05, "build_adjacency": 0.0002863002009689808, "extract_features": 0.0010609000455588102, "map_labels": 0.0002372001763433218, "sanity_checks": 0.00013609998859465122, "total": 0.011285800719633698}}