{"part_id": "4-9-11-12-12-23", "timings_sec": {"read_step": 0.010542700067162514, "enumerate_faces": 2.8200214728713036e-05, "build_adjacency": 0.00035719992592930794, "extract_features": 0.0013071000576019287, "map_labels": 0.0002657999284565449, "sanity_checks": 0.00017199991270899773, "total": 0.012673000106588006}}