{"part_id": "4-9-11-11-11-23", "timings_sec": {"read_step": 0.014958000043407083, "enumerate_faces": 3.7400051951408386e-05, "build_adjacency": 0.0004203999415040016, "extract_features": 0.001583100063726306, "map_labels": 0.0002391999587416649, "sanity_checks": 0.0002041999250650406, "total": 0.017442299984395504}}