{"part_id": "4-9-9-9-12-23", "timings_sec": {"read_step": 0.00978439999744296, "enumerate_faces": 3.4499913454055786e-05, "build_adjacency": 0.00042159995064139366, "extract_features": 0.0011920998804271221, "map_labels": 0.00023490004241466522, "sanity_checks": 0.0001696001272648573, "total": 0.011837099911645055}}