{"part_id": "4-9-9-11-14-23", "timings_sec": {"read_step": 0.010004900163039565, "enumerate_faces": 4.119984805583954e-05, "build_adjacency": 0.0005418998189270496, "extract_features": 0.001397700048983097, "map_labels": 0.00022289995104074478, "sanity_checks": 0.00016229995526373386, "total": 0.01237089978531003}}