{"part_id": "4-9-10-11-19", "timings_sec": {"read_step": 0.010695199947804213, "enumerate_faces": 3.309990279376507e-05, "build_adjacency": 0.00031090015545487404, "extract_features": 0.0011687998194247484, "map_labels": 0.00022249994799494743, "sanity_checks": 0.00015150010585784912, "total": 0.012581999879330397}}