{"part_id": "4-9-12-14-14-23", "timings_sec": {"read_step": 0.008942200103774667, "enumerate_faces": 3.1400006264448166e-05, "build_adjacency": 0.0003037999849766493, "extract_features": 0.001307800179347396, "map_labels": 0.00021029985509812832, "sanity_checks": 0.0001409000251442194, "total": 0.010936400154605508}}