{"part_id": "4-9-11-13-14-23", "timings_sec": {"read_step": 0.009787800023332238, "enumerate_faces": 3.660004585981369e-05, "build_adjacency": 0.00032950006425380707, "extract_features": 0.0013452998828142881, "map_labels": 0.00021830014884471893, "sanity_checks": 0.00015670014545321465, "total": 0.01187420031055808}}