{"part_id": "4-9-12-13-19", "timings_sec": {"read_step": 0.009687799960374832, "enumerate_faces": 3.2800016924738884e-05, "build_adjacency": 0.00036869989708065987, "extract_features": 0.0013453001156449318, "map_labels": 0.00023039989173412323, "sanity_checks": 0.00018820003606379032, "total": 0.011853199917823076}}