{"part_id": "4-9-13-13-19", "timings_sec": {"read_step": 0.0065651999320834875, "enumerate_faces": 2.759997732937336e-05, "build_adjacency": 0.00021030008792877197, "extract_features": 0.0009152002166956663, "map_labels": 0.00029990007169544697, "sanity_checks": 0.0001338000874966383, "total": 0.008152000373229384}}