{"part_id": "4-9-13-13-13-23", "timings_sec": {"read_step": 0.007763799978420138, "enumerate_faces": 3.360002301633358e-05, "build_adjacency": 0.0002499001566320658, "extract_features": 0.001129399985074997, "map_labels": 0.0002218000590801239, "sanity_checks": 0.00012340000830590725, "total": 0.009521900210529566}}