{"part_id": "4-9-12-12-19", "timings_sec": {"read_step": 0.010411700000986457, "enumerate_faces": 3.5499921068549156e-05, "build_adjacency": 0.00028319982811808586, "extract_features": 0.001135100144892931, "map_labels": 0.0002234999556094408, "sanity_checks": 0.00013890000991523266, "total": 0.012227899860590696}}