{"part_id": "4-9-10-10-10-23", "timings_sec": {"read_step": 0.009876800002530217, "enumerate_faces": 2.5799963623285294e-05, "build_adjacency": 0.000323199899867177, "extract_features": 0.0014076998922973871, "map_labels": 0.000228899996727705, "sanity_checks": 0.00018190010450780392, "total": 0.012044299859553576}}