{"part_id": "4-9-9-10-11-23", "timings_sec": {"read_step": 0.011534699937328696, "enumerate_faces": 3.590015694499016e-05, "build_adjacency": 0.0003637999761849642, "extract_features": 0.001339999958872795, "map_labels": 0.00024649989791214466, "sanity_checks": 0.0002476999070495367, "total": 0.013768599834293127}}