{"part_id": "4-9-10-12-13-23", "timings_sec": {"read_step": 0.008958900114521384, "enumerate_faces": 2.8099864721298218e-05, "build_adjacency": 0.0002967000473290682, "extract_features": 0.0013381000608205795, "map_labels": 0.0002639000304043293, "sanity_checks": 0.0001484001986682415, "total": 0.011034100316464901}}