{"part_id": "4-9-10-12-12-23", "timings_sec": {"read_step": 0.009654399938881397, "enumerate_faces": 3.4899916499853134e-05, "build_adjacency": 0.0003417001571506262, "extract_features": 0.0012835001107305288, "map_labels": 0.0002313998993486166, "sanity_checks": 0.00019200006499886513, "total": 0.011737900087609887}}