{"part_id": "4-9-9-9-14-23", "timings_sec": {"read_step": 0.008574199862778187, "enumerate_faces": 3.450014628469944e-05, "build_adjacency": 0.00044759991578757763, "extract_features": 0.0012174001894891262, "map_labels": 0.00021789991296827793, "sanity_checks": 0.00014869985170662403, "total": 0.010640299879014492}}