{"part_id": "4-9-9-12-13-23", "timings_sec": {"read_step": 0.008573200087994337, "enumerate_faces": 3.4499913454055786e-05, "build_adjacency": 0.0002934001386165619, "extract_features": 0.0010913999285548925, "map_labels": 0.00022369995713233948, "sanity_checks": 0.00013910001143813133, "total": 0.010355300037190318}}