{"part_id": "4-9-12-12-13-23", "timings_sec": {"read_step": 0.013430000049993396, "enumerate_faces": 4.5999884605407715e-05, "build_adjacency": 0.0005269001703709364, "extract_features": 0.002153899986296892, "map_labels": 0.00028239982202649117, "sanity_checks": 0.00025240005925297737, "total": 0.0166915999725461}}