{"part_id": "5-10-10-12-12-23", "timings_sec": {"read_step": 0.011791200144216418, "enumerate_faces": 3.6700163036584854e-05, "build_adjacency": 0.00037160003557801247, "extract_features": 0.00142990006133914, "map_labels": 0.00035170000046491623, "sanity_checks": 0.00017490005120635033, "total": 0.014156000455841422}}