{"part_id": "5-10-13-14-14-23", "timings_sec": {"read_step": 0.008835399989038706, "enumerate_faces": 3.169989213347435e-05, "build_adjacency": 0.000341600039973855, "extract_features": 0.0013892999850213528, "map_labels": 0.00021689990535378456, "sanity_checks": 0.00014730007387697697, "total": 0.01096219988539815}}