{"part_id": "5-10-11-12-13-23", "timings_sec": {"read_step": 0.013013500021770597, "enumerate_faces": 2.9899878427386284e-05, "build_adjacency": 0.00035230000503361225, "extract_features": 0.0013091000728309155, "map_labels": 0.0002085000742226839, "sanity_checks": 0.00016549997963011265, "total": 0.015078800031915307}}