{"part_id": "5-10-10-13-14-23", "timings_sec": {"read_step": 0.010138799902051687, "enumerate_faces": 3.560003824532032e-05, "build_adjacency": 0.00048169982619583607, "extract_features": 0.0017325999215245247, "map_labels": 0.00033650011755526066, "sanity_checks": 0.0002275998704135418, "total": 0.01295279967598617}}