{"part_id": "5-10-14-14-14-23", "timings_sec": {"read_step": 0.009474100079387426, "enumerate_faces": 3.0800001695752144e-05, "build_adjacency": 0.0003223000094294548, "extract_features": 0.0011619001161307096, "map_labels": 0.00020750006660819054, "sanity_checks": 0.00014950009062886238, "total": 0.011346100363880396}}