{"part_id": "5-10-11-14-14-23", "timings_sec": {"read_step": 0.010807099984958768, "enumerate_faces": 3.260001540184021e-05, "build_adjacency": 0.00037080002948641777, "extract_features": 0.0014202999882400036, "map_labels": 0.00027820002287626266, "sanity_checks": 0.00018049986101686954, "total": 0.013089499901980162}}