{"part_id": "5-10-11-11-12-23", "timings_sec": {"read_step": 0.012522300006821752, "enumerate_faces": 3.519980236887932e-05, "build_adjacency": 0.00041779992170631886, "extract_features": 0.0016419000457972288, "map_labels": 0.00022279983386397362, "sanity_checks": 0.0002052001655101776, "total": 0.01504519977606833}}