{"part_id": "5-10-12-12-19", "timings_sec": {"read_step": 0.004434600006788969, "enumerate_faces": 2.9799994081258774e-05, "build_adjacency": 0.00015920004807412624, "extract_features": 0.0005456001963466406, "map_labels": 0.00019979989156126976, "sanity_checks": 7.200008258223534e-05, "total": 0.0054410002194345}}