{"part_id": "5-10-19", "timings_sec": {"read_step": 0.006386199966073036, "enumerate_faces": 2.5900080800056458e-05, "build_adjacency": 0.00019999989308416843, "extract_features": 0.0007206001318991184, "map_labels": 0.00020040012896060944, "sanity_checks": 0.00010569998994469643, "total": 0.007638800190761685}}