{"part_id": "5-10-10-12-13-23", "timings_sec": {"read_step": 0.010037299944087863, "enumerate_faces": 4.109996370971203e-05, "build_adjacency": 0.00034369993954896927, "extract_features": 0.0014106000307947397, "map_labels": 0.00022569997236132622, "sanity_checks": 0.00015950016677379608, "total": 0.012217900017276406}}