{"part_id": "5-10-10-10-10-23", "timings_sec": {"read_step": 0.011259499937295914, "enumerate_faces": 3.600004129111767e-05, "build_adjacency": 0.00036800000816583633, "extract_features": 0.0017864000983536243, "map_labels": 0.00026899995282292366, "sanity_checks": 0.00020290003158152103, "total": 0.013921800069510937}}