{"part_id": "5-10-10-19", "timings_sec": {"read_step": 0.007502299966290593, "enumerate_faces": 2.9900111258029938e-05, "build_adjacency": 0.00025180005468428135, "extract_features": 0.0009301998652517796, "map_labels": 0.00020619994029402733, "sanity_checks": 0.00012470013462007046, "total": 0.009045100072398782}}