{"part_id": "5-10-10-11-12-23", "timings_sec": {"read_step": 0.012868900084868073, "enumerate_faces": 3.520003519952297e-05, "build_adjacency": 0.000480499817058444, "extract_features": 0.0014921999536454678, "map_labels": 0.00022929999977350235, "sanity_checks": 0.00018780003301799297, "total": 0.015293899923563004}}