{"part_id": "5-10-11-12-14-23", "timings_sec": {"read_step": 0.014658299973234534, "enumerate_faces": 3.829994238913059e-05, "build_adjacency": 0.0006469001527875662, "extract_features": 0.0026861000806093216, "map_labels": 0.0002723000943660736, "sanity_checks": 0.0003084000200033188, "total": 0.018610300263389945}}