{"part_id": "5-10-10-11-19", "timings_sec": {"read_step": 0.012869999976828694, "enumerate_faces": 4.369998350739479e-05, "build_adjacency": 0.0005879998207092285, "extract_features": 0.0016906000673770905, "map_labels": 0.0002413000911474228, "sanity_checks": 0.00016779988072812557, "total": 0.015601399820297956}}