{"part_id": "5-10-10-10-11-23", "timings_sec": {"read_step": 0.012168599991127849, "enumerate_faces": 3.509991802275181e-05, "build_adjacency": 0.00038430001586675644, "extract_features": 0.001473400043323636, "map_labels": 0.0002499001566320658, "sanity_checks": 0.00019029993563890457, "total": 0.014501600060611963}}