{"part_id": "5-10-12-13-19", "timings_sec": {"read_step": 0.008219900075346231, "enumerate_faces": 2.8799986466765404e-05, "build_adjacency": 0.0002764000091701746, "extract_features": 0.0010027000680565834, "map_labels": 0.0002055999357253313, "sanity_checks": 0.00012810016050934792, "total": 0.009861500235274434}}