{"part_id": "5-10-10-10-13-23", "timings_sec": {"read_step": 0.00918589998036623, "enumerate_faces": 3.0299881473183632e-05, "build_adjacency": 0.000300699844956398, "extract_features": 0.0013683000579476357, "map_labels": 0.0002093999646604061, "sanity_checks": 0.0001526998821645975, "total": 0.011247299611568451}}