{"part_id": "5-11-13-14-14-23", "timings_sec": {"read_step": 0.009525599889457226, "enumerate_faces": 2.940022386610508e-05, "build_adjacency": 0.0003431001678109169, "extract_features": 0.0013498000334948301, "map_labels": 0.00023370003327727318, "sanity_checks": 0.00015239999629557133, "total": 0.011634000344201922}}