{"part_id": "5-11-11-11-19", "timings_sec": {"read_step": 0.017870600102469325, "enumerate_faces": 4.660012200474739e-05, "build_adjacency": 0.00043480005115270615, "extract_features": 0.0018275000620633364, "map_labels": 0.00023419992066919804, "sanity_checks": 0.00018580001778900623, "total": 0.02059950027614832}}