{"part_id": "5-11-12-13-13-23", "timings_sec": {"read_step": 0.009604700142517686, "enumerate_faces": 2.8399983420968056e-05, "build_adjacency": 0.00032839993946254253, "extract_features": 0.0013233001809567213, "map_labels": 0.00020370003767311573, "sanity_checks": 0.00015510013327002525, "total": 0.011643600417301059}}