{"part_id": "5-11-11-12-13-23", "timings_sec": {"read_step": 0.012622599955648184, "enumerate_faces": 3.760005347430706e-05, "build_adjacency": 0.00039199995808303356, "extract_features": 0.0016516998875886202, "map_labels": 0.00023649982176721096, "sanity_checks": 0.00018550013191998005, "total": 0.015125899808481336}}