{"part_id": "5-11-12-12-14-23", "timings_sec": {"read_step": 0.011774299899116158, "enumerate_faces": 3.619980998337269e-05, "build_adjacency": 0.0003874001558870077, "extract_features": 0.0014070000033825636, "map_labels": 0.00023330003023147583, "sanity_checks": 0.0001727000344544649, "total": 0.014010899933055043}}