{"part_id": "5-11-12-14-19", "timings_sec": {"read_step": 0.009394299937412143, "enumerate_faces": 3.9899954572319984e-05, "build_adjacency": 0.0004485000390559435, "extract_features": 0.001839200034737587, "map_labels": 0.00029150000773370266, "sanity_checks": 0.00026350002735853195, "total": 0.012276900000870228}}