{"part_id": "5-11-11-11-12-23", "timings_sec": {"read_step": 0.01688760006800294, "enumerate_faces": 3.879982978105545e-05, "build_adjacency": 0.0006015000399202108, "extract_features": 0.0025955999735742807, "map_labels": 0.00022600009106099606, "sanity_checks": 0.00021159998141229153, "total": 0.020561099983751774}}