{"part_id": "5-11-12-13-19", "timings_sec": {"read_step": 0.009169799974188209, "enumerate_faces": 3.4800032153725624e-05, "build_adjacency": 0.00031849998049438, "extract_features": 0.0011042999103665352, "map_labels": 0.00022449996322393417, "sanity_checks": 0.00014999997802078724, "total": 0.01100189983844757}}