{"part_id": "5-11-12-14-14-23", "timings_sec": {"read_step": 0.010066100163385272, "enumerate_faces": 3.6400044336915016e-05, "build_adjacency": 0.00031940010376274586, "extract_features": 0.0011826001573354006, "map_labels": 0.00022700009867548943, "sanity_checks": 0.00014490005560219288, "total": 0.011976400623098016}}