{"part_id": "5-11-19", "timings_sec": {"read_step": 0.007077599875628948, "enumerate_faces": 2.3899832740426064e-05, "build_adjacency": 0.00020890007726848125, "extract_features": 0.0008020000532269478, "map_labels": 0.0001813000999391079, "sanity_checks": 0.0001254999078810215, "total": 0.008419199846684933}}