{"part_id": "5-11-11-13-19", "timings_sec": {"read_step": 0.010281500173732638, "enumerate_faces": 3.4800032153725624e-05, "build_adjacency": 0.0003349999897181988, "extract_features": 0.0014448999427258968, "map_labels": 0.00022769998759031296, "sanity_checks": 0.00015820004045963287, "total": 0.012482100166380405}}