{"part_id": "5-11-13-13-14-23", "timings_sec": {"read_step": 0.009528399910777807, "enumerate_faces": 3.6899931728839874e-05, "build_adjacency": 0.00031729997135698795, "extract_features": 0.0011527999304234982, "map_labels": 0.00024199998006224632, "sanity_checks": 0.00022080005146563053, "total": 0.01149819977581501}}