{"part_id": "5-12-13-14-14-23", "timings_sec": {"read_step": 0.007623099954798818, "enumerate_faces": 2.4300068616867065e-05, "build_adjacency": 0.00025720009580254555, "extract_features": 0.0009250000584870577, "map_labels": 0.0001859001349657774, "sanity_checks": 0.00011770008131861687, "total": 0.009133200393989682}}