{"part_id": "5-12-14-14-14-23", "timings_sec": {"read_step": 0.009035700000822544, "enumerate_faces": 2.6700086891651154e-05, "build_adjacency": 0.0003082999028265476, "extract_features": 0.0012453999370336533, "map_labels": 0.00023250002413988113, "sanity_checks": 0.00014970009215176105, "total": 0.010998300043866038}}