{"part_id": "5-12-14-19", "timings_sec": {"read_step": 0.006798899965360761, "enumerate_faces": 3.120000474154949e-05, "build_adjacency": 0.00023750006221234798, "extract_features": 0.0008457999210804701, "map_labels": 0.0002093999646604061, "sanity_checks": 0.00010890001431107521, "total": 0.00823169993236661}}