{"part_id": "5-12-13-14-19", "timings_sec": {"read_step": 0.007483100052922964, "enumerate_faces": 2.559996210038662e-05, "build_adjacency": 0.00025949999690055847, "extract_features": 0.0010909999255090952, "map_labels": 0.00021089985966682434, "sanity_checks": 0.00012070010416209698, "total": 0.009190799901261926}}