{"part_id": "5-12-13-19", "timings_sec": {"read_step": 0.0062790000811219215, "enumerate_faces": 2.6300083845853806e-05, "build_adjacency": 0.00022000004537403584, "extract_features": 0.0009829001501202583, "map_labels": 0.00020510004833340645, "sanity_checks": 0.00010389997623860836, "total": 0.007817200385034084}}