{"part_id": "5-12-12-12-12-23", "timings_sec": {"read_step": 0.010011200094595551, "enumerate_faces": 2.459995448589325e-05, "build_adjacency": 0.0004908000119030476, "extract_features": 0.0018780999816954136, "map_labels": 0.0002266999799758196, "sanity_checks": 0.00024250010028481483, "total": 0.01287390012294054}}