{"part_id": "5-12-12-13-13-23", "timings_sec": {"read_step": 0.008710599970072508, "enumerate_faces": 3.320001997053623e-05, "build_adjacency": 0.0003035999834537506, "extract_features": 0.0011504997964948416, "map_labels": 0.00022460008040070534, "sanity_checks": 0.00013689999468624592, "total": 0.010559399845078588}}