{"part_id": "5-12-12-12-14-23", "timings_sec": {"read_step": 0.009566200198605657, "enumerate_faces": 2.5700079277157784e-05, "build_adjacency": 0.00033490010537207127, "extract_features": 0.0013678998220711946, "map_labels": 0.00028460007160902023, "sanity_checks": 0.00025819987058639526, "total": 0.011837500147521496}}