{"part_id": "5-12-13-13-13-23", "timings_sec": {"read_step": 0.007972300052642822, "enumerate_faces": 2.6799971237778664e-05, "build_adjacency": 0.0002701999619603157, "extract_features": 0.0010891000274568796, "map_labels": 0.00020430004224181175, "sanity_checks": 0.0001238000113517046, "total": 0.009686500066891313}}