{"part_id": "5-12-12-14-19", "timings_sec": {"read_step": 0.008371999952942133, "enumerate_faces": 3.2400013878941536e-05, "build_adjacency": 0.00029699993319809437, "extract_features": 0.001043400028720498, "map_labels": 0.00022499985061585903, "sanity_checks": 0.0001337002031505108, "total": 0.010103499982506037}}