{"part_id": "5-12-12-19", "timings_sec": {"read_step": 0.007063800003379583, "enumerate_faces": 2.6099849492311478e-05, "build_adjacency": 0.0002438998781144619, "extract_features": 0.0009908999782055616, "map_labels": 0.00020579993724822998, "sanity_checks": 0.00011709984391927719, "total": 0.008647599490359426}}