{"part_id": "5-12-13-13-19", "timings_sec": {"read_step": 0.00769710005261004, "enumerate_faces": 2.8900103643536568e-05, "build_adjacency": 0.00025189993903040886, "extract_features": 0.000894700177013874, "map_labels": 0.0002305000089108944, "sanity_checks": 0.00018850015476346016, "total": 0.009291600435972214}}