{"part_id": "5-13-13-13-14-23", "timings_sec": {"read_step": 0.008586399955675006, "enumerate_faces": 3.3400021493434906e-05, "build_adjacency": 0.0002680998295545578, "extract_features": 0.0009614999871701002, "map_labels": 0.00022749998606741428, "sanity_checks": 0.0001238000113517046, "total": 0.010200699791312218}}