{"part_id": "5-13-13-14-14-23", "timings_sec": {"read_step": 0.008729200111702085, "enumerate_faces": 2.9900111258029938e-05, "build_adjacency": 0.00027929991483688354, "extract_features": 0.000991899985820055, "map_labels": 0.00021089985966682434, "sanity_checks": 0.00012669991701841354, "total": 0.010367899900302291}}