{"part_id": "5-13-14-14-19", "timings_sec": {"read_step": 0.007323599886149168, "enumerate_faces": 3.300001844763756e-05, "build_adjacency": 0.00025240005925297737, "extract_features": 0.0010400000028312206, "map_labels": 0.00021900003775954247, "sanity_checks": 0.00019170017912983894, "total": 0.009059700183570385}}