{"part_id": "5-13-13-13-19", "timings_sec": {"read_step": 0.006875900086015463, "enumerate_faces": 2.659996971487999e-05, "build_adjacency": 0.00022009992972016335, "extract_features": 0.0007917000912129879, "map_labels": 0.000197600107640028, "sanity_checks": 0.00010249996557831764, "total": 0.00821440014988184}}