{"part_id": "5-13-14-19", "timings_sec": {"read_step": 0.006845799973234534, "enumerate_faces": 2.229982055723667e-05, "build_adjacency": 0.00020180013962090015, "extract_features": 0.0007146000862121582, "map_labels": 0.00018429988995194435, "sanity_checks": 9.660003706812859e-05, "total": 0.008065399946644902}}