{"part_id": "5-14-19", "timings_sec": {"read_step": 0.00506000011228025, "enumerate_faces": 2.3799948394298553e-05, "build_adjacency": 0.00017829984426498413, "extract_features": 0.000634100055322051, "map_labels": 0.000179799972102046, "sanity_checks": 8.519995026290417e-05, "total": 0.0061611998826265335}}