{"part_id": "5-5-9-9-10-23", "timings_sec": {"read_step": 0.009549100184813142, "enumerate_faces": 3.20998951792717e-05, "build_adjacency": 0.0004447000101208687, "extract_features": 0.001694299979135394, "map_labels": 0.0002210000529885292, "sanity_checks": 0.0001680999994277954, "total": 0.012109300121665001}}