{"part_id": "5-5-6-9-9-23", "timings_sec": {"read_step": 0.008941099978983402, "enumerate_faces": 2.7999980375170708e-05, "build_adjacency": 0.00029690004885196686, "extract_features": 0.0011203999165445566, "map_labels": 0.00019429996609687805, "sanity_checks": 0.00015070009976625443, "total": 0.010731399990618229}}