{"part_id": "5-5-9-9-13-23", "timings_sec": {"read_step": 0.009312700014561415, "enumerate_faces": 2.740020863711834e-05, "build_adjacency": 0.0003394999075680971, "extract_features": 0.0011837000492960215, "map_labels": 0.00021270010620355606, "sanity_checks": 0.0001509999856352806, "total": 0.011227000271901488}}