{"part_id": "5-5-10-13-14-23", "timings_sec": {"read_step": 0.013719199923798442, "enumerate_faces": 3.609992563724518e-05, "build_adjacency": 0.0004803999327123165, "extract_features": 0.001712600002065301, "map_labels": 0.0002482000272721052, "sanity_checks": 0.00023010000586509705, "total": 0.016426599817350507}}