{"part_id": "5-5-5-10-19", "timings_sec": {"read_step": 0.014211999950930476, "enumerate_faces": 4.0499959141016006e-05, "build_adjacency": 0.0004702999722212553, "extract_features": 0.0016516998875886202, "map_labels": 0.00026750005781650543, "sanity_checks": 0.00022740010172128677, "total": 0.01686939992941916}}