{"part_id": "5-5-12-19", "timings_sec": {"read_step": 0.0075101000256836414, "enumerate_faces": 2.4799956008791924e-05, "build_adjacency": 0.00024509988725185394, "extract_features": 0.0008719998877495527, "map_labels": 0.00019239983521401882, "sanity_checks": 0.00011439993977546692, "total": 0.008958799531683326}}