{"part_id": "5-5-6-6-10-23", "timings_sec": {"read_step": 0.00854890001937747, "enumerate_faces": 2.7800211682915688e-05, "build_adjacency": 0.00025459984317421913, "extract_features": 0.0009065999183803797, "map_labels": 0.00020360015332698822, "sanity_checks": 0.00011499994434416294, "total": 0.010056500090286136}}