{"part_id": "5-5-10-10-13-23", "timings_sec": {"read_step": 0.009956999914720654, "enumerate_faces": 3.5800039768218994e-05, "build_adjacency": 0.0004662999417632818, "extract_features": 0.0013242000713944435, "map_labels": 0.00022329995408654213, "sanity_checks": 0.00016060005873441696, "total": 0.012167199980467558}}