{"part_id": "5-5-5-11-13-23", "timings_sec": {"read_step": 0.012590799946337938, "enumerate_faces": 3.639981150627136e-05, "build_adjacency": 0.00036220019683241844, "extract_features": 0.0014091997873038054, "map_labels": 0.00022590020671486855, "sanity_checks": 0.00017250003293156624, "total": 0.014796999981626868}}