{"part_id": "5-5-9-12-12-23", "timings_sec": {"read_step": 0.012497700052335858, "enumerate_faces": 3.42000275850296e-05, "build_adjacency": 0.00035550002939999104, "extract_features": 0.0013166998978704214, "map_labels": 0.00023400015197694302, "sanity_checks": 0.0001604000572115183, "total": 0.014598500216379762}}