{"part_id": "5-5-5-9-14-23", "timings_sec": {"read_step": 0.01091940002515912, "enumerate_faces": 3.160000778734684e-05, "build_adjacency": 0.0003312001936137676, "extract_features": 0.0011960999108850956, "map_labels": 0.00023010000586509705, "sanity_checks": 0.00015400000847876072, "total": 0.012862400151789188}}