{"part_id": "5-5-9-9-11-23", "timings_sec": {"read_step": 0.015429999912157655, "enumerate_faces": 3.5800039768218994e-05, "build_adjacency": 0.0003752000629901886, "extract_features": 0.0013722002040594816, "map_labels": 0.00024500000290572643, "sanity_checks": 0.0001759999431669712, "total": 0.01763420016504824}}