{"part_id": "5-5-10-10-14-23", "timings_sec": {"read_step": 0.006677099969238043, "enumerate_faces": 2.550007775425911e-05, "build_adjacency": 0.00023729982785880566, "extract_features": 0.0008773999288678169, "map_labels": 0.00020240014418959618, "sanity_checks": 0.00010990002192556858, "total": 0.00812959996983409}}