{"part_id": "5-5-5-10-14-23", "timings_sec": {"read_step": 0.010269399965181947, "enumerate_faces": 2.750009298324585e-05, "build_adjacency": 0.0003370000049471855, "extract_features": 0.0016471000853925943, "map_labels": 0.0002462000120431185, "sanity_checks": 0.0001564000267535448, "total": 0.012683600187301636}}