{"part_id": "5-5-6-9-13-23", "timings_sec": {"read_step": 0.010785500053316355, "enumerate_faces": 3.150012344121933e-05, "build_adjacency": 0.0002972001675516367, "extract_features": 0.0010748999193310738, "map_labels": 0.00021780002862215042, "sanity_checks": 0.00013569998554885387, "total": 0.012542600277811289}}