{"part_id": "5-5-5-8-8-23", "timings_sec": {"read_step": 0.008747499901801348, "enumerate_faces": 3.2400013878941536e-05, "build_adjacency": 0.00030869990587234497, "extract_features": 0.0012637998443096876, "map_labels": 0.00022900011390447617, "sanity_checks": 0.00014110002666711807, "total": 0.010722499806433916}}