{"part_id": "5-5-9-11-13-23", "timings_sec": {"read_step": 0.010326999938115478, "enumerate_faces": 3.400002606213093e-05, "build_adjacency": 0.00035450002178549767, "extract_features": 0.0012944000773131847, "map_labels": 0.000268799951300025, "sanity_checks": 0.00024279998615384102, "total": 0.012521500000730157}}