{"part_id": "5-5-13-14-19", "timings_sec": {"read_step": 0.008181300014257431, "enumerate_faces": 3.529991954565048e-05, "build_adjacency": 0.0002660001628100872, "extract_features": 0.0010448000393807888, "map_labels": 0.00023900019004940987, "sanity_checks": 0.0001230000052601099, "total": 0.009889400331303477}}