{"part_id": "5-5-11-11-11-23", "timings_sec": {"read_step": 0.013244800036773086, "enumerate_faces": 3.360002301633358e-05, "build_adjacency": 0.00043979985639452934, "extract_features": 0.0018459002021700144, "map_labels": 0.00022209994494915009, "sanity_checks": 0.00021590013056993484, "total": 0.016002100193873048}}