{"part_id": "5-5-7-8-19", "timings_sec": {"read_step": 0.011846800101920962, "enumerate_faces": 4.900014027953148e-05, "build_adjacency": 0.00042799999937415123, "extract_features": 0.0014899999368935823, "map_labels": 0.00031729997135698795, "sanity_checks": 0.00020869984291493893, "total": 0.014339799992740154}}