{"part_id": "5-5-10-10-11-23", "timings_sec": {"read_step": 0.01130330003798008, "enumerate_faces": 2.800021320581436e-05, "build_adjacency": 0.0004314000252634287, "extract_features": 0.002109500113874674, "map_labels": 0.00024419999681413174, "sanity_checks": 0.00028680008836090565, "total": 0.014403200475499034}}