{"part_id": "5-5-7-9-12-23", "timings_sec": {"read_step": 0.009688599966466427, "enumerate_faces": 3.369990736246109e-05, "build_adjacency": 0.00034309993498027325, "extract_features": 0.001406900119036436, "map_labels": 0.00022739986889064312, "sanity_checks": 0.00015530013479292393, "total": 0.011854999931529164}}