{"part_id": "5-5-7-10-14-23", "timings_sec": {"read_step": 0.009771700017154217, "enumerate_faces": 3.5800039768218994e-05, "build_adjacency": 0.000327700050547719, "extract_features": 0.0012850998900830746, "map_labels": 0.0002277002204209566, "sanity_checks": 0.0001563001424074173, "total": 0.011804300360381603}}