{"part_id": "5-5-7-7-9-23", "timings_sec": {"read_step": 0.006612700177356601, "enumerate_faces": 2.9100105166435242e-05, "build_adjacency": 0.00023369980044662952, "extract_features": 0.0009932999964803457, "map_labels": 0.00022769998759031296, "sanity_checks": 0.00011799996718764305, "total": 0.008214500034227967}}