{"part_id": "5-5-8-8-8-23", "timings_sec": {"read_step": 0.006881299894303083, "enumerate_faces": 2.6799971237778664e-05, "build_adjacency": 0.00023829983547329903, "extract_features": 0.0010656998492777348, "map_labels": 0.0001751999370753765, "sanity_checks": 0.00011140014976263046, "total": 0.008498699637129903}}