{"part_id": "5-5-5-7-13-23", "timings_sec": {"read_step": 0.008388899965211749, "enumerate_faces": 3.560003824532032e-05, "build_adjacency": 0.00039929989725351334, "extract_features": 0.0011489000171422958, "map_labels": 0.00023119989782571793, "sanity_checks": 0.00013409997336566448, "total": 0.010337999789044261}}