{"part_id": "5-5-6-6-8-23", "timings_sec": {"read_step": 0.00678150006569922, "enumerate_faces": 2.0799925550818443e-05, "build_adjacency": 0.00023220013827085495, "extract_features": 0.0008580998983234167, "map_labels": 0.0001775999553501606, "sanity_checks": 0.00012049986980855465, "total": 0.008190699853003025}}