{"part_id": "5-5-13-14-14-23", "timings_sec": {"read_step": 0.008817999856546521, "enumerate_faces": 3.1800009310245514e-05, "build_adjacency": 0.000309899915009737, "extract_features": 0.0012447000481188297, "map_labels": 0.00021110009402036667, "sanity_checks": 0.00013620010577142239, "total": 0.010751700028777122}}