{"part_id": "5-5-5-12-14-23", "timings_sec": {"read_step": 0.008780699921771884, "enumerate_faces": 2.8299866244196892e-05, "build_adjacency": 0.0003053999971598387, "extract_features": 0.0012133000418543816, "map_labels": 0.00021190010011196136, "sanity_checks": 0.00013699987903237343, "total": 0.010676599806174636}}