{"part_id": "5-5-6-7-12-23", "timings_sec": {"read_step": 0.009700100170448422, "enumerate_faces": 3.720005042850971e-05, "build_adjacency": 0.00031409994699060917, "extract_features": 0.001127100083976984, "map_labels": 0.00023179990239441395, "sanity_checks": 0.0001460001803934574, "total": 0.011556300334632397}}