{"part_id": "5-5-7-7-7-23", "timings_sec": {"read_step": 0.007902000099420547, "enumerate_faces": 2.750009298324585e-05, "build_adjacency": 0.00026979995891451836, "extract_features": 0.0010229998733848333, "map_labels": 0.00019399984739720821, "sanity_checks": 0.0001251001376658678, "total": 0.009541400009766221}}