{"part_id": "5-5-8-13-14-23", "timings_sec": {"read_step": 0.006813399959355593, "enumerate_faces": 2.9700109735131264e-05, "build_adjacency": 0.00033069984056055546, "extract_features": 0.0007941999938338995, "map_labels": 0.00023630005307495594, "sanity_checks": 0.0001767999492585659, "total": 0.0083810999058187}}