{"part_id": "5-5-7-9-9-23", "timings_sec": {"read_step": 0.009548600064590573, "enumerate_faces": 3.0300114303827286e-05, "build_adjacency": 0.0003185998648405075, "extract_features": 0.0011686000507324934, "map_labels": 0.00023579993285238743, "sanity_checks": 0.0001596999354660511, "total": 0.01146159996278584}}