{"part_id": "5-5-9-9-19", "timings_sec": {"read_step": 0.00825369986705482, "enumerate_faces": 3.2499898225069046e-05, "build_adjacency": 0.0003030998632311821, "extract_features": 0.0010637000668793917, "map_labels": 0.0002562000881880522, "sanity_checks": 0.0001666999887675047, "total": 0.01007589977234602}}