{"part_id": "5-5-8-9-11-23", "timings_sec": {"read_step": 0.007785899797454476, "enumerate_faces": 3.120000474154949e-05, "build_adjacency": 0.00026270002126693726, "extract_features": 0.0009744998533278704, "map_labels": 0.0002562000881880522, "sanity_checks": 0.00020180013962090015, "total": 0.009512299904599786}}