{"part_id": "5-5-10-12-19", "timings_sec": {"read_step": 0.008786499965935946, "enumerate_faces": 2.8999987989664078e-05, "build_adjacency": 0.00030620000325143337, "extract_features": 0.0011136999819427729, "map_labels": 0.00020999996922910213, "sanity_checks": 0.00014379993081092834, "total": 0.010589199839159846}}