{"part_id": "5-5-6-6-12-23", "timings_sec": {"read_step": 0.00956990011036396, "enumerate_faces": 2.8999987989664078e-05, "build_adjacency": 0.00028309994377195835, "extract_features": 0.001012600027024746, "map_labels": 0.00024640001356601715, "sanity_checks": 0.0001262999139726162, "total": 0.011267299996688962}}