{"part_id": "5-5-6-11-13-23", "timings_sec": {"read_step": 0.009577599819749594, "enumerate_faces": 3.069988451898098e-05, "build_adjacency": 0.00032950006425380707, "extract_features": 0.0011982000432908535, "map_labels": 0.00021139997988939285, "sanity_checks": 0.00015489989891648293, "total": 0.011502299690619111}}