{"part_id": "5-5-8-11-14-23", "timings_sec": {"read_step": 0.013290900038555264, "enumerate_faces": 3.5400036722421646e-05, "build_adjacency": 0.0003521000035107136, "extract_features": 0.0014740999322384596, "map_labels": 0.00023090001195669174, "sanity_checks": 0.0002052001655101776, "total": 0.015588600188493729}}