{"part_id": "5-5-8-10-10-23", "timings_sec": {"read_step": 0.011871500173583627, "enumerate_faces": 3.0800001695752144e-05, "build_adjacency": 0.0003339999821037054, "extract_features": 0.0012203999795019627, "map_labels": 0.000215600011870265, "sanity_checks": 0.00015830015763640404, "total": 0.013830600306391716}}