{"part_id": "5-5-5-6-10-23", "timings_sec": {"read_step": 0.008946800138801336, "enumerate_faces": 3.5499921068549156e-05, "build_adjacency": 0.00032210000790655613, "extract_features": 0.001177300000563264, "map_labels": 0.00023040012456476688, "sanity_checks": 0.00016700010746717453, "total": 0.010879100300371647}}