{"part_id": "5-5-6-13-14-23", "timings_sec": {"read_step": 0.008203600067645311, "enumerate_faces": 2.4900073185563087e-05, "build_adjacency": 0.00027810013853013515, "extract_features": 0.0016059000045061111, "map_labels": 0.0002609998919069767, "sanity_checks": 0.00013289996422827244, "total": 0.01050640014000237}}