{"part_id": "5-5-6-6-19", "timings_sec": {"read_step": 0.005919199902564287, "enumerate_faces": 2.2399937734007835e-05, "build_adjacency": 0.0002101999707520008, "extract_features": 0.0007627999875694513, "map_labels": 0.00017230003140866756, "sanity_checks": 9.96999442577362e-05, "total": 0.007186599774286151}}