{"part_id": "5-5-10-12-13-23", "timings_sec": {"read_step": 0.009773599915206432, "enumerate_faces": 3.4499913454055786e-05, "build_adjacency": 0.0003229000139981508, "extract_features": 0.0012284000404179096, "map_labels": 0.0001968001015484333, "sanity_checks": 0.00021199998445808887, "total": 0.01176819996908307}}