{"part_id": "5-5-9-12-13-23", "timings_sec": {"read_step": 0.009339999873191118, "enumerate_faces": 3.269989974796772e-05, "build_adjacency": 0.0003223000094294548, "extract_features": 0.0011744999792426825, "map_labels": 0.00021580001339316368, "sanity_checks": 0.00014579994603991508, "total": 0.011231099721044302}}