{"part_id": "5-5-6-10-14-23", "timings_sec": {"read_step": 0.009385199984535575, "enumerate_faces": 4.100007936358452e-05, "build_adjacency": 0.0005294999573379755, "extract_features": 0.0019561999943107367, "map_labels": 0.0002891998738050461, "sanity_checks": 0.0002348001580685377, "total": 0.012435900047421455}}