{"part_id": "5-5-8-8-11-23", "timings_sec": {"read_step": 0.009157600114122033, "enumerate_faces": 4.219985567033291e-05, "build_adjacency": 0.0003154000733047724, "extract_features": 0.0011790001299232244, "map_labels": 0.0002348001580685377, "sanity_checks": 0.00014139991253614426, "total": 0.011070400243625045}}