{"part_id": "5-5-10-12-12-23", "timings_sec": {"read_step": 0.010116400197148323, "enumerate_faces": 2.469983883202076e-05, "build_adjacency": 0.00034239981323480606, "extract_features": 0.0018087001517415047, "map_labels": 0.0002951000351458788, "sanity_checks": 0.00029349979013204575, "total": 0.012880799826234579}}