{"part_id": "5-5-5-14-19", "timings_sec": {"read_step": 0.008245199918746948, "enumerate_faces": 2.6300083845853806e-05, "build_adjacency": 0.00027840002439916134, "extract_features": 0.0011811999138444662, "map_labels": 0.00024550012312829494, "sanity_checks": 0.00015009986236691475, "total": 0.01012669992633164}}