{"part_id": "5-5-8-11-19", "timings_sec": {"read_step": 0.009919699979946017, "enumerate_faces": 4.0999846532940865e-05, "build_adjacency": 0.0004648000467568636, "extract_features": 0.0016551001463085413, "map_labels": 0.00027900002896785736, "sanity_checks": 0.00022489996626973152, "total": 0.012584500014781952}}