{"part_id": "5-5-6-7-10-23", "timings_sec": {"read_step": 0.009348399937152863, "enumerate_faces": 3.3400021493434906e-05, "build_adjacency": 0.00046929996460676193, "extract_features": 0.001998600084334612, "map_labels": 0.0002742998767644167, "sanity_checks": 0.0002598001156002283, "total": 0.012383799999952316}}