{"part_id": "5-5-10-11-14-23", "timings_sec": {"read_step": 0.011882100021466613, "enumerate_faces": 3.729993477463722e-05, "build_adjacency": 0.0003988000098615885, "extract_features": 0.0013548999559134245, "map_labels": 0.00022289995104074478, "sanity_checks": 0.00017170002683997154, "total": 0.01406769989989698}}