{"part_id": "5-5-9-11-11-23", "timings_sec": {"read_step": 0.015713100088760257, "enumerate_faces": 4.0400074794888496e-05, "build_adjacency": 0.0006170999258756638, "extract_features": 0.002223700052127242, "map_labels": 0.000264700036495924, "sanity_checks": 0.00030349986627697945, "total": 0.019162500044330955}}