{"part_id": "5-5-7-7-8-23", "timings_sec": {"read_step": 0.007912900066003203, "enumerate_faces": 2.7799978852272034e-05, "build_adjacency": 0.00027379998937249184, "extract_features": 0.0010004998184740543, "map_labels": 0.00020859995856881142, "sanity_checks": 0.00012580002658069134, "total": 0.009549399837851524}}