{"part_id": "5-5-8-13-19", "timings_sec": {"read_step": 0.007054599933326244, "enumerate_faces": 2.9299873858690262e-05, "build_adjacency": 0.0002590999938547611, "extract_features": 0.0011217000428587198, "map_labels": 0.00021580001339316368, "sanity_checks": 0.00012340000830590725, "total": 0.008803899865597486}}