{"part_id": "5-5-5-10-13-23", "timings_sec": {"read_step": 0.009971400024369359, "enumerate_faces": 3.42000275850296e-05, "build_adjacency": 0.00036230008117854595, "extract_features": 0.0011978000402450562, "map_labels": 0.00022190017625689507, "sanity_checks": 0.0001583998091518879, "total": 0.011946000158786774}}