{"part_id": "5-5-5-6-14-23", "timings_sec": {"read_step": 0.007858800003305078, "enumerate_faces": 2.550007775425911e-05, "build_adjacency": 0.00027439999394118786, "extract_features": 0.0010082998778671026, "map_labels": 0.0002487997990101576, "sanity_checks": 0.00014009978622198105, "total": 0.009555899538099766}}