{"part_id": "5-5-5-8-19", "timings_sec": {"read_step": 0.008212200133129954, "enumerate_faces": 3.1499890610575676e-05, "build_adjacency": 0.00027540000155568123, "extract_features": 0.0009898999705910683, "map_labels": 0.00022929999977350235, "sanity_checks": 0.00012660003267228603, "total": 0.009864900028333068}}