{"part_id": "5-5-5-14-14-23", "timings_sec": {"read_step": 0.00959510006941855, "enumerate_faces": 3.1400006264448166e-05, "build_adjacency": 0.00033229985274374485, "extract_features": 0.0011934000067412853, "map_labels": 0.0002223001793026924, "sanity_checks": 0.00015360000543296337, "total": 0.011528100119903684}}