{"part_id": "5-5-7-11-13-23", "timings_sec": {"read_step": 0.00928339990787208, "enumerate_faces": 2.5499844923615456e-05, "build_adjacency": 0.0003128999378532171, "extract_features": 0.0013349999208003283, "map_labels": 0.00019409996457397938, "sanity_checks": 0.00014910008758306503, "total": 0.011299999663606286}}