{"part_id": "5-5-6-7-13-23", "timings_sec": {"read_step": 0.008602200075984001, "enumerate_faces": 3.20998951792717e-05, "build_adjacency": 0.0002910001203417778, "extract_features": 0.0010476999450474977, "map_labels": 0.0002576999831944704, "sanity_checks": 0.00013919989578425884, "total": 0.010369899915531278}}