{"part_id": "5-5-7-10-19", "timings_sec": {"read_step": 0.009121499955654144, "enumerate_faces": 3.1700124964118004e-05, "build_adjacency": 0.0003559999167919159, "extract_features": 0.0010447998065501451, "map_labels": 0.00024030008353292942, "sanity_checks": 0.0001362999901175499, "total": 0.010930599877610803}}