{"part_id": "5-5-8-13-13-23", "timings_sec": {"read_step": 0.006509999977424741, "enumerate_faces": 3.4499913454055786e-05, "build_adjacency": 0.0003570001572370529, "extract_features": 0.0010038998443633318, "map_labels": 0.00023239990696310997, "sanity_checks": 0.00016280007548630238, "total": 0.008300599874928594}}