{"part_id": "5-5-6-14-19", "timings_sec": {"read_step": 0.008142499951645732, "enumerate_faces": 2.8700102120637894e-05, "build_adjacency": 0.00026530004106462, "extract_features": 0.00103829987347126, "map_labels": 0.00021069985814392567, "sanity_checks": 0.00012340000830590725, "total": 0.009808899834752083}}