{"part_id": "5-5-9-11-19", "timings_sec": {"read_step": 0.009497700026258826, "enumerate_faces": 3.2499898225069046e-05, "build_adjacency": 0.00030860002152621746, "extract_features": 0.0013395999558269978, "map_labels": 0.0002419000957161188, "sanity_checks": 0.00015059998258948326, "total": 0.011570899980142713}}