{"part_id": "5-5-8-9-12-23", "timings_sec": {"read_step": 0.009339800104498863, "enumerate_faces": 2.6399968191981316e-05, "build_adjacency": 0.00039560021832585335, "extract_features": 0.001271599903702736, "map_labels": 0.00022500008344650269, "sanity_checks": 0.00014829984866082668, "total": 0.011406700126826763}}