{"part_id": "5-5-6-12-14-23", "timings_sec": {"read_step": 0.009348100051283836, "enumerate_faces": 2.6799971237778664e-05, "build_adjacency": 0.0003068000078201294, "extract_features": 0.0011166001204401255, "map_labels": 0.00020319991745054722, "sanity_checks": 0.00014060013927519321, "total": 0.01114210020750761}}