{"part_id": "5-5-6-8-12-23", "timings_sec": {"read_step": 0.00941099994815886, "enumerate_faces": 3.410014323890209e-05, "build_adjacency": 0.0002989000640809536, "extract_features": 0.0011718999594449997, "map_labels": 0.00022330018691718578, "sanity_checks": 0.00014030002057552338, "total": 0.011279500322416425}}