{"part_id": "5-5-5-11-14-23", "timings_sec": {"read_step": 0.011577500030398369, "enumerate_faces": 3.400002606213093e-05, "build_adjacency": 0.0003725001588463783, "extract_features": 0.0013499001506716013, "map_labels": 0.00025589996948838234, "sanity_checks": 0.0002546999603509903, "total": 0.013844500295817852}}