{"part_id": "5-5-6-10-13-23", "timings_sec": {"read_step": 0.010372299933806062, "enumerate_faces": 3.0700117349624634e-05, "build_adjacency": 0.00030640000477433205, "extract_features": 0.0011051998008042574, "map_labels": 0.0002142000012099743, "sanity_checks": 0.00014180014841258526, "total": 0.012170600006356835}}