{"part_id": "5-5-7-7-12-23", "timings_sec": {"read_step": 0.009392800042405725, "enumerate_faces": 2.7999980375170708e-05, "build_adjacency": 0.0004512001760303974, "extract_features": 0.001181500032544136, "map_labels": 0.00020290003158152103, "sanity_checks": 0.00014510005712509155, "total": 0.011401500320062041}}