{"part_id": "5-5-7-8-10-23", "timings_sec": {"read_step": 0.006578699918463826, "enumerate_faces": 2.41999514400959e-05, "build_adjacency": 0.00022339983843266964, "extract_features": 0.0009908999782055616, "map_labels": 0.00018310011364519596, "sanity_checks": 0.00010609999299049377, "total": 0.008106399793177843}}