{"part_id": "5-5-11-13-13-23", "timings_sec": {"read_step": 0.009714199928566813, "enumerate_faces": 3.42000275850296e-05, "build_adjacency": 0.0003325999714434147, "extract_features": 0.0013979000505059958, "map_labels": 0.0002272999845445156, "sanity_checks": 0.0001564000267535448, "total": 0.011862599989399314}}