{"part_id": "5-5-8-9-10-23", "timings_sec": {"read_step": 0.009775300044566393, "enumerate_faces": 3.069988451898098e-05, "build_adjacency": 0.000314400065690279, "extract_features": 0.0011870998423546553, "map_labels": 0.0002101999707520008, "sanity_checks": 0.0001520998775959015, "total": 0.01166979968547821}}