{"part_id": "5-5-6-7-11-23", "timings_sec": {"read_step": 0.01735679991543293, "enumerate_faces": 4.0499959141016006e-05, "build_adjacency": 0.0005906999576836824, "extract_features": 0.0024335000198334455, "map_labels": 0.000273900106549263, "sanity_checks": 0.0002826000563800335, "total": 0.02097800001502037}}