{"part_id": "5-5-12-12-13-23", "timings_sec": {"read_step": 0.00982289994135499, "enumerate_faces": 3.4800032153725624e-05, "build_adjacency": 0.00033449986949563026, "extract_features": 0.0012711999006569386, "map_labels": 0.0002283998765051365, "sanity_checks": 0.00015469989739358425, "total": 0.011846499517560005}}