{"part_id": "5-5-7-9-10-23", "timings_sec": {"read_step": 0.010646899929270148, "enumerate_faces": 3.0300114303827286e-05, "build_adjacency": 0.0005148001946508884, "extract_features": 0.0012300999369472265, "map_labels": 0.000215600011870265, "sanity_checks": 0.0001588999293744564, "total": 0.012796600116416812}}