{"part_id": "5-5-6-9-12-23", "timings_sec": {"read_step": 0.009024800034239888, "enumerate_faces": 2.719997428357601e-05, "build_adjacency": 0.0003100999165326357, "extract_features": 0.0011544001754373312, "map_labels": 0.00020759995095431805, "sanity_checks": 0.00015069986693561077, "total": 0.01087479991838336}}