{"part_id": "5-5-5-10-12-23", "timings_sec": {"read_step": 0.010735699906945229, "enumerate_faces": 3.060000017285347e-05, "build_adjacency": 0.00035879993811249733, "extract_features": 0.0012891001533716917, "map_labels": 0.00022309995256364346, "sanity_checks": 0.0001697998959571123, "total": 0.012807099847123027}}