{"part_id": "5-5-12-13-13-23", "timings_sec": {"read_step": 0.008717299904674292, "enumerate_faces": 2.7900096029043198e-05, "build_adjacency": 0.0003003999590873718, "extract_features": 0.0010819998569786549, "map_labels": 0.0001992001198232174, "sanity_checks": 0.00014130002819001675, "total": 0.010468099964782596}}