{"part_id": "5-5-6-8-9-23", "timings_sec": {"read_step": 0.009637200040742755, "enumerate_faces": 3.210012800991535e-05, "build_adjacency": 0.00029009999707341194, "extract_features": 0.0010585000272840261, "map_labels": 0.00022680009715259075, "sanity_checks": 0.00013710022903978825, "total": 0.011381800519302487}}