{"part_id": "5-5-6-14-14-23", "timings_sec": {"read_step": 0.009139199974015355, "enumerate_faces": 3.320001997053623e-05, "build_adjacency": 0.00030349986627697945, "extract_features": 0.0010895999148488045, "map_labels": 0.0002405999694019556, "sanity_checks": 0.0002225001808255911, "total": 0.011028599925339222}}