{"part_id": "5-5-5-19", "timings_sec": {"read_step": 0.008582900045439601, "enumerate_faces": 3.0100112780928612e-05, "build_adjacency": 0.0002546999603509903, "extract_features": 0.0009175001177936792, "map_labels": 0.00021239998750388622, "sanity_checks": 0.00011479994282126427, "total": 0.01011240016669035}}