{"part_id": "5-5-5-5-6-23", "timings_sec": {"read_step": 0.012678900035098195, "enumerate_faces": 4.329998046159744e-05, "build_adjacency": 0.0005148998461663723, "extract_features": 0.001832299865782261, "map_labels": 0.00027660001069307327, "sanity_checks": 0.00023580016568303108, "total": 0.01558179990388453}}