{"part_id": "5-5-8-10-14-23", "timings_sec": {"read_step": 0.00966139999218285, "enumerate_faces": 2.9099872335791588e-05, "build_adjacency": 0.0003154999576508999, "extract_features": 0.0015684000682085752, "map_labels": 0.0002413000911474228, "sanity_checks": 0.00014730007387697697, "total": 0.011963000055402517}}