{"part_id": "5-5-11-12-14-23", "timings_sec": {"read_step": 0.011027200147509575, "enumerate_faces": 3.060000017285347e-05, "build_adjacency": 0.0003643000964075327, "extract_features": 0.0016216000076383352, "map_labels": 0.0002133999951183796, "sanity_checks": 0.00017049978487193584, "total": 0.013427600031718612}}