{"part_id": "5-5-8-14-14-23", "timings_sec": {"read_step": 0.007724599912762642, "enumerate_faces": 2.95999925583601e-05, "build_adjacency": 0.0002957999240607023, "extract_features": 0.0009506000205874443, "map_labels": 0.0002834999468177557, "sanity_checks": 0.00012159999459981918, "total": 0.009405699791386724}}