{"part_id": "5-5-5-8-14-23", "timings_sec": {"read_step": 0.007897499948740005, "enumerate_faces": 2.410006709396839e-05, "build_adjacency": 0.0002691000699996948, "extract_features": 0.0009705000557005405, "map_labels": 0.00019159982912242413, "sanity_checks": 0.0001246000174432993, "total": 0.009477399988099933}}