{"part_id": "5-5-6-7-8-23", "timings_sec": {"read_step": 0.013051100075244904, "enumerate_faces": 3.8800062611699104e-05, "build_adjacency": 0.00044269999489188194, "extract_features": 0.0015497999265789986, "map_labels": 0.0002636001445353031, "sanity_checks": 0.00020319991745054722, "total": 0.015549200121313334}}