{"part_id": "5-5-5-5-11-23", "timings_sec": {"read_step": 0.011433899868279696, "enumerate_faces": 3.520003519952297e-05, "build_adjacency": 0.0003975001163780689, "extract_features": 0.0014077001251280308, "map_labels": 0.0002483001444488764, "sanity_checks": 0.00017619994468986988, "total": 0.013698800234124064}}