{"part_id": "5-5-10-12-14-23", "timings_sec": {"read_step": 0.009912499925121665, "enumerate_faces": 2.9899878427386284e-05, "build_adjacency": 0.00034200004301965237, "extract_features": 0.0012572999112308025, "map_labels": 0.00020950008183717728, "sanity_checks": 0.0001588999293744564, "total": 0.01191009976901114}}