{"part_id": "5-6-7-8-19", "timings_sec": {"read_step": 0.006752100074663758, "enumerate_faces": 2.5300076231360435e-05, "build_adjacency": 0.00022820010781288147, "extract_features": 0.0009014999959617853, "map_labels": 0.00019449996761977673, "sanity_checks": 0.00011399993672966957, "total": 0.008215600159019232}}