{"part_id": "5-6-10-14-14-23", "timings_sec": {"read_step": 0.008661499945446849, "enumerate_faces": 2.7300091460347176e-05, "build_adjacency": 0.0003011999651789665, "extract_features": 0.0015314000193029642, "map_labels": 0.00023300014436244965, "sanity_checks": 0.0001626000739634037, "total": 0.01091700023971498}}