{"part_id": "5-6-6-6-6-23", "timings_sec": {"read_step": 0.010170600144192576, "enumerate_faces": 3.200001083314419e-05, "build_adjacency": 0.0003339000977575779, "extract_features": 0.0011380999349057674, "map_labels": 0.00021009985357522964, "sanity_checks": 0.00010529998689889908, "total": 0.011990000028163195}}