{"part_id": "5-6-8-10-12-23", "timings_sec": {"read_step": 0.008985500084236264, "enumerate_faces": 3.120000474154949e-05, "build_adjacency": 0.00030640000477433205, "extract_features": 0.0010952998418360949, "map_labels": 0.0002234999556094408, "sanity_checks": 0.00016089994460344315, "total": 0.010802799835801125}}