{"part_id": "5-6-10-10-11-23", "timings_sec": {"read_step": 0.010563600109890103, "enumerate_faces": 2.869986928999424e-05, "build_adjacency": 0.0003542001359164715, "extract_features": 0.0014458999503403902, "map_labels": 0.0002654001582413912, "sanity_checks": 0.00018540001474320889, "total": 0.01284320023842156}}