{"part_id": "5-6-8-12-14-23", "timings_sec": {"read_step": 0.009357600007206202, "enumerate_faces": 2.9999995604157448e-05, "build_adjacency": 0.00029070000164210796, "extract_features": 0.0010374998673796654, "map_labels": 0.00023690005764365196, "sanity_checks": 0.00020430004224181175, "total": 0.011156999971717596}}