{"part_id": "5-6-8-9-12-23", "timings_sec": {"read_step": 0.011045500170439482, "enumerate_faces": 3.369990736246109e-05, "build_adjacency": 0.0002935000229626894, "extract_features": 0.0019146997947245836, "map_labels": 0.00023530004546046257, "sanity_checks": 0.00023390003480017185, "total": 0.01375659997574985}}