{"part_id": "5-6-6-8-10-23", "timings_sec": {"read_step": 0.008052100194618106, "enumerate_faces": 2.8399983420968056e-05, "build_adjacency": 0.000273900106549263, "extract_features": 0.0011392999440431595, "map_labels": 0.00020190002396702766, "sanity_checks": 0.00012979982420802116, "total": 0.009825400076806545}}