{"part_id": "5-6-9-9-19", "timings_sec": {"read_step": 0.007615800015628338, "enumerate_faces": 3.060000017285347e-05, "build_adjacency": 0.0004509000573307276, "extract_features": 0.0010047000832855701, "map_labels": 0.0003152999561280012, "sanity_checks": 0.0001308000646531582, "total": 0.009548100177198648}}