{"part_id": "5-6-7-9-13-23", "timings_sec": {"read_step": 0.007096500135958195, "enumerate_faces": 3.2800016924738884e-05, "build_adjacency": 0.00029390002600848675, "extract_features": 0.0009397999383509159, "map_labels": 0.00021299999207258224, "sanity_checks": 0.00012109987437725067, "total": 0.00869709998369217}}