{"part_id": "5-6-9-14-19", "timings_sec": {"read_step": 0.007253800053149462, "enumerate_faces": 3.150012344121933e-05, "build_adjacency": 0.0002452000044286251, "extract_features": 0.0008989998605102301, "map_labels": 0.0001875001471489668, "sanity_checks": 0.00012450013309717178, "total": 0.008741500321775675}}