{"part_id": "5-6-11-13-19", "timings_sec": {"read_step": 0.012848000042140484, "enumerate_faces": 4.2899977415800095e-05, "build_adjacency": 0.0004867999814450741, "extract_features": 0.001703399932011962, "map_labels": 0.00028419983573257923, "sanity_checks": 0.00023969984613358974, "total": 0.015604999614879489}}