{"part_id": "5-6-11-12-14-23", "timings_sec": {"read_step": 0.01137689989991486, "enumerate_faces": 3.1800009310245514e-05, "build_adjacency": 0.00034699984826147556, "extract_features": 0.0013023000210523605, "map_labels": 0.00022220006212592125, "sanity_checks": 0.0001593001652508974, "total": 0.013439500005915761}}