{"part_id": "5-6-6-9-12-23", "timings_sec": {"read_step": 0.0092805998865515, "enumerate_faces": 3.7700170651078224e-05, "build_adjacency": 0.00044359988532960415, "extract_features": 0.0011402999516576529, "map_labels": 0.000223799841478467, "sanity_checks": 0.00013569998554885387, "total": 0.011261699721217155}}