{"part_id": "5-6-8-8-8-23", "timings_sec": {"read_step": 0.00820619985461235, "enumerate_faces": 2.8399983420968056e-05, "build_adjacency": 0.00033179996535182, "extract_features": 0.001159599982202053, "map_labels": 0.0002978001721203327, "sanity_checks": 0.00018330011516809464, "total": 0.010207100072875619}}