{"part_id": "5-6-7-9-12-23", "timings_sec": {"read_step": 0.009151200065389276, "enumerate_faces": 3.400002606213093e-05, "build_adjacency": 0.00030559999868273735, "extract_features": 0.0011060999240726233, "map_labels": 0.00022689998149871826, "sanity_checks": 0.00014100014232099056, "total": 0.010964800138026476}}