{"part_id": "5-6-11-13-14-23", "timings_sec": {"read_step": 0.010431099915876985, "enumerate_faces": 3.190012648701668e-05, "build_adjacency": 0.0003198999911546707, "extract_features": 0.0013732998631894588, "map_labels": 0.0002155001275241375, "sanity_checks": 0.00014870008453726768, "total": 0.012520400108769536}}