{"part_id": "5-6-7-7-12-23", "timings_sec": {"read_step": 0.008725299965590239, "enumerate_faces": 3.560003824532032e-05, "build_adjacency": 0.0004642999265342951, "extract_features": 0.0013589998707175255, "map_labels": 0.00023390003480017185, "sanity_checks": 0.00014469982124865055, "total": 0.010962799657136202}}