{"part_id": "5-6-8-8-13-23", "timings_sec": {"read_step": 0.007326500024646521, "enumerate_faces": 3.109988756477833e-05, "build_adjacency": 0.0002560000866651535, "extract_features": 0.00106819998472929, "map_labels": 0.00021159998141229153, "sanity_checks": 0.00011519994586706161, "total": 0.009008599910885096}}