{"part_id": "5-6-10-11-13-23", "timings_sec": {"read_step": 0.005405399948358536, "enumerate_faces": 2.359994687139988e-05, "build_adjacency": 0.00018740002997219563, "extract_features": 0.0006838999688625336, "map_labels": 0.00017939996905624866, "sanity_checks": 9.089987725019455e-05, "total": 0.006570599740371108}}