{"part_id": "5-6-7-12-14-23", "timings_sec": {"read_step": 0.008611099794507027, "enumerate_faces": 3.0099879950284958e-05, "build_adjacency": 0.00029959995299577713, "extract_features": 0.001125300070270896, "map_labels": 0.00022109993733465672, "sanity_checks": 0.00014050002209842205, "total": 0.010427699657157063}}