{"part_id": "5-6-6-13-14-23", "timings_sec": {"read_step": 0.007921899901703, "enumerate_faces": 2.5799963623285294e-05, "build_adjacency": 0.0002585998736321926, "extract_features": 0.0009416001848876476, "map_labels": 0.00019159982912242413, "sanity_checks": 0.0001238000113517046, "total": 0.009463299764320254}}