{"part_id": "5-6-12-13-14-23", "timings_sec": {"read_step": 0.008353300159797072, "enumerate_faces": 2.7600210160017014e-05, "build_adjacency": 0.00028009992092847824, "extract_features": 0.001016699941828847, "map_labels": 0.00019519985653460026, "sanity_checks": 0.00012850016355514526, "total": 0.01000140025280416}}