{"part_id": "5-6-6-7-19", "timings_sec": {"read_step": 0.005989099852740765, "enumerate_faces": 3.0399998649954796e-05, "build_adjacency": 0.00020290003158152103, "extract_features": 0.0008330000564455986, "map_labels": 0.00021689990535378456, "sanity_checks": 9.440002031624317e-05, "total": 0.007366699865087867}}