{"part_id": "5-6-7-10-13-23", "timings_sec": {"read_step": 0.009180299937725067, "enumerate_faces": 3.0199997127056122e-05, "build_adjacency": 0.0002896999940276146, "extract_features": 0.0010616001673042774, "map_labels": 0.0004887999966740608, "sanity_checks": 0.00014370004646480083, "total": 0.011194300139322877}}