{"part_id": "5-6-7-7-10-23", "timings_sec": {"read_step": 0.009366000071167946, "enumerate_faces": 3.2300129532814026e-05, "build_adjacency": 0.0003084000200033188, "extract_features": 0.0011113998480141163, "map_labels": 0.00022209994494915009, "sanity_checks": 0.0001409999094903469, "total": 0.011181199923157692}}