{"part_id": "5-6-6-6-12-23", "timings_sec": {"read_step": 0.010151399997994304, "enumerate_faces": 3.220001235604286e-05, "build_adjacency": 0.0002342001534998417, "extract_features": 0.0008034000638872385, "map_labels": 0.00022080005146563053, "sanity_checks": 0.00010540010407567024, "total": 0.011547400383278728}}