{"part_id": "5-6-10-11-14-23", "timings_sec": {"read_step": 0.010344700189307332, "enumerate_faces": 3.150012344121933e-05, "build_adjacency": 0.0003550001420080662, "extract_features": 0.0012850998900830746, "map_labels": 0.00022449996322393417, "sanity_checks": 0.00016789999790489674, "total": 0.012408700305968523}}