{"part_id": "5-6-7-13-14-23", "timings_sec": {"read_step": 0.008365700021386147, "enumerate_faces": 3.0099879950284958e-05, "build_adjacency": 0.00039359997026622295, "extract_features": 0.0009951000101864338, "map_labels": 0.00021119997836649418, "sanity_checks": 0.00012570014223456383, "total": 0.010121400002390146}}