{"part_id": "5-6-6-11-11-23", "timings_sec": {"read_step": 0.005379999987781048, "enumerate_faces": 2.2900057956576347e-05, "build_adjacency": 0.00018440000712871552, "extract_features": 0.0006777001544833183, "map_labels": 0.0001876999158412218, "sanity_checks": 8.859997615218163e-05, "total": 0.0065413000993430614}}