{"part_id": "5-6-6-8-14-23", "timings_sec": {"read_step": 0.006471900036558509, "enumerate_faces": 2.5600194931030273e-05, "build_adjacency": 0.00022179982624948025, "extract_features": 0.0007918998599052429, "map_labels": 0.00020430004224181175, "sanity_checks": 0.00010770000517368317, "total": 0.007823199965059757}}