{"part_id": "5-6-12-12-13-23", "timings_sec": {"read_step": 0.010596000123769045, "enumerate_faces": 3.190012648701668e-05, "build_adjacency": 0.0003060998860746622, "extract_features": 0.001090700039640069, "map_labels": 0.00021219998598098755, "sanity_checks": 0.00014120014384388924, "total": 0.01237810030579567}}