{"part_id": "5-6-10-10-13-23", "timings_sec": {"read_step": 0.009486899944022298, "enumerate_faces": 2.8399983420968056e-05, "build_adjacency": 0.000300500076264143, "extract_features": 0.0011195000261068344, "map_labels": 0.00020790006965398788, "sanity_checks": 0.00014670006930828094, "total": 0.011289900168776512}}