{"part_id": "5-6-7-10-11-23", "timings_sec": {"read_step": 0.0105642001144588, "enumerate_faces": 3.0299881473183632e-05, "build_adjacency": 0.0003408000338822603, "extract_features": 0.0012848000042140484, "map_labels": 0.00021830014884471893, "sanity_checks": 0.00016860011965036392, "total": 0.012607000302523375}}