{"part_id": "5-6-9-10-10-23", "timings_sec": {"read_step": 0.010518600000068545, "enumerate_faces": 4.020007327198982e-05, "build_adjacency": 0.0005293998401612043, "extract_features": 0.0014834001194685698, "map_labels": 0.0002142000012099743, "sanity_checks": 0.00016140006482601166, "total": 0.012947200099006295}}