{"part_id": "5-6-6-7-12-23", "timings_sec": {"read_step": 0.008321699919179082, "enumerate_faces": 2.619996666908264e-05, "build_adjacency": 0.00029259989969432354, "extract_features": 0.001050200080499053, "map_labels": 0.00019230018369853497, "sanity_checks": 0.00013020006008446217, "total": 0.010013200109824538}}