{"part_id": "5-6-7-10-12-23", "timings_sec": {"read_step": 0.006384399952366948, "enumerate_faces": 3.109988756477833e-05, "build_adjacency": 0.0002123001031577587, "extract_features": 0.0007539000362157822, "map_labels": 0.00021920003928244114, "sanity_checks": 0.00010370020754635334, "total": 0.007704600226134062}}