{"part_id": "5-6-9-10-13-23", "timings_sec": {"read_step": 0.006134499795734882, "enumerate_faces": 2.619996666908264e-05, "build_adjacency": 0.0002079999540001154, "extract_features": 0.0007692999206483364, "map_labels": 0.00021680002100765705, "sanity_checks": 0.0001026000827550888, "total": 0.007457399740815163}}