{"part_id": "5-6-14-14-14-23", "timings_sec": {"read_step": 0.01247489987872541, "enumerate_faces": 2.9199989512562752e-05, "build_adjacency": 0.00044180010445415974, "extract_features": 0.001546200131997466, "map_labels": 0.00025349995121359825, "sanity_checks": 0.00020279991440474987, "total": 0.014948399970307946}}