{"part_id": "5-6-11-11-11-23", "timings_sec": {"read_step": 0.01607090001925826, "enumerate_faces": 3.6899931728839874e-05, "build_adjacency": 0.0004141000099480152, "extract_features": 0.0016676001250743866, "map_labels": 0.00022649997845292091, "sanity_checks": 0.00019409996457397938, "total": 0.018610100029036403}}