{"part_id": "5-6-7-9-11-23", "timings_sec": {"read_step": 0.010149299865588546, "enumerate_faces": 2.8999987989664078e-05, "build_adjacency": 0.00033169984817504883, "extract_features": 0.0012185999657958746, "map_labels": 0.00021580001339316368, "sanity_checks": 0.0001580999232828617, "total": 0.012102499604225159}}