{"part_id": "5-6-6-8-9-23", "timings_sec": {"read_step": 0.007038699928671122, "enumerate_faces": 2.7499860152602196e-05, "build_adjacency": 0.0003519000019878149, "extract_features": 0.0008634999394416809, "map_labels": 0.00020210002548992634, "sanity_checks": 0.00011710007674992085, "total": 0.008600799832493067}}