{"part_id": "5-6-11-11-13-23", "timings_sec": {"read_step": 0.01068529998883605, "enumerate_faces": 3.3400021493434906e-05, "build_adjacency": 0.00035930005833506584, "extract_features": 0.0014807998668402433, "map_labels": 0.00022709998302161694, "sanity_checks": 0.00017010001465678215, "total": 0.012955999933183193}}