{"part_id": "5-6-6-10-14-23", "timings_sec": {"read_step": 0.008558500092476606, "enumerate_faces": 3.050011582672596e-05, "build_adjacency": 0.0002986001782119274, "extract_features": 0.001050399849191308, "map_labels": 0.00021110009402036667, "sanity_checks": 0.0001384001225233078, "total": 0.010287500452250242}}