{"part_id": "5-6-9-11-12-23", "timings_sec": {"read_step": 0.010932199889793992, "enumerate_faces": 3.0899886041879654e-05, "build_adjacency": 0.00034509995020926, "extract_features": 0.0014122000429779291, "map_labels": 0.00021279999054968357, "sanity_checks": 0.0001683998852968216, "total": 0.013101599644869566}}