{"part_id": "5-6-14-19", "timings_sec": {"read_step": 0.005943199852481484, "enumerate_faces": 2.350006252527237e-05, "build_adjacency": 0.000201700022444129, "extract_features": 0.0008735998999327421, "map_labels": 0.0001862999051809311, "sanity_checks": 9.649991989135742e-05, "total": 0.007324799662455916}}