{"part_id": "5-6-6-7-11-23", "timings_sec": {"read_step": 0.009489000076428056, "enumerate_faces": 2.8299866244196892e-05, "build_adjacency": 0.00032049999572336674, "extract_features": 0.0012841001152992249, "map_labels": 0.00023999996483325958, "sanity_checks": 0.0001542998943477869, "total": 0.01151619991287589}}