{"part_id": "5-6-7-11-14-23", "timings_sec": {"read_step": 0.008628400042653084, "enumerate_faces": 2.619996666908264e-05, "build_adjacency": 0.00027750013396143913, "extract_features": 0.0010393999982625246, "map_labels": 0.00019489997066557407, "sanity_checks": 0.00013619987294077873, "total": 0.010302599985152483}}