{"part_id": "5-6-10-14-19", "timings_sec": {"read_step": 0.008135899901390076, "enumerate_faces": 3.219977952539921e-05, "build_adjacency": 0.00026459991931915283, "extract_features": 0.0009860999416559935, "map_labels": 0.00022280006669461727, "sanity_checks": 0.00012520002201199532, "total": 0.009766799630597234}}