{"part_id": "5-6-9-9-13-23", "timings_sec": {"read_step": 0.008226800011470914, "enumerate_faces": 2.5900080800056458e-05, "build_adjacency": 0.00027379998937249184, "extract_features": 0.001164700137451291, "map_labels": 0.00018730014562606812, "sanity_checks": 0.00014459993690252304, "total": 0.010023100301623344}}