{"part_id": "5-6-10-12-13-23", "timings_sec": {"read_step": 0.00880120019428432, "enumerate_faces": 2.619996666908264e-05, "build_adjacency": 0.0004463999066501856, "extract_features": 0.0016171999741345644, "map_labels": 0.00023449980653822422, "sanity_checks": 0.00023079989477992058, "total": 0.011356299743056297}}