{"part_id": "5-6-6-8-11-23", "timings_sec": {"read_step": 0.008335100021213293, "enumerate_faces": 3.20998951792717e-05, "build_adjacency": 0.00027760001830756664, "extract_features": 0.0010981999803334475, "map_labels": 0.0002210000529885292, "sanity_checks": 0.0001317998394370079, "total": 0.010095799807459116}}