{"part_id": "5-6-9-9-10-23", "timings_sec": {"read_step": 0.009503000183030963, "enumerate_faces": 3.200001083314419e-05, "build_adjacency": 0.0003060998860746622, "extract_features": 0.0013005000073462725, "map_labels": 0.0002142998855561018, "sanity_checks": 0.00015139998868107796, "total": 0.011507299961522222}}