{"part_id": "5-6-12-12-19", "timings_sec": {"read_step": 0.008229699917137623, "enumerate_faces": 3.150012344121933e-05, "build_adjacency": 0.00027740001678466797, "extract_features": 0.00099870003759861, "map_labels": 0.00022459984757006168, "sanity_checks": 0.0001246000174432993, "total": 0.009886499959975481}}