{"part_id": "5-6-12-13-19", "timings_sec": {"read_step": 0.007522800005972385, "enumerate_faces": 3.160000778734684e-05, "build_adjacency": 0.00034980010241270065, "extract_features": 0.0009125999640673399, "map_labels": 0.00021709990687668324, "sanity_checks": 0.00011619995348155499, "total": 0.009150099940598011}}