{"part_id": "5-6-10-10-12-23", "timings_sec": {"read_step": 0.009812199976295233, "enumerate_faces": 2.850010059773922e-05, "build_adjacency": 0.00032839993946254253, "extract_features": 0.0013199001550674438, "map_labels": 0.00020199990831315517, "sanity_checks": 0.00015449989587068558, "total": 0.011845499975606799}}