{"part_id": "5-6-6-12-14-23", "timings_sec": {"read_step": 0.008198299910873175, "enumerate_faces": 3.300001844763756e-05, "build_adjacency": 0.00044199987314641476, "extract_features": 0.0010494999587535858, "map_labels": 0.0002001998946070671, "sanity_checks": 0.0001309998333454132, "total": 0.010053999489173293}}