{"part_id": "5-6-6-7-9-23", "timings_sec": {"read_step": 0.011169000063091516, "enumerate_faces": 3.869994543492794e-05, "build_adjacency": 0.0004189999308437109, "extract_features": 0.001720100175589323, "map_labels": 0.00026839994825422764, "sanity_checks": 0.0001992001198232174, "total": 0.013814400183036923}}