{"part_id": "5-6-10-12-19", "timings_sec": {"read_step": 0.01277320017106831, "enumerate_faces": 2.9900111258029938e-05, "build_adjacency": 0.0004116999916732311, "extract_features": 0.0014594001695513725, "map_labels": 0.00023140013217926025, "sanity_checks": 0.00020869984291493893, "total": 0.015114300418645144}}