{"part_id": "5-6-7-11-12-23", "timings_sec": {"read_step": 0.006578899919986725, "enumerate_faces": 3.390014171600342e-05, "build_adjacency": 0.0003043001051992178, "extract_features": 0.0008980000857263803, "map_labels": 0.0002142998855561018, "sanity_checks": 0.0001066999975591898, "total": 0.008136100135743618}}