{"part_id": "5-6-8-11-11-23", "timings_sec": {"read_step": 0.010529000079259276, "enumerate_faces": 3.109988756477833e-05, "build_adjacency": 0.00036789989098906517, "extract_features": 0.00135310017503798, "map_labels": 0.0002234000712633133, "sanity_checks": 0.00017090002074837685, "total": 0.01267540012486279}}