{"part_id": "5-6-6-7-8-23", "timings_sec": {"read_step": 0.011508599855005741, "enumerate_faces": 3.769993782043457e-05, "build_adjacency": 0.00040050013922154903, "extract_features": 0.001216299831867218, "map_labels": 0.00027299998328089714, "sanity_checks": 0.00018960004672408104, "total": 0.013625699793919921}}