{"part_id": "5-6-6-13-13-23", "timings_sec": {"read_step": 0.007136699976399541, "enumerate_faces": 2.41999514400959e-05, "build_adjacency": 0.00024199998006224632, "extract_features": 0.0008660999592393637, "map_labels": 0.00043049990199506283, "sanity_checks": 0.00011349981650710106, "total": 0.00881299958564341}}