{"part_id": "5-6-9-11-11-23", "timings_sec": {"read_step": 0.011994000058621168, "enumerate_faces": 3.290013410151005e-05, "build_adjacency": 0.000372899929061532, "extract_features": 0.0013801001477986574, "map_labels": 0.00026549980975687504, "sanity_checks": 0.00018739979714155197, "total": 0.014232799876481295}}