{"part_id": "5-6-10-13-13-23", "timings_sec": {"read_step": 0.012418000027537346, "enumerate_faces": 3.600004129111767e-05, "build_adjacency": 0.00028680008836090565, "extract_features": 0.0010442999191582203, "map_labels": 0.00023159990087151527, "sanity_checks": 0.0001338999718427658, "total": 0.01415059994906187}}