{"part_id": "5-6-7-14-14-23", "timings_sec": {"read_step": 0.008519400143995881, "enumerate_faces": 3.1299889087677e-05, "build_adjacency": 0.00028769997879862785, "extract_features": 0.001050200080499053, "map_labels": 0.0002454000059515238, "sanity_checks": 0.00016189995221793652, "total": 0.0102959000505507}}