{"part_id": "5-6-6-9-14-23", "timings_sec": {"read_step": 0.006938199978321791, "enumerate_faces": 2.7999980375170708e-05, "build_adjacency": 0.0002560000866651535, "extract_features": 0.0008841999806463718, "map_labels": 0.00020359992049634457, "sanity_checks": 0.00016409996896982193, "total": 0.008474099915474653}}