{"part_id": "5-6-12-13-13-23", "timings_sec": {"read_step": 0.007865700172260404, "enumerate_faces": 2.4700071662664413e-05, "build_adjacency": 0.0002717000897973776, "extract_features": 0.0009749000892043114, "map_labels": 0.00019120005890727043, "sanity_checks": 0.00012129987590014935, "total": 0.009449500357732177}}