{"part_id": "5-6-9-9-14-23", "timings_sec": {"read_step": 0.00877290009520948, "enumerate_faces": 3.260001540184021e-05, "build_adjacency": 0.0004292000085115433, "extract_features": 0.0010997999925166368, "map_labels": 0.00021700002253055573, "sanity_checks": 0.00014189979992806911, "total": 0.010693399934098125}}