{"part_id": "5-6-8-13-14-23", "timings_sec": {"read_step": 0.005366700002923608, "enumerate_faces": 2.2799940779805183e-05, "build_adjacency": 0.00018539978191256523, "extract_features": 0.000947900116443634, "map_labels": 0.00021309987641870975, "sanity_checks": 0.00014299992471933365, "total": 0.006878899643197656}}