{"part_id": "5-6-11-11-12-23", "timings_sec": {"read_step": 0.011438700137659907, "enumerate_faces": 3.1400006264448166e-05, "build_adjacency": 0.0004042000509798527, "extract_features": 0.0014180999714881182, "map_labels": 0.000224800081923604, "sanity_checks": 0.00018069986253976822, "total": 0.013697900110855699}}