{"part_id": "5-6-7-8-11-23", "timings_sec": {"read_step": 0.009044199949130416, "enumerate_faces": 1.9900035113096237e-05, "build_adjacency": 0.00038129999302327633, "extract_features": 0.0012920999433845282, "map_labels": 0.00019560009241104126, "sanity_checks": 0.00014519994147121906, "total": 0.011078299954533577}}