{"part_id": "5-6-7-10-19", "timings_sec": {"read_step": 0.008635299978777766, "enumerate_faces": 3.2800016924738884e-05, "build_adjacency": 0.000269399955868721, "extract_features": 0.0009781999979168177, "map_labels": 0.00021449988707900047, "sanity_checks": 0.00012780004180967808, "total": 0.010257999878376722}}