{"part_id": "5-6-13-13-14-23", "timings_sec": {"read_step": 0.006279099965468049, "enumerate_faces": 2.6300083845853806e-05, "build_adjacency": 0.00021239998750388622, "extract_features": 0.0007794001139700413, "map_labels": 0.00020899996161460876, "sanity_checks": 0.00016469997353851795, "total": 0.007670900085940957}}