{"part_id": "5-7-9-13-13-23", "timings_sec": {"read_step": 0.008132199989631772, "enumerate_faces": 2.950010821223259e-05, "build_adjacency": 0.00039790011942386627, "extract_features": 0.001000699819996953, "map_labels": 0.0002093999646604061, "sanity_checks": 0.00012829992920160294, "total": 0.009897999931126833}}