{"part_id": "5-7-9-12-13-23", "timings_sec": {"read_step": 0.008966399822384119, "enumerate_faces": 3.1700124964118004e-05, "build_adjacency": 0.0003021000884473324, "extract_features": 0.0010905000381171703, "map_labels": 0.00021620001643896103, "sanity_checks": 0.00014260015450417995, "total": 0.01074950024485588}}