{"part_id": "5-7-7-7-10-23", "timings_sec": {"read_step": 0.006764199817553163, "enumerate_faces": 3.1700124964118004e-05, "build_adjacency": 0.0002702998463064432, "extract_features": 0.000812700018286705, "map_labels": 0.00022280006669461727, "sanity_checks": 0.00011170003563165665, "total": 0.008213399909436703}}