{"part_id": "5-7-8-10-13-23", "timings_sec": {"read_step": 0.009501599939540029, "enumerate_faces": 3.200001083314419e-05, "build_adjacency": 0.00042169983498752117, "extract_features": 0.0010607000440359116, "map_labels": 0.0002150998916476965, "sanity_checks": 0.0001362999901175499, "total": 0.011367399711161852}}