{"part_id": "5-7-10-10-19", "timings_sec": {"read_step": 0.008923499844968319, "enumerate_faces": 3.400002606213093e-05, "build_adjacency": 0.0003488999791443348, "extract_features": 0.0011656999122351408, "map_labels": 0.0002234999556094408, "sanity_checks": 0.0001409000251442194, "total": 0.010836499743163586}}