{"part_id": "5-7-7-12-13-23", "timings_sec": {"read_step": 0.00905549991875887, "enumerate_faces": 3.300001844763756e-05, "build_adjacency": 0.0003027999773621559, "extract_features": 0.0011746999807655811, "map_labels": 0.00023330003023147583, "sanity_checks": 0.00017080013640224934, "total": 0.010970100061967969}}