{"part_id": "5-7-11-11-13-23", "timings_sec": {"read_step": 0.009351700078696012, "enumerate_faces": 3.4400029107928276e-05, "build_adjacency": 0.00033309985883533955, "extract_features": 0.0010675000958144665, "map_labels": 0.00022019981406629086, "sanity_checks": 0.00013620010577142239, "total": 0.01114309998229146}}