{"part_id": "5-7-10-11-19", "timings_sec": {"read_step": 0.009473699843510985, "enumerate_faces": 2.9300106689333916e-05, "build_adjacency": 0.0003160999622195959, "extract_features": 0.0012880999129265547, "map_labels": 0.00021149986423552036, "sanity_checks": 0.0001533001195639372, "total": 0.011471999809145927}}