{"part_id": "5-7-8-13-13-23", "timings_sec": {"read_step": 0.007494900142773986, "enumerate_faces": 2.9900111258029938e-05, "build_adjacency": 0.0002739999908953905, "extract_features": 0.0010251000057905912, "map_labels": 0.00020819995552301407, "sanity_checks": 0.00013040006160736084, "total": 0.009162500267848372}}