{"part_id": "5-7-12-12-14-23", "timings_sec": {"read_step": 0.009435799904167652, "enumerate_faces": 3.360002301633358e-05, "build_adjacency": 0.00032979995012283325, "extract_features": 0.0012222998775541782, "map_labels": 0.0002807998098433018, "sanity_checks": 0.00015460001304745674, "total": 0.011456899577751756}}