{"part_id": "5-7-10-10-12-23", "timings_sec": {"read_step": 0.010247800033539534, "enumerate_faces": 3.1800009310245514e-05, "build_adjacency": 0.0004284000024199486, "extract_features": 0.0012948999647051096, "map_labels": 0.00020779995247721672, "sanity_checks": 0.00016259984113276005, "total": 0.012373299803584814}}