{"part_id": "5-7-8-12-14-23", "timings_sec": {"read_step": 0.014566699974238873, "enumerate_faces": 4.5999884605407715e-05, "build_adjacency": 0.0005294999573379755, "extract_features": 0.002124000107869506, "map_labels": 0.00026970007456839085, "sanity_checks": 0.00024390011094510555, "total": 0.017779800109565258}}