{"part_id": "5-7-10-13-19", "timings_sec": {"read_step": 0.008698299992829561, "enumerate_faces": 3.5599805414676666e-05, "build_adjacency": 0.0004944999236613512, "extract_features": 0.001435199985280633, "map_labels": 0.0002460000105202198, "sanity_checks": 0.00015450012870132923, "total": 0.011064099846407771}}