{"part_id": "5-7-8-8-13-23", "timings_sec": {"read_step": 0.0068465000949800014, "enumerate_faces": 2.659996971487999e-05, "build_adjacency": 0.00022929999977350235, "extract_features": 0.0008399998769164085, "map_labels": 0.0001892999280244112, "sanity_checks": 0.0001088001299649477, "total": 0.008240499999374151}}