{"part_id": "5-7-12-13-13-23", "timings_sec": {"read_step": 0.0075164001900702715, "enumerate_faces": 2.610008232295513e-05, "build_adjacency": 0.0002557998523116112, "extract_features": 0.0009347000159323215, "map_labels": 0.0001916999462991953, "sanity_checks": 0.00012529990635812283, "total": 0.009049999993294477}}