{"part_id": "5-7-8-8-11-23", "timings_sec": {"read_step": 0.009878300130367279, "enumerate_faces": 3.869994543492794e-05, "build_adjacency": 0.00033579999580979347, "extract_features": 0.001262300182133913, "map_labels": 0.00023090001195669174, "sanity_checks": 0.00014570006169378757, "total": 0.011891700327396393}}