{"part_id": "5-7-7-7-11-23", "timings_sec": {"read_step": 0.009915299946442246, "enumerate_faces": 2.5999965146183968e-05, "build_adjacency": 0.00036770012229681015, "extract_features": 0.0015054000541567802, "map_labels": 0.00025560008361935616, "sanity_checks": 0.00016329996287822723, "total": 0.012233300134539604}}