{"part_id": "5-7-8-10-19", "timings_sec": {"read_step": 0.007425399962812662, "enumerate_faces": 2.41999514400959e-05, "build_adjacency": 0.00025999988429248333, "extract_features": 0.0009228999260812998, "map_labels": 0.0001905001699924469, "sanity_checks": 0.000130099942907691, "total": 0.008953099837526679}}