{"part_id": "5-7-7-13-19", "timings_sec": {"read_step": 0.008987199980765581, "enumerate_faces": 3.729993477463722e-05, "build_adjacency": 0.00028200005181133747, "extract_features": 0.0011660999152809381, "map_labels": 0.00025260006077587605, "sanity_checks": 0.00012029986828565598, "total": 0.010845499811694026}}