{"part_id": "5-7-7-10-13-23", "timings_sec": {"read_step": 0.009731399826705456, "enumerate_faces": 3.400002606213093e-05, "build_adjacency": 0.0003122999332845211, "extract_features": 0.0011898998636752367, "map_labels": 0.00023010000586509705, "sanity_checks": 0.00014560017734766006, "total": 0.011643299832940102}}