{"part_id": "5-7-8-8-12-23", "timings_sec": {"read_step": 0.007721399888396263, "enumerate_faces": 2.529984340071678e-05, "build_adjacency": 0.0002522999420762062, "extract_features": 0.0010760999284684658, "map_labels": 0.000197199871763587, "sanity_checks": 0.00018420000560581684, "total": 0.009456499479711056}}