{"part_id": "5-7-7-8-8-23", "timings_sec": {"read_step": 0.007114000152796507, "enumerate_faces": 3.050011582672596e-05, "build_adjacency": 0.00036070006899535656, "extract_features": 0.0009063000325113535, "map_labels": 0.00020290003158152103, "sanity_checks": 0.00011419993825256824, "total": 0.008728600339964032}}