{"part_id": "5-7-7-13-14-23", "timings_sec": {"read_step": 0.008316799998283386, "enumerate_faces": 3.1800009310245514e-05, "build_adjacency": 0.00028980011120438576, "extract_features": 0.0010669000912457705, "map_labels": 0.00024090008810162544, "sanity_checks": 0.0001354999840259552, "total": 0.010081700282171369}}