{"part_id": "5-7-7-10-11-23", "timings_sec": {"read_step": 0.008021099958568811, "enumerate_faces": 3.679981455206871e-05, "build_adjacency": 0.000475799897685647, "extract_features": 0.0016681000124663115, "map_labels": 0.00028849998489022255, "sanity_checks": 0.00024039996787905693, "total": 0.010730699636042118}}