{"part_id": "5-7-9-10-12-23", "timings_sec": {"read_step": 0.00993689987808466, "enumerate_faces": 3.660004585981369e-05, "build_adjacency": 0.00032650004141032696, "extract_features": 0.0012159999459981918, "map_labels": 0.00022060004994273186, "sanity_checks": 0.00015980005264282227, "total": 0.011896400013938546}}