{"part_id": "5-7-9-14-19", "timings_sec": {"read_step": 0.011662200093269348, "enumerate_faces": 2.7300091460347176e-05, "build_adjacency": 0.0002655999269336462, "extract_features": 0.0011341001372784376, "map_labels": 0.00025120005011558533, "sanity_checks": 0.00013429997488856316, "total": 0.013474700273945928}}