{"part_id": "5-7-8-10-10-23", "timings_sec": {"read_step": 0.009208000032231212, "enumerate_faces": 2.650008536875248e-05, "build_adjacency": 0.00030470010824501514, "extract_features": 0.0011501000262796879, "map_labels": 0.00019040005281567574, "sanity_checks": 0.0001479999627918005, "total": 0.011027700267732143}}