{"part_id": "5-7-8-10-11-23", "timings_sec": {"read_step": 0.010594400111585855, "enumerate_faces": 3.0499882996082306e-05, "build_adjacency": 0.0003418999258428812, "extract_features": 0.0012668000999838114, "map_labels": 0.00021210010163486004, "sanity_checks": 0.0001634999644011259, "total": 0.012609200086444616}}