{"part_id": "5-7-9-12-12-23", "timings_sec": {"read_step": 0.011503900168463588, "enumerate_faces": 3.6899931728839874e-05, "build_adjacency": 0.00034060003235936165, "extract_features": 0.0012284000404179096, "map_labels": 0.00022959988564252853, "sanity_checks": 0.0001558999065309763, "total": 0.013495299965143204}}