{"part_id": "5-7-8-11-12-23", "timings_sec": {"read_step": 0.010193800088018179, "enumerate_faces": 3.0700117349624634e-05, "build_adjacency": 0.0003472000826150179, "extract_features": 0.0014033999759703875, "map_labels": 0.0002164999023079872, "sanity_checks": 0.00016069994308054447, "total": 0.01235230010934174}}