{"part_id": "5-7-10-14-14-23", "timings_sec": {"read_step": 0.009737200103700161, "enumerate_faces": 2.6799971237778664e-05, "build_adjacency": 0.0004477999173104763, "extract_features": 0.001150700030848384, "map_labels": 0.00020240014418959618, "sanity_checks": 0.00016300007700920105, "total": 0.011727900244295597}}