{"part_id": "5-7-7-12-12-23", "timings_sec": {"read_step": 0.009761600056663156, "enumerate_faces": 3.0100112780928612e-05, "build_adjacency": 0.0003692999016493559, "extract_features": 0.0011803999077528715, "map_labels": 0.00021289987489581108, "sanity_checks": 0.00014569982886314392, "total": 0.011699999682605267}}