{"part_id": "5-7-9-9-19", "timings_sec": {"read_step": 0.007842000108212233, "enumerate_faces": 2.719997428357601e-05, "build_adjacency": 0.0002545001916587353, "extract_features": 0.0009690998122096062, "map_labels": 0.0002022001426666975, "sanity_checks": 0.00012770015746355057, "total": 0.009422700386494398}}