{"part_id": "5-7-10-11-11-23", "timings_sec": {"read_step": 0.011905199848115444, "enumerate_faces": 3.279978409409523e-05, "build_adjacency": 0.0004420999903231859, "extract_features": 0.0016048999968916178, "map_labels": 0.00021370011381804943, "sanity_checks": 0.00018660002388060093, "total": 0.014385299757122993}}