{"part_id": "5-7-11-12-13-23", "timings_sec": {"read_step": 0.009082400007173419, "enumerate_faces": 2.5700079277157784e-05, "build_adjacency": 0.0003092000260949135, "extract_features": 0.0011235999409109354, "map_labels": 0.0002079999540001154, "sanity_checks": 0.00014610006473958492, "total": 0.010895000072196126}}