{"part_id": "5-7-10-13-13-23", "timings_sec": {"read_step": 0.00908850017003715, "enumerate_faces": 3.279978409409523e-05, "build_adjacency": 0.00029009999707341194, "extract_features": 0.0010552001185715199, "map_labels": 0.0002321999054402113, "sanity_checks": 0.00013649999164044857, "total": 0.010835299966856837}}