{"part_id": "5-7-8-14-14-23", "timings_sec": {"read_step": 0.008316900115460157, "enumerate_faces": 2.7799978852272034e-05, "build_adjacency": 0.0004021998029202223, "extract_features": 0.0011168001219630241, "map_labels": 0.00021910015493631363, "sanity_checks": 0.00013340008445084095, "total": 0.01021620025858283}}