{"part_id": "5-7-9-9-9-23", "timings_sec": {"read_step": 0.009019499877467752, "enumerate_faces": 3.0300114303827286e-05, "build_adjacency": 0.00030710012651979923, "extract_features": 0.0011572001967579126, "map_labels": 0.0002351999282836914, "sanity_checks": 0.00015449989587068558, "total": 0.010903800139203668}}