{"part_id": "5-7-8-9-12-23", "timings_sec": {"read_step": 0.009385799989104271, "enumerate_faces": 3.360002301633358e-05, "build_adjacency": 0.00029959995299577713, "extract_features": 0.0011010998860001564, "map_labels": 0.0002413999754935503, "sanity_checks": 0.00014490005560219288, "total": 0.011206399882212281}}