{"part_id": "5-7-10-12-19", "timings_sec": {"read_step": 0.009301499929279089, "enumerate_faces": 2.759997732937336e-05, "build_adjacency": 0.000286600086838007, "extract_features": 0.0011244998313486576, "map_labels": 0.00019999989308416843, "sanity_checks": 0.00013539986684918404, "total": 0.01107559958472848}}