{"part_id": "5-7-7-8-13-23", "timings_sec": {"read_step": 0.007205799920484424, "enumerate_faces": 3.0399998649954796e-05, "build_adjacency": 0.0002452000044286251, "extract_features": 0.0008964999578893185, "map_labels": 0.00020239991135895252, "sanity_checks": 0.00012340000830590725, "total": 0.008703699801117182}}