{"part_id": "5-7-11-11-12-23", "timings_sec": {"read_step": 0.011591600021347404, "enumerate_faces": 3.109988756477833e-05, "build_adjacency": 0.000520800007507205, "extract_features": 0.0014640998560935259, "map_labels": 0.00022140005603432655, "sanity_checks": 0.00018610013648867607, "total": 0.014015099965035915}}