{"part_id": "5-7-7-8-11-23", "timings_sec": {"read_step": 0.011624700156971812, "enumerate_faces": 3.879982978105545e-05, "build_adjacency": 0.0005032001063227654, "extract_features": 0.0017961999401450157, "map_labels": 0.0002601000014692545, "sanity_checks": 0.000242199981585145, "total": 0.014465200016275048}}