{"part_id": "5-7-8-11-13-23", "timings_sec": {"read_step": 0.005557299824431539, "enumerate_faces": 3.350013867020607e-05, "build_adjacency": 0.0001860000193119049, "extract_features": 0.0006701000966131687, "map_labels": 0.00022249994799494743, "sanity_checks": 8.909986354410648e-05, "total": 0.006758499890565872}}