{"part_id": "5-7-7-9-14-23", "timings_sec": {"read_step": 0.007851000176742673, "enumerate_faces": 2.7799978852272034e-05, "build_adjacency": 0.00026030000299215317, "extract_features": 0.0009657999034970999, "map_labels": 0.00023010000586509705, "sanity_checks": 0.00013560010120272636, "total": 0.009470600169152021}}