{"part_id": "5-7-8-11-19", "timings_sec": {"read_step": 0.008574999868869781, "enumerate_faces": 3.060000017285347e-05, "build_adjacency": 0.00028929999098181725, "extract_features": 0.0010778999421745539, "map_labels": 0.00019940012134611607, "sanity_checks": 0.00013360008597373962, "total": 0.010305800009518862}}