{"part_id": "5-7-13-14-19", "timings_sec": {"read_step": 0.004694799892604351, "enumerate_faces": 2.469983883202076e-05, "build_adjacency": 0.0001650000922381878, "extract_features": 0.0006095001008361578, "map_labels": 0.00022660009562969208, "sanity_checks": 0.00011290004476904869, "total": 0.005833500064909458}}