{"part_id": "5-7-9-9-11-23", "timings_sec": {"read_step": 0.010721599915996194, "enumerate_faces": 3.3300137147307396e-05, "build_adjacency": 0.00034169992431998253, "extract_features": 0.0012737000361084938, "map_labels": 0.0002158998977392912, "sanity_checks": 0.00016700010746717453, "total": 0.012753200018778443}}