{"part_id": "5-7-11-13-19", "timings_sec": {"read_step": 0.00875800009816885, "enumerate_faces": 2.619996666908264e-05, "build_adjacency": 0.00028559984639286995, "extract_features": 0.0013747001066803932, "map_labels": 0.00023949984461069107, "sanity_checks": 0.00013880012556910515, "total": 0.010822799988090992}}