{"part_id": "5-7-8-9-9-23", "timings_sec": {"read_step": 0.00830020010471344, "enumerate_faces": 2.6799971237778664e-05, "build_adjacency": 0.00028419983573257923, "extract_features": 0.0015596000012010336, "map_labels": 0.00027309986762702465, "sanity_checks": 0.0001479999627918005, "total": 0.010591899743303657}}