{"part_id": "5-7-9-10-11-23", "timings_sec": {"read_step": 0.011022400110960007, "enumerate_faces": 3.060000017285347e-05, "build_adjacency": 0.00035820016637444496, "extract_features": 0.0013407999649643898, "map_labels": 0.00021610013209283352, "sanity_checks": 0.00017479993402957916, "total": 0.013142900308594108}}