{"part_id": "5-7-9-9-10-23", "timings_sec": {"read_step": 0.014015699969604611, "enumerate_faces": 3.5800039768218994e-05, "build_adjacency": 0.00047850003466010094, "extract_features": 0.0017746000085026026, "map_labels": 0.00025180005468428135, "sanity_checks": 0.0002484999131411314, "total": 0.016804900020360947}}