{"part_id": "5-7-7-9-11-23", "timings_sec": {"read_step": 0.007692400133237243, "enumerate_faces": 2.9299873858690262e-05, "build_adjacency": 0.0002601000014692545, "extract_features": 0.0009710998274385929, "map_labels": 0.00020290003158152103, "sanity_checks": 0.00012620002962648869, "total": 0.00928199989721179}}