{"part_id": "5-7-7-7-12-23", "timings_sec": {"read_step": 0.009109799982979894, "enumerate_faces": 2.7099857106804848e-05, "build_adjacency": 0.00030649988912045956, "extract_features": 0.0011104000732302666, "map_labels": 0.00019029993563890457, "sanity_checks": 0.000138899777084589, "total": 0.010882999515160918}}