{"part_id": "5-7-14-14-14-23", "timings_sec": {"read_step": 0.008148299995809793, "enumerate_faces": 3.700004890561104e-05, "build_adjacency": 0.00029390002600848675, "extract_features": 0.0009578000754117966, "map_labels": 0.00022279983386397362, "sanity_checks": 0.00012150011025369167, "total": 0.009781300090253353}}