{"part_id": "5-7-7-10-14-23", "timings_sec": {"read_step": 0.008540400071069598, "enumerate_faces": 2.9999995604157448e-05, "build_adjacency": 0.0002804000396281481, "extract_features": 0.0011454001069068909, "map_labels": 0.0002155001275241375, "sanity_checks": 0.00014260015450417995, "total": 0.010354300495237112}}