{"part_id": "5-7-7-7-14-23", "timings_sec": {"read_step": 0.007621600059792399, "enumerate_faces": 3.0700117349624634e-05, "build_adjacency": 0.00025829998776316643, "extract_features": 0.0009446998592466116, "map_labels": 0.0002180999144911766, "sanity_checks": 0.0001246000174432993, "total": 0.009197999956086278}}