{"part_id": "5-7-10-10-11-23", "timings_sec": {"read_step": 0.0111563999671489, "enumerate_faces": 3.160000778734684e-05, "build_adjacency": 0.0003703001420944929, "extract_features": 0.0013794999103993177, "map_labels": 0.00021169986575841904, "sanity_checks": 0.00018199998885393143, "total": 0.013331499882042408}}