{"part_id": "5-7-11-13-14-23", "timings_sec": {"read_step": 0.009455899940803647, "enumerate_faces": 3.2499898225069046e-05, "build_adjacency": 0.00032180012203752995, "extract_features": 0.0011142999865114689, "map_labels": 0.00023990008048713207, "sanity_checks": 0.00019010016694664955, "total": 0.011354500195011497}}