{"part_id": "5-7-7-10-10-23", "timings_sec": {"read_step": 0.007924800040200353, "enumerate_faces": 2.5399960577487946e-05, "build_adjacency": 0.00027100020088255405, "extract_features": 0.0010053000878542662, "map_labels": 0.00020829983986914158, "sanity_checks": 0.00012930016964673996, "total": 0.009564100299030542}}