{"part_id": "5-7-8-8-8-23", "timings_sec": {"read_step": 0.007016699993982911, "enumerate_faces": 2.8099864721298218e-05, "build_adjacency": 0.00023850006982684135, "extract_features": 0.0008373002056032419, "map_labels": 0.00021070009097456932, "sanity_checks": 0.00010939990170300007, "total": 0.008440700126811862}}