{"part_id": "5-7-8-8-14-23", "timings_sec": {"read_step": 0.006071999901905656, "enumerate_faces": 3.200001083314419e-05, "build_adjacency": 0.0002118998672813177, "extract_features": 0.0009457999840378761, "map_labels": 0.0002367999404668808, "sanity_checks": 0.00010280008427798748, "total": 0.007601299788802862}}