{"part_id": "5-7-12-12-13-23", "timings_sec": {"read_step": 0.009554600110277534, "enumerate_faces": 3.519980236887932e-05, "build_adjacency": 0.0003174000885337591, "extract_features": 0.0011620000004768372, "map_labels": 0.00022990000434219837, "sanity_checks": 0.0001447000540792942, "total": 0.011443800060078502}}