{"part_id": "5-7-9-11-13-23", "timings_sec": {"read_step": 0.011320499936118722, "enumerate_faces": 3.220001235604286e-05, "build_adjacency": 0.0003333000931888819, "extract_features": 0.0012175999581813812, "map_labels": 0.00020650005899369717, "sanity_checks": 0.00015600002370774746, "total": 0.013266100082546473}}