{"part_id": "5-7-9-9-12-23", "timings_sec": {"read_step": 0.009343799902126193, "enumerate_faces": 3.2800016924738884e-05, "build_adjacency": 0.0003195998724550009, "extract_features": 0.0013193001504987478, "map_labels": 0.0002272999845445156, "sanity_checks": 0.00015249988064169884, "total": 0.011395299807190895}}