{"part_id": "5-7-8-12-13-23", "timings_sec": {"read_step": 0.012307999888435006, "enumerate_faces": 3.3400021493434906e-05, "build_adjacency": 0.0004296000115573406, "extract_features": 0.0015287999995052814, "map_labels": 0.00023539992980659008, "sanity_checks": 0.00019900011830031872, "total": 0.014734199969097972}}