{"part_id": "5-8-9-14-14-23", "timings_sec": {"read_step": 0.013523299945518374, "enumerate_faces": 3.369990736246109e-05, "build_adjacency": 0.0002975000534206629, "extract_features": 0.001082099974155426, "map_labels": 0.0002210000529885292, "sanity_checks": 0.00014040013775229454, "total": 0.015298000071197748}}