{"part_id": "5-8-9-11-12-23", "timings_sec": {"read_step": 0.012266800040379167, "enumerate_faces": 3.320001997053623e-05, "build_adjacency": 0.00035019987262785435, "extract_features": 0.0015631001442670822, "map_labels": 0.00023619993589818478, "sanity_checks": 0.00017020013183355331, "total": 0.014619700144976377}}