{"part_id": "5-8-9-11-19", "timings_sec": {"read_step": 0.00867429981008172, "enumerate_faces": 3.2400013878941536e-05, "build_adjacency": 0.00042459997348487377, "extract_features": 0.0010800999589264393, "map_labels": 0.00020980020053684711, "sanity_checks": 0.00013949978165328503, "total": 0.010560699738562107}}