{"part_id": "5-8-8-8-8-23", "timings_sec": {"read_step": 0.009205800015479326, "enumerate_faces": 4.260009154677391e-05, "build_adjacency": 0.00030710012651979923, "extract_features": 0.0008183999452739954, "map_labels": 0.00028000003658235073, "sanity_checks": 0.00019740010611712933, "total": 0.010851300321519375}}