{"part_id": "5-8-9-11-11-23", "timings_sec": {"read_step": 0.011141799855977297, "enumerate_faces": 3.779982216656208e-05, "build_adjacency": 0.00038049998693168163, "extract_features": 0.0016147999558597803, "map_labels": 0.0002506000455468893, "sanity_checks": 0.0002590001095086336, "total": 0.013684499775990844}}