{"part_id": "5-8-10-10-11-23", "timings_sec": {"read_step": 0.010704500135034323, "enumerate_faces": 3.4800032153725624e-05, "build_adjacency": 0.00036010006442666054, "extract_features": 0.0015356000512838364, "map_labels": 0.0002566000912338495, "sanity_checks": 0.00018030009232461452, "total": 0.01307190046645701}}