{"part_id": "5-8-11-11-12-23", "timings_sec": {"read_step": 0.012069700052961707, "enumerate_faces": 3.369990736246109e-05, "build_adjacency": 0.0003954002168029547, "extract_features": 0.0015352999325841665, "map_labels": 0.00022680009715259075, "sanity_checks": 0.0001868000254034996, "total": 0.01444770023226738}}