{"part_id": "5-8-8-13-14-23", "timings_sec": {"read_step": 0.010302799986675382, "enumerate_faces": 3.679981455206871e-05, "build_adjacency": 0.00027549988590180874, "extract_features": 0.0009639000054448843, "map_labels": 0.00022409996017813683, "sanity_checks": 0.00012269988656044006, "total": 0.01192579953931272}}