{"part_id": "5-8-9-9-14-23", "timings_sec": {"read_step": 0.009912700159475207, "enumerate_faces": 3.4599797800183296e-05, "build_adjacency": 0.00029850006103515625, "extract_features": 0.001232299953699112, "map_labels": 0.00021929992362856865, "sanity_checks": 0.0001433000434190035, "total": 0.011840699939057231}}