{"part_id": "5-8-8-8-12-23", "timings_sec": {"read_step": 0.00905100000090897, "enumerate_faces": 3.6400044336915016e-05, "build_adjacency": 0.00028309994377195835, "extract_features": 0.0010378998704254627, "map_labels": 0.0002267998643219471, "sanity_checks": 0.0001284000463783741, "total": 0.010763599770143628}}