{"part_id": "5-8-10-13-13-23", "timings_sec": {"read_step": 0.00799009995535016, "enumerate_faces": 2.9700109735131264e-05, "build_adjacency": 0.0002522999420762062, "extract_features": 0.0011378999333828688, "map_labels": 0.00020330003462731838, "sanity_checks": 0.0001254999078810215, "total": 0.009738799883052707}}