{"part_id": "5-8-10-10-14-23", "timings_sec": {"read_step": 0.010641499888151884, "enumerate_faces": 3.819982521235943e-05, "build_adjacency": 0.0003314001951366663, "extract_features": 0.001182599924504757, "map_labels": 0.00022779987193644047, "sanity_checks": 0.0001542998943477869, "total": 0.012575799599289894}}