{"part_id": "5-8-12-19", "timings_sec": {"read_step": 0.009974600048735738, "enumerate_faces": 3.7599820643663406e-05, "build_adjacency": 0.0003542001359164715, "extract_features": 0.0013916001189500093, "map_labels": 0.0002584999892860651, "sanity_checks": 0.00015229987911880016, "total": 0.012168799992650747}}