{"part_id": "5-8-11-13-13-23", "timings_sec": {"read_step": 0.008920499822124839, "enumerate_faces": 3.539980389177799e-05, "build_adjacency": 0.0003120000474154949, "extract_features": 0.0012234000023454428, "map_labels": 0.00023230002261698246, "sanity_checks": 0.00014180014841258526, "total": 0.010865399846807122}}