{"part_id": "5-8-8-10-12-23", "timings_sec": {"read_step": 0.012680100044235587, "enumerate_faces": 4.3899985030293465e-05, "build_adjacency": 0.0005133999511599541, "extract_features": 0.0019583001267164946, "map_labels": 0.00028529996052384377, "sanity_checks": 0.00014739995822310448, "total": 0.015628400025889277}}