{"part_id": "5-8-9-9-12-23", "timings_sec": {"read_step": 0.008873799815773964, "enumerate_faces": 2.6899855583906174e-05, "build_adjacency": 0.0002981000579893589, "extract_features": 0.0011195000261068344, "map_labels": 0.00020159990526735783, "sanity_checks": 0.00014439993537962437, "total": 0.010664299596101046}}