{"part_id": "5-8-8-13-19", "timings_sec": {"read_step": 0.006844500079751015, "enumerate_faces": 3.1400006264448166e-05, "build_adjacency": 0.00022209994494915009, "extract_features": 0.0009691999293863773, "map_labels": 0.0002212999388575554, "sanity_checks": 0.0001058999914675951, "total": 0.00839439989067614}}