{"part_id": "5-8-10-12-19", "timings_sec": {"read_step": 0.007915399968624115, "enumerate_faces": 2.529984340071678e-05, "build_adjacency": 0.0002657999284565449, "extract_features": 0.0010066998656839132, "map_labels": 0.00019580009393393993, "sanity_checks": 0.0001283001620322466, "total": 0.009537299862131476}}