{"part_id": "5-8-11-11-13-23", "timings_sec": {"read_step": 0.011176300002261996, "enumerate_faces": 3.639981150627136e-05, "build_adjacency": 0.00036800000816583633, "extract_features": 0.0013481001369655132, "map_labels": 0.000246700132265687, "sanity_checks": 0.00017290003597736359, "total": 0.013348400127142668}}