{"part_id": "5-8-14-19", "timings_sec": {"read_step": 0.006286900024861097, "enumerate_faces": 2.750009298324585e-05, "build_adjacency": 0.00020839995704591274, "extract_features": 0.0007746000774204731, "map_labels": 0.000202300027012825, "sanity_checks": 0.00010110018774867058, "total": 0.007600800367072225}}