{"part_id": "5-8-11-11-14-23", "timings_sec": {"read_step": 0.012688999995589256, "enumerate_faces": 5.279993638396263e-05, "build_adjacency": 0.0006458000279963017, "extract_features": 0.0018299000803381205, "map_labels": 0.0002289998810738325, "sanity_checks": 0.00020979996770620346, "total": 0.015656299889087677}}