{"part_id": "5-8-8-8-9-23", "timings_sec": {"read_step": 0.00893849995918572, "enumerate_faces": 3.7899939343333244e-05, "build_adjacency": 0.0003238001372665167, "extract_features": 0.0012904999312013388, "map_labels": 0.00026110000908374786, "sanity_checks": 0.0001775999553501606, "total": 0.011029399931430817}}