{"part_id": "5-8-8-13-13-23", "timings_sec": {"read_step": 0.008450099965557456, "enumerate_faces": 3.9999838918447495e-05, "build_adjacency": 0.0003891000524163246, "extract_features": 0.0012426001485437155, "map_labels": 0.00021050008945167065, "sanity_checks": 0.00010569998994469643, "total": 0.01043800008483231}}