{"part_id": "5-8-8-8-10-23", "timings_sec": {"read_step": 0.009744200157001615, "enumerate_faces": 3.5800039768218994e-05, "build_adjacency": 0.0002891998738050461, "extract_features": 0.0016600999515503645, "map_labels": 0.00027900002896785736, "sanity_checks": 0.00022279983386397362, "total": 0.012231099884957075}}