{"part_id": "5-8-9-10-11-23", "timings_sec": {"read_step": 0.012869099853560328, "enumerate_faces": 3.800005652010441e-05, "build_adjacency": 0.0003660998772829771, "extract_features": 0.0014845998957753181, "map_labels": 0.00023360014893114567, "sanity_checks": 0.00017300015315413475, "total": 0.015164399985224009}}