{"part_id": "5-8-9-10-12-23", "timings_sec": {"read_step": 0.01062879990786314, "enumerate_faces": 4.259985871613026e-05, "build_adjacency": 0.0005002000834792852, "extract_features": 0.0018182001076638699, "map_labels": 0.0002750998828560114, "sanity_checks": 0.00015350012108683586, "total": 0.013418399961665273}}