{"part_id": "5-8-8-12-14-23", "timings_sec": {"read_step": 0.007615200011059642, "enumerate_faces": 3.2899901270866394e-05, "build_adjacency": 0.000269399955868721, "extract_features": 0.0008898999076336622, "map_labels": 0.00022249994799494743, "sanity_checks": 0.00011430005542933941, "total": 0.009144199779257178}}