{"part_id": "5-8-8-9-14-23", "timings_sec": {"read_step": 0.01327840005978942, "enumerate_faces": 4.1400082409381866e-05, "build_adjacency": 0.00044810003601014614, "extract_features": 0.0015987998340278864, "map_labels": 0.00021379999816417694, "sanity_checks": 0.00020120013505220413, "total": 0.015781700145453215}}