{"part_id": "5-8-10-11-11-23", "timings_sec": {"read_step": 0.010483299847692251, "enumerate_faces": 3.9899954572319984e-05, "build_adjacency": 0.00045609986409544945, "extract_features": 0.00174840004183352, "map_labels": 0.0002560000866651535, "sanity_checks": 0.00023110001347959042, "total": 0.013214799808338284}}