{"part_id": "5-8-13-13-14-23", "timings_sec": {"read_step": 0.00936649995855987, "enumerate_faces": 4.079984501004219e-05, "build_adjacency": 0.0003833998925983906, "extract_features": 0.0014341999776661396, "map_labels": 0.00026210001669824123, "sanity_checks": 0.0001792998518794775, "total": 0.011666299542412162}}