{"part_id": "5-8-9-13-19", "timings_sec": {"read_step": 0.006961500039324164, "enumerate_faces": 3.1400006264448166e-05, "build_adjacency": 0.00037729996256530285, "extract_features": 0.0013735999818891287, "map_labels": 0.0002582001034170389, "sanity_checks": 0.0002117000985890627, "total": 0.009213700192049146}}