{"part_id": "5-8-8-14-14-23", "timings_sec": {"read_step": 0.0066189998760819435, "enumerate_faces": 2.6399968191981316e-05, "build_adjacency": 0.00023669982329010963, "extract_features": 0.0008500998374074697, "map_labels": 0.00019809999503195286, "sanity_checks": 0.00010940013453364372, "total": 0.0080396996345371}}