{"part_id": "5-8-10-12-13-23", "timings_sec": {"read_step": 0.00885839993134141, "enumerate_faces": 3.3300137147307396e-05, "build_adjacency": 0.00030700000934302807, "extract_features": 0.0010987999849021435, "map_labels": 0.00021660001948475838, "sanity_checks": 0.0001455000601708889, "total": 0.010659600142389536}}