{"part_id": "5-8-9-11-14-23", "timings_sec": {"read_step": 0.009612999856472015, "enumerate_faces": 2.8199981898069382e-05, "build_adjacency": 0.0003250997979193926, "extract_features": 0.0012112001422792673, "map_labels": 0.0001993000041693449, "sanity_checks": 0.000157299917191267, "total": 0.011534099699929357}}