{"part_id": "5-8-12-13-14-23", "timings_sec": {"read_step": 0.01202909997664392, "enumerate_faces": 3.8800062611699104e-05, "build_adjacency": 0.00040149991400539875, "extract_features": 0.0015873999800533056, "map_labels": 0.0002847001887857914, "sanity_checks": 0.00016639987006783485, "total": 0.01450789999216795}}