{"part_id": "5-8-11-14-14-23", "timings_sec": {"read_step": 0.010264599928632379, "enumerate_faces": 3.1700124964118004e-05, "build_adjacency": 0.0004513000603765249, "extract_features": 0.0021162000484764576, "map_labels": 0.0002741999924182892, "sanity_checks": 0.0002685000654309988, "total": 0.013406500220298767}}