{"part_id": "5-8-9-14-19", "timings_sec": {"read_step": 0.011773200007155538, "enumerate_faces": 4.560011439025402e-05, "build_adjacency": 0.00046950019896030426, "extract_features": 0.0016411000397056341, "map_labels": 0.0002723999787122011, "sanity_checks": 0.00023120013065636158, "total": 0.014433000469580293}}