{"part_id": "5-8-8-12-13-23", "timings_sec": {"read_step": 0.011424899799749255, "enumerate_faces": 3.5800039768218994e-05, "build_adjacency": 0.00027989991940557957, "extract_features": 0.0014013999607414007, "map_labels": 0.00020999996922910213, "sanity_checks": 0.00012820004485547543, "total": 0.013480199733749032}}