{"part_id": "5-8-12-12-12-23", "timings_sec": {"read_step": 0.014444899978116155, "enumerate_faces": 3.410014323890209e-05, "build_adjacency": 0.00045240018516778946, "extract_features": 0.002060400089249015, "map_labels": 0.0002749999985098839, "sanity_checks": 0.0002701999619603157, "total": 0.01753700035624206}}