{"part_id": "5-8-9-12-12-23", "timings_sec": {"read_step": 0.010029699886217713, "enumerate_faces": 3.4400029107928276e-05, "build_adjacency": 0.00032119988463819027, "extract_features": 0.0011746999807655811, "map_labels": 0.00022360007278621197, "sanity_checks": 0.00014649983495473862, "total": 0.011930099688470364}}