{"part_id": "5-8-8-9-13-23", "timings_sec": {"read_step": 0.012180499965324998, "enumerate_faces": 4.329998046159744e-05, "build_adjacency": 0.00042639998719096184, "extract_features": 0.0017524000722914934, "map_labels": 0.00031489995308220387, "sanity_checks": 0.00022740010172128677, "total": 0.014944900060072541}}