{"part_id": "5-9-12-14-14-23", "timings_sec": {"read_step": 0.009391299914568663, "enumerate_faces": 2.8499867767095566e-05, "build_adjacency": 0.00033119996078312397, "extract_features": 0.0012221001088619232, "map_labels": 0.00022360007278621197, "sanity_checks": 0.00014899997040629387, "total": 0.011345699895173311}}