{"part_id": "5-9-9-10-13-23", "timings_sec": {"read_step": 0.014580100076273084, "enumerate_faces": 3.66999302059412e-05, "build_adjacency": 0.0005142001900821924, "extract_features": 0.0012642999645322561, "map_labels": 0.00022829999215900898, "sanity_checks": 0.00015400000847876072, "total": 0.016777600161731243}}