{"part_id": "5-9-9-9-14-23", "timings_sec": {"read_step": 0.00917720003053546, "enumerate_faces": 3.410014323890209e-05, "build_adjacency": 0.0003162999637424946, "extract_features": 0.0011341001372784376, "map_labels": 0.00020459992811083794, "sanity_checks": 0.000148500083014369, "total": 0.0110148002859205}}