{"part_id": "5-9-12-12-12-23", "timings_sec": {"read_step": 0.0101713000331074, "enumerate_faces": 3.0899886041879654e-05, "build_adjacency": 0.0004795999266207218, "extract_features": 0.0013613998889923096, "map_labels": 0.00021319999359548092, "sanity_checks": 0.00015520001761615276, "total": 0.012411599745973945}}