{"part_id": "5-9-11-13-14-23", "timings_sec": {"read_step": 0.010918900137767196, "enumerate_faces": 3.360002301633358e-05, "build_adjacency": 0.0005038999952375889, "extract_features": 0.0018136999569833279, "map_labels": 0.000269399955868721, "sanity_checks": 0.0002490999177098274, "total": 0.013788599986582994}}