{"part_id": "5-9-10-10-14-23", "timings_sec": {"read_step": 0.011386799858883023, "enumerate_faces": 3.3899908885359764e-05, "build_adjacency": 0.0002863002009689808, "extract_features": 0.001092699822038412, "map_labels": 0.0002134998794645071, "sanity_checks": 0.0001458998303860426, "total": 0.013159099500626326}}