{"part_id": "5-9-9-14-14-23", "timings_sec": {"read_step": 0.009253700030967593, "enumerate_faces": 3.1899893656373024e-05, "build_adjacency": 0.0003124999348074198, "extract_features": 0.0013035000301897526, "map_labels": 0.00023799994960427284, "sanity_checks": 0.00014579994603991508, "total": 0.011285399785265326}}