{"part_id": "5-9-9-11-13-23", "timings_sec": {"read_step": 0.00980230001732707, "enumerate_faces": 3.410014323890209e-05, "build_adjacency": 0.0003315999638289213, "extract_features": 0.0012616999447345734, "map_labels": 0.00022159982472658157, "sanity_checks": 0.00016830000095069408, "total": 0.011819599894806743}}