{"part_id": "5-9-10-12-19", "timings_sec": {"read_step": 0.008415700169280171, "enumerate_faces": 2.7900096029043198e-05, "build_adjacency": 0.0002801001537591219, "extract_features": 0.0010734000243246555, "map_labels": 0.0002009000163525343, "sanity_checks": 0.00013819988816976547, "total": 0.010136200347915292}}