{"part_id": "5-9-10-12-14-23", "timings_sec": {"read_step": 0.009647399885579944, "enumerate_faces": 2.859998494386673e-05, "build_adjacency": 0.00033030007034540176, "extract_features": 0.0012125000357627869, "map_labels": 0.00019239983521401882, "sanity_checks": 0.0003933999687433243, "total": 0.011804599780589342}}