{"part_id": "5-9-11-13-19", "timings_sec": {"read_step": 0.008906200062483549, "enumerate_faces": 2.7999980375170708e-05, "build_adjacency": 0.0002816000487655401, "extract_features": 0.0012323998380452394, "map_labels": 0.00018740002997219563, "sanity_checks": 0.00013810000382363796, "total": 0.010773699963465333}}