{"part_id": "5-9-10-10-11-23", "timings_sec": {"read_step": 0.011317700147628784, "enumerate_faces": 3.260001540184021e-05, "build_adjacency": 0.00036940001882612705, "extract_features": 0.0013888999819755554, "map_labels": 0.00021680002100765705, "sanity_checks": 0.00018400000408291817, "total": 0.013509400188922882}}