{"part_id": "5-9-12-12-13-23", "timings_sec": {"read_step": 0.009872500086203218, "enumerate_faces": 2.3700064048171043e-05, "build_adjacency": 0.000301100080832839, "extract_features": 0.001106400042772293, "map_labels": 0.00018480001017451286, "sanity_checks": 0.0001463000662624836, "total": 0.011634800350293517}}