{"part_id": "5-9-10-19", "timings_sec": {"read_step": 0.0071264998987317085, "enumerate_faces": 2.750009298324585e-05, "build_adjacency": 0.00023129978217184544, "extract_features": 0.0008740001358091831, "map_labels": 0.00019899988546967506, "sanity_checks": 0.0001775999553501606, "total": 0.008635899750515819}}