{"part_id": "5-9-11-12-12-23", "timings_sec": {"read_step": 0.011600800091400743, "enumerate_faces": 3.150012344121933e-05, "build_adjacency": 0.00036539998836815357, "extract_features": 0.0013502000365406275, "map_labels": 0.00022620009258389473, "sanity_checks": 0.0001751999370753765, "total": 0.013749300269410014}}