{"part_id": "5-9-11-11-13-23", "timings_sec": {"read_step": 0.010973699856549501, "enumerate_faces": 3.4899916499853134e-05, "build_adjacency": 0.0003700000233948231, "extract_features": 0.001663499977439642, "map_labels": 0.00027430010959506035, "sanity_checks": 0.0002983999438583851, "total": 0.013614799827337265}}