{"part_id": "5-9-10-11-13-23", "timings_sec": {"read_step": 0.010535599896684289, "enumerate_faces": 3.210012800991535e-05, "build_adjacency": 0.0003464999608695507, "extract_features": 0.0013061000499874353, "map_labels": 0.0002226000651717186, "sanity_checks": 0.00016870000399649143, "total": 0.0126116001047194}}