{"part_id": "5-9-11-13-13-23", "timings_sec": {"read_step": 0.014358599903061986, "enumerate_faces": 3.220001235604286e-05, "build_adjacency": 0.0003143001813441515, "extract_features": 0.0013224000576883554, "map_labels": 0.00023829983547329903, "sanity_checks": 0.00015540001913905144, "total": 0.016421200009062886}}