{"part_id": "5-9-11-11-11-23", "timings_sec": {"read_step": 0.012823999859392643, "enumerate_faces": 3.390014171600342e-05, "build_adjacency": 0.0004276998806744814, "extract_features": 0.0015970999374985695, "map_labels": 0.0002359999343752861, "sanity_checks": 0.00020439992658793926, "total": 0.015323099680244923}}