{"part_id": "5-9-9-13-13-23", "timings_sec": {"read_step": 0.008098900085315108, "enumerate_faces": 2.950010821223259e-05, "build_adjacency": 0.00033459998667240143, "extract_features": 0.0010420999024063349, "map_labels": 0.00022000004537403584, "sanity_checks": 0.0001330999657511711, "total": 0.009858200093731284}}