{"part_id": "5-9-10-11-14-23", "timings_sec": {"read_step": 0.011084099998697639, "enumerate_faces": 3.66999302059412e-05, "build_adjacency": 0.0003575000446289778, "extract_features": 0.0013532000593841076, "map_labels": 0.00024029985070228577, "sanity_checks": 0.00017610006034374237, "total": 0.013247899943962693}}