{"part_id": "5-9-11-12-19", "timings_sec": {"read_step": 0.009186199866235256, "enumerate_faces": 2.8999987989664078e-05, "build_adjacency": 0.00030479999259114265, "extract_features": 0.001229400048032403, "map_labels": 0.00019869999960064888, "sanity_checks": 0.00014949985779821873, "total": 0.011097599752247334}}