{"part_id": "5-9-14-14-14-23", "timings_sec": {"read_step": 0.009583099978044629, "enumerate_faces": 3.3499905839562416e-05, "build_adjacency": 0.00030610011890530586, "extract_features": 0.0011380999349057674, "map_labels": 0.00024239998310804367, "sanity_checks": 0.00014319992624223232, "total": 0.01144639984704554}}