{"part_id": "5-9-9-12-12-23", "timings_sec": {"read_step": 0.009822299936786294, "enumerate_faces": 4.91999089717865e-05, "build_adjacency": 0.000345699954777956, "extract_features": 0.0012238998897373676, "map_labels": 0.00023750006221234798, "sanity_checks": 0.0001563001424074173, "total": 0.01183489989489317}}