{"part_id": "5-9-10-14-14-23", "timings_sec": {"read_step": 0.009211999829858541, "enumerate_faces": 2.659996971487999e-05, "build_adjacency": 0.0003074000123888254, "extract_features": 0.0011348000261932611, "map_labels": 0.0002046001609414816, "sanity_checks": 0.0001501000951975584, "total": 0.011035500094294548}}