{"part_id": "5-9-10-11-19", "timings_sec": {"read_step": 0.009956799913197756, "enumerate_faces": 3.4899916499853134e-05, "build_adjacency": 0.00045419996604323387, "extract_features": 0.0013737999834120274, "map_labels": 0.0002209001686424017, "sanity_checks": 0.00016449997201561928, "total": 0.012205099919810891}}