{"part_id": "5-9-9-12-19", "timings_sec": {"read_step": 0.008489799918606877, "enumerate_faces": 3.2800016924738884e-05, "build_adjacency": 0.00028449995443224907, "extract_features": 0.001029399922117591, "map_labels": 0.00021740002557635307, "sanity_checks": 0.00013420009054243565, "total": 0.010188099928200245}}