{"part_id": "5-9-9-13-14-23", "timings_sec": {"read_step": 0.008295599836856127, "enumerate_faces": 2.140016295015812e-05, "build_adjacency": 0.0002732998691499233, "extract_features": 0.001053099986165762, "map_labels": 0.00018339999951422215, "sanity_checks": 0.00021660001948475838, "total": 0.01004339987412095}}