{"part_id": "5-9-9-12-13-23", "timings_sec": {"read_step": 0.008917600149288774, "enumerate_faces": 2.2999942302703857e-05, "build_adjacency": 0.0002945999149233103, "extract_features": 0.0011367998085916042, "map_labels": 0.00019860011525452137, "sanity_checks": 0.00014430005103349686, "total": 0.01071489998139441}}