{"part_id": "5-9-10-10-12-23", "timings_sec": {"read_step": 0.012200300116091967, "enumerate_faces": 3.200001083314419e-05, "build_adjacency": 0.0003525000065565109, "extract_features": 0.0012962999753654003, "map_labels": 0.00021840003319084644, "sanity_checks": 0.00016830000095069408, "total": 0.014267800142988563}}