{"part_id": "6-10-12-12-19", "timings_sec": {"read_step": 0.008189299842342734, "enumerate_faces": 3.220001235604286e-05, "build_adjacency": 0.0002834000624716282, "extract_features": 0.0010180000681430101, "map_labels": 0.00021530012600123882, "sanity_checks": 0.00012990017421543598, "total": 0.00986810028553009}}