{"part_id": "6-10-10-19", "timings_sec": {"read_step": 0.006842799950391054, "enumerate_faces": 2.5999965146183968e-05, "build_adjacency": 0.00021769991144537926, "extract_features": 0.0008428001310676336, "map_labels": 0.00019820011220872402, "sanity_checks": 0.00011999998241662979, "total": 0.008247500052675605}}