{"part_id": "6-10-11-14-14-23", "timings_sec": {"read_step": 0.010460900142788887, "enumerate_faces": 3.369990736246109e-05, "build_adjacency": 0.00033210008405148983, "extract_features": 0.0012322000693529844, "map_labels": 0.00021949992515146732, "sanity_checks": 0.00016149994917213917, "total": 0.012439900077879429}}