{"part_id": "6-10-11-13-19", "timings_sec": {"read_step": 0.008711399976164103, "enumerate_faces": 2.969987690448761e-05, "build_adjacency": 0.00027309986762702465, "extract_features": 0.0010682998690754175, "map_labels": 0.00019480008631944656, "sanity_checks": 0.00013830000534653664, "total": 0.010415599681437016}}