{"part_id": "6-10-10-10-11-23", "timings_sec": {"read_step": 0.011537399841472507, "enumerate_faces": 3.720005042850971e-05, "build_adjacency": 0.0003587000537663698, "extract_features": 0.0013900999911129475, "map_labels": 0.00026260013692080975, "sanity_checks": 0.00020579993724822998, "total": 0.013791800010949373}}