{"part_id": "6-10-10-10-13-23", "timings_sec": {"read_step": 0.010899200104176998, "enumerate_faces": 3.520003519952297e-05, "build_adjacency": 0.00030489987693727016, "extract_features": 0.0011789000127464533, "map_labels": 0.0002234999556094408, "sanity_checks": 0.00014949985779821873, "total": 0.012791199842467904}}