{"part_id": "6-10-11-12-19", "timings_sec": {"read_step": 0.0085335997864604, "enumerate_faces": 2.010003663599491e-05, "build_adjacency": 0.00029170000925660133, "extract_features": 0.0011937001254409552, "map_labels": 0.00019580009393393993, "sanity_checks": 0.0001612999476492405, "total": 0.010396199999377131}}