{"part_id": "6-10-11-12-12-23", "timings_sec": {"read_step": 0.010457299882546067, "enumerate_faces": 3.0099879950284958e-05, "build_adjacency": 0.0005096998065710068, "extract_features": 0.0019505000673234463, "map_labels": 0.00025480007752776146, "sanity_checks": 0.00026050000451505184, "total": 0.013462899718433619}}