{"part_id": "6-10-10-11-12-23", "timings_sec": {"read_step": 0.015182800125330687, "enumerate_faces": 3.1899893656373024e-05, "build_adjacency": 0.0003533000126481056, "extract_features": 0.0013411000836640596, "map_labels": 0.0002258999738842249, "sanity_checks": 0.00019789999350905418, "total": 0.017332900082692504}}