{"part_id": "6-10-10-13-14-23", "timings_sec": {"read_step": 0.008401399943977594, "enumerate_faces": 2.5799963623285294e-05, "build_adjacency": 0.00028200005181133747, "extract_features": 0.0010488999541848898, "map_labels": 0.00019869999960064888, "sanity_checks": 0.0001401000190526247, "total": 0.01009689993225038}}