{"part_id": "6-10-10-10-19", "timings_sec": {"read_step": 0.008902200032025576, "enumerate_faces": 3.320001997053623e-05, "build_adjacency": 0.0002856000792235136, "extract_features": 0.0010446000378578901, "map_labels": 0.00022319983690977097, "sanity_checks": 0.00014319992624223232, "total": 0.010631999932229519}}