{"part_id": "6-10-10-14-14-23", "timings_sec": {"read_step": 0.009155600098893046, "enumerate_faces": 4.339986480772495e-05, "build_adjacency": 0.0005777999758720398, "extract_features": 0.001205200096592307, "map_labels": 0.00022869999520480633, "sanity_checks": 0.00014690007083117962, "total": 0.011357600102201104}}