{"part_id": "6-10-10-13-19", "timings_sec": {"read_step": 0.0073241000063717365, "enumerate_faces": 2.6900088414549828e-05, "build_adjacency": 0.0002457997761666775, "extract_features": 0.0010738999117165804, "map_labels": 0.00019970000721514225, "sanity_checks": 0.00012429989874362946, "total": 0.008994699688628316}}