{"part_id": "6-10-13-13-13-23", "timings_sec": {"read_step": 0.007340200012549758, "enumerate_faces": 3.200001083314419e-05, "build_adjacency": 0.00024930015206336975, "extract_features": 0.0009289998561143875, "map_labels": 0.00022200006060302258, "sanity_checks": 0.00012999982573091984, "total": 0.008902499917894602}}