{"part_id": "6-10-11-11-13-23", "timings_sec": {"read_step": 0.01072990009561181, "enumerate_faces": 3.37997917085886e-05, "build_adjacency": 0.0003644998650997877, "extract_features": 0.0016660999972373247, "map_labels": 0.00021909992210566998, "sanity_checks": 0.0001827001105993986, "total": 0.01319609978236258}}