{"part_id": "6-10-12-13-14-23", "timings_sec": {"read_step": 0.009080399991944432, "enumerate_faces": 2.559996210038662e-05, "build_adjacency": 0.00028760009445250034, "extract_features": 0.0012719999067485332, "map_labels": 0.0002741001080721617, "sanity_checks": 0.00013999990187585354, "total": 0.011079699965193868}}