{"part_id": "6-10-11-13-14-23", "timings_sec": {"read_step": 0.009138199966400862, "enumerate_faces": 2.7399975806474686e-05, "build_adjacency": 0.0003200001083314419, "extract_features": 0.0011881000827997923, "map_labels": 0.00020819995552301407, "sanity_checks": 0.00022089993581175804, "total": 0.011102800024673343}}