{"part_id": "6-10-12-14-14-23", "timings_sec": {"read_step": 0.010084499837830663, "enumerate_faces": 3.1299889087677e-05, "build_adjacency": 0.0003124999348074198, "extract_features": 0.0011088000610470772, "map_labels": 0.00022680009715259075, "sanity_checks": 0.00014120014384388924, "total": 0.011905099963769317}}