{"part_id": "6-10-10-12-13-23", "timings_sec": {"read_step": 0.01280379993841052, "enumerate_faces": 4.1599851101636887e-05, "build_adjacency": 0.00047859991900622845, "extract_features": 0.0018001000862568617, "map_labels": 0.00026899995282292366, "sanity_checks": 0.0002288001123815775, "total": 0.015621899859979749}}