{"part_id": "6-10-11-12-13-23", "timings_sec": {"read_step": 0.009946600068360567, "enumerate_faces": 2.559996210038662e-05, "build_adjacency": 0.00032059988006949425, "extract_features": 0.001376299886032939, "map_labels": 0.00021079997532069683, "sanity_checks": 0.00015689991414546967, "total": 0.012036799686029553}}