{"part_id": "6-10-10-11-13-23", "timings_sec": {"read_step": 0.009744799928739667, "enumerate_faces": 3.320001997053623e-05, "build_adjacency": 0.0003310998436063528, "extract_features": 0.0012453999370336533, "map_labels": 0.00022580008953809738, "sanity_checks": 0.00017440016381442547, "total": 0.011754699982702732}}