{"part_id": "6-10-10-12-19", "timings_sec": {"read_step": 0.008651399984955788, "enumerate_faces": 3.4499913454055786e-05, "build_adjacency": 0.00028449995443224907, "extract_features": 0.0010724000167101622, "map_labels": 0.00023830006830394268, "sanity_checks": 0.00013669999316334724, "total": 0.010417799931019545}}