{"part_id": "6-11-13-19", "timings_sec": {"read_step": 0.0068605998530983925, "enumerate_faces": 2.659996971487999e-05, "build_adjacency": 0.00023459992371499538, "extract_features": 0.0009544999338686466, "map_labels": 0.00018369988538324833, "sanity_checks": 0.00011120014823973179, "total": 0.008371199714019895}}