{"part_id": "6-11-13-13-13-23", "timings_sec": {"read_step": 0.007958299946039915, "enumerate_faces": 2.5099841877818108e-05, "build_adjacency": 0.0002707000821828842, "extract_features": 0.0011383001692593098, "map_labels": 0.0002125001046806574, "sanity_checks": 0.0001409000251442194, "total": 0.009745800169184804}}