{"part_id": "6-11-13-13-14-23", "timings_sec": {"read_step": 0.008498199982568622, "enumerate_faces": 2.5600194931030273e-05, "build_adjacency": 0.0002916001249104738, "extract_features": 0.0010446999222040176, "map_labels": 0.00019890000112354755, "sanity_checks": 0.00013739988207817078, "total": 0.010196400107815862}}