{"part_id": "6-11-13-14-14-23", "timings_sec": {"read_step": 0.00892090005800128, "enumerate_faces": 3.2400013878941536e-05, "build_adjacency": 0.0002967000473290682, "extract_features": 0.0010927000548690557, "map_labels": 0.00021760002709925175, "sanity_checks": 0.00014530005864799023, "total": 0.010705600259825587}}