{"part_id": "6-11-12-12-19", "timings_sec": {"read_step": 0.00912700011394918, "enumerate_faces": 3.3800024539232254e-05, "build_adjacency": 0.0003137001767754555, "extract_features": 0.0011245999485254288, "map_labels": 0.00022440007887780666, "sanity_checks": 0.00014919997192919254, "total": 0.010972700314596295}}