{"part_id": "6-11-11-11-12-23", "timings_sec": {"read_step": 0.012515699956566095, "enumerate_faces": 3.4400029107928276e-05, "build_adjacency": 0.0004149000160396099, "extract_features": 0.001519500045105815, "map_labels": 0.0002266999799758196, "sanity_checks": 0.00031029991805553436, "total": 0.015021499944850802}}