{"part_id": "6-11-12-13-13-23", "timings_sec": {"read_step": 0.009440300054848194, "enumerate_faces": 3.2400013878941536e-05, "build_adjacency": 0.00031109992414712906, "extract_features": 0.0011096000671386719, "map_labels": 0.0002682001795619726, "sanity_checks": 0.000156699912622571, "total": 0.01131830015219748}}