{"part_id": "6-11-11-12-12-23", "timings_sec": {"read_step": 0.011119100032374263, "enumerate_faces": 2.7799978852272034e-05, "build_adjacency": 0.0004455000162124634, "extract_features": 0.0014630001969635487, "map_labels": 0.00025129993446171284, "sanity_checks": 0.00017809984274208546, "total": 0.013484800001606345}}