{"part_id": "6-12-13-13-14-23", "timings_sec": {"read_step": 0.00799630000256002, "enumerate_faces": 3.429991193115711e-05, "build_adjacency": 0.0003011999651789665, "extract_features": 0.0009691999293863773, "map_labels": 0.00022009992972016335, "sanity_checks": 0.00012320000678300858, "total": 0.009644299745559692}}