{"part_id": "6-12-19", "timings_sec": {"read_step": 0.005032199900597334, "enumerate_faces": 2.9900111258029938e-05, "build_adjacency": 0.00016859988681972027, "extract_features": 0.0006086998619139194, "map_labels": 0.00021130009554326534, "sanity_checks": 8.110003545880318e-05, "total": 0.006131799891591072}}