{"part_id": "6-12-12-12-13-23", "timings_sec": {"read_step": 0.008512899978086352, "enumerate_faces": 2.3300061002373695e-05, "build_adjacency": 0.0004257999826222658, "extract_features": 0.0011545000597834587, "map_labels": 0.00021789991296827793, "sanity_checks": 0.00013679987750947475, "total": 0.010471199871972203}}