{"part_id": "6-12-13-19", "timings_sec": {"read_step": 0.005680300062522292, "enumerate_faces": 2.7200207114219666e-05, "build_adjacency": 0.00019999989308416843, "extract_features": 0.0007488001137971878, "map_labels": 0.00021050008945167065, "sanity_checks": 0.00013070018030703068, "total": 0.006997500546276569}}