{"part_id": "6-12-13-14-14-23", "timings_sec": {"read_step": 0.004910200135782361, "enumerate_faces": 2.7999980375170708e-05, "build_adjacency": 0.00016980012878775597, "extract_features": 0.0006731001194566488, "map_labels": 0.0001963998656719923, "sanity_checks": 8.330005221068859e-05, "total": 0.006060800282284617}}