{"part_id": "6-12-12-13-14-23", "timings_sec": {"read_step": 0.00859320000745356, "enumerate_faces": 3.869994543492794e-05, "build_adjacency": 0.0004173999186605215, "extract_features": 0.0012205999810248613, "map_labels": 0.0002305000089108944, "sanity_checks": 0.0001308999489992857, "total": 0.010631299810484052}}