{"part_id": "6-12-12-14-14-23", "timings_sec": {"read_step": 0.006119099911302328, "enumerate_faces": 2.4799956008791924e-05, "build_adjacency": 0.00021190010011196136, "extract_features": 0.0007429001852869987, "map_labels": 0.0002087999600917101, "sanity_checks": 9.849993512034416e-05, "total": 0.007406000047922134}}