{"part_id": "6-12-13-13-13-23", "timings_sec": {"read_step": 0.007330600172281265, "enumerate_faces": 3.1299889087677e-05, "build_adjacency": 0.00024960003793239594, "extract_features": 0.0009018999990075827, "map_labels": 0.00022700009867548943, "sanity_checks": 0.00011539994738996029, "total": 0.00885580014437437}}