{"part_id": "6-12-13-14-19", "timings_sec": {"read_step": 0.006523799849674106, "enumerate_faces": 2.41999514400959e-05, "build_adjacency": 0.00022460008040070534, "extract_features": 0.0008235999848693609, "map_labels": 0.00018170010298490524, "sanity_checks": 0.0001121999230235815, "total": 0.007890099892392755}}