{"part_id": "6-12-14-14-19", "timings_sec": {"read_step": 0.0089648999273777, "enumerate_faces": 2.4800188839435577e-05, "build_adjacency": 0.00024500000290572643, "extract_features": 0.0008614000398665667, "map_labels": 0.00023859995417296886, "sanity_checks": 0.00016479985788464546, "total": 0.010499499971047044}}