{"part_id": "6-13-13-13-19", "timings_sec": {"read_step": 0.006518400041386485, "enumerate_faces": 3.1499890610575676e-05, "build_adjacency": 0.00020519993267953396, "extract_features": 0.0006960001774132252, "map_labels": 0.00021790014579892159, "sanity_checks": 9.410013444721699e-05, "total": 0.0077631003223359585}}