{"part_id": "6-14-19", "timings_sec": {"read_step": 0.004623600048944354, "enumerate_faces": 2.8299866244196892e-05, "build_adjacency": 0.00016130018047988415, "extract_features": 0.000565200112760067, "map_labels": 0.00021159998141229153, "sanity_checks": 7.639988325536251e-05, "total": 0.005666400073096156}}