{"part_id": "6-6-7-8-19", "timings_sec": {"read_step": 0.005970899946987629, "enumerate_faces": 2.5899847969412804e-05, "build_adjacency": 0.00020270003005862236, "extract_features": 0.0007275000680238008, "map_labels": 0.00018420000560581684, "sanity_checks": 9.63001511991024e-05, "total": 0.007207500049844384}}