{"part_id": "6-6-9-9-10-23", "timings_sec": {"read_step": 0.011644699843600392, "enumerate_faces": 3.809994086623192e-05, "build_adjacency": 0.0002864999696612358, "extract_features": 0.0011092000640928745, "map_labels": 0.00024359999224543571, "sanity_checks": 0.00013999990187585354, "total": 0.013462099712342024}}