{"part_id": "6-6-7-7-14-23", "timings_sec": {"read_step": 0.005576200084760785, "enumerate_faces": 3.490014933049679e-05, "build_adjacency": 0.00018780003301799297, "extract_features": 0.0006513998378068209, "map_labels": 0.00020260014571249485, "sanity_checks": 8.679996244609356e-05, "total": 0.006739700213074684}}