{"part_id": "6-6-8-12-12-23", "timings_sec": {"read_step": 0.009595699841156602, "enumerate_faces": 3.1400006264448166e-05, "build_adjacency": 0.0002788000274449587, "extract_features": 0.0011372999288141727, "map_labels": 0.000215600011870265, "sanity_checks": 0.00013400008901953697, "total": 0.011392799904569983}}