{"part_id": "6-6-8-12-14-23", "timings_sec": {"read_step": 0.006473099812865257, "enumerate_faces": 3.900006413459778e-05, "build_adjacency": 0.0002373000606894493, "extract_features": 0.0008169999346137047, "map_labels": 0.0002087999600917101, "sanity_checks": 0.00010609999299049377, "total": 0.007881299825385213}}