{"part_id": "6-6-9-14-19", "timings_sec": {"read_step": 0.010430700145661831, "enumerate_faces": 4.320009611546993e-05, "build_adjacency": 0.00039030006155371666, "extract_features": 0.0013637000229209661, "map_labels": 0.00028169993311166763, "sanity_checks": 0.00019789999350905418, "total": 0.012707500252872705}}