{"part_id": "6-6-6-9-13-23", "timings_sec": {"read_step": 0.004545900039374828, "enumerate_faces": 1.9900035113096237e-05, "build_adjacency": 0.00016020005568861961, "extract_features": 0.0005701000336557627, "map_labels": 0.0001696001272648573, "sanity_checks": 7.679988630115986e-05, "total": 0.005542500177398324}}