{"part_id": "6-6-10-11-12-23", "timings_sec": {"read_step": 0.009344300022348762, "enumerate_faces": 3.4800032153725624e-05, "build_adjacency": 0.0003986998926848173, "extract_features": 0.0011995001696050167, "map_labels": 0.00021059997379779816, "sanity_checks": 0.00016080006025731564, "total": 0.011348700150847435}}