{"part_id": "6-6-10-11-19", "timings_sec": {"read_step": 0.008879899978637695, "enumerate_faces": 2.659996971487999e-05, "build_adjacency": 0.0002796999178826809, "extract_features": 0.0011783998925238848, "map_labels": 0.0002006001304835081, "sanity_checks": 0.0001354999840259552, "total": 0.010700699873268604}}