{"part_id": "6-6-9-11-12-23", "timings_sec": {"read_step": 0.003912799991667271, "enumerate_faces": 2.350006252527237e-05, "build_adjacency": 0.0001338999718427658, "extract_features": 0.00047120009548962116, "map_labels": 0.0001759999431669712, "sanity_checks": 6.869994103908539e-05, "total": 0.004786100005730987}}