{"part_id": "6-6-8-10-19", "timings_sec": {"read_step": 0.006553799845278263, "enumerate_faces": 3.309990279376507e-05, "build_adjacency": 0.00023150001652538776, "extract_features": 0.0008886000141501427, "map_labels": 0.00022380007430911064, "sanity_checks": 0.00011030002497136593, "total": 0.008041099878028035}}