{"part_id": "6-6-8-9-19", "timings_sec": {"read_step": 0.0065194000490009785, "enumerate_faces": 2.6900088414549828e-05, "build_adjacency": 0.00020779995247721672, "extract_features": 0.0009544000495225191, "map_labels": 0.0002172000240534544, "sanity_checks": 0.00010560010559856892, "total": 0.008031300269067287}}