{"part_id": "6-6-10-13-13-23", "timings_sec": {"read_step": 0.008267599856480956, "enumerate_faces": 3.050011582672596e-05, "build_adjacency": 0.00024729990400373936, "extract_features": 0.0010291000362485647, "map_labels": 0.0002063000574707985, "sanity_checks": 0.00011889985762536526, "total": 0.00989969982765615}}