{"part_id": "6-6-6-13-19", "timings_sec": {"read_step": 0.00464050006121397, "enumerate_faces": 3.66999302059412e-05, "build_adjacency": 0.00023910007439553738, "extract_features": 0.0006063999608159065, "map_labels": 0.00019129994325339794, "sanity_checks": 7.979990914463997e-05, "total": 0.005793799879029393}}