{"part_id": "6-6-7-10-12-23", "timings_sec": {"read_step": 0.009222599910572171, "enumerate_faces": 2.8799986466765404e-05, "build_adjacency": 0.0002842000685632229, "extract_features": 0.001026500016450882, "map_labels": 0.0002038001548498869, "sanity_checks": 0.00013640010729432106, "total": 0.01090230024419725}}