{"part_id": "6-6-6-9-14-23", "timings_sec": {"read_step": 0.00716159981675446, "enumerate_faces": 2.71000899374485e-05, "build_adjacency": 0.00024390011094510555, "extract_features": 0.0009314001072198153, "map_labels": 0.0002188000362366438, "sanity_checks": 0.00012520002201199532, "total": 0.008708000183105469}}