{"part_id": "6-6-7-9-9-23", "timings_sec": {"read_step": 0.007485100068151951, "enumerate_faces": 2.54001934081316e-05, "build_adjacency": 0.0002570000942796469, "extract_features": 0.0009685999248176813, "map_labels": 0.0001914000604301691, "sanity_checks": 0.00012800004333257675, "total": 0.009055500384420156}}