{"part_id": "6-6-7-7-9-23", "timings_sec": {"read_step": 0.0077108999248594046, "enumerate_faces": 2.9799994081258774e-05, "build_adjacency": 0.00026570004411041737, "extract_features": 0.0011122000869363546, "map_labels": 0.0002071999479085207, "sanity_checks": 0.00013619987294077873, "total": 0.009461999870836735}}