{"part_id": "6-6-9-12-13-23", "timings_sec": {"read_step": 0.00899609993211925, "enumerate_faces": 3.820005804300308e-05, "build_adjacency": 0.0002850999590009451, "extract_features": 0.0010281000286340714, "map_labels": 0.00023369980044662952, "sanity_checks": 0.0001337002031505108, "total": 0.01071489998139441}}