{"part_id": "6-6-8-10-10-23", "timings_sec": {"read_step": 0.008622399996966124, "enumerate_faces": 3.1899893656373024e-05, "build_adjacency": 0.0002880999818444252, "extract_features": 0.0010274001397192478, "map_labels": 0.00022019981406629086, "sanity_checks": 0.00013479986228048801, "total": 0.010324799688532948}}