{"part_id": "6-6-8-10-13-23", "timings_sec": {"read_step": 0.012091699987649918, "enumerate_faces": 3.760005347430706e-05, "build_adjacency": 0.0004320000298321247, "extract_features": 0.0015801000408828259, "map_labels": 0.00027229986153542995, "sanity_checks": 0.00021190010011196136, "total": 0.014625600073486567}}