{"part_id": "6-6-6-11-12-23", "timings_sec": {"read_step": 0.009295199997723103, "enumerate_faces": 3.450014628469944e-05, "build_adjacency": 0.00031919986940920353, "extract_features": 0.001123799942433834, "map_labels": 0.0002685000654309988, "sanity_checks": 0.00014939997345209122, "total": 0.01119059999473393}}