{"part_id": "6-6-6-8-12-23", "timings_sec": {"read_step": 0.004992299946025014, "enumerate_faces": 2.950010821223259e-05, "build_adjacency": 0.00017570005729794502, "extract_features": 0.000600599916651845, "map_labels": 0.00021530012600123882, "sanity_checks": 8.730008266866207e-05, "total": 0.006100700236856937}}