{"part_id": "6-6-8-10-11-23", "timings_sec": {"read_step": 0.009357400005683303, "enumerate_faces": 4.1499966755509377e-05, "build_adjacency": 0.0005417999345809221, "extract_features": 0.0019024000503122807, "map_labels": 0.0003256998024880886, "sanity_checks": 0.00027510011568665504, "total": 0.012443899875506759}}