{"part_id": "6-6-11-13-14-23", "timings_sec": {"read_step": 0.011034199967980385, "enumerate_faces": 3.269989974796772e-05, "build_adjacency": 0.00023819995112717152, "extract_features": 0.0008232998661696911, "map_labels": 0.0002250999677926302, "sanity_checks": 0.00017710006795823574, "total": 0.012530599720776081}}