{"part_id": "6-6-6-13-13-23", "timings_sec": {"read_step": 0.0031229997985064983, "enumerate_faces": 2.6900088414549828e-05, "build_adjacency": 0.00011690007522702217, "extract_features": 0.0004197999369353056, "map_labels": 0.00019280007109045982, "sanity_checks": 6.079999729990959e-05, "total": 0.003940199967473745}}