{"part_id": "6-6-6-10-12-23", "timings_sec": {"read_step": 0.011481999885290861, "enumerate_faces": 3.900006413459778e-05, "build_adjacency": 0.00048099993728101254, "extract_features": 0.001663000090047717, "map_labels": 0.00026739994063973427, "sanity_checks": 0.00023799994960427284, "total": 0.014170399866998196}}