{"part_id": "6-6-6-11-13-23", "timings_sec": {"read_step": 0.008043800015002489, "enumerate_faces": 2.410006709396839e-05, "build_adjacency": 0.000269399955868721, "extract_features": 0.001003399956971407, "map_labels": 0.00018790015019476414, "sanity_checks": 0.0001284999307245016, "total": 0.009657100075855851}}