{"part_id": "6-6-7-10-13-23", "timings_sec": {"read_step": 0.0050230000633746386, "enumerate_faces": 2.3999949917197227e-05, "build_adjacency": 0.0001759000588208437, "extract_features": 0.0006406998727470636, "map_labels": 0.00018039997667074203, "sanity_checks": 8.539995178580284e-05, "total": 0.006129399873316288}}