{"part_id": "6-6-9-11-14-23", "timings_sec": {"read_step": 0.00794879999011755, "enumerate_faces": 3.0300114303827286e-05, "build_adjacency": 0.00025960011407732964, "extract_features": 0.0009827001485973597, "map_labels": 0.0002218999434262514, "sanity_checks": 0.00013100006617605686, "total": 0.009574300376698375}}