{"part_id": "6-6-8-14-19", "timings_sec": {"read_step": 0.00600489997304976, "enumerate_faces": 3.109988756477833e-05, "build_adjacency": 0.0002079999540001154, "extract_features": 0.0007428000681102276, "map_labels": 0.00020999996922910213, "sanity_checks": 9.700004011392593e-05, "total": 0.007293799892067909}}