{"part_id": "6-6-11-11-12-23", "timings_sec": {"read_step": 0.00862300000153482, "enumerate_faces": 3.520003519952297e-05, "build_adjacency": 0.0002804999239742756, "extract_features": 0.0010414000134915113, "map_labels": 0.0002202000468969345, "sanity_checks": 0.0001314000692218542, "total": 0.010331700090318918}}