{"part_id": "6-6-6-8-8-23", "timings_sec": {"read_step": 0.00476350006647408, "enumerate_faces": 2.8899870812892914e-05, "build_adjacency": 0.0002360998187214136, "extract_features": 0.0008932999335229397, "map_labels": 0.00021059997379779816, "sanity_checks": 8.150003850460052e-05, "total": 0.006213899701833725}}