{"part_id": "6-6-10-12-14-23", "timings_sec": {"read_step": 0.009388000005856156, "enumerate_faces": 2.8799986466765404e-05, "build_adjacency": 0.0002951999194920063, "extract_features": 0.0010677000973373652, "map_labels": 0.00020839995704591274, "sanity_checks": 0.00013409997336566448, "total": 0.01112219993956387}}