{"part_id": "6-6-8-12-19", "timings_sec": {"read_step": 0.006184300174936652, "enumerate_faces": 2.4999957531690598e-05, "build_adjacency": 0.0002125001046806574, "extract_features": 0.0008152998052537441, "map_labels": 0.000219699926674366, "sanity_checks": 0.00016859988681972027, "total": 0.0076253998558968306}}