{"part_id": "6-6-7-7-13-23", "timings_sec": {"read_step": 0.007060600211843848, "enumerate_faces": 3.3400021493434906e-05, "build_adjacency": 0.00022479984909296036, "extract_features": 0.0008072999771684408, "map_labels": 0.00021990016102790833, "sanity_checks": 0.00011170003563165665, "total": 0.00845770025625825}}