{"part_id": "6-6-6-7-12-23", "timings_sec": {"read_step": 0.006775000132620335, "enumerate_faces": 2.9999995604157448e-05, "build_adjacency": 0.00022849999368190765, "extract_features": 0.0010678002145141363, "map_labels": 0.0002047999296337366, "sanity_checks": 0.00010540010407567024, "total": 0.008411500370129943}}