{"part_id": "6-6-6-11-14-23", "timings_sec": {"read_step": 0.008280999958515167, "enumerate_faces": 2.629985101521015e-05, "build_adjacency": 0.000313800061121583, "extract_features": 0.0011174001265317202, "map_labels": 0.00021159998141229153, "sanity_checks": 0.0001330999657511711, "total": 0.010083199944347143}}