{"part_id": "6-6-8-11-11-23", "timings_sec": {"read_step": 0.010652899974957108, "enumerate_faces": 4.8900023102760315e-05, "build_adjacency": 0.0006146999076008797, "extract_features": 0.0022217000368982553, "map_labels": 0.0003246001433581114, "sanity_checks": 0.0003043001051992178, "total": 0.014167100191116333}}