{"part_id": "6-6-6-8-10-23", "timings_sec": {"read_step": 0.005594999995082617, "enumerate_faces": 2.810009755194187e-05, "build_adjacency": 0.00026439991779625416, "extract_features": 0.0010138999205082655, "map_labels": 0.0002484000287950039, "sanity_checks": 0.00017359992489218712, "total": 0.007323399884626269}}