{"part_id": "6-6-10-11-13-23", "timings_sec": {"read_step": 0.008898800006136298, "enumerate_faces": 3.2400013878941536e-05, "build_adjacency": 0.0003104000352323055, "extract_features": 0.001149799907580018, "map_labels": 0.0002194000408053398, "sanity_checks": 0.00014779996126890182, "total": 0.010758599964901805}}