{"part_id": "6-6-7-7-10-23", "timings_sec": {"read_step": 0.00598099990747869, "enumerate_faces": 4.109996370971203e-05, "build_adjacency": 0.0002834999468177557, "extract_features": 0.001095399959012866, "map_labels": 0.0002615998964756727, "sanity_checks": 0.0001308000646531582, "total": 0.007793399738147855}}