{"part_id": "6-6-8-11-12-23", "timings_sec": {"read_step": 0.01241770014166832, "enumerate_faces": 4.349998198449612e-05, "build_adjacency": 0.00038829981349408627, "extract_features": 0.0011215999256819487, "map_labels": 0.0002319000195711851, "sanity_checks": 0.00014479993842542171, "total": 0.014347799820825458}}