{"part_id": "6-6-8-9-10-23", "timings_sec": {"read_step": 0.006302400026470423, "enumerate_faces": 2.9399991035461426e-05, "build_adjacency": 0.0002084001898765564, "extract_features": 0.0007748000789433718, "map_labels": 0.00021870015189051628, "sanity_checks": 0.00010599987581372261, "total": 0.007639700314030051}}