{"part_id": "6-6-14-14-14-23", "timings_sec": {"read_step": 0.00391109986230731, "enumerate_faces": 2.5300076231360435e-05, "build_adjacency": 0.00014580017887055874, "extract_features": 0.0004964999388903379, "map_labels": 0.0001745999325066805, "sanity_checks": 6.800005212426186e-05, "total": 0.00482130004093051}}