{"part_id": "6-6-7-10-11-23", "timings_sec": {"read_step": 0.01004229998216033, "enumerate_faces": 3.1700124964118004e-05, "build_adjacency": 0.0003162000793963671, "extract_features": 0.0016035998705774546, "map_labels": 0.0002640997990965843, "sanity_checks": 0.00020439992658793926, "total": 0.012462299782782793}}