{"part_id": "6-6-9-9-12-23", "timings_sec": {"read_step": 0.007506099995225668, "enumerate_faces": 4.369998350739479e-05, "build_adjacency": 0.0002669999375939369, "extract_features": 0.0011563999578356743, "map_labels": 0.0002896999940276146, "sanity_checks": 0.00013129995204508305, "total": 0.009394199820235372}}