{"part_id": "6-6-7-13-19", "timings_sec": {"read_step": 0.0052812001667916775, "enumerate_faces": 3.100000321865082e-05, "build_adjacency": 0.00018940004520118237, "extract_features": 0.0006506000645458698, "map_labels": 0.00025120005011558533, "sanity_checks": 0.00013749999925494194, "total": 0.006540900329127908}}