{"part_id": "6-6-6-7-11-23", "timings_sec": {"read_step": 0.00824510003440082, "enumerate_faces": 3.160000778734684e-05, "build_adjacency": 0.0002674001734703779, "extract_features": 0.0010992998722940683, "map_labels": 0.00030790013261139393, "sanity_checks": 0.00012569990940392017, "total": 0.010077000129967928}}