{"part_id": "6-6-9-9-9-23", "timings_sec": {"read_step": 0.00523399980738759, "enumerate_faces": 2.5999965146183968e-05, "build_adjacency": 0.00017830007709562778, "extract_features": 0.0006838999688625336, "map_labels": 0.00017910008318722248, "sanity_checks": 9.189988486468792e-05, "total": 0.006393199786543846}}