{"part_id": "6-6-8-11-13-23", "timings_sec": {"read_step": 0.007430100115016103, "enumerate_faces": 2.4600187316536903e-05, "build_adjacency": 0.0002470999024808407, "extract_features": 0.001069399993866682, "map_labels": 0.00022300006821751595, "sanity_checks": 0.00012749992311000824, "total": 0.009121700190007687}}