{"part_id": "6-6-9-9-11-23", "timings_sec": {"read_step": 0.01332999998703599, "enumerate_faces": 3.9400067180395126e-05, "build_adjacency": 0.00040220003575086594, "extract_features": 0.0017383999656885862, "map_labels": 0.00029409979470074177, "sanity_checks": 0.00023199990391731262, "total": 0.01603609975427389}}