{"part_id": "6-6-7-11-14-23", "timings_sec": {"read_step": 0.007652200059965253, "enumerate_faces": 2.3700064048171043e-05, "build_adjacency": 0.00024569989182054996, "extract_features": 0.0009383000433444977, "map_labels": 0.00019129994325339794, "sanity_checks": 0.00012260000221431255, "total": 0.009173800004646182}}