{"part_id": "6-6-6-10-10-23", "timings_sec": {"read_step": 0.003948899917304516, "enumerate_faces": 2.5799963623285294e-05, "build_adjacency": 0.0001400001347064972, "extract_features": 0.0005143999587744474, "map_labels": 0.00018789991736412048, "sanity_checks": 7.560010999441147e-05, "total": 0.004892600001767278}}