{"part_id": "6-6-10-10-14-23", "timings_sec": {"read_step": 0.008717000018805265, "enumerate_faces": 3.50000336766243e-05, "build_adjacency": 0.0003011999651789665, "extract_features": 0.0010871000122278929, "map_labels": 0.00022360007278621197, "sanity_checks": 0.00014240015298128128, "total": 0.010506300255656242}}