{"part_id": "6-6-7-14-19", "timings_sec": {"read_step": 0.004432499874383211, "enumerate_faces": 3.0700117349624634e-05, "build_adjacency": 0.00015540001913905144, "extract_features": 0.0006024998147040606, "map_labels": 0.0002492999192327261, "sanity_checks": 0.00012280000373721123, "total": 0.005593199748545885}}