{"part_id": "6-6-6-11-11-23", "timings_sec": {"read_step": 0.009641499957069755, "enumerate_faces": 3.320001997053623e-05, "build_adjacency": 0.0003347001038491726, "extract_features": 0.0013872000854462385, "map_labels": 0.00022990000434219837, "sanity_checks": 0.00015740003436803818, "total": 0.011783900205045938}}