{"part_id": "6-6-13-13-14-23", "timings_sec": {"read_step": 0.007474099984392524, "enumerate_faces": 2.66998540610075e-05, "build_adjacency": 0.0002804000396281481, "extract_features": 0.0009840999264270067, "map_labels": 0.0002177001442760229, "sanity_checks": 0.0001401000190526247, "total": 0.009123099967837334}}