{"part_id": "6-6-9-9-13-23", "timings_sec": {"read_step": 0.010098300175741315, "enumerate_faces": 4.009995609521866e-05, "build_adjacency": 0.0002592001110315323, "extract_features": 0.001134500140324235, "map_labels": 0.00023490004241466522, "sanity_checks": 0.00012480001896619797, "total": 0.011891800444573164}}