{"part_id": "6-6-11-12-14-23", "timings_sec": {"read_step": 0.007706099888309836, "enumerate_faces": 2.8700102120637894e-05, "build_adjacency": 0.00033510010689496994, "extract_features": 0.0010088998824357986, "map_labels": 0.0002172999083995819, "sanity_checks": 0.0001371998805552721, "total": 0.009433299768716097}}