{"part_id": "6-6-10-10-10-23", "timings_sec": {"read_step": 0.0038292999379336834, "enumerate_faces": 2.1200161427259445e-05, "build_adjacency": 0.0001362999901175499, "extract_features": 0.0005013998597860336, "map_labels": 0.00017889984883368015, "sanity_checks": 6.940006278455257e-05, "total": 0.004736499860882759}}