{"part_id": "6-6-11-13-19", "timings_sec": {"read_step": 0.011856900062412024, "enumerate_faces": 3.3899908885359764e-05, "build_adjacency": 0.0003722000401467085, "extract_features": 0.0017854999750852585, "map_labels": 0.00026430003345012665, "sanity_checks": 0.00021610013209283352, "total": 0.01452890015207231}}