{"part_id": "6-6-9-19", "timings_sec": {"read_step": 0.008176499977707863, "enumerate_faces": 4.620011895895004e-05, "build_adjacency": 0.0002791001461446285, "extract_features": 0.002157100010663271, "map_labels": 0.0022793998941779137, "sanity_checks": 0.0001509999856352806, "total": 0.013089300133287907}}