{"part_id": "6-6-10-10-12-23", "timings_sec": {"read_step": 0.008755600079894066, "enumerate_faces": 2.3900065571069717e-05, "build_adjacency": 0.000291300006210804, "extract_features": 0.0010825998615473509, "map_labels": 0.00023539992980659008, "sanity_checks": 0.00017579994164407253, "total": 0.010564599884673953}}