{"part_id": "6-6-6-12-12-23", "timings_sec": {"read_step": 0.00777989998459816, "enumerate_faces": 2.8399983420968056e-05, "build_adjacency": 0.0003828001208603382, "extract_features": 0.0012668000999838114, "map_labels": 0.0002413000911474228, "sanity_checks": 0.00012669991701841354, "total": 0.009825900197029114}}