{"part_id": "6-6-10-14-14-23", "timings_sec": {"read_step": 0.008274999912828207, "enumerate_faces": 3.120000474154949e-05, "build_adjacency": 0.0002802000381052494, "extract_features": 0.0014776999596506357, "map_labels": 0.000250399811193347, "sanity_checks": 0.00019910000264644623, "total": 0.010513599729165435}}