{"part_id": "6-6-11-11-13-23", "timings_sec": {"read_step": 0.009687599958851933, "enumerate_faces": 3.200001083314419e-05, "build_adjacency": 0.0004220998380333185, "extract_features": 0.0012926999479532242, "map_labels": 0.00025919987820088863, "sanity_checks": 0.00017460016533732414, "total": 0.011868199799209833}}