{"part_id": "6-6-6-19", "timings_sec": {"read_step": 0.004697300028055906, "enumerate_faces": 2.059992402791977e-05, "build_adjacency": 0.0001596000511199236, "extract_features": 0.0005646999925374985, "map_labels": 0.00017429981380701065, "sanity_checks": 7.970002479851246e-05, "total": 0.005696199834346771}}