{"part_id": "6-6-9-10-13-23", "timings_sec": {"read_step": 0.003873000154271722, "enumerate_faces": 2.1999934688210487e-05, "build_adjacency": 0.00013509998098015785, "extract_features": 0.0006300001405179501, "map_labels": 0.00024770013988018036, "sanity_checks": 0.00010130018927156925, "total": 0.00500910053960979}}