{"part_id": "6-7-9-11-11-23", "timings_sec": {"read_step": 0.011735000181943178, "enumerate_faces": 3.610015846788883e-05, "build_adjacency": 0.00048809987492859364, "extract_features": 0.001380300149321556, "map_labels": 0.00023339991457760334, "sanity_checks": 0.0001775999553501606, "total": 0.01405050023458898}}