{"part_id": "6-7-11-12-14-23", "timings_sec": {"read_step": 0.010226499987766147, "enumerate_faces": 3.569992259144783e-05, "build_adjacency": 0.00033900002017617226, "extract_features": 0.001243300037458539, "map_labels": 0.000228899996727705, "sanity_checks": 0.00015680002979934216, "total": 0.012230199994519353}}