{"part_id": "6-7-10-10-11-23", "timings_sec": {"read_step": 0.010874199913814664, "enumerate_faces": 3.4700147807598114e-05, "build_adjacency": 0.00035370001569390297, "extract_features": 0.0013037999160587788, "map_labels": 0.00023170001804828644, "sanity_checks": 0.00017070001922547817, "total": 0.012968800030648708}}