{"part_id": "6-7-11-14-14-23", "timings_sec": {"read_step": 0.009341299999505281, "enumerate_faces": 2.71000899374485e-05, "build_adjacency": 0.0003400000277906656, "extract_features": 0.0013240999542176723, "map_labels": 0.0002337999176234007, "sanity_checks": 0.00017610006034374237, "total": 0.011442400049418211}}