{"part_id": "6-7-10-10-10-23", "timings_sec": {"read_step": 0.00805519986897707, "enumerate_faces": 3.1899893656373024e-05, "build_adjacency": 0.0002731001004576683, "extract_features": 0.001061100047081709, "map_labels": 0.00023330003023147583, "sanity_checks": 0.00012969993986189365, "total": 0.00978429988026619}}