{"part_id": "6-7-8-10-13-23", "timings_sec": {"read_step": 0.005268399836495519, "enumerate_faces": 2.850010059773922e-05, "build_adjacency": 0.0002313998993486166, "extract_features": 0.0006667000707238913, "map_labels": 0.0002196000423282385, "sanity_checks": 9.300000965595245e-05, "total": 0.006507599959149957}}