{"part_id": "6-7-8-13-13-23", "timings_sec": {"read_step": 0.004873699974268675, "enumerate_faces": 2.41999514400959e-05, "build_adjacency": 0.00018069986253976822, "extract_features": 0.0007886998355388641, "map_labels": 0.00021490012295544147, "sanity_checks": 8.830009028315544e-05, "total": 0.006170499837026}}