{"part_id": "6-7-7-11-14-23", "timings_sec": {"read_step": 0.009059799835085869, "enumerate_faces": 3.96000687032938e-05, "build_adjacency": 0.0004841000773012638, "extract_features": 0.0011888998560607433, "map_labels": 0.00021110009402036667, "sanity_checks": 0.00013940013013780117, "total": 0.011122900061309338}}