{"part_id": "6-7-7-14-19", "timings_sec": {"read_step": 0.004410499939695001, "enumerate_faces": 2.529984340071678e-05, "build_adjacency": 0.00021409988403320312, "extract_features": 0.000579299870878458, "map_labels": 0.00018039997667074203, "sanity_checks": 7.470021955668926e-05, "total": 0.00548429973423481}}