{"part_id": "6-7-7-9-14-23", "timings_sec": {"read_step": 0.006929399911314249, "enumerate_faces": 2.8499867767095566e-05, "build_adjacency": 0.0002327000256627798, "extract_features": 0.0008549999911338091, "map_labels": 0.00019919988699257374, "sanity_checks": 0.00011450005695223808, "total": 0.008359299739822745}}