{"part_id": "6-7-11-11-11-23", "timings_sec": {"read_step": 0.012086299946531653, "enumerate_faces": 2.9999995604157448e-05, "build_adjacency": 0.00040140002965927124, "extract_features": 0.0019597001373767853, "map_labels": 0.00030899979174137115, "sanity_checks": 0.000251400051638484, "total": 0.015037799952551723}}