{"part_id": "6-7-8-8-10-23", "timings_sec": {"read_step": 0.006338699953630567, "enumerate_faces": 3.090011887252331e-05, "build_adjacency": 0.0002109999768435955, "extract_features": 0.000794700114056468, "map_labels": 0.00021319999359548092, "sanity_checks": 0.00010309997014701366, "total": 0.007691600127145648}}