{"part_id": "6-7-11-12-12-23", "timings_sec": {"read_step": 0.01203939993865788, "enumerate_faces": 3.1999778002500534e-05, "build_adjacency": 0.0003396999090909958, "extract_features": 0.001243300037458539, "map_labels": 0.0002163001336157322, "sanity_checks": 0.00016870000399649143, "total": 0.014039399800822139}}