{"part_id": "6-7-7-10-19", "timings_sec": {"read_step": 0.009789299918338656, "enumerate_faces": 3.0300114303827286e-05, "build_adjacency": 0.00036990013904869556, "extract_features": 0.0013304001186043024, "map_labels": 0.00022879987955093384, "sanity_checks": 0.00018580001778900623, "total": 0.011934500187635422}}