{"part_id": "6-7-8-13-19", "timings_sec": {"read_step": 0.005674900021404028, "enumerate_faces": 2.1799933165311813e-05, "build_adjacency": 0.000197199871763587, "extract_features": 0.0007301000878214836, "map_labels": 0.00018030009232461452, "sanity_checks": 9.860005229711533e-05, "total": 0.00690290005877614}}