{"part_id": "6-7-7-8-19", "timings_sec": {"read_step": 0.005672600120306015, "enumerate_faces": 2.4600187316536903e-05, "build_adjacency": 0.00019070017151534557, "extract_features": 0.0006818999536335468, "map_labels": 0.00020279991440474987, "sanity_checks": 9.599979966878891e-05, "total": 0.006868600146844983}}