{"part_id": "6-7-10-11-11-23", "timings_sec": {"read_step": 0.012990999966859818, "enumerate_faces": 3.4899916499853134e-05, "build_adjacency": 0.00037720007821917534, "extract_features": 0.001551999943330884, "map_labels": 0.00023179990239441395, "sanity_checks": 0.00018829992040991783, "total": 0.015375199727714062}}