{"part_id": "6-7-10-11-19", "timings_sec": {"read_step": 0.008678300073370337, "enumerate_faces": 2.8300099074840546e-05, "build_adjacency": 0.00042339996434748173, "extract_features": 0.0012833999935537577, "map_labels": 0.0002590999938547611, "sanity_checks": 0.00015360000543296337, "total": 0.010826100129634142}}