{"part_id": "6-7-8-9-14-23", "timings_sec": {"read_step": 0.008060999913141131, "enumerate_faces": 3.3499905839562416e-05, "build_adjacency": 0.00022860011085867882, "extract_features": 0.0008368999697268009, "map_labels": 0.0002218000590801239, "sanity_checks": 0.00011180015280842781, "total": 0.009493600111454725}}