{"part_id": "6-7-8-9-13-23", "timings_sec": {"read_step": 0.005553300026804209, "enumerate_faces": 2.5499844923615456e-05, "build_adjacency": 0.00018820003606379032, "extract_features": 0.0007450999692082405, "map_labels": 0.00018250010907649994, "sanity_checks": 9.600003249943256e-05, "total": 0.0067906000185757875}}