{"part_id": "6-7-8-10-10-23", "timings_sec": {"read_step": 0.008395700016990304, "enumerate_faces": 2.8499867767095566e-05, "build_adjacency": 0.00028309994377195835, "extract_features": 0.0012876000255346298, "map_labels": 0.00023300014436244965, "sanity_checks": 0.00014060013927519321, "total": 0.01036850013770163}}