{"part_id": "6-7-11-12-19", "timings_sec": {"read_step": 0.00958449998870492, "enumerate_faces": 3.1899893656373024e-05, "build_adjacency": 0.00029390002600848675, "extract_features": 0.0010648001916706562, "map_labels": 0.00022160005755722523, "sanity_checks": 0.00013599987141788006, "total": 0.011332700029015541}}