{"part_id": "6-7-8-9-10-23", "timings_sec": {"read_step": 0.00802000006660819, "enumerate_faces": 2.440018579363823e-05, "build_adjacency": 0.00026819994673132896, "extract_features": 0.0010287000332027674, "map_labels": 0.00028440007008612156, "sanity_checks": 0.00020360015332698822, "total": 0.009829300455749035}}