{"part_id": "6-7-9-9-9-23", "timings_sec": {"read_step": 0.008552999934181571, "enumerate_faces": 3.060000017285347e-05, "build_adjacency": 0.00027730013243854046, "extract_features": 0.0012002999428659678, "map_labels": 0.00021500000730156898, "sanity_checks": 0.00014350004494190216, "total": 0.010419700061902404}}