{"part_id": "6-7-9-10-19", "timings_sec": {"read_step": 0.007355100009590387, "enumerate_faces": 3.469991497695446e-05, "build_adjacency": 0.0002874999772757292, "extract_features": 0.0010587000288069248, "map_labels": 0.00021680002100765705, "sanity_checks": 0.00012490013614296913, "total": 0.009077700087800622}}