{"part_id": "6-7-10-14-14-23", "timings_sec": {"read_step": 0.007532699964940548, "enumerate_faces": 3.820005804300308e-05, "build_adjacency": 0.00038109999150037766, "extract_features": 0.0009274000767618418, "map_labels": 0.0002204999327659607, "sanity_checks": 0.00012119999155402184, "total": 0.009221100015565753}}