{"part_id": "6-7-7-8-11-23", "timings_sec": {"read_step": 0.008677899837493896, "enumerate_faces": 2.3900065571069717e-05, "build_adjacency": 0.0002989000640809536, "extract_features": 0.0012424001470208168, "map_labels": 0.00020750006660819054, "sanity_checks": 0.0001431000418961048, "total": 0.010593700222671032}}