{"part_id": "6-7-8-10-11-23", "timings_sec": {"read_step": 0.009171599987894297, "enumerate_faces": 2.759997732937336e-05, "build_adjacency": 0.0004425998777151108, "extract_features": 0.0011708999518305063, "map_labels": 0.00020679994486272335, "sanity_checks": 0.00015059998258948326, "total": 0.011170099722221494}}