{"part_id": "6-7-8-14-19", "timings_sec": {"read_step": 0.0061916999984532595, "enumerate_faces": 2.5399960577487946e-05, "build_adjacency": 0.0003511998802423477, "extract_features": 0.0008686000946909189, "map_labels": 0.00021279999054968357, "sanity_checks": 0.00010730000212788582, "total": 0.0077569999266415834}}