{"part_id": "6-7-8-8-12-23", "timings_sec": {"read_step": 0.008159400196745992, "enumerate_faces": 3.120000474154949e-05, "build_adjacency": 0.00027459999546408653, "extract_features": 0.0010645000729709864, "map_labels": 0.00022849999368190765, "sanity_checks": 0.00012149987742304802, "total": 0.00987970014102757}}