{"part_id": "6-7-8-11-14-23", "timings_sec": {"read_step": 0.006288500037044287, "enumerate_faces": 2.3999949917197227e-05, "build_adjacency": 0.00021249987185001373, "extract_features": 0.0008623998146504164, "map_labels": 0.0001927001867443323, "sanity_checks": 0.0001083998940885067, "total": 0.007688499754294753}}