{"part_id": "6-7-8-8-11-23", "timings_sec": {"read_step": 0.007472699973732233, "enumerate_faces": 2.5399960577487946e-05, "build_adjacency": 0.00025200005620718, "extract_features": 0.0009301002137362957, "map_labels": 0.00018969993107020855, "sanity_checks": 0.00012869993224740028, "total": 0.008998600067570806}}