{"part_id": "6-7-7-9-9-23", "timings_sec": {"read_step": 0.005529999965801835, "enumerate_faces": 2.7799978852272034e-05, "build_adjacency": 0.00019940012134611607, "extract_features": 0.0008630999363958836, "map_labels": 0.00019940012134611607, "sanity_checks": 9.799981489777565e-05, "total": 0.0069176999386399984}}