{"part_id": "6-7-9-11-14-23", "timings_sec": {"read_step": 0.010981899918988347, "enumerate_faces": 3.4800032153725624e-05, "build_adjacency": 0.0003193998709321022, "extract_features": 0.0011979998089373112, "map_labels": 0.0002305000089108944, "sanity_checks": 0.0001580999232828617, "total": 0.012922699563205242}}