{"part_id": "6-7-10-11-13-23", "timings_sec": {"read_step": 0.013263100059702992, "enumerate_faces": 3.7800054997205734e-05, "build_adjacency": 0.0003223998937755823, "extract_features": 0.0011857999488711357, "map_labels": 0.00023959996178746223, "sanity_checks": 0.0002636001445353031, "total": 0.015312300063669682}}