{"part_id": "6-7-9-10-13-23", "timings_sec": {"read_step": 0.008112500188872218, "enumerate_faces": 3.620004281401634e-05, "build_adjacency": 0.0003128000535070896, "extract_features": 0.0012159000616520643, "map_labels": 0.00022860011085867882, "sanity_checks": 0.00013970001600682735, "total": 0.010045700473710895}}