{"part_id": "6-7-7-8-9-23", "timings_sec": {"read_step": 0.007499700179323554, "enumerate_faces": 2.9900111258029938e-05, "build_adjacency": 0.00026839994825422764, "extract_features": 0.0009919998701661825, "map_labels": 0.00021600001491606236, "sanity_checks": 0.0001292000524699688, "total": 0.009135200176388025}}