{"part_id": "6-7-9-10-11-23", "timings_sec": {"read_step": 0.01477859984152019, "enumerate_faces": 3.809994086623192e-05, "build_adjacency": 0.00034440006129443645, "extract_features": 0.0014146999455988407, "map_labels": 0.0002313998993486166, "sanity_checks": 0.0001667998731136322, "total": 0.016973999561741948}}