{"part_id": "6-7-7-10-12-23", "timings_sec": {"read_step": 0.0075304999481886625, "enumerate_faces": 2.6999972760677338e-05, "build_adjacency": 0.00024239998310804367, "extract_features": 0.0009030001237988472, "map_labels": 0.0002038001548498869, "sanity_checks": 0.00011669984087347984, "total": 0.009023400023579597}}