{"part_id": "6-7-9-9-12-23", "timings_sec": {"read_step": 0.007214199984446168, "enumerate_faces": 2.5300076231360435e-05, "build_adjacency": 0.00023930007591843605, "extract_features": 0.0009019998833537102, "map_labels": 0.00019289995543658733, "sanity_checks": 0.00011870008893311024, "total": 0.008692400064319372}}