{"part_id": "6-7-10-10-13-23", "timings_sec": {"read_step": 0.005967799806967378, "enumerate_faces": 2.619996666908264e-05, "build_adjacency": 0.00020240014418959618, "extract_features": 0.0007600998505949974, "map_labels": 0.00018620002083480358, "sanity_checks": 0.00010240008123219013, "total": 0.007245099870488048}}