{"part_id": "6-7-7-11-12-23", "timings_sec": {"read_step": 0.009704000083729625, "enumerate_faces": 2.9899878427386284e-05, "build_adjacency": 0.00032739993184804916, "extract_features": 0.0012091000098735094, "map_labels": 0.00020619994029402733, "sanity_checks": 0.00015159999020397663, "total": 0.011628199834376574}}