{"part_id": "6-7-7-10-13-23", "timings_sec": {"read_step": 0.007302700076252222, "enumerate_faces": 3.300001844763756e-05, "build_adjacency": 0.0002470000181347132, "extract_features": 0.0009159999899566174, "map_labels": 0.00021520000882446766, "sanity_checks": 0.00011870008893311024, "total": 0.008832600200548768}}