{"part_id": "6-7-10-19", "timings_sec": {"read_step": 0.006166099803522229, "enumerate_faces": 3.709993325173855e-05, "build_adjacency": 0.00024880003184080124, "extract_features": 0.0007972999010235071, "map_labels": 0.00022909999825060368, "sanity_checks": 0.00011809985153377056, "total": 0.00759649951942265}}