{"part_id": "6-7-9-11-19", "timings_sec": {"read_step": 0.008040300104767084, "enumerate_faces": 2.619996666908264e-05, "build_adjacency": 0.00026720017194747925, "extract_features": 0.0010343999601900578, "map_labels": 0.00019289995543658733, "sanity_checks": 0.00013410020619630814, "total": 0.0096951003652066}}