{"part_id": "6-7-8-9-12-23", "timings_sec": {"read_step": 0.008185300044715405, "enumerate_faces": 3.20998951792717e-05, "build_adjacency": 0.00027689989656209946, "extract_features": 0.0010136999189853668, "map_labels": 0.00022449996322393417, "sanity_checks": 0.00013240007683634758, "total": 0.009864899795502424}}