{"part_id": "6-7-12-13-13-23", "timings_sec": {"read_step": 0.007811199873685837, "enumerate_faces": 2.71000899374485e-05, "build_adjacency": 0.00026279990561306477, "extract_features": 0.0009342001285403967, "map_labels": 0.00019349996000528336, "sanity_checks": 0.00011739996261894703, "total": 0.009346199920400977}}