{"part_id": "6-7-8-8-9-23", "timings_sec": {"read_step": 0.007406800054013729, "enumerate_faces": 3.0099879950284958e-05, "build_adjacency": 0.0002617998979985714, "extract_features": 0.0009331998880952597, "map_labels": 0.00021820003166794777, "sanity_checks": 0.00011810008436441422, "total": 0.008968199836090207}}