{"part_id": "6-7-11-11-19", "timings_sec": {"read_step": 0.009772400138899684, "enumerate_faces": 2.95999925583601e-05, "build_adjacency": 0.0003122999332845211, "extract_features": 0.0011801000218838453, "map_labels": 0.00021530012600123882, "sanity_checks": 0.00016060005873441696, "total": 0.011670300271362066}}