{"part_id": "6-7-11-14-19", "timings_sec": {"read_step": 0.006891199853271246, "enumerate_faces": 2.5499844923615456e-05, "build_adjacency": 0.00023170001804828644, "extract_features": 0.0008654999546706676, "map_labels": 0.00020079989917576313, "sanity_checks": 0.00019660010002553463, "total": 0.008411299670115113}}