{"part_id": "6-7-8-8-13-23", "timings_sec": {"read_step": 0.0061039000283926725, "enumerate_faces": 2.7999980375170708e-05, "build_adjacency": 0.00022959988564252853, "extract_features": 0.0009329000022262335, "map_labels": 0.00023819995112717152, "sanity_checks": 0.00013599987141788006, "total": 0.007668599719181657}}