{"part_id": "6-7-10-10-14-23", "timings_sec": {"read_step": 0.010999299818649888, "enumerate_faces": 4.100007936358452e-05, "build_adjacency": 0.0003823998849838972, "extract_features": 0.0010192999616265297, "map_labels": 0.00023170001804828644, "sanity_checks": 0.00013100006617605686, "total": 0.012804699828848243}}