{"part_id": "6-7-14-14-19", "timings_sec": {"read_step": 0.006832899991422892, "enumerate_faces": 3.1400006264448166e-05, "build_adjacency": 0.00023770006373524666, "extract_features": 0.0008421000093221664, "map_labels": 0.000210900092497468, "sanity_checks": 0.00011159991845488548, "total": 0.008266600081697106}}