{"part_id": "6-7-11-11-13-23", "timings_sec": {"read_step": 0.010264500044286251, "enumerate_faces": 2.8099864721298218e-05, "build_adjacency": 0.0003353999927639961, "extract_features": 0.0013611000031232834, "map_labels": 0.00022060004994273186, "sanity_checks": 0.0001666999887675047, "total": 0.012376399943605065}}