{"part_id": "6-7-8-9-11-23", "timings_sec": {"read_step": 0.005052200052887201, "enumerate_faces": 2.519995905458927e-05, "build_adjacency": 0.00017470004968345165, "extract_features": 0.0006464000325649977, "map_labels": 0.00020319991745054722, "sanity_checks": 0.00014490005560219288, "total": 0.00624660006724298}}