{"part_id": "6-7-9-10-10-23", "timings_sec": {"read_step": 0.007410799851641059, "enumerate_faces": 2.9299873858690262e-05, "build_adjacency": 0.00024560000747442245, "extract_features": 0.0009310999885201454, "map_labels": 0.00021389988251030445, "sanity_checks": 0.00012410013005137444, "total": 0.008954799734055996}}