{"part_id": "6-7-9-12-14-23", "timings_sec": {"read_step": 0.007334999972954392, "enumerate_faces": 3.290013410151005e-05, "build_adjacency": 0.0002786999102681875, "extract_features": 0.0011184001341462135, "map_labels": 0.00021629990078508854, "sanity_checks": 0.00014530005864799023, "total": 0.009126600110903382}}