{"part_id": "6-7-9-10-12-23", "timings_sec": {"read_step": 0.009328899905085564, "enumerate_faces": 3.329990431666374e-05, "build_adjacency": 0.0003076998982578516, "extract_features": 0.0012513999827206135, "map_labels": 0.00022409996017813683, "sanity_checks": 0.00015460001304745674, "total": 0.011299999663606286}}