{"part_id": "6-7-8-9-9-23", "timings_sec": {"read_step": 0.008113200077787042, "enumerate_faces": 3.6800047382712364e-05, "build_adjacency": 0.0004150001332163811, "extract_features": 0.0011851999443024397, "map_labels": 0.0020849001593887806, "sanity_checks": 0.00013449997641146183, "total": 0.011969600338488817}}