{"part_id": "6-7-11-13-14-23", "timings_sec": {"read_step": 0.008750500157475471, "enumerate_faces": 2.6300083845853806e-05, "build_adjacency": 0.00029489980079233646, "extract_features": 0.0012401998974382877, "map_labels": 0.00018889992497861385, "sanity_checks": 0.00014389981515705585, "total": 0.01064469967968762}}