{"part_id": "6-8-10-10-10-23", "timings_sec": {"read_step": 0.007509900024160743, "enumerate_faces": 2.4700071662664413e-05, "build_adjacency": 0.00023610005155205727, "extract_features": 0.0013482999056577682, "map_labels": 0.00021450011990964413, "sanity_checks": 0.00013159983791410923, "total": 0.009465100010856986}}