{"part_id": "6-8-8-11-14-23", "timings_sec": {"read_step": 0.009749599965289235, "enumerate_faces": 3.520003519952297e-05, "build_adjacency": 0.00030640000477433205, "extract_features": 0.0010770000517368317, "map_labels": 0.0002204999327659607, "sanity_checks": 0.00014410004951059818, "total": 0.01153280003927648}}