{"part_id": "6-8-11-13-19", "timings_sec": {"read_step": 0.007392599945887923, "enumerate_faces": 4.469999112188816e-05, "build_adjacency": 0.0003371001221239567, "extract_features": 0.0009555001743137836, "map_labels": 0.00025919987820088863, "sanity_checks": 0.00012560002505779266, "total": 0.009114700136706233}}