{"part_id": "6-8-8-14-14-23", "timings_sec": {"read_step": 0.008864300092682242, "enumerate_faces": 2.619996666908264e-05, "build_adjacency": 0.00024409987963736057, "extract_features": 0.0010226001031696796, "map_labels": 0.00019329995848238468, "sanity_checks": 0.00012470013462007046, "total": 0.01047520013526082}}