{"part_id": "6-8-12-14-14-23", "timings_sec": {"read_step": 0.00756710022687912, "enumerate_faces": 2.3600179702043533e-05, "build_adjacency": 0.00036399997770786285, "extract_features": 0.0012988001108169556, "map_labels": 0.00023910007439553738, "sanity_checks": 0.00012720003724098206, "total": 0.009619800606742501}}