{"part_id": "6-8-9-9-14-23", "timings_sec": {"read_step": 0.008335900027304888, "enumerate_faces": 4.019984044134617e-05, "build_adjacency": 0.0002832000609487295, "extract_features": 0.0010314998216927052, "map_labels": 0.00028639985248446465, "sanity_checks": 0.00013890000991523266, "total": 0.010116099612787366}}