{"part_id": "6-8-8-11-12-23", "timings_sec": {"read_step": 0.009575000032782555, "enumerate_faces": 3.6400044336915016e-05, "build_adjacency": 0.0003089001402258873, "extract_features": 0.0011302998755127192, "map_labels": 0.00023279991000890732, "sanity_checks": 0.00014290004037320614, "total": 0.01142630004324019}}