{"part_id": "6-8-11-12-19", "timings_sec": {"read_step": 0.008135199779644608, "enumerate_faces": 2.7399975806474686e-05, "build_adjacency": 0.0002633000258356333, "extract_features": 0.0009983000345528126, "map_labels": 0.00027359998784959316, "sanity_checks": 0.0001960000954568386, "total": 0.00989379989914596}}