{"part_id": "6-8-19", "timings_sec": {"read_step": 0.003987099975347519, "enumerate_faces": 2.859998494386673e-05, "build_adjacency": 0.00017659994773566723, "extract_features": 0.0005018000956624746, "map_labels": 0.0001797000877559185, "sanity_checks": 6.869994103908539e-05, "total": 0.004942500032484531}}