{"part_id": "6-8-9-11-12-23", "timings_sec": {"read_step": 0.00913829985074699, "enumerate_faces": 2.969987690448761e-05, "build_adjacency": 0.00031480006873607635, "extract_features": 0.0011711001861840487, "map_labels": 0.00020950008183717728, "sanity_checks": 0.0001626999583095312, "total": 0.01102610002271831}}