{"part_id": "6-8-11-14-14-23", "timings_sec": {"read_step": 0.008797100046649575, "enumerate_faces": 2.9100105166435242e-05, "build_adjacency": 0.0002946997992694378, "extract_features": 0.0011126999743282795, "map_labels": 0.0002039000391960144, "sanity_checks": 0.00014229980297386646, "total": 0.010579799767583609}}