{"part_id": "6-8-9-12-12-23", "timings_sec": {"read_step": 0.010230100015178323, "enumerate_faces": 3.6899931728839874e-05, "build_adjacency": 0.0002962001599371433, "extract_features": 0.0010818999726325274, "map_labels": 0.00024370010942220688, "sanity_checks": 0.0001379000023007393, "total": 0.01202670019119978}}