{"part_id": "6-8-8-10-14-23", "timings_sec": {"read_step": 0.011038399999961257, "enumerate_faces": 3.7499936297535896e-05, "build_adjacency": 0.0003936002030968666, "extract_features": 0.0016010000836104155, "map_labels": 0.00026459991931915283, "sanity_checks": 0.0001922000665217638, "total": 0.013527300208806992}}