{"part_id": "6-8-10-11-14-23", "timings_sec": {"read_step": 0.00940530002117157, "enumerate_faces": 3.1800009310245514e-05, "build_adjacency": 0.0003426000475883484, "extract_features": 0.0012690997682511806, "map_labels": 0.00023390003480017185, "sanity_checks": 0.0002625000197440386, "total": 0.011545199900865555}}