{"part_id": "6-8-11-13-14-23", "timings_sec": {"read_step": 0.009878700133413076, "enumerate_faces": 3.450014628469944e-05, "build_adjacency": 0.000287800095975399, "extract_features": 0.0010779998265206814, "map_labels": 0.0002414998598396778, "sanity_checks": 0.00013979990035295486, "total": 0.011660299962386489}}