{"part_id": "6-8-10-10-14-23", "timings_sec": {"read_step": 0.007760999957099557, "enumerate_faces": 2.869986928999424e-05, "build_adjacency": 0.00028060004115104675, "extract_features": 0.0010245000012218952, "map_labels": 0.00022779987193644047, "sanity_checks": 0.00014689983800053596, "total": 0.00946949957869947}}