{"part_id": "6-8-9-10-14-23", "timings_sec": {"read_step": 0.012577200075611472, "enumerate_faces": 4.069996066391468e-05, "build_adjacency": 0.0004151000175625086, "extract_features": 0.0015714000910520554, "map_labels": 0.00027670012786984444, "sanity_checks": 0.00020919996313750744, "total": 0.015090300235897303}}