{"part_id": "6-8-13-13-14-23", "timings_sec": {"read_step": 0.0061232999432832, "enumerate_faces": 3.090011887252331e-05, "build_adjacency": 0.00035799993202090263, "extract_features": 0.000835200073197484, "map_labels": 0.00021079997532069683, "sanity_checks": 0.00020759995095431805, "total": 0.007765799993649125}}