{"part_id": "6-8-9-11-11-23", "timings_sec": {"read_step": 0.012150099966675043, "enumerate_faces": 3.979983739554882e-05, "build_adjacency": 0.00039689987897872925, "extract_features": 0.0014702999033033848, "map_labels": 0.00025560008361935616, "sanity_checks": 0.00022629997693002224, "total": 0.014538999646902084}}