{"part_id": "6-8-8-8-12-23", "timings_sec": {"read_step": 0.007061999989673495, "enumerate_faces": 2.650008536875248e-05, "build_adjacency": 0.00022380007430911064, "extract_features": 0.0007872998248785734, "map_labels": 0.000202300027012825, "sanity_checks": 0.00010269996710121632, "total": 0.008404599968343973}}