{"part_id": "6-8-10-14-14-23", "timings_sec": {"read_step": 0.008285399992018938, "enumerate_faces": 3.329990431666374e-05, "build_adjacency": 0.00028210016898810863, "extract_features": 0.0012735000345855951, "map_labels": 0.00026849983260035515, "sanity_checks": 0.0002218999434262514, "total": 0.010364699875935912}}