{"part_id": "6-8-8-13-19", "timings_sec": {"read_step": 0.006733100162819028, "enumerate_faces": 5.08998055011034e-05, "build_adjacency": 0.0002603998873382807, "extract_features": 0.0008888000156730413, "map_labels": 0.0002466000150889158, "sanity_checks": 0.00012440001592040062, "total": 0.00830419990234077}}