{"part_id": "6-8-11-11-14-23", "timings_sec": {"read_step": 0.012597299879416823, "enumerate_faces": 3.820005804300308e-05, "build_adjacency": 0.0005433999467641115, "extract_features": 0.0016252000350505114, "map_labels": 0.00026299990713596344, "sanity_checks": 0.00020679994486272335, "total": 0.015273899771273136}}