{"part_id": "6-8-9-12-13-23", "timings_sec": {"read_step": 0.007726699812337756, "enumerate_faces": 3.220001235604286e-05, "build_adjacency": 0.00027459999546408653, "extract_features": 0.0009681000374257565, "map_labels": 0.0002148000057786703, "sanity_checks": 0.00012489990331232548, "total": 0.009341299766674638}}