{"part_id": "6-8-9-11-19", "timings_sec": {"read_step": 0.009123000083491206, "enumerate_faces": 3.490014933049679e-05, "build_adjacency": 0.00026609981432557106, "extract_features": 0.0009914999827742577, "map_labels": 0.0002538999542593956, "sanity_checks": 0.00013200007379055023, "total": 0.010801400057971478}}