{"part_id": "6-8-10-14-19", "timings_sec": {"read_step": 0.005929199978709221, "enumerate_faces": 3.590015694499016e-05, "build_adjacency": 0.000323000131174922, "extract_features": 0.00105189997702837, "map_labels": 0.00024079997092485428, "sanity_checks": 9.890017099678516e-05, "total": 0.007679700385779142}}