{"part_id": "6-8-8-10-19", "timings_sec": {"read_step": 0.007720099994912744, "enumerate_faces": 4.039984196424484e-05, "build_adjacency": 0.00028149993158876896, "extract_features": 0.0010269999038428068, "map_labels": 0.00025969999842345715, "sanity_checks": 0.00013839988969266415, "total": 0.009467099560424685}}