{"part_id": "6-8-8-8-10-23", "timings_sec": {"read_step": 0.0038372999988496304, "enumerate_faces": 2.559996210038662e-05, "build_adjacency": 0.00012560002505779266, "extract_features": 0.0004743998870253563, "map_labels": 0.0001963998656719923, "sanity_checks": 6.0499878600239754e-05, "total": 0.004719799617305398}}