{"part_id": "6-8-11-12-14-23", "timings_sec": {"read_step": 0.010518699884414673, "enumerate_faces": 3.720005042850971e-05, "build_adjacency": 0.0003775001969188452, "extract_features": 0.0013500999193638563, "map_labels": 0.0002669000532478094, "sanity_checks": 0.00016449997201561928, "total": 0.012714900076389313}}