{"part_id": "6-8-9-9-9-23", "timings_sec": {"read_step": 0.007264100015163422, "enumerate_faces": 3.0299881473183632e-05, "build_adjacency": 0.00023070001043379307, "extract_features": 0.000865899957716465, "map_labels": 0.00024720001965761185, "sanity_checks": 0.00011639995500445366, "total": 0.008754599839448929}}