{"part_id": "6-8-12-13-19", "timings_sec": {"read_step": 0.0060321001801639795, "enumerate_faces": 2.950010821223259e-05, "build_adjacency": 0.00019359984435141087, "extract_features": 0.0006895000115036964, "map_labels": 0.00021150009706616402, "sanity_checks": 9.169988334178925e-05, "total": 0.007247900124639273}}