{"part_id": "6-9-9-9-10-23", "timings_sec": {"read_step": 0.008636699989438057, "enumerate_faces": 3.329990431666374e-05, "build_adjacency": 0.00030080019496381283, "extract_features": 0.0012210998684167862, "map_labels": 0.00022739986889064312, "sanity_checks": 0.00015849992632865906, "total": 0.010577799752354622}}