{"part_id": "6-9-19", "timings_sec": {"read_step": 0.005698499968275428, "enumerate_faces": 3.1700124964118004e-05, "build_adjacency": 0.00016239983960986137, "extract_features": 0.0005888999439775944, "map_labels": 0.0002234000712633133, "sanity_checks": 8.199992589652538e-05, "total": 0.00678689987398684}}