{"part_id": "6-9-11-11-14-23", "timings_sec": {"read_step": 0.011124600190669298, "enumerate_faces": 3.25001310557127e-05, "build_adjacency": 0.0003603999502956867, "extract_features": 0.001372000202536583, "map_labels": 0.00023939996026456356, "sanity_checks": 0.00020910007879137993, "total": 0.013338000513613224}}