{"part_id": "6-9-11-19", "timings_sec": {"read_step": 0.00708240014500916, "enumerate_faces": 2.6999972760677338e-05, "build_adjacency": 0.00023310002870857716, "extract_features": 0.001042800024151802, "map_labels": 0.00027309986762702465, "sanity_checks": 0.0001237001270055771, "total": 0.008782100165262818}}