{"part_id": "6-9-12-12-19", "timings_sec": {"read_step": 0.010310000041499734, "enumerate_faces": 3.100000321865082e-05, "build_adjacency": 0.0002685000654309988, "extract_features": 0.0015034000389277935, "map_labels": 0.0002737001050263643, "sanity_checks": 0.00023160013370215893, "total": 0.0126182003878057}}