{"part_id": "6-9-9-9-14-23", "timings_sec": {"read_step": 0.00968390004709363, "enumerate_faces": 3.5800039768218994e-05, "build_adjacency": 0.00028600008226931095, "extract_features": 0.001039800001308322, "map_labels": 0.00022440007887780666, "sanity_checks": 0.0001534000039100647, "total": 0.011423300253227353}}