{"part_id": "6-9-10-14-14-23", "timings_sec": {"read_step": 0.008528900099918246, "enumerate_faces": 2.5999965146183968e-05, "build_adjacency": 0.0002771001309156418, "extract_features": 0.0010563998948782682, "map_labels": 0.00019869999960064888, "sanity_checks": 0.0001370999962091446, "total": 0.010224200086668134}}