{"part_id": "6-9-10-12-14-23", "timings_sec": {"read_step": 0.009195500053465366, "enumerate_faces": 3.169989213347435e-05, "build_adjacency": 0.00030129984952509403, "extract_features": 0.0012811000924557447, "map_labels": 0.00022540008649230003, "sanity_checks": 0.0001455000601708889, "total": 0.011180500034242868}}