{"part_id": "6-9-14-14-19", "timings_sec": {"read_step": 0.004206900019198656, "enumerate_faces": 2.3899832740426064e-05, "build_adjacency": 0.00037100003100931644, "extract_features": 0.0006879998836666346, "map_labels": 0.00023470004089176655, "sanity_checks": 8.140015415847301e-05, "total": 0.005605899961665273}}