{"part_id": "6-9-11-14-14-23", "timings_sec": {"read_step": 0.010669799987226725, "enumerate_faces": 3.520003519952297e-05, "build_adjacency": 0.00033199996687471867, "extract_features": 0.001202999847009778, "map_labels": 0.00023570004850625992, "sanity_checks": 0.00015570013783872128, "total": 0.012631400022655725}}