{"part_id": "6-9-11-12-19", "timings_sec": {"read_step": 0.009511999785900116, "enumerate_faces": 3.2499898225069046e-05, "build_adjacency": 0.0002951000351458788, "extract_features": 0.0010907999239861965, "map_labels": 0.0002196000423282385, "sanity_checks": 0.00014139991253614426, "total": 0.011291399598121643}}