{"part_id": "6-9-13-13-13-23", "timings_sec": {"read_step": 0.006872700061649084, "enumerate_faces": 2.5399960577487946e-05, "build_adjacency": 0.0002266999799758196, "extract_features": 0.0010096998885273933, "map_labels": 0.0002755001187324524, "sanity_checks": 0.00011270004324615002, "total": 0.008522700052708387}}