{"part_id": "6-9-14-14-14-23", "timings_sec": {"read_step": 0.008078700164332986, "enumerate_faces": 2.9399991035461426e-05, "build_adjacency": 0.00027820002287626266, "extract_features": 0.001035700086504221, "map_labels": 0.00023409980349242687, "sanity_checks": 0.00013289996422827244, "total": 0.00978900003246963}}