{"part_id": "6-9-9-11-12-23", "timings_sec": {"read_step": 0.01577630010433495, "enumerate_faces": 4.539988003671169e-05, "build_adjacency": 0.0005724001675844193, "extract_features": 0.0023974000941962004, "map_labels": 0.00029630004428327084, "sanity_checks": 0.00028559984639286995, "total": 0.019373400136828423}}