{"part_id": "6-9-10-13-13-23", "timings_sec": {"read_step": 0.007651099935173988, "enumerate_faces": 2.529984340071678e-05, "build_adjacency": 0.000251400051638484, "extract_features": 0.000968199921771884, "map_labels": 0.00018349988386034966, "sanity_checks": 0.00013440009206533432, "total": 0.009213899727910757}}