{"part_id": "6-9-9-9-12-23", "timings_sec": {"read_step": 0.008277800166979432, "enumerate_faces": 2.4999957531690598e-05, "build_adjacency": 0.0002741999924182892, "extract_features": 0.0011887999717146158, "map_labels": 0.0001875001471489668, "sanity_checks": 0.00014110002666711807, "total": 0.010094400262460113}}