{"part_id": "6-9-9-12-19", "timings_sec": {"read_step": 0.01065699988976121, "enumerate_faces": 3.520003519952297e-05, "build_adjacency": 0.00037530018016695976, "extract_features": 0.0013717999681830406, "map_labels": 0.00023380015045404434, "sanity_checks": 0.00019529997371137142, "total": 0.012868400197476149}}