{"part_id": "6-9-12-12-14-23", "timings_sec": {"read_step": 0.01412799977697432, "enumerate_faces": 3.529991954565048e-05, "build_adjacency": 0.0005026001017540693, "extract_features": 0.001906899968162179, "map_labels": 0.00032110000029206276, "sanity_checks": 0.00026510003954172134, "total": 0.017158999806270003}}