{"part_id": "6-9-11-12-13-23", "timings_sec": {"read_step": 0.00931459991261363, "enumerate_faces": 2.8499867767095566e-05, "build_adjacency": 0.000309299910441041, "extract_features": 0.0011543999426066875, "map_labels": 0.00020130001939833164, "sanity_checks": 0.00014819996431469917, "total": 0.011156299617141485}}