{"part_id": "6-9-10-10-13-23", "timings_sec": {"read_step": 0.008748600026592612, "enumerate_faces": 3.150012344121933e-05, "build_adjacency": 0.0004003997892141342, "extract_features": 0.001125300070270896, "map_labels": 0.0002196000423282385, "sanity_checks": 0.0001526998821645975, "total": 0.010678099934011698}}