{"part_id": "6-9-9-12-14-23", "timings_sec": {"read_step": 0.007334199966862798, "enumerate_faces": 2.4799956008791924e-05, "build_adjacency": 0.0002636001445353031, "extract_features": 0.0012158001773059368, "map_labels": 0.00026830006390810013, "sanity_checks": 0.000130099942907691, "total": 0.00923680025152862}}