{"part_id": "6-9-11-14-19", "timings_sec": {"read_step": 0.009297099895775318, "enumerate_faces": 3.3800024539232254e-05, "build_adjacency": 0.00028290017507970333, "extract_features": 0.0010552001185715199, "map_labels": 0.00022920011542737484, "sanity_checks": 0.00013560010120272636, "total": 0.011033800430595875}}