{"part_id": "6-9-10-10-14-23", "timings_sec": {"read_step": 0.010112900054082274, "enumerate_faces": 4.1499966755509377e-05, "build_adjacency": 0.00039050006307661533, "extract_features": 0.0011578002013266087, "map_labels": 0.00022359983995556831, "sanity_checks": 0.00015869992785155773, "total": 0.012085000053048134}}