{"part_id": "6-9-9-14-19", "timings_sec": {"read_step": 0.006789000006392598, "enumerate_faces": 2.8799986466765404e-05, "build_adjacency": 0.00027199997566640377, "extract_features": 0.0011309999972581863, "map_labels": 0.00024580000899732113, "sanity_checks": 0.00018010009080171585, "total": 0.00864670006558299}}