{"part_id": "6-9-9-10-14-23", "timings_sec": {"read_step": 0.009075300069525838, "enumerate_faces": 3.569992259144783e-05, "build_adjacency": 0.00029530003666877747, "extract_features": 0.0010990002192556858, "map_labels": 0.0002337999176234007, "sanity_checks": 0.0001484001986682415, "total": 0.010887500364333391}}