{"part_id": "6-9-10-11-11-23", "timings_sec": {"read_step": 0.011350999819114804, "enumerate_faces": 2.8999987989664078e-05, "build_adjacency": 0.00037020002491772175, "extract_features": 0.001541699981316924, "map_labels": 0.00020749983377754688, "sanity_checks": 0.00019079982303082943, "total": 0.01369019947014749}}