{"part_id": "6-9-9-11-14-23", "timings_sec": {"read_step": 0.011090599931776524, "enumerate_faces": 3.3499905839562416e-05, "build_adjacency": 0.0004716000985354185, "extract_features": 0.0017752000130712986, "map_labels": 0.0002880999818444252, "sanity_checks": 0.0002459001261740923, "total": 0.01390490005724132}}