{"part_id": "6-9-12-13-19", "timings_sec": {"read_step": 0.007065600017085671, "enumerate_faces": 3.890017978847027e-05, "build_adjacency": 0.00027490011416375637, "extract_features": 0.0009638001210987568, "map_labels": 0.0002581002190709114, "sanity_checks": 0.00011679995805025101, "total": 0.008718100609257817}}