{"part_id": "7-10-10-10-11-23", "timings_sec": {"read_step": 0.018112000077962875, "enumerate_faces": 4.910002462565899e-05, "build_adjacency": 0.0005846000276505947, "extract_features": 0.0020918999798595905, "map_labels": 0.000313800061121583, "sanity_checks": 0.0002970998175442219, "total": 0.021448499988764524}}