{"part_id": "7-10-12-12-12-23", "timings_sec": {"read_step": 0.010182500118389726, "enumerate_faces": 3.600004129111767e-05, "build_adjacency": 0.0003527000080794096, "extract_features": 0.0013200000394135714, "map_labels": 0.00027449987828731537, "sanity_checks": 0.00016159983351826668, "total": 0.012327299918979406}}