{"part_id": "7-10-11-13-14-23", "timings_sec": {"read_step": 0.011653200024738908, "enumerate_faces": 3.0800001695752144e-05, "build_adjacency": 0.00033130007795989513, "extract_features": 0.0012142998166382313, "map_labels": 0.00021840003319084644, "sanity_checks": 0.0001574999187141657, "total": 0.013605499872937799}}