{"part_id": "7-10-11-12-12-23", "timings_sec": {"read_step": 0.011912500020116568, "enumerate_faces": 4.3300213292241096e-05, "build_adjacency": 0.0004026000387966633, "extract_features": 0.001654700143262744, "map_labels": 0.0002486999146640301, "sanity_checks": 0.00017699995078146458, "total": 0.01443880028091371}}