{"part_id": "7-10-10-12-13-23", "timings_sec": {"read_step": 0.01167210005223751, "enumerate_faces": 4.309997893869877e-05, "build_adjacency": 0.0005000000819563866, "extract_features": 0.0017661000601947308, "map_labels": 0.00026849983260035515, "sanity_checks": 0.0002419000957161188, "total": 0.0144917001016438}}