{"part_id": "7-10-12-12-13-23", "timings_sec": {"read_step": 0.009513000026345253, "enumerate_faces": 3.560003824532032e-05, "build_adjacency": 0.00031960010528564453, "extract_features": 0.0011644000187516212, "map_labels": 0.00022760010324418545, "sanity_checks": 0.00014839996583759785, "total": 0.011408600257709622}}