{"part_id": "7-10-11-12-14-23", "timings_sec": {"read_step": 0.010715299984440207, "enumerate_faces": 3.3300137147307396e-05, "build_adjacency": 0.0003613999579101801, "extract_features": 0.0013279998674988747, "map_labels": 0.00022990000434219837, "sanity_checks": 0.00016990001313388348, "total": 0.012837799964472651}}