{"part_id": "7-10-12-13-14-23", "timings_sec": {"read_step": 0.009727999800816178, "enumerate_faces": 3.0299881473183632e-05, "build_adjacency": 0.0004485000390559435, "extract_features": 0.001307399943470955, "map_labels": 0.0002172000240534544, "sanity_checks": 0.0001463999506086111, "total": 0.011877799639478326}}