{"part_id": "7-10-13-14-14-23", "timings_sec": {"read_step": 0.00960649992339313, "enumerate_faces": 3.2499898225069046e-05, "build_adjacency": 0.00030479999259114265, "extract_features": 0.0010664002038538456, "map_labels": 0.00023060012608766556, "sanity_checks": 0.00014190003275871277, "total": 0.011382700176909566}}