{"part_id": "7-10-12-13-13-23", "timings_sec": {"read_step": 0.010322599904611707, "enumerate_faces": 2.9100105166435242e-05, "build_adjacency": 0.00031919986940920353, "extract_features": 0.0012101000174880028, "map_labels": 0.00024410011246800423, "sanity_checks": 0.00016879988834261894, "total": 0.012293899897485971}}