{"part_id": "7-10-12-13-19", "timings_sec": {"read_step": 0.008853399893268943, "enumerate_faces": 3.9899954572319984e-05, "build_adjacency": 0.000372100155800581, "extract_features": 0.0012298000510782003, "map_labels": 0.0002552999649196863, "sanity_checks": 0.00016639987006783485, "total": 0.010916899889707565}}