{"part_id": "7-10-10-10-10-23", "timings_sec": {"read_step": 0.010766600025817752, "enumerate_faces": 4.9800146371126175e-05, "build_adjacency": 0.0017128000035881996, "extract_features": 0.002664600033313036, "map_labels": 0.0003192999865859747, "sanity_checks": 0.00025800010189414024, "total": 0.01577110029757023}}