{"part_id": "7-10-10-13-13-23", "timings_sec": {"read_step": 0.008757200092077255, "enumerate_faces": 3.2899901270866394e-05, "build_adjacency": 0.0004124999977648258, "extract_features": 0.0013031999114900827, "map_labels": 0.00035770004615187645, "sanity_checks": 0.00014520017430186272, "total": 0.01100870012305677}}