{"part_id": "7-10-12-14-14-23", "timings_sec": {"read_step": 0.011597200063988566, "enumerate_faces": 3.4499913454055786e-05, "build_adjacency": 0.0003350998740643263, "extract_features": 0.0016697000246495008, "map_labels": 0.00027680001221597195, "sanity_checks": 0.0002585998736321926, "total": 0.014171899762004614}}