{"part_id": "7-10-14-14-14-23", "timings_sec": {"read_step": 0.00910579995252192, "enumerate_faces": 3.120000474154949e-05, "build_adjacency": 0.00031049991957843304, "extract_features": 0.0011789998970925808, "map_labels": 0.0002397999633103609, "sanity_checks": 0.00014079990796744823, "total": 0.011007099645212293}}