{"part_id": "7-10-13-13-14-23", "timings_sec": {"read_step": 0.007862899918109179, "enumerate_faces": 2.3300061002373695e-05, "build_adjacency": 0.0002695999573916197, "extract_features": 0.001254200004041195, "map_labels": 0.0002258999738842249, "sanity_checks": 0.00022950000129640102, "total": 0.009865399915724993}}