{"part_id": "7-10-10-10-12-23", "timings_sec": {"read_step": 0.01707109995186329, "enumerate_faces": 4.020007327198982e-05, "build_adjacency": 0.0005431000608950853, "extract_features": 0.0022611001040786505, "map_labels": 0.0003293999470770359, "sanity_checks": 0.00028110016137361526, "total": 0.020526000298559666}}