{"part_id": "7-10-10-11-19", "timings_sec": {"read_step": 0.009692399995401502, "enumerate_faces": 2.9999995604157448e-05, "build_adjacency": 0.0003170999698340893, "extract_features": 0.001189500093460083, "map_labels": 0.00020370003767311573, "sanity_checks": 0.00021490012295544147, "total": 0.011647600214928389}}