{"part_id": "7-11-11-12-14-23", "timings_sec": {"read_step": 0.013438199879601598, "enumerate_faces": 3.3300137147307396e-05, "build_adjacency": 0.00040680007077753544, "extract_features": 0.0016395999118685722, "map_labels": 0.00024119997397065163, "sanity_checks": 0.00018789991736412048, "total": 0.015946999890729785}}