{"part_id": "7-11-12-12-12-23", "timings_sec": {"read_step": 0.011916699819266796, "enumerate_faces": 2.9700109735131264e-05, "build_adjacency": 0.00046929996460676193, "extract_features": 0.0015968000516295433, "map_labels": 0.00025260006077587605, "sanity_checks": 0.00020790006965398788, "total": 0.014473000075668097}}