{"part_id": "7-11-11-13-14-23", "timings_sec": {"read_step": 0.011095799971371889, "enumerate_faces": 3.309990279376507e-05, "build_adjacency": 0.00035179988481104374, "extract_features": 0.001330000115558505, "map_labels": 0.0002255002036690712, "sanity_checks": 0.0001816998701542616, "total": 0.013217899948358536}}