{"part_id": "7-11-11-13-13-23", "timings_sec": {"read_step": 0.010968799935653806, "enumerate_faces": 3.509991802275181e-05, "build_adjacency": 0.0003583999350667, "extract_features": 0.0012800998520106077, "map_labels": 0.0002337999176234007, "sanity_checks": 0.00021760002709925175, "total": 0.013093799585476518}}