{"part_id": "7-11-11-11-14-23", "timings_sec": {"read_step": 0.012338399887084961, "enumerate_faces": 3.590015694499016e-05, "build_adjacency": 0.000635799951851368, "extract_features": 0.0018341001123189926, "map_labels": 0.00023939996026456356, "sanity_checks": 0.00020299991592764854, "total": 0.015286599984392524}}