{"part_id": "7-11-13-13-14-23", "timings_sec": {"read_step": 0.008163799997419119, "enumerate_faces": 3.1899893656373024e-05, "build_adjacency": 0.0002789997961372137, "extract_features": 0.0010222999844700098, "map_labels": 0.00021370011381804943, "sanity_checks": 0.00013429997488856316, "total": 0.009844999760389328}}