{"part_id": "7-11-13-13-19", "timings_sec": {"read_step": 0.007646899903193116, "enumerate_faces": 2.6099849492311478e-05, "build_adjacency": 0.0002514999359846115, "extract_features": 0.0012493999674916267, "map_labels": 0.00025420007295906544, "sanity_checks": 0.0001705000177025795, "total": 0.00959859974682331}}