{"part_id": "7-11-12-14-19", "timings_sec": {"read_step": 0.008829399943351746, "enumerate_faces": 2.9199989512562752e-05, "build_adjacency": 0.00030620000325143337, "extract_features": 0.0011069998145103455, "map_labels": 0.00020820018835365772, "sanity_checks": 0.0001542998943477869, "total": 0.010634299833327532}}