{"part_id": "7-11-13-14-14-23", "timings_sec": {"read_step": 0.009178800042718649, "enumerate_faces": 3.369990736246109e-05, "build_adjacency": 0.0003697001375257969, "extract_features": 0.0011406999547034502, "map_labels": 0.00019230018369853497, "sanity_checks": 0.00015320000238716602, "total": 0.011068400228396058}}