{"part_id": "7-11-11-13-19", "timings_sec": {"read_step": 0.009812199976295233, "enumerate_faces": 4.009995609521866e-05, "build_adjacency": 0.00042169983498752117, "extract_features": 0.0011989001650363207, "map_labels": 0.00023000012151896954, "sanity_checks": 0.00015270011499524117, "total": 0.011855600168928504}}