{"part_id": "7-11-12-12-19", "timings_sec": {"read_step": 0.00979469995945692, "enumerate_faces": 2.719997428357601e-05, "build_adjacency": 0.0003112000413239002, "extract_features": 0.001320800045505166, "map_labels": 0.00021450011990964413, "sanity_checks": 0.0001463999506086111, "total": 0.011814800091087818}}