{"part_id": "7-11-14-14-14-23", "timings_sec": {"read_step": 0.006739199860021472, "enumerate_faces": 2.3899832740426064e-05, "build_adjacency": 0.00035719992592930794, "extract_features": 0.0009129000827670097, "map_labels": 0.00018190010450780392, "sanity_checks": 0.00011140014976263046, "total": 0.00832649995572865}}