{"part_id": "7-11-13-19", "timings_sec": {"read_step": 0.006850899895653129, "enumerate_faces": 3.220001235604286e-05, "build_adjacency": 0.0002671000547707081, "extract_features": 0.0009164998773485422, "map_labels": 0.00022370018996298313, "sanity_checks": 0.00011579995043575764, "total": 0.008406199980527163}}