{"part_id": "7-11-13-14-19", "timings_sec": {"read_step": 0.008123500039801002, "enumerate_faces": 3.090011887252331e-05, "build_adjacency": 0.00028099981136620045, "extract_features": 0.0011801999062299728, "map_labels": 0.0002071000635623932, "sanity_checks": 0.00012980005703866482, "total": 0.009952499996870756}}