{"part_id": "7-12-13-13-19", "timings_sec": {"read_step": 0.006620400119572878, "enumerate_faces": 2.5799963623285294e-05, "build_adjacency": 0.0002313000150024891, "extract_features": 0.0008389998693019152, "map_labels": 0.00019250018522143364, "sanity_checks": 0.00010850001126527786, "total": 0.008017500163987279}}