{"part_id": "7-12-12-14-19", "timings_sec": {"read_step": 0.008120600134134293, "enumerate_faces": 2.410006709396839e-05, "build_adjacency": 0.0002709000837057829, "extract_features": 0.000979200005531311, "map_labels": 0.00019280007109045982, "sanity_checks": 0.0001230998896062374, "total": 0.009710700251162052}}