{"part_id": "7-12-12-13-13-23", "timings_sec": {"read_step": 0.008521800162270665, "enumerate_faces": 2.5099841877818108e-05, "build_adjacency": 0.00028419983573257923, "extract_features": 0.0010384998749941587, "map_labels": 0.00020650005899369717, "sanity_checks": 0.00013060006313025951, "total": 0.010206699836999178}}