{"part_id": "7-12-14-14-19", "timings_sec": {"read_step": 0.007349799852818251, "enumerate_faces": 2.440018579363823e-05, "build_adjacency": 0.00025720009580254555, "extract_features": 0.0012487000785768032, "map_labels": 0.00023799994960427284, "sanity_checks": 0.00013919989578425884, "total": 0.00925730005837977}}