{"part_id": "7-12-12-13-19", "timings_sec": {"read_step": 0.007908000145107508, "enumerate_faces": 2.7799978852272034e-05, "build_adjacency": 0.00026720017194747925, "extract_features": 0.0009392998181283474, "map_labels": 0.00020790006965398788, "sanity_checks": 0.0001216998789459467, "total": 0.009471900062635541}}