{"part_id": "7-12-12-12-13-23", "timings_sec": {"read_step": 0.009165799943730235, "enumerate_faces": 3.350013867020607e-05, "build_adjacency": 0.00031519983895123005, "extract_features": 0.0011428999714553356, "map_labels": 0.00024010008201003075, "sanity_checks": 0.0002528000622987747, "total": 0.011150300037115812}}