{"part_id": "7-12-12-12-19", "timings_sec": {"read_step": 0.008802999975159764, "enumerate_faces": 3.4800032153725624e-05, "build_adjacency": 0.0003104000352323055, "extract_features": 0.0011072000488638878, "map_labels": 0.00023440015502274036, "sanity_checks": 0.0001379000023007393, "total": 0.010627700248733163}}