{"part_id": "7-13-19", "timings_sec": {"read_step": 0.004324200097471476, "enumerate_faces": 3.160000778734684e-05, "build_adjacency": 0.00016479985788464546, "extract_features": 0.0005924999713897705, "map_labels": 0.0002093000803142786, "sanity_checks": 7.750000804662704e-05, "total": 0.005399900022894144}}