{"part_id": "7-14-14-14-14-23", "timings_sec": {"read_step": 0.008377299876883626, "enumerate_faces": 2.569984644651413e-05, "build_adjacency": 0.0002848000731319189, "extract_features": 0.0011382000520825386, "map_labels": 0.00020149978809058666, "sanity_checks": 0.00015190010890364647, "total": 0.01017939974553883}}