{"part_id": "7-14-19", "timings_sec": {"read_step": 0.0055865999311208725, "enumerate_faces": 2.4799956008791924e-05, "build_adjacency": 0.000183899886906147, "extract_features": 0.000725999940186739, "map_labels": 0.00023650005459785461, "sanity_checks": 0.00010249996557831764, "total": 0.006860299734398723}}