{"part_id": "7-7-7-10-10-23", "timings_sec": {"read_step": 0.011893599992617965, "enumerate_faces": 3.100000321865082e-05, "build_adjacency": 0.00033430010080337524, "extract_features": 0.0011932998895645142, "map_labels": 0.00022980011999607086, "sanity_checks": 0.00025539984926581383, "total": 0.01393739995546639}}