{"part_id": "7-7-7-10-11-23", "timings_sec": {"read_step": 0.014196300180628896, "enumerate_faces": 4.3800100684165955e-05, "build_adjacency": 0.0006133001297712326, "extract_features": 0.0021672998555004597, "map_labels": 0.00032739993184804916, "sanity_checks": 0.0003107998054474592, "total": 0.017658900003880262}}