{"part_id": "7-7-7-8-9-23", "timings_sec": {"read_step": 0.007779299980029464, "enumerate_faces": 2.9199989512562752e-05, "build_adjacency": 0.0004040999338030815, "extract_features": 0.0009809001348912716, "map_labels": 0.00018880004063248634, "sanity_checks": 0.0001283001620322466, "total": 0.009510600240901113}}