{"part_id": "7-7-7-11-13-23", "timings_sec": {"read_step": 0.009491199860349298, "enumerate_faces": 3.1899893656373024e-05, "build_adjacency": 0.00029159989207983017, "extract_features": 0.0010622001718729734, "map_labels": 0.00022159982472658157, "sanity_checks": 0.00013830000534653664, "total": 0.011236799648031592}}