{"part_id": "7-7-10-13-13-23", "timings_sec": {"read_step": 0.008133399998769164, "enumerate_faces": 3.3499905839562416e-05, "build_adjacency": 0.0002802999224513769, "extract_features": 0.001239800127223134, "map_labels": 0.00023179990239441395, "sanity_checks": 0.00013250019401311874, "total": 0.01005130005069077}}