{"part_id": "7-7-10-10-11-23", "timings_sec": {"read_step": 0.008979700040072203, "enumerate_faces": 3.5800039768218994e-05, "build_adjacency": 0.0002904001157730818, "extract_features": 0.0013684001751244068, "map_labels": 0.00026030000299215317, "sanity_checks": 0.00014490005560219288, "total": 0.011079500429332256}}