{"part_id": "7-7-9-10-19", "timings_sec": {"read_step": 0.0061333999037742615, "enumerate_faces": 2.9300106689333916e-05, "build_adjacency": 0.00020899996161460876, "extract_features": 0.0007919999770820141, "map_labels": 0.00020690006203949451, "sanity_checks": 0.0001096001360565424, "total": 0.007480200147256255}}