{"part_id": "7-7-13-14-19", "timings_sec": {"read_step": 0.006711400113999844, "enumerate_faces": 2.719997428357601e-05, "build_adjacency": 0.00023659993894398212, "extract_features": 0.0008543999865651131, "map_labels": 0.00021500000730156898, "sanity_checks": 0.00010799989104270935, "total": 0.008152599912136793}}