{"part_id": "7-7-12-12-14-23", "timings_sec": {"read_step": 0.009164900053292513, "enumerate_faces": 3.3499905839562416e-05, "build_adjacency": 0.00031550019048154354, "extract_features": 0.001160199986770749, "map_labels": 0.0002645000349730253, "sanity_checks": 0.00020250002853572369, "total": 0.011141100199893117}}