{"part_id": "7-7-8-11-11-23", "timings_sec": {"read_step": 0.010890999808907509, "enumerate_faces": 3.2499898225069046e-05, "build_adjacency": 0.00035910005681216717, "extract_features": 0.001307999948039651, "map_labels": 0.00022329995408654213, "sanity_checks": 0.00021240022033452988, "total": 0.013026299886405468}}