{"part_id": "7-7-8-11-13-23", "timings_sec": {"read_step": 0.007953899912536144, "enumerate_faces": 2.4700071662664413e-05, "build_adjacency": 0.00026469980366528034, "extract_features": 0.0009856000542640686, "map_labels": 0.00021440000273287296, "sanity_checks": 0.00012800004333257675, "total": 0.009571299888193607}}