{"part_id": "7-7-7-10-13-23", "timings_sec": {"read_step": 0.008566099917516112, "enumerate_faces": 2.5999965146183968e-05, "build_adjacency": 0.0002862000837922096, "extract_features": 0.001038100104779005, "map_labels": 0.00020330003462731838, "sanity_checks": 0.0001360001042485237, "total": 0.010255700210109353}}