{"part_id": "7-7-7-11-12-23", "timings_sec": {"read_step": 0.006152399815618992, "enumerate_faces": 3.220001235604286e-05, "build_adjacency": 0.0002501998096704483, "extract_features": 0.0007816001307219267, "map_labels": 0.00019340007565915585, "sanity_checks": 0.00010169995948672295, "total": 0.0075114998035132885}}