{"part_id": "7-7-8-10-13-23", "timings_sec": {"read_step": 0.007955400040373206, "enumerate_faces": 2.459995448589325e-05, "build_adjacency": 0.00026679993607103825, "extract_features": 0.001356199849396944, "map_labels": 0.0002452000044286251, "sanity_checks": 0.00014219991862773895, "total": 0.009990399703383446}}