{"part_id": "7-7-8-11-19", "timings_sec": {"read_step": 0.008356200065463781, "enumerate_faces": 3.7800054997205734e-05, "build_adjacency": 0.00039279996417462826, "extract_features": 0.001012700144201517, "map_labels": 0.00021619978360831738, "sanity_checks": 0.00013180007226765156, "total": 0.010147500084713101}}