{"part_id": "7-7-12-13-14-23", "timings_sec": {"read_step": 0.00839029997587204, "enumerate_faces": 2.969987690448761e-05, "build_adjacency": 0.00029179989360272884, "extract_features": 0.001397599931806326, "map_labels": 0.00021730014123022556, "sanity_checks": 0.00016020005568861961, "total": 0.010486899875104427}}