{"part_id": "7-7-9-9-10-23", "timings_sec": {"read_step": 0.008764400146901608, "enumerate_faces": 2.4300068616867065e-05, "build_adjacency": 0.0002950001507997513, "extract_features": 0.0013303000014275312, "map_labels": 0.00020779995247721672, "sanity_checks": 0.00015400000847876072, "total": 0.010775800328701735}}