{"part_id": "7-7-7-7-12-23", "timings_sec": {"read_step": 0.007666600169613957, "enumerate_faces": 2.6799971237778664e-05, "build_adjacency": 0.00026439991779625416, "extract_features": 0.001064700074493885, "map_labels": 0.0002466000150889158, "sanity_checks": 0.00019759987480938435, "total": 0.009466700023040175}}