{"part_id": "7-7-11-13-14-23", "timings_sec": {"read_step": 0.009643900208175182, "enumerate_faces": 3.5300152376294136e-05, "build_adjacency": 0.0003198999911546707, "extract_features": 0.0011434999760240316, "map_labels": 0.00023210002109408379, "sanity_checks": 0.00014739995822310448, "total": 0.011522100307047367}}