{"part_id": "7-7-10-12-12-23", "timings_sec": {"read_step": 0.00996710010804236, "enumerate_faces": 3.369990736246109e-05, "build_adjacency": 0.0004096000920981169, "extract_features": 0.0012337998487055302, "map_labels": 0.00023619993589818478, "sanity_checks": 0.00015239999629557133, "total": 0.012032799888402224}}