{"part_id": "7-7-14-14-19", "timings_sec": {"read_step": 0.007489799987524748, "enumerate_faces": 2.610008232295513e-05, "build_adjacency": 0.00024720001965761185, "extract_features": 0.0008770998101681471, "map_labels": 0.0001992001198232174, "sanity_checks": 0.00011419993825256824, "total": 0.008953599957749248}}