{"part_id": "7-7-12-19", "timings_sec": {"read_step": 0.008447900181636214, "enumerate_faces": 3.720005042850971e-05, "build_adjacency": 0.00026670005172491074, "extract_features": 0.0009996001608669758, "map_labels": 0.00025589996948838234, "sanity_checks": 0.00012340000830590725, "total": 0.0101307004224509}}