{"part_id": "7-7-7-10-14-23", "timings_sec": {"read_step": 0.006747799925506115, "enumerate_faces": 2.8900103643536568e-05, "build_adjacency": 0.00022869999520480633, "extract_features": 0.0008209999650716782, "map_labels": 0.00020599993877112865, "sanity_checks": 0.0001134001649916172, "total": 0.008145800093188882}}