{"part_id": "7-7-10-11-19", "timings_sec": {"read_step": 0.009627999970689416, "enumerate_faces": 3.42000275850296e-05, "build_adjacency": 0.00048489985056221485, "extract_features": 0.0016654999926686287, "map_labels": 0.000255499966442585, "sanity_checks": 0.00022330018691718578, "total": 0.01229139999486506}}