{"part_id": "7-7-8-13-13-23", "timings_sec": {"read_step": 0.006277899956330657, "enumerate_faces": 2.4999957531690598e-05, "build_adjacency": 0.00021500000730156898, "extract_features": 0.0008763999212533236, "map_labels": 0.0001892999280244112, "sanity_checks": 0.0001083998940885067, "total": 0.007691999664530158}}