{"part_id": "7-7-12-13-19", "timings_sec": {"read_step": 0.00845409999601543, "enumerate_faces": 3.6899931728839874e-05, "build_adjacency": 0.00030349986627697945, "extract_features": 0.001082699978724122, "map_labels": 0.0002655000425875187, "sanity_checks": 0.000134199857711792, "total": 0.010276899673044682}}