{"part_id": "7-7-7-14-14-23", "timings_sec": {"read_step": 0.011561200022697449, "enumerate_faces": 4.3899985030293465e-05, "build_adjacency": 0.00046110013499855995, "extract_features": 0.00145619991235435, "map_labels": 0.00023550004698336124, "sanity_checks": 0.00019429996609687805, "total": 0.013952200068160892}}