{"part_id": "7-7-10-14-14-23", "timings_sec": {"read_step": 0.009272200055420399, "enumerate_faces": 3.600004129111767e-05, "build_adjacency": 0.000310300150886178, "extract_features": 0.0012054999824613333, "map_labels": 0.0002413999754935503, "sanity_checks": 0.00014199991710484028, "total": 0.011207400122657418}}