{"part_id": "7-7-7-13-13-23", "timings_sec": {"read_step": 0.0062240001279860735, "enumerate_faces": 3.2300129532814026e-05, "build_adjacency": 0.0002142000012099743, "extract_features": 0.0008665998466312885, "map_labels": 0.00026759994216263294, "sanity_checks": 0.00010169995948672295, "total": 0.007706400007009506}}