{"part_id": "7-7-8-10-19", "timings_sec": {"read_step": 0.007436699932441115, "enumerate_faces": 2.7399975806474686e-05, "build_adjacency": 0.0002452000044286251, "extract_features": 0.0009108001831918955, "map_labels": 0.00020759995095431805, "sanity_checks": 0.00011990009807050228, "total": 0.008947600144892931}}