{"part_id": "7-7-9-11-12-23", "timings_sec": {"read_step": 0.01093999994918704, "enumerate_faces": 3.1400006264448166e-05, "build_adjacency": 0.00035230000503361225, "extract_features": 0.001295299967750907, "map_labels": 0.0002498000394552946, "sanity_checks": 0.00016910000704228878, "total": 0.013037899974733591}}