{"part_id": "7-7-13-13-14-23", "timings_sec": {"read_step": 0.007904700003564358, "enumerate_faces": 2.6899855583906174e-05, "build_adjacency": 0.00026340014301240444, "extract_features": 0.0009306999854743481, "map_labels": 0.0002009999006986618, "sanity_checks": 0.0001175999641418457, "total": 0.009444299852475524}}