{"part_id": "7-7-11-13-13-23", "timings_sec": {"read_step": 0.00845720013603568, "enumerate_faces": 3.0499882996082306e-05, "build_adjacency": 0.0002794999163597822, "extract_features": 0.0010143001563847065, "map_labels": 0.00021059997379779816, "sanity_checks": 0.00013040006160736084, "total": 0.01012250012718141}}