{"part_id": "7-7-9-11-19", "timings_sec": {"read_step": 0.00893420004285872, "enumerate_faces": 4.0800077840685844e-05, "build_adjacency": 0.00029939995147287846, "extract_features": 0.0010863998904824257, "map_labels": 0.00022140005603432655, "sanity_checks": 0.00014110002666711807, "total": 0.010723300045356154}}