{"part_id": "7-7-11-11-11-23", "timings_sec": {"read_step": 0.012657699873670936, "enumerate_faces": 3.569992259144783e-05, "build_adjacency": 0.0004227999597787857, "extract_features": 0.0015152001287788153, "map_labels": 0.00023390003480017185, "sanity_checks": 0.00026030000299215317, "total": 0.01512559992261231}}