{"part_id": "7-7-14-14-14-23", "timings_sec": {"read_step": 0.01053740014322102, "enumerate_faces": 4.0800077840685844e-05, "build_adjacency": 0.00044029997661709785, "extract_features": 0.0013794999103993177, "map_labels": 0.0002639999147504568, "sanity_checks": 0.00017320015467703342, "total": 0.012835200177505612}}