{"part_id": "7-7-9-19", "timings_sec": {"read_step": 0.006129699992015958, "enumerate_faces": 2.7099857106804848e-05, "build_adjacency": 0.00020690006203949451, "extract_features": 0.000761799979954958, "map_labels": 0.0002033999189734459, "sanity_checks": 0.00013440009206533432, "total": 0.007463299902155995}}