{"part_id": "7-7-11-14-19", "timings_sec": {"read_step": 0.009009799920022488, "enumerate_faces": 2.769986167550087e-05, "build_adjacency": 0.00028169993311166763, "extract_features": 0.0010565000120550394, "map_labels": 0.0002060001716017723, "sanity_checks": 0.00013379985466599464, "total": 0.010715499753132463}}