{"part_id": "7-7-12-14-19", "timings_sec": {"read_step": 0.007835400057956576, "enumerate_faces": 3.400002606213093e-05, "build_adjacency": 0.00026989984326064587, "extract_features": 0.000989900203421712, "map_labels": 0.00021739979274570942, "sanity_checks": 0.0001278999261558056, "total": 0.00947449984960258}}