{"part_id": "7-7-8-10-10-23", "timings_sec": {"read_step": 0.008844499941915274, "enumerate_faces": 3.42000275850296e-05, "build_adjacency": 0.0004273999948054552, "extract_features": 0.001569800078868866, "map_labels": 0.00023999996483325958, "sanity_checks": 0.000148099847137928, "total": 0.011263999855145812}}