{"part_id": "7-7-10-10-10-23", "timings_sec": {"read_step": 0.010641700122505426, "enumerate_faces": 3.2300129532814026e-05, "build_adjacency": 0.0003301000688225031, "extract_features": 0.0013985000550746918, "map_labels": 0.00022069993428885937, "sanity_checks": 0.00016569998115301132, "total": 0.012789000291377306}}