{"part_id": "7-7-7-12-19", "timings_sec": {"read_step": 0.008332000114023685, "enumerate_faces": 2.7300091460347176e-05, "build_adjacency": 0.00026570004411041737, "extract_features": 0.000934199895709753, "map_labels": 0.00019980012439191341, "sanity_checks": 0.00011930009350180626, "total": 0.009878300363197923}}