{"part_id": "7-7-7-8-14-23", "timings_sec": {"read_step": 0.007268399931490421, "enumerate_faces": 3.0199997127056122e-05, "build_adjacency": 0.0002492000348865986, "extract_features": 0.0009748998563736677, "map_labels": 0.0002364001702517271, "sanity_checks": 0.00011499994434416294, "total": 0.008874099934473634}}