{"part_id": "7-7-13-19", "timings_sec": {"read_step": 0.005565900122746825, "enumerate_faces": 3.4499913454055786e-05, "build_adjacency": 0.00028140004724264145, "extract_features": 0.0007117998320609331, "map_labels": 0.0002055000513792038, "sanity_checks": 9.410013444721699e-05, "total": 0.006893200101330876}}