{"part_id": "7-7-8-9-12-23", "timings_sec": {"read_step": 0.009533500066027045, "enumerate_faces": 2.9399991035461426e-05, "build_adjacency": 0.00030129984952509403, "extract_features": 0.0010653999634087086, "map_labels": 0.00020910007879137993, "sanity_checks": 0.00013569998554885387, "total": 0.011274399934336543}}