{"part_id": "7-7-8-8-13-23", "timings_sec": {"read_step": 0.006461200071498752, "enumerate_faces": 2.9499875381588936e-05, "build_adjacency": 0.000224200077354908, "extract_features": 0.0008489999454468489, "map_labels": 0.000219699926674366, "sanity_checks": 0.0001066999975591898, "total": 0.007890299893915653}}