{"part_id": "7-7-8-8-12-23", "timings_sec": {"read_step": 0.0072679000440984964, "enumerate_faces": 3.300001844763756e-05, "build_adjacency": 0.000376800075173378, "extract_features": 0.0008834998589009047, "map_labels": 0.00019509997218847275, "sanity_checks": 0.00011319993063807487, "total": 0.008869499899446964}}