{"part_id": "7-7-11-11-12-23", "timings_sec": {"read_step": 0.011767999967560172, "enumerate_faces": 3.6400044336915016e-05, "build_adjacency": 0.00038410001434385777, "extract_features": 0.0019054999575018883, "map_labels": 0.00025569996796548367, "sanity_checks": 0.00020619994029402733, "total": 0.014555899892002344}}