{"part_id": "7-7-13-14-14-23", "timings_sec": {"read_step": 0.008076600031927228, "enumerate_faces": 3.2400013878941536e-05, "build_adjacency": 0.00028460007160902023, "extract_features": 0.0010044998489320278, "map_labels": 0.0002305000089108944, "sanity_checks": 0.0001330999657511711, "total": 0.009761699941009283}}