{"part_id": "7-7-7-13-14-23", "timings_sec": {"read_step": 0.004798599984496832, "enumerate_faces": 2.3999949917197227e-05, "build_adjacency": 0.00016120006330311298, "extract_features": 0.0005933998618274927, "map_labels": 0.00019820011220872402, "sanity_checks": 0.00012820004485547543, "total": 0.005903600016608834}}