{"part_id": "7-7-12-13-13-23", "timings_sec": {"read_step": 0.009534199954941869, "enumerate_faces": 3.0399998649954796e-05, "build_adjacency": 0.00031780009157955647, "extract_features": 0.0013674998190253973, "map_labels": 0.0002443999983370304, "sanity_checks": 0.00016870000399649143, "total": 0.0116629998665303}}