{"part_id": "7-7-7-9-14-23", "timings_sec": {"read_step": 0.007156000006943941, "enumerate_faces": 3.100000321865082e-05, "build_adjacency": 0.00035660015419125557, "extract_features": 0.0013411999680101871, "map_labels": 0.00021780002862215042, "sanity_checks": 0.0001183999702334404, "total": 0.009221000131219625}}