{"part_id": "7-7-8-10-11-23", "timings_sec": {"read_step": 0.010049300035461783, "enumerate_faces": 3.3499905839562416e-05, "build_adjacency": 0.0003309999592602253, "extract_features": 0.001272199908271432, "map_labels": 0.00023719994351267815, "sanity_checks": 0.00022350018844008446, "total": 0.012146699940785766}}