{"part_id": "7-7-7-7-10-23", "timings_sec": {"read_step": 0.00941389985382557, "enumerate_faces": 3.5700155422091484e-05, "build_adjacency": 0.00030489987693727016, "extract_features": 0.0011513999197632074, "map_labels": 0.00023770006373524666, "sanity_checks": 0.00014579994603991508, "total": 0.0112893998157233}}