{"part_id": "7-7-8-11-14-23", "timings_sec": {"read_step": 0.009163400158286095, "enumerate_faces": 3.1300121918320656e-05, "build_adjacency": 0.0003261999227106571, "extract_features": 0.0013214999344199896, "map_labels": 0.0002123001031577587, "sanity_checks": 0.00015040021389722824, "total": 0.011205100454390049}}