{"part_id": "7-7-12-14-14-23", "timings_sec": {"read_step": 0.005112799815833569, "enumerate_faces": 2.8900103643536568e-05, "build_adjacency": 0.00023850006982684135, "extract_features": 0.0006581998895853758, "map_labels": 0.00020210002548992634, "sanity_checks": 8.63000750541687e-05, "total": 0.006326799979433417}}