{"part_id": "7-7-8-12-12-23", "timings_sec": {"read_step": 0.008730500005185604, "enumerate_faces": 2.8899870812892914e-05, "build_adjacency": 0.0003074000123888254, "extract_features": 0.0011094999499619007, "map_labels": 0.00022450019605457783, "sanity_checks": 0.0001403999049216509, "total": 0.010541199939325452}}