{"part_id": "7-7-11-11-14-23", "timings_sec": {"read_step": 0.011560000013560057, "enumerate_faces": 3.7400051951408386e-05, "build_adjacency": 0.00037329993210732937, "extract_features": 0.0014389001298695803, "map_labels": 0.0002280999906361103, "sanity_checks": 0.0001705000177025795, "total": 0.013808200135827065}}