{"part_id": "7-8-11-13-19", "timings_sec": {"read_step": 0.008490500040352345, "enumerate_faces": 3.709993325173855e-05, "build_adjacency": 0.0002794000320136547, "extract_features": 0.0009654001332819462, "map_labels": 0.00022400007583200932, "sanity_checks": 0.00012569990940392017, "total": 0.010122100124135613}}