{"part_id": "7-8-12-12-14-23", "timings_sec": {"read_step": 0.009279199875891209, "enumerate_faces": 3.2700132578611374e-05, "build_adjacency": 0.00030910014174878597, "extract_features": 0.0012789999600499868, "map_labels": 0.0002155001275241375, "sanity_checks": 0.00013770000077784061, "total": 0.011253200238570571}}