{"part_id": "7-8-8-9-10-23", "timings_sec": {"read_step": 0.008810700150206685, "enumerate_faces": 2.6600202545523643e-05, "build_adjacency": 0.0002723999787122011, "extract_features": 0.0012758998200297356, "map_labels": 0.000269800191745162, "sanity_checks": 0.0001417999155819416, "total": 0.010797200258821249}}