{"part_id": "7-8-8-11-19", "timings_sec": {"read_step": 0.007750399876385927, "enumerate_faces": 2.71000899374485e-05, "build_adjacency": 0.0002611998934298754, "extract_features": 0.0011044000275433064, "map_labels": 0.00019429996609687805, "sanity_checks": 0.00013010017573833466, "total": 0.00946750002913177}}