{"part_id": "7-8-8-8-13-23", "timings_sec": {"read_step": 0.004953199997544289, "enumerate_faces": 2.410006709396839e-05, "build_adjacency": 0.00017190002836287022, "extract_features": 0.0006273998878896236, "map_labels": 0.00024409987963736057, "sanity_checks": 0.0001243001315742731, "total": 0.006144999992102385}}