{"part_id": "7-8-10-13-14-23", "timings_sec": {"read_step": 0.007773799821734428, "enumerate_faces": 2.9499875381588936e-05, "build_adjacency": 0.00023829983547329903, "extract_features": 0.0008712999988347292, "map_labels": 0.0001992001198232174, "sanity_checks": 0.00011399993672966957, "total": 0.009226099587976933}}