{"part_id": "7-8-12-12-19", "timings_sec": {"read_step": 0.007925300160422921, "enumerate_faces": 3.3400021493434906e-05, "build_adjacency": 0.00032730004750192165, "extract_features": 0.0010084998793900013, "map_labels": 0.000215600011870265, "sanity_checks": 0.00011769984848797321, "total": 0.009627799969166517}}