{"part_id": "7-8-12-12-13-23", "timings_sec": {"read_step": 0.008442299906164408, "enumerate_faces": 2.9399991035461426e-05, "build_adjacency": 0.00028600008226931095, "extract_features": 0.0012376001104712486, "map_labels": 0.00018720002844929695, "sanity_checks": 0.00012949993833899498, "total": 0.01031200005672872}}