{"part_id": "7-8-10-13-19", "timings_sec": {"read_step": 0.007088399957865477, "enumerate_faces": 3.300001844763756e-05, "build_adjacency": 0.00024329987354576588, "extract_features": 0.0009367999155074358, "map_labels": 0.00022570020519196987, "sanity_checks": 0.00012189988046884537, "total": 0.008649099851027131}}