{"part_id": "7-8-8-8-10-23", "timings_sec": {"read_step": 0.005953899817541242, "enumerate_faces": 2.9100105166435242e-05, "build_adjacency": 0.00020130001939833164, "extract_features": 0.0007400000467896461, "map_labels": 0.00017790007404983044, "sanity_checks": 0.00010409997776150703, "total": 0.007206300040706992}}