{"part_id": "7-8-8-9-9-23", "timings_sec": {"read_step": 0.008142999839037657, "enumerate_faces": 2.519995905458927e-05, "build_adjacency": 0.0002633999101817608, "extract_features": 0.0009809001348912716, "map_labels": 0.0001954999752342701, "sanity_checks": 0.00012780004180967808, "total": 0.009735799860209227}}