{"part_id": "7-8-11-12-12-23", "timings_sec": {"read_step": 0.007380399852991104, "enumerate_faces": 2.3300061002373695e-05, "build_adjacency": 0.00036530010402202606, "extract_features": 0.0009232999291270971, "map_labels": 0.00018070009537041187, "sanity_checks": 0.0001183999702334404, "total": 0.008991400012746453}}