{"part_id": "7-8-9-9-14-23", "timings_sec": {"read_step": 0.01047980017028749, "enumerate_faces": 3.8499943912029266e-05, "build_adjacency": 0.0004374999552965164, "extract_features": 0.0016655998770147562, "map_labels": 0.00030250009149312973, "sanity_checks": 0.00023150001652538776, "total": 0.01315540005452931}}