{"part_id": "7-8-10-13-13-23", "timings_sec": {"read_step": 0.007643999997526407, "enumerate_faces": 3.269989974796772e-05, "build_adjacency": 0.0003620998468250036, "extract_features": 0.000950200017541647, "map_labels": 0.0002188999205827713, "sanity_checks": 0.00022929999977350235, "total": 0.0094371996819973}}