{"part_id": "7-8-13-14-14-23", "timings_sec": {"read_step": 0.008083200082182884, "enumerate_faces": 3.220001235604286e-05, "build_adjacency": 0.0002628001384437084, "extract_features": 0.0010167001746594906, "map_labels": 0.00023290002718567848, "sanity_checks": 0.00012889993377029896, "total": 0.009756700368598104}}