{"part_id": "7-8-8-10-10-23", "timings_sec": {"read_step": 0.008580500027164817, "enumerate_faces": 3.1899893656373024e-05, "build_adjacency": 0.00030630012042820454, "extract_features": 0.0011390000581741333, "map_labels": 0.00022449996322393417, "sanity_checks": 0.00015199999324977398, "total": 0.010434200055897236}}