{"part_id": "7-8-11-11-13-23", "timings_sec": {"read_step": 0.009583599865436554, "enumerate_faces": 3.360002301633358e-05, "build_adjacency": 0.0003550001420080662, "extract_features": 0.0012171999551355839, "map_labels": 0.0002250999677926302, "sanity_checks": 0.00015309988521039486, "total": 0.011567599838599563}}