{"part_id": "7-8-10-11-13-23", "timings_sec": {"read_step": 0.009681000141426921, "enumerate_faces": 3.6499928683042526e-05, "build_adjacency": 0.0003247000277042389, "extract_features": 0.0014095997903496027, "map_labels": 0.00023030000738799572, "sanity_checks": 0.0001534000039100647, "total": 0.011835499899461865}}