{"part_id": "7-8-9-10-12-23", "timings_sec": {"read_step": 0.010306500131264329, "enumerate_faces": 3.320001997053623e-05, "build_adjacency": 0.00030729989521205425, "extract_features": 0.0011491000186651945, "map_labels": 0.0002305000089108944, "sanity_checks": 0.00015159999020397663, "total": 0.012178200064226985}}