{"part_id": "7-8-9-9-12-23", "timings_sec": {"read_step": 0.011070699896663427, "enumerate_faces": 4.660012200474739e-05, "build_adjacency": 0.0003665999975055456, "extract_features": 0.0015715998597443104, "map_labels": 0.00021709990687668324, "sanity_checks": 0.00016840011812746525, "total": 0.01344099990092218}}