{"part_id": "7-8-10-14-14-23", "timings_sec": {"read_step": 0.011155499843880534, "enumerate_faces": 3.0199997127056122e-05, "build_adjacency": 0.00031659984961152077, "extract_features": 0.0010629999451339245, "map_labels": 0.00021290010772645473, "sanity_checks": 0.00013589998707175255, "total": 0.012914099730551243}}