{"part_id": "7-8-8-11-11-23", "timings_sec": {"read_step": 0.010761799989268184, "enumerate_faces": 2.8999987989664078e-05, "build_adjacency": 0.0003424999304115772, "extract_features": 0.0013908999972045422, "map_labels": 0.0002155001275241375, "sanity_checks": 0.00017249980010092258, "total": 0.012912199832499027}}