{"part_id": "7-8-13-14-19", "timings_sec": {"read_step": 0.006320100044831634, "enumerate_faces": 2.5700079277157784e-05, "build_adjacency": 0.00021399999968707561, "extract_features": 0.0009632001165300608, "map_labels": 0.00018199998885393143, "sanity_checks": 0.00010179984383285046, "total": 0.00780680007301271}}