{"part_id": "7-8-9-11-19", "timings_sec": {"read_step": 0.009106599958613515, "enumerate_faces": 3.409991040825844e-05, "build_adjacency": 0.00028740009292960167, "extract_features": 0.0011286998633295298, "map_labels": 0.000260199885815382, "sanity_checks": 0.00013660010881721973, "total": 0.010953599819913507}}