{"part_id": "7-8-12-14-14-23", "timings_sec": {"read_step": 0.013641100144013762, "enumerate_faces": 3.66999302059412e-05, "build_adjacency": 0.0004400999750941992, "extract_features": 0.0015408000908792019, "map_labels": 0.00026359991170465946, "sanity_checks": 0.00014270003885030746, "total": 0.01606500009074807}}