{"part_id": "7-8-11-13-14-23", "timings_sec": {"read_step": 0.010836600093171, "enumerate_faces": 3.4899916499853134e-05, "build_adjacency": 0.00030280021019279957, "extract_features": 0.0011136999819427729, "map_labels": 0.00024470011703670025, "sanity_checks": 0.0002101000864058733, "total": 0.012742800405249}}