{"part_id": "7-8-8-9-13-23", "timings_sec": {"read_step": 0.00686730002053082, "enumerate_faces": 2.859998494386673e-05, "build_adjacency": 0.00022140005603432655, "extract_features": 0.0008229000959545374, "map_labels": 0.00020290003158152103, "sanity_checks": 0.00010789977386593819, "total": 0.00825099996291101}}