{"part_id": "7-8-14-14-14-23", "timings_sec": {"read_step": 0.007806100184097886, "enumerate_faces": 2.5799963623285294e-05, "build_adjacency": 0.00027680001221597195, "extract_features": 0.0011668999213725328, "map_labels": 0.00019980012439191341, "sanity_checks": 0.0001922000665217638, "total": 0.009667600272223353}}