{"part_id": "7-8-8-12-14-23", "timings_sec": {"read_step": 0.007821300067007542, "enumerate_faces": 3.7400051951408386e-05, "build_adjacency": 0.00034169992431998253, "extract_features": 0.0011412000749260187, "map_labels": 0.00020979996770620346, "sanity_checks": 0.0001262999139726162, "total": 0.009677699999883771}}