{"part_id": "7-9-14-19", "timings_sec": {"read_step": 0.00683340011164546, "enumerate_faces": 3.4899916499853134e-05, "build_adjacency": 0.00022320006974041462, "extract_features": 0.0007965001277625561, "map_labels": 0.0002639999147504568, "sanity_checks": 0.00010689999908208847, "total": 0.00825890013948083}}