{"part_id": "7-9-9-12-13-23", "timings_sec": {"read_step": 0.00847909995354712, "enumerate_faces": 2.8399983420968056e-05, "build_adjacency": 0.0002980001736432314, "extract_features": 0.0012811999768018723, "map_labels": 0.00020190002396702766, "sanity_checks": 0.00014279992319643497, "total": 0.010431400034576654}}