{"part_id": "7-9-11-11-12-23", "timings_sec": {"read_step": 0.014398799976333976, "enumerate_faces": 3.6700163036584854e-05, "build_adjacency": 0.0006748000159859657, "extract_features": 0.0028199998196214437, "map_labels": 0.00029959995299577713, "sanity_checks": 0.0003241999074816704, "total": 0.018554099835455418}}