{"part_id": "7-9-9-10-19", "timings_sec": {"read_step": 0.007699999958276749, "enumerate_faces": 2.5900080800056458e-05, "build_adjacency": 0.00025729998014867306, "extract_features": 0.0009942001197487116, "map_labels": 0.00018829992040991783, "sanity_checks": 0.00013260007835924625, "total": 0.009298300137743354}}