{"part_id": "7-9-9-14-19", "timings_sec": {"read_step": 0.007538700010627508, "enumerate_faces": 2.9999995604157448e-05, "build_adjacency": 0.0004017001483589411, "extract_features": 0.0016600999515503645, "map_labels": 0.00019739987328648567, "sanity_checks": 0.00012289988808333874, "total": 0.009950799867510796}}