{"part_id": "7-9-9-14-14-23", "timings_sec": {"read_step": 0.01022910000756383, "enumerate_faces": 3.229989670217037e-05, "build_adjacency": 0.0003084000200033188, "extract_features": 0.0011140001006424427, "map_labels": 0.00023690005764365196, "sanity_checks": 0.00014350004494190216, "total": 0.012064200127497315}}