{"part_id": "7-9-9-11-12-23", "timings_sec": {"read_step": 0.010742499958723783, "enumerate_faces": 2.95999925583601e-05, "build_adjacency": 0.00034140003845095634, "extract_features": 0.001505899941548705, "map_labels": 0.00022200006060302258, "sanity_checks": 0.00017359992489218712, "total": 0.013014999916777015}}