{"part_id": "7-9-9-9-9-23", "timings_sec": {"read_step": 0.00809300015680492, "enumerate_faces": 2.12998129427433e-05, "build_adjacency": 0.00026439991779625416, "extract_features": 0.0010659999679774046, "map_labels": 0.00017830007709562778, "sanity_checks": 0.00014679995365440845, "total": 0.009769799886271358}}