{"part_id": "7-9-9-12-14-23", "timings_sec": {"read_step": 0.009741999907419086, "enumerate_faces": 3.390014171600342e-05, "build_adjacency": 0.0003162000793963671, "extract_features": 0.0011215000413358212, "map_labels": 0.00022849999368190765, "sanity_checks": 0.0001476001925766468, "total": 0.011589700356125832}}