{"part_id": "7-9-11-12-14-23", "timings_sec": {"read_step": 0.008177599869668484, "enumerate_faces": 3.42000275850296e-05, "build_adjacency": 0.00022869999520480633, "extract_features": 0.0008074999786913395, "map_labels": 0.00024079997092485428, "sanity_checks": 0.0001067998819053173, "total": 0.00959559972397983}}