{"part_id": "7-9-19", "timings_sec": {"read_step": 0.004924899898469448, "enumerate_faces": 2.310005947947502e-05, "build_adjacency": 0.00016140006482601166, "extract_features": 0.0006119001191109419, "map_labels": 0.00017809984274208546, "sanity_checks": 8.340016938745975e-05, "total": 0.005982800154015422}}