{"part_id": "7-9-9-13-13-23", "timings_sec": {"read_step": 0.007502299966290593, "enumerate_faces": 2.6399968191981316e-05, "build_adjacency": 0.0002578999847173691, "extract_features": 0.0011797999031841755, "map_labels": 0.00025040004402399063, "sanity_checks": 0.00019409996457397938, "total": 0.009410899830982089}}