{"part_id": "7-9-10-13-14-23", "timings_sec": {"read_step": 0.014186599990352988, "enumerate_faces": 3.9999838918447495e-05, "build_adjacency": 0.00044350000098347664, "extract_features": 0.0016099000349640846, "map_labels": 0.0002668001689016819, "sanity_checks": 0.00022440007887780666, "total": 0.016771200112998486}}