{"part_id": "7-9-9-13-14-23", "timings_sec": {"read_step": 0.011727700009942055, "enumerate_faces": 3.42000275850296e-05, "build_adjacency": 0.00031260005198419094, "extract_features": 0.0010474000591784716, "map_labels": 0.0003494999837130308, "sanity_checks": 0.00014199991710484028, "total": 0.013613400049507618}}