{"part_id": "7-9-9-10-11-23", "timings_sec": {"read_step": 0.010212100110948086, "enumerate_faces": 3.0800001695752144e-05, "build_adjacency": 0.0003408000338822603, "extract_features": 0.0013055999297648668, "map_labels": 0.00021780002862215042, "sanity_checks": 0.00021219998598098755, "total": 0.012319300090894103}}