{"part_id": "7-9-11-11-11-23", "timings_sec": {"read_step": 0.01614219998009503, "enumerate_faces": 4.1400082409381866e-05, "build_adjacency": 0.0005570999346673489, "extract_features": 0.0020308000966906548, "map_labels": 0.00027459999546408653, "sanity_checks": 0.0002891998738050461, "total": 0.019335299963131547}}