{"part_id": "7-9-10-13-19", "timings_sec": {"read_step": 0.011478800093755126, "enumerate_faces": 4.5800115913152695e-05, "build_adjacency": 0.0002812999300658703, "extract_features": 0.0013201001565903425, "map_labels": 0.00026529980823397636, "sanity_checks": 0.00020670006051659584, "total": 0.013598000165075064}}