{"part_id": "7-9-10-10-19", "timings_sec": {"read_step": 0.01321140001527965, "enumerate_faces": 4.229997284710407e-05, "build_adjacency": 0.00040050013922154903, "extract_features": 0.0017800999339669943, "map_labels": 0.00022920011542737484, "sanity_checks": 0.0002319000195711851, "total": 0.015895400196313858}}