{"part_id": "7-9-10-12-12-23", "timings_sec": {"read_step": 0.010050500044599175, "enumerate_faces": 3.360002301633358e-05, "build_adjacency": 0.0003383001312613487, "extract_features": 0.0018447998445481062, "map_labels": 0.00026350002735853195, "sanity_checks": 0.00028229993768036366, "total": 0.01281300000846386}}