{"part_id": "7-9-9-9-19", "timings_sec": {"read_step": 0.0073269999120384455, "enumerate_faces": 2.1300045773386955e-05, "build_adjacency": 0.00023230002261698246, "extract_features": 0.0009218999184668064, "map_labels": 0.0001876999158412218, "sanity_checks": 0.00012689991854131222, "total": 0.008817099733278155}}