{"part_id": "7-9-13-14-19", "timings_sec": {"read_step": 0.009013200178742409, "enumerate_faces": 3.42000275850296e-05, "build_adjacency": 0.000346100190654397, "extract_features": 0.0009743999689817429, "map_labels": 0.00021500000730156898, "sanity_checks": 0.00011539994738996029, "total": 0.010698300320655107}}