{"part_id": "7-9-9-9-11-23", "timings_sec": {"read_step": 0.010526000056415796, "enumerate_faces": 3.050011582672596e-05, "build_adjacency": 0.00032780016772449017, "extract_features": 0.0012394001241773367, "map_labels": 0.0002217001747339964, "sanity_checks": 0.00016639987006783485, "total": 0.01251180050894618}}