{"part_id": "7-9-9-10-14-23", "timings_sec": {"read_step": 0.008836900116875768, "enumerate_faces": 3.110012039542198e-05, "build_adjacency": 0.00032860017381608486, "extract_features": 0.001259499927982688, "map_labels": 0.0002607000060379505, "sanity_checks": 0.00015360000543296337, "total": 0.010870400350540876}}