{"part_id": "7-9-12-13-14-23", "timings_sec": {"read_step": 0.011597699951380491, "enumerate_faces": 4.1499966755509377e-05, "build_adjacency": 0.00044979993253946304, "extract_features": 0.001581599935889244, "map_labels": 0.00027680001221597195, "sanity_checks": 0.0002380001824349165, "total": 0.014185399981215596}}