{"part_id": "7-9-14-14-14-23", "timings_sec": {"read_step": 0.014393199933692813, "enumerate_faces": 4.179985262453556e-05, "build_adjacency": 0.0004986000712960958, "extract_features": 0.0020661999005824327, "map_labels": 0.00047850003466010094, "sanity_checks": 0.00024500000290572643, "total": 0.017723299795761704}}