{"part_id": "7-9-10-13-13-23", "timings_sec": {"read_step": 0.011447899974882603, "enumerate_faces": 4.650000482797623e-05, "build_adjacency": 0.0004422001074999571, "extract_features": 0.001602299977093935, "map_labels": 0.0002615000121295452, "sanity_checks": 0.00021109986118972301, "total": 0.01401149993762374}}