{"part_id": "7-9-10-11-11-23", "timings_sec": {"read_step": 0.017971500055864453, "enumerate_faces": 4.3300213292241096e-05, "build_adjacency": 0.0006568999961018562, "extract_features": 0.002702200086787343, "map_labels": 0.000295999925583601, "sanity_checks": 0.00033359997905790806, "total": 0.022003500256687403}}