{"part_id": "7-9-9-9-12-23", "timings_sec": {"read_step": 0.008697499986737967, "enumerate_faces": 2.5999965146183968e-05, "build_adjacency": 0.00028989999555051327, "extract_features": 0.001325999852269888, "map_labels": 0.00020190002396702766, "sanity_checks": 0.0001550000160932541, "total": 0.010696299839764833}}