{"part_id": "8-10-14-14-14-23", "timings_sec": {"read_step": 0.008973800111562014, "enumerate_faces": 3.2400013878941536e-05, "build_adjacency": 0.0002875998616218567, "extract_features": 0.0010881000198423862, "map_labels": 0.000215600011870265, "sanity_checks": 0.00013569998554885387, "total": 0.010733200004324317}}