{"part_id": "8-10-11-13-13-23", "timings_sec": {"read_step": 0.008727199863642454, "enumerate_faces": 2.4899840354919434e-05, "build_adjacency": 0.0002943000290542841, "extract_features": 0.0013599998783320189, "map_labels": 0.00022840010933578014, "sanity_checks": 0.000148099847137928, "total": 0.010782899567857385}}