{"part_id": "8-10-11-11-12-23", "timings_sec": {"read_step": 0.0112893998157233, "enumerate_faces": 3.0299881473183632e-05, "build_adjacency": 0.00038570002652704716, "extract_features": 0.0014331000857055187, "map_labels": 0.00020730006508529186, "sanity_checks": 0.0002620001323521137, "total": 0.013607800006866455}}