{"part_id": "8-10-12-12-14-23", "timings_sec": {"read_step": 0.009357299888506532, "enumerate_faces": 3.169989213347435e-05, "build_adjacency": 0.000314599834382534, "extract_features": 0.0011389998253434896, "map_labels": 0.00020780018530786037, "sanity_checks": 0.0001471999567002058, "total": 0.011197599582374096}}