{"part_id": "8-10-13-14-19", "timings_sec": {"read_step": 0.007291499990969896, "enumerate_faces": 3.5499921068549156e-05, "build_adjacency": 0.00025569996796548367, "extract_features": 0.0008729000110179186, "map_labels": 0.00023150001652538776, "sanity_checks": 0.00011499994434416294, "total": 0.008802099851891398}}