{"part_id": "8-10-13-13-19", "timings_sec": {"read_step": 0.006589299999177456, "enumerate_faces": 2.2500054910779e-05, "build_adjacency": 0.00026880018413066864, "extract_features": 0.0009732998441904783, "map_labels": 0.0003162999637424946, "sanity_checks": 0.00011240015737712383, "total": 0.008282600203529}}