{"part_id": "8-10-10-12-14-23", "timings_sec": {"read_step": 0.009422400034964085, "enumerate_faces": 2.769986167550087e-05, "build_adjacency": 0.00031269993633031845, "extract_features": 0.0011847999412566423, "map_labels": 0.00020150002092123032, "sanity_checks": 0.00014970009215176105, "total": 0.011298799887299538}}