{"part_id": "8-10-11-11-14-23", "timings_sec": {"read_step": 0.011524399975314736, "enumerate_faces": 3.0700117349624634e-05, "build_adjacency": 0.00036780000664293766, "extract_features": 0.0013884000945836306, "map_labels": 0.0002637000288814306, "sanity_checks": 0.00024070008657872677, "total": 0.013815700309351087}}