{"part_id": "8-10-11-11-11-23", "timings_sec": {"read_step": 0.0126823999453336, "enumerate_faces": 3.409991040825844e-05, "build_adjacency": 0.0004195000510662794, "extract_features": 0.0016515001188963652, "map_labels": 0.00021869991905987263, "sanity_checks": 0.0002001998946070671, "total": 0.015206399839371443}}