{"part_id": "8-10-19", "timings_sec": {"read_step": 0.004903000080958009, "enumerate_faces": 3.0100112780928612e-05, "build_adjacency": 0.00017150002531707287, "extract_features": 0.00062700011767447, "map_labels": 0.00022130017168819904, "sanity_checks": 8.739996701478958e-05, "total": 0.006040300475433469}}