{"part_id": "8-10-10-12-13-23", "timings_sec": {"read_step": 0.008793500019237399, "enumerate_faces": 2.6799971237778664e-05, "build_adjacency": 0.0002956001553684473, "extract_features": 0.0011307001113891602, "map_labels": 0.00020029977895319462, "sanity_checks": 0.00015309988521039486, "total": 0.010599999921396375}}