{"part_id": "8-10-10-13-19", "timings_sec": {"read_step": 0.007611999986693263, "enumerate_faces": 2.769986167550087e-05, "build_adjacency": 0.0003791998606175184, "extract_features": 0.0009834999218583107, "map_labels": 0.00019260006956756115, "sanity_checks": 0.00012700003571808338, "total": 0.009321999736130238}}