{"part_id": "8-10-11-13-19", "timings_sec": {"read_step": 0.008691399823874235, "enumerate_faces": 3.0199997127056122e-05, "build_adjacency": 0.00027680001221597195, "extract_features": 0.0011021001264452934, "map_labels": 0.00020450004376471043, "sanity_checks": 0.00013689999468624592, "total": 0.010441899998113513}}