{"part_id": "8-10-10-19", "timings_sec": {"read_step": 0.0062725001480430365, "enumerate_faces": 2.510007470846176e-05, "build_adjacency": 0.00029090000316500664, "extract_features": 0.0008518998511135578, "map_labels": 0.00019440008327364922, "sanity_checks": 0.0001150001771748066, "total": 0.0077498003374785185}}