{"part_id": "8-10-12-13-14-23", "timings_sec": {"read_step": 0.012151600094512105, "enumerate_faces": 3.6899931728839874e-05, "build_adjacency": 0.0002919998951256275, "extract_features": 0.001855999929830432, "map_labels": 0.00034909998066723347, "sanity_checks": 0.00013729999773204327, "total": 0.014822899829596281}}