{"part_id": "8-10-10-10-14-23", "timings_sec": {"read_step": 0.009835199918597937, "enumerate_faces": 4.160008393228054e-05, "build_adjacency": 0.0005453000776469707, "extract_features": 0.0022854998242110014, "map_labels": 0.0002674001734703779, "sanity_checks": 0.0002709999680519104, "total": 0.013246000045910478}}