{"part_id": "8-10-11-12-14-23", "timings_sec": {"read_step": 0.010118699865415692, "enumerate_faces": 3.0300114303827286e-05, "build_adjacency": 0.00034769997000694275, "extract_features": 0.0012652999721467495, "map_labels": 0.000220100162550807, "sanity_checks": 0.0002498999238014221, "total": 0.012232000008225441}}