{"part_id": "8-10-12-13-13-23", "timings_sec": {"read_step": 0.011504999827593565, "enumerate_faces": 4.6900007873773575e-05, "build_adjacency": 0.0004827999509871006, "extract_features": 0.0020053000189363956, "map_labels": 0.00030390010215342045, "sanity_checks": 0.00023750006221234798, "total": 0.014581399969756603}}