{"part_id": "8-10-10-11-11-23", "timings_sec": {"read_step": 0.015675599919632077, "enumerate_faces": 3.5400036722421646e-05, "build_adjacency": 0.00040040002204477787, "extract_features": 0.0014575000386685133, "map_labels": 0.00023879995569586754, "sanity_checks": 0.0001962999813258648, "total": 0.018003999954089522}}