{"part_id": "8-10-10-10-12-23", "timings_sec": {"read_step": 0.00946640013717115, "enumerate_faces": 2.6300083845853806e-05, "build_adjacency": 0.0003152000717818737, "extract_features": 0.001223500119522214, "map_labels": 0.00021319999359548092, "sanity_checks": 0.00015939981676638126, "total": 0.011404000222682953}}