{"part_id": "8-10-14-14-19", "timings_sec": {"read_step": 0.007975500077009201, "enumerate_faces": 3.2800016924738884e-05, "build_adjacency": 0.00024870014749467373, "extract_features": 0.0011273999698460102, "map_labels": 0.0002117000985890627, "sanity_checks": 0.0001205001026391983, "total": 0.009716600412502885}}