{"part_id": "8-10-13-13-13-23", "timings_sec": {"read_step": 0.00874600000679493, "enumerate_faces": 2.6399968191981316e-05, "build_adjacency": 0.00024560000747442245, "extract_features": 0.0009187001269310713, "map_labels": 0.00022750021889805794, "sanity_checks": 0.0001563001424074173, "total": 0.01032050047069788}}