{"part_id": "8-10-11-14-14-23", "timings_sec": {"read_step": 0.00987479998730123, "enumerate_faces": 3.169989213347435e-05, "build_adjacency": 0.00043620006181299686, "extract_features": 0.0012441999278962612, "map_labels": 0.0002196000423282385, "sanity_checks": 0.00016109994612634182, "total": 0.011967599857598543}}