{"part_id": "8-10-10-10-19", "timings_sec": {"read_step": 0.01117669977247715, "enumerate_faces": 3.5700155422091484e-05, "build_adjacency": 0.00037329993210732937, "extract_features": 0.0016002000775188208, "map_labels": 0.00029170000925660133, "sanity_checks": 0.00019700010307133198, "total": 0.013674600049853325}}