{"part_id": "8-10-12-12-13-23", "timings_sec": {"read_step": 0.009484499925747514, "enumerate_faces": 3.169989213347435e-05, "build_adjacency": 0.0003014998510479927, "extract_features": 0.0011695001740008593, "map_labels": 0.00021139997988939285, "sanity_checks": 0.0001401000190526247, "total": 0.011338699841871858}}