{"part_id": "8-10-10-10-11-23", "timings_sec": {"read_step": 0.010889600031077862, "enumerate_faces": 2.369983121752739e-05, "build_adjacency": 0.00035419990308582783, "extract_features": 0.0013182999100536108, "map_labels": 0.00019649998284876347, "sanity_checks": 0.00017559994012117386, "total": 0.012957899598404765}}