{"part_id": "8-10-13-13-14-23", "timings_sec": {"read_step": 0.007111400132998824, "enumerate_faces": 2.8800219297409058e-05, "build_adjacency": 0.00024010008201003075, "extract_features": 0.0008628999348729849, "map_labels": 0.0002164000179618597, "sanity_checks": 0.00011359993368387222, "total": 0.00857320032082498}}