{"part_id": "8-11-11-11-19", "timings_sec": {"read_step": 0.014765999978408217, "enumerate_faces": 4.2800093069672585e-05, "build_adjacency": 0.0006317999213933945, "extract_features": 0.0022514001466333866, "map_labels": 0.00031160004436969757, "sanity_checks": 0.0003355001099407673, "total": 0.018339100293815136}}