{"part_id": "8-11-11-12-14-23", "timings_sec": {"read_step": 0.012664300156757236, "enumerate_faces": 3.6899931728839874e-05, "build_adjacency": 0.0005568999331444502, "extract_features": 0.0020179999992251396, "map_labels": 0.00028149993158876896, "sanity_checks": 0.00027190009132027626, "total": 0.01582950004376471}}