{"part_id": "8-11-11-12-13-23", "timings_sec": {"read_step": 0.01074320008046925, "enumerate_faces": 2.869986928999424e-05, "build_adjacency": 0.0003525000065565109, "extract_features": 0.001757199876010418, "map_labels": 0.00023739994503557682, "sanity_checks": 0.0002951999194920063, "total": 0.013414199696853757}}