{"part_id": "8-11-13-13-13-23", "timings_sec": {"read_step": 0.0081086999271065, "enumerate_faces": 3.320001997053623e-05, "build_adjacency": 0.0002840999513864517, "extract_features": 0.0010347000788897276, "map_labels": 0.00023279991000890732, "sanity_checks": 0.00013160007074475288, "total": 0.009825099958106875}}