{"part_id": "8-11-14-14-14-23", "timings_sec": {"read_step": 0.007975300075486302, "enumerate_faces": 3.160000778734684e-05, "build_adjacency": 0.0002777001354843378, "extract_features": 0.0010105001274496317, "map_labels": 0.000260799890384078, "sanity_checks": 0.00013149995356798172, "total": 0.009687400190159678}}