{"part_id": "8-11-11-14-19", "timings_sec": {"read_step": 0.009371299995109439, "enumerate_faces": 2.759997732937336e-05, "build_adjacency": 0.0003029000945389271, "extract_features": 0.001582699827849865, "map_labels": 0.0002313000150024891, "sanity_checks": 0.0001517999917268753, "total": 0.011667599901556969}}