{"part_id": "8-11-12-13-13-23", "timings_sec": {"read_step": 0.011043099919334054, "enumerate_faces": 3.8800062611699104e-05, "build_adjacency": 0.000520800007507205, "extract_features": 0.0013514000456780195, "map_labels": 0.00022749998606741428, "sanity_checks": 0.00014319992624223232, "total": 0.013324799947440624}}