{"part_id": "8-11-11-13-19", "timings_sec": {"read_step": 0.008757499977946281, "enumerate_faces": 3.1400006264448166e-05, "build_adjacency": 0.00029610004276037216, "extract_features": 0.0011052999179810286, "map_labels": 0.00022919988259673119, "sanity_checks": 0.0001496998593211174, "total": 0.010569199686869979}}