{"part_id": "8-11-12-12-13-23", "timings_sec": {"read_step": 0.009628300089389086, "enumerate_faces": 2.7799978852272034e-05, "build_adjacency": 0.00032759993337094784, "extract_features": 0.001334700034931302, "map_labels": 0.00018770014867186546, "sanity_checks": 0.00015600002370774746, "total": 0.01166210020892322}}