{"part_id": "8-11-19", "timings_sec": {"read_step": 0.005773599958047271, "enumerate_faces": 3.2400013878941536e-05, "build_adjacency": 0.0002080998383462429, "extract_features": 0.0010372998658567667, "map_labels": 0.00021490012295544147, "sanity_checks": 0.00010320008732378483, "total": 0.007369499886408448}}