{"part_id": "8-11-11-13-14-23", "timings_sec": {"read_step": 0.006717900047078729, "enumerate_faces": 2.5999965146183968e-05, "build_adjacency": 0.00021680002100765705, "extract_features": 0.0009475001133978367, "map_labels": 0.0001914000604301691, "sanity_checks": 0.00010810000821948051, "total": 0.008207700215280056}}