{"part_id": "8-12-12-14-19", "timings_sec": {"read_step": 0.007884599966928363, "enumerate_faces": 2.9300106689333916e-05, "build_adjacency": 0.00026279990561306477, "extract_features": 0.0010087999980896711, "map_labels": 0.0002039000391960144, "sanity_checks": 0.00013060006313025951, "total": 0.009520000079646707}}