{"part_id": "8-12-12-12-19", "timings_sec": {"read_step": 0.008736200165003538, "enumerate_faces": 3.4300144761800766e-05, "build_adjacency": 0.00027890014462172985, "extract_features": 0.0010170000605285168, "map_labels": 0.00022999988868832588, "sanity_checks": 0.00013049994595348835, "total": 0.0104269003495574}}