{"part_id": "8-12-12-12-13-23", "timings_sec": {"read_step": 0.008076600031927228, "enumerate_faces": 2.4700071662664413e-05, "build_adjacency": 0.0002679999452084303, "extract_features": 0.0009545998182147741, "map_labels": 0.00019280007109045982, "sanity_checks": 0.00012149987742304802, "total": 0.009638199815526605}}