{"part_id": "8-12-13-14-19", "timings_sec": {"read_step": 0.006756999995559454, "enumerate_faces": 2.4999957531690598e-05, "build_adjacency": 0.00022820010781288147, "extract_features": 0.0008119000121951103, "map_labels": 0.00019779987633228302, "sanity_checks": 0.00010750000365078449, "total": 0.008127399953082204}}