{"part_id": "8-12-13-13-19", "timings_sec": {"read_step": 0.005427800118923187, "enumerate_faces": 2.66998540610075e-05, "build_adjacency": 0.00019880011677742004, "extract_features": 0.0007128000725060701, "map_labels": 0.00023589981719851494, "sanity_checks": 0.0001447000540792942, "total": 0.006746700033545494}}