{"part_id": "8-12-12-13-14-23", "timings_sec": {"read_step": 0.008800799958407879, "enumerate_faces": 2.8799986466765404e-05, "build_adjacency": 0.0002999999560415745, "extract_features": 0.0011597999837249517, "map_labels": 0.00019640009850263596, "sanity_checks": 0.00019789999350905418, "total": 0.01068369997665286}}