{"part_id": "8-12-12-12-12-23", "timings_sec": {"read_step": 0.009791400050744414, "enumerate_faces": 2.7999980375170708e-05, "build_adjacency": 0.00034229992888867855, "extract_features": 0.001349699916318059, "map_labels": 0.0002671000547707081, "sanity_checks": 0.00015030009672045708, "total": 0.011928800027817488}}