{"part_id": "8-12-13-13-13-23", "timings_sec": {"read_step": 0.006842399947345257, "enumerate_faces": 2.9899878427386284e-05, "build_adjacency": 0.00024560000747442245, "extract_features": 0.0011199999134987593, "map_labels": 0.00020779995247721672, "sanity_checks": 0.00011519994586706161, "total": 0.008560899645090103}}