{"part_id": "8-12-12-19", "timings_sec": {"read_step": 0.006276400061324239, "enumerate_faces": 2.5499844923615456e-05, "build_adjacency": 0.00021580001339316368, "extract_features": 0.0007868001703172922, "map_labels": 0.00024000019766390324, "sanity_checks": 0.00015689991414546967, "total": 0.007701400201767683}}