{"part_id": "8-13-14-14-14-23", "timings_sec": {"read_step": 0.007772400043904781, "enumerate_faces": 2.6600202545523643e-05, "build_adjacency": 0.00025829998776316643, "extract_features": 0.00095549994148314, "map_labels": 0.0002568999771028757, "sanity_checks": 0.00012960005551576614, "total": 0.009399300208315253}}