{"part_id": "8-13-14-14-19", "timings_sec": {"read_step": 0.005154099781066179, "enumerate_faces": 2.510007470846176e-05, "build_adjacency": 0.00017579994164407253, "extract_features": 0.0006518999580293894, "map_labels": 0.00018550013191998005, "sanity_checks": 8.459994569420815e-05, "total": 0.006276999833062291}}