{"part_id": "8-13-13-13-19", "timings_sec": {"read_step": 0.007429399993270636, "enumerate_faces": 2.8399983420968056e-05, "build_adjacency": 0.00019890000112354755, "extract_features": 0.0007176999934017658, "map_labels": 0.00020499993115663528, "sanity_checks": 9.370013140141964e-05, "total": 0.008673100033774972}}