{"part_id": "8-13-13-19", "timings_sec": {"read_step": 0.004984100116416812, "enumerate_faces": 2.719997428357601e-05, "build_adjacency": 0.00017010001465678215, "extract_features": 0.0006126000080257654, "map_labels": 0.00020759995095431805, "sanity_checks": 8.160015568137169e-05, "total": 0.006083200220018625}}