{"part_id": "8-8-11-13-14-23", "timings_sec": {"read_step": 0.009752199985086918, "enumerate_faces": 3.8800062611699104e-05, "build_adjacency": 0.0003192001022398472, "extract_features": 0.0010788999497890472, "map_labels": 0.00021829991601407528, "sanity_checks": 0.00013669999316334724, "total": 0.011544100008904934}}