{"part_id": "8-8-9-9-11-23", "timings_sec": {"read_step": 0.008751999819651246, "enumerate_faces": 2.429983578622341e-05, "build_adjacency": 0.0003440000582486391, "extract_features": 0.0011946999002248049, "map_labels": 0.00021950015798211098, "sanity_checks": 0.00016050017438828945, "total": 0.010694999946281314}}