{"part_id": "8-8-10-14-19", "timings_sec": {"read_step": 0.007034000009298325, "enumerate_faces": 3.3499905839562416e-05, "build_adjacency": 0.00024239998310804367, "extract_features": 0.0008849999867379665, "map_labels": 0.0002289998810738325, "sanity_checks": 0.0001237001270055771, "total": 0.008547599893063307}}