{"part_id": "8-8-8-10-11-23", "timings_sec": {"read_step": 0.009061799850314856, "enumerate_faces": 2.7399975806474686e-05, "build_adjacency": 0.00030809990130364895, "extract_features": 0.001274599926546216, "map_labels": 0.00022430019453167915, "sanity_checks": 0.0002183998003602028, "total": 0.011114599648863077}}