{"part_id": "8-8-10-13-13-23", "timings_sec": {"read_step": 0.007206300040706992, "enumerate_faces": 2.8399983420968056e-05, "build_adjacency": 0.00024279998615384102, "extract_features": 0.0008061998523771763, "map_labels": 0.00020420015789568424, "sanity_checks": 0.00011559994891285896, "total": 0.00860349996946752}}