{"part_id": "8-8-8-12-12-23", "timings_sec": {"read_step": 0.008476399816572666, "enumerate_faces": 3.200001083314419e-05, "build_adjacency": 0.0002862000837922096, "extract_features": 0.0010098000057041645, "map_labels": 0.0002321999054402113, "sanity_checks": 0.0001292000524699688, "total": 0.010165799874812365}}