{"part_id": "8-8-8-8-13-23", "timings_sec": {"read_step": 0.004681500140577555, "enumerate_faces": 2.219993621110916e-05, "build_adjacency": 0.0001588999293744564, "extract_features": 0.0007170999888330698, "map_labels": 0.000188400037586689, "sanity_checks": 8.390005677938461e-05, "total": 0.005852000089362264}}