{"part_id": "8-8-8-13-14-23", "timings_sec": {"read_step": 0.00745679996907711, "enumerate_faces": 2.7999980375170708e-05, "build_adjacency": 0.00023579993285238743, "extract_features": 0.0009379999246448278, "map_labels": 0.00020940019749104977, "sanity_checks": 0.00012260000221431255, "total": 0.008990600006654859}}