{"part_id": "8-8-11-11-13-23", "timings_sec": {"read_step": 0.010517700109630823, "enumerate_faces": 3.629992716014385e-05, "build_adjacency": 0.0003370000049471855, "extract_features": 0.0012370999902486801, "map_labels": 0.00023199990391731262, "sanity_checks": 0.00015920004807412624, "total": 0.012519299983978271}}