{"part_id": "8-8-13-14-14-23", "timings_sec": {"read_step": 0.004044099943712354, "enumerate_faces": 2.2899825125932693e-05, "build_adjacency": 0.00013520009815692902, "extract_features": 0.0005004000850021839, "map_labels": 0.0001830998808145523, "sanity_checks": 0.0001105000264942646, "total": 0.004996199859306216}}