{"part_id": "8-8-8-11-12-23", "timings_sec": {"read_step": 0.008774799993261695, "enumerate_faces": 2.759997732937336e-05, "build_adjacency": 0.00030250009149312973, "extract_features": 0.0012264999095350504, "map_labels": 0.00019580009393393993, "sanity_checks": 0.0001404997892677784, "total": 0.010667699854820967}}