{"part_id": "8-8-10-11-11-23", "timings_sec": {"read_step": 0.010606300085783005, "enumerate_faces": 2.9799994081258774e-05, "build_adjacency": 0.0003559000324457884, "extract_features": 0.0013353999238461256, "map_labels": 0.0002101000864058733, "sanity_checks": 0.00017450004816055298, "total": 0.012712000170722604}}