{"part_id": "8-8-11-11-11-23", "timings_sec": {"read_step": 0.0066062998957931995, "enumerate_faces": 3.1300121918320656e-05, "build_adjacency": 0.0002305000089108944, "extract_features": 0.0008310999255627394, "map_labels": 0.00021760002709925175, "sanity_checks": 0.00018880004063248634, "total": 0.008105600019916892}}