{"part_id": "8-8-9-9-9-23", "timings_sec": {"read_step": 0.007937900023534894, "enumerate_faces": 3.410014323890209e-05, "build_adjacency": 0.0002622001338750124, "extract_features": 0.0009997999295592308, "map_labels": 0.00022380007430911064, "sanity_checks": 0.00013960013166069984, "total": 0.00959740043617785}}