{"part_id": "8-8-8-14-19", "timings_sec": {"read_step": 0.004817800130695105, "enumerate_faces": 2.859998494386673e-05, "build_adjacency": 0.00024399999529123306, "extract_features": 0.0008626999333500862, "map_labels": 0.00022619985975325108, "sanity_checks": 0.00012129987590014935, "total": 0.006300599779933691}}