{"part_id": "8-8-12-12-13-23", "timings_sec": {"read_step": 0.006317499792203307, "enumerate_faces": 2.450007013976574e-05, "build_adjacency": 0.00021869991905987263, "extract_features": 0.0010454000439494848, "map_labels": 0.00020609982311725616, "sanity_checks": 0.00010440009646117687, "total": 0.007916599744930863}}