{"part_id": "8-8-10-10-14-23", "timings_sec": {"read_step": 0.007617200026288629, "enumerate_faces": 2.7700094506144524e-05, "build_adjacency": 0.00028540007770061493, "extract_features": 0.0013284001033753157, "map_labels": 0.00024119997397065163, "sanity_checks": 0.0001914000604301691, "total": 0.009691300336271524}}