{"part_id": "8-8-9-12-14-23", "timings_sec": {"read_step": 0.00786000001244247, "enumerate_faces": 2.429983578622341e-05, "build_adjacency": 0.00026659993454813957, "extract_features": 0.0012053998652845621, "map_labels": 0.00018650013953447342, "sanity_checks": 0.00013379985466599464, "total": 0.009676599642261863}}