{"part_id": "8-8-10-11-14-23", "timings_sec": {"read_step": 0.00932029983960092, "enumerate_faces": 2.619996666908264e-05, "build_adjacency": 0.00034740008413791656, "extract_features": 0.0011960999108850956, "map_labels": 0.00021520000882446766, "sanity_checks": 0.0001542000100016594, "total": 0.011259399820119143}}