{"part_id": "8-8-9-10-11-23", "timings_sec": {"read_step": 0.009583099978044629, "enumerate_faces": 3.5499921068549156e-05, "build_adjacency": 0.0003203998785465956, "extract_features": 0.001223200000822544, "map_labels": 0.00022070016711950302, "sanity_checks": 0.00016990001313388348, "total": 0.011552799958735704}}