{"part_id": "8-8-8-11-11-23", "timings_sec": {"read_step": 0.011007300112396479, "enumerate_faces": 2.7799978852272034e-05, "build_adjacency": 0.00032739993184804916, "extract_features": 0.0013655000366270542, "map_labels": 0.00019990000873804092, "sanity_checks": 0.00016249995678663254, "total": 0.013090400025248528}}