{"part_id": "8-8-11-13-13-23", "timings_sec": {"read_step": 0.007340500131249428, "enumerate_faces": 2.6099849492311478e-05, "build_adjacency": 0.0002462000120431185, "extract_features": 0.0009027000050991774, "map_labels": 0.0001984999980777502, "sanity_checks": 0.00011879997327923775, "total": 0.008832799969241023}}