{"part_id": "8-8-9-13-13-23", "timings_sec": {"read_step": 0.010200000135228038, "enumerate_faces": 3.720005042850971e-05, "build_adjacency": 0.0003540001343935728, "extract_features": 0.0012806998565793037, "map_labels": 0.0002560000866651535, "sanity_checks": 0.00017790007404983044, "total": 0.012305800337344408}}