{"part_id": "8-8-11-12-13-23", "timings_sec": {"read_step": 0.008972599869593978, "enumerate_faces": 3.260001540184021e-05, "build_adjacency": 0.00030720001086592674, "extract_features": 0.0012452001683413982, "map_labels": 0.00021939980797469616, "sanity_checks": 0.00014689983800053596, "total": 0.010923899710178375}}