{"part_id": "8-8-10-11-19", "timings_sec": {"read_step": 0.008514000102877617, "enumerate_faces": 2.459995448589325e-05, "build_adjacency": 0.00026500015519559383, "extract_features": 0.0011636000126600266, "map_labels": 0.0002050998155027628, "sanity_checks": 0.00013420009054243565, "total": 0.010306500131264329}}