{"part_id": "8-8-9-11-14-23", "timings_sec": {"read_step": 0.007727599935606122, "enumerate_faces": 2.500019036233425e-05, "build_adjacency": 0.00027149985544383526, "extract_features": 0.0009537998121231794, "map_labels": 0.0001889001578092575, "sanity_checks": 0.0001284000463783741, "total": 0.009295199997723103}}