{"part_id": "8-8-9-9-14-23", "timings_sec": {"read_step": 0.007724700029939413, "enumerate_faces": 3.360002301633358e-05, "build_adjacency": 0.0003665999975055456, "extract_features": 0.0012214998714625835, "map_labels": 0.0002272999845445156, "sanity_checks": 0.00014159991405904293, "total": 0.009715299820527434}}