{"part_id": "8-8-11-12-19", "timings_sec": {"read_step": 0.00864499993622303, "enumerate_faces": 3.429991193115711e-05, "build_adjacency": 0.0002861001994460821, "extract_features": 0.001033499836921692, "map_labels": 0.00023030000738799572, "sanity_checks": 0.00013269996270537376, "total": 0.01036189985461533}}