{"part_id": "8-8-10-12-19", "timings_sec": {"read_step": 0.007803099928423762, "enumerate_faces": 3.0899886041879654e-05, "build_adjacency": 0.0002723999787122011, "extract_features": 0.001061299815773964, "map_labels": 0.00022369995713233948, "sanity_checks": 0.00012569990940392017, "total": 0.009517099475488067}}