{"part_id": "8-8-10-10-13-23", "timings_sec": {"read_step": 0.00828230008482933, "enumerate_faces": 3.42000275850296e-05, "build_adjacency": 0.0002983000595122576, "extract_features": 0.0011337001342326403, "map_labels": 0.0002180000301450491, "sanity_checks": 0.00013720011338591576, "total": 0.010103700449690223}}