{"part_id": "8-8-9-12-12-23", "timings_sec": {"read_step": 0.009762200061231852, "enumerate_faces": 3.2700132578611374e-05, "build_adjacency": 0.0002967999316751957, "extract_features": 0.0011889999732375145, "map_labels": 0.00022740010172128677, "sanity_checks": 0.00013529998250305653, "total": 0.011643400182947516}}