{"part_id": "8-8-14-14-14-23", "timings_sec": {"read_step": 0.007963400101289153, "enumerate_faces": 2.6399968191981316e-05, "build_adjacency": 0.00036619999445974827, "extract_features": 0.001099300105124712, "map_labels": 0.00023539992980659008, "sanity_checks": 0.0001230000052601099, "total": 0.009813700104132295}}