{"part_id": "8-8-11-11-19", "timings_sec": {"read_step": 0.008749200031161308, "enumerate_faces": 2.5799963623285294e-05, "build_adjacency": 0.0004237999673932791, "extract_features": 0.0011080000549554825, "map_labels": 0.0001938000787049532, "sanity_checks": 0.00014299992471933365, "total": 0.010643600020557642}}