{"part_id": "8-8-8-9-11-23", "timings_sec": {"read_step": 0.008665299974381924, "enumerate_faces": 2.7399975806474686e-05, "build_adjacency": 0.0002847001887857914, "extract_features": 0.0010738999117165804, "map_labels": 0.0002764000091701746, "sanity_checks": 0.00018189987167716026, "total": 0.010509599931538105}}