{"part_id": "8-8-10-12-13-23", "timings_sec": {"read_step": 0.00849410006776452, "enumerate_faces": 3.9899954572319984e-05, "build_adjacency": 0.0003057001158595085, "extract_features": 0.0010096000041812658, "map_labels": 0.0002166999038308859, "sanity_checks": 0.00013100006617605686, "total": 0.010197000112384558}}