{"part_id": "8-8-9-9-12-23", "timings_sec": {"read_step": 0.008237499976530671, "enumerate_faces": 3.0499882996082306e-05, "build_adjacency": 0.0002677999436855316, "extract_features": 0.0010330001823604107, "map_labels": 0.00020609982311725616, "sanity_checks": 0.00013329996727406979, "total": 0.009908199775964022}}