{"part_id": "8-8-8-8-12-23", "timings_sec": {"read_step": 0.006702299928292632, "enumerate_faces": 2.5399960577487946e-05, "build_adjacency": 0.00021769991144537926, "extract_features": 0.0008028000593185425, "map_labels": 0.00019669998437166214, "sanity_checks": 0.00010460009798407555, "total": 0.00804949994198978}}