{"part_id": "8-8-12-12-19", "timings_sec": {"read_step": 0.004026900045573711, "enumerate_faces": 2.840021625161171e-05, "build_adjacency": 0.00014890008606016636, "extract_features": 0.0005206000059843063, "map_labels": 0.00022040004841983318, "sanity_checks": 7.219985127449036e-05, "total": 0.005017400253564119}}