{"part_id": "8-8-11-19", "timings_sec": {"read_step": 0.0067762997932732105, "enumerate_faces": 2.8199981898069382e-05, "build_adjacency": 0.00021769991144537926, "extract_features": 0.0008209999650716782, "map_labels": 0.00021529989317059517, "sanity_checks": 0.00010830000974237919, "total": 0.008166799554601312}}