{"part_id": "8-8-9-10-12-23", "timings_sec": {"read_step": 0.007103499956429005, "enumerate_faces": 3.229989670217037e-05, "build_adjacency": 0.00024090008810162544, "extract_features": 0.0008679998572915792, "map_labels": 0.0002194000408053398, "sanity_checks": 0.0001142001710832119, "total": 0.008578300010412931}}