{"part_id": "8-8-10-19", "timings_sec": {"read_step": 0.005540600046515465, "enumerate_faces": 2.719997428357601e-05, "build_adjacency": 0.0001946000847965479, "extract_features": 0.0007291999645531178, "map_labels": 0.00020219990983605385, "sanity_checks": 9.840005077421665e-05, "total": 0.006792200030758977}}