{"part_id": "8-8-8-12-19", "timings_sec": {"read_step": 0.005971299950033426, "enumerate_faces": 2.41999514400959e-05, "build_adjacency": 0.0002093000803142786, "extract_features": 0.0007794999983161688, "map_labels": 0.00018589990213513374, "sanity_checks": 0.00010100007057189941, "total": 0.007271199952811003}}