{"part_id": "8-9-11-11-11-23", "timings_sec": {"read_step": 0.013722200179472566, "enumerate_faces": 3.6499928683042526e-05, "build_adjacency": 0.0004173999186605215, "extract_features": 0.001541099976748228, "map_labels": 0.0002405999694019556, "sanity_checks": 0.000219699926674366, "total": 0.01617749989964068}}