{"part_id": "8-9-12-13-13-23", "timings_sec": {"read_step": 0.00791619997471571, "enumerate_faces": 3.360002301633358e-05, "build_adjacency": 0.00026739994063973427, "extract_features": 0.0009788000024855137, "map_labels": 0.00021469988860189915, "sanity_checks": 0.00013500009663403034, "total": 0.00954569992609322}}