{"part_id": "8-9-10-11-12-23", "timings_sec": {"read_step": 0.01096819993108511, "enumerate_faces": 3.390014171600342e-05, "build_adjacency": 0.00034619984216988087, "extract_features": 0.001293000066652894, "map_labels": 0.00024480000138282776, "sanity_checks": 0.00017079990357160568, "total": 0.013056899886578321}}