{"part_id": "8-9-10-12-19", "timings_sec": {"read_step": 0.00957219977863133, "enumerate_faces": 3.360002301633358e-05, "build_adjacency": 0.00026530004106462, "extract_features": 0.0009846000466495752, "map_labels": 0.0002242999617010355, "sanity_checks": 0.00014479993842542171, "total": 0.011224799789488316}}