{"part_id": "8-9-9-9-10-23", "timings_sec": {"read_step": 0.013352499809116125, "enumerate_faces": 3.520003519952297e-05, "build_adjacency": 0.00030179996974766254, "extract_features": 0.0022511000279337168, "map_labels": 0.00036809989251196384, "sanity_checks": 0.0002258999738842249, "total": 0.016534599708393216}}