{"part_id": "8-9-10-11-13-23", "timings_sec": {"read_step": 0.00990030006505549, "enumerate_faces": 3.4400029107928276e-05, "build_adjacency": 0.0003198999911546707, "extract_features": 0.001297099981456995, "map_labels": 0.0002335000317543745, "sanity_checks": 0.0001612999476492405, "total": 0.011946500046178699}}