{"part_id": "8-9-9-10-10-23", "timings_sec": {"read_step": 0.009159199893474579, "enumerate_faces": 3.469991497695446e-05, "build_adjacency": 0.00041920016519725323, "extract_features": 0.0012031001970171928, "map_labels": 0.0002500000409781933, "sanity_checks": 0.0001637998502701521, "total": 0.011230000061914325}}