{"part_id": "8-9-13-14-14-23", "timings_sec": {"read_step": 0.00802320009097457, "enumerate_faces": 3.0399998649954796e-05, "build_adjacency": 0.00039340020157396793, "extract_features": 0.0009565998334437609, "map_labels": 0.00019440008327364922, "sanity_checks": 0.00013040006160736084, "total": 0.009728400269523263}}