{"part_id": "8-9-12-14-19", "timings_sec": {"read_step": 0.0074031001422554255, "enumerate_faces": 3.109988756477833e-05, "build_adjacency": 0.000259599881246686, "extract_features": 0.0009261998347938061, "map_labels": 0.00021139997988939285, "sanity_checks": 0.00012060021981596947, "total": 0.008951999945566058}}