{"part_id": "8-9-19", "timings_sec": {"read_step": 0.004541700007393956, "enumerate_faces": 3.1499890610575676e-05, "build_adjacency": 0.00022760010324418545, "extract_features": 0.0005735000595450401, "map_labels": 0.0001900000497698784, "sanity_checks": 7.940013892948627e-05, "total": 0.005643700249493122}}