{"part_id": "8-9-9-9-11-23", "timings_sec": {"read_step": 0.01020489982329309, "enumerate_faces": 3.4700147807598114e-05, "build_adjacency": 0.00032350001856684685, "extract_features": 0.0012204002123326063, "map_labels": 0.00022980011999607086, "sanity_checks": 0.0001650000922381878, "total": 0.0121783004142344}}