{"part_id": "8-9-9-11-12-23", "timings_sec": {"read_step": 0.00986450002528727, "enumerate_faces": 2.5799963623285294e-05, "build_adjacency": 0.000386199913918972, "extract_features": 0.0014126000460237265, "map_labels": 0.00020320015028119087, "sanity_checks": 0.000175100052729249, "total": 0.012067400151863694}}