{"part_id": "8-9-11-11-14-23", "timings_sec": {"read_step": 0.011231800075620413, "enumerate_faces": 3.950018435716629e-05, "build_adjacency": 0.00037129991687834263, "extract_features": 0.0013659000396728516, "map_labels": 0.00023090001195669174, "sanity_checks": 0.0001737999264150858, "total": 0.01341320015490055}}