{"part_id": "8-9-11-14-14-23", "timings_sec": {"read_step": 0.009310099994763732, "enumerate_faces": 2.610008232295513e-05, "build_adjacency": 0.00029990007169544697, "extract_features": 0.0011521000415086746, "map_labels": 0.0002125999890267849, "sanity_checks": 0.00022220006212592125, "total": 0.011223000241443515}}