{"part_id": "8-9-9-12-19", "timings_sec": {"read_step": 0.007337699877098203, "enumerate_faces": 2.719997428357601e-05, "build_adjacency": 0.00024589989334344864, "extract_features": 0.0010522000957280397, "map_labels": 0.0001984999980777502, "sanity_checks": 0.00012240000069141388, "total": 0.008983899839222431}}