{"part_id": "8-9-9-10-13-23", "timings_sec": {"read_step": 0.009239500155672431, "enumerate_faces": 4.029995761811733e-05, "build_adjacency": 0.00027709989808499813, "extract_features": 0.0010577000211924314, "map_labels": 0.00021840003319084644, "sanity_checks": 0.00014119991101324558, "total": 0.01097419997677207}}