{"part_id": "8-9-11-11-13-23", "timings_sec": {"read_step": 0.011886599939316511, "enumerate_faces": 3.400002606213093e-05, "build_adjacency": 0.00034829997457563877, "extract_features": 0.0013139001093804836, "map_labels": 0.00022460008040070534, "sanity_checks": 0.00017870008014142513, "total": 0.013986100209876895}}