{"part_id": "8-9-9-12-12-23", "timings_sec": {"read_step": 0.009018199983984232, "enumerate_faces": 2.9799994081258774e-05, "build_adjacency": 0.00030179996974766254, "extract_features": 0.0011368000414222479, "map_labels": 0.00021909992210566998, "sanity_checks": 0.0001534000039100647, "total": 0.010859099915251136}}