{"part_id": "8-9-9-11-19", "timings_sec": {"read_step": 0.00831149984151125, "enumerate_faces": 4.169996827840805e-05, "build_adjacency": 0.00029450003057718277, "extract_features": 0.0010622998233884573, "map_labels": 0.0002638001460582018, "sanity_checks": 0.00014909985475242138, "total": 0.01012289966456592}}