{"part_id": "8-9-9-13-13-23", "timings_sec": {"read_step": 0.007311599794775248, "enumerate_faces": 2.3799948394298553e-05, "build_adjacency": 0.0003200001083314419, "extract_features": 0.0010933000594377518, "map_labels": 0.00020070001482963562, "sanity_checks": 0.0001278999261558056, "total": 0.009077299851924181}}