{"part_id": "8-9-9-11-14-23", "timings_sec": {"read_step": 0.009584400104358792, "enumerate_faces": 3.309990279376507e-05, "build_adjacency": 0.00031780009157955647, "extract_features": 0.001213700044900179, "map_labels": 0.00021780002862215042, "sanity_checks": 0.0001580999232828617, "total": 0.011524900095537305}}