{"part_id": "8-9-14-14-14-23", "timings_sec": {"read_step": 0.008137800032272935, "enumerate_faces": 2.650008536875248e-05, "build_adjacency": 0.00027139997109770775, "extract_features": 0.001183799933642149, "map_labels": 0.00021950015798211098, "sanity_checks": 0.00013289996422827244, "total": 0.009971900144591928}}