{"part_id": "8-9-12-12-12-23", "timings_sec": {"read_step": 0.012212000088766217, "enumerate_faces": 3.7400051951408386e-05, "build_adjacency": 0.0003228001296520233, "extract_features": 0.001190299866721034, "map_labels": 0.00023499992676079273, "sanity_checks": 0.0001572000328451395, "total": 0.014154700096696615}}