{"part_id": "8-9-12-14-14-23", "timings_sec": {"read_step": 0.008644799934700131, "enumerate_faces": 2.8300099074840546e-05, "build_adjacency": 0.00030150008387863636, "extract_features": 0.0011587999761104584, "map_labels": 0.00021740002557635307, "sanity_checks": 0.00018109986558556557, "total": 0.010531899984925985}}