{"part_id": "8-9-9-13-19", "timings_sec": {"read_step": 0.006737600080668926, "enumerate_faces": 2.8899870812892914e-05, "build_adjacency": 0.00025180005468428135, "extract_features": 0.0009379000402987003, "map_labels": 0.0002009000163525343, "sanity_checks": 0.00011439993977546692, "total": 0.008271500002592802}}