{"part_id": "8-9-12-13-19", "timings_sec": {"read_step": 0.006795500172302127, "enumerate_faces": 2.6999972760677338e-05, "build_adjacency": 0.00023649982176721096, "extract_features": 0.0017313999123871326, "map_labels": 0.0002848999574780464, "sanity_checks": 0.00019970000721514225, "total": 0.009274999843910336}}