{"part_id": "8-9-13-13-14-23", "timings_sec": {"read_step": 0.007195899961516261, "enumerate_faces": 2.9300106689333916e-05, "build_adjacency": 0.0002474000211805105, "extract_features": 0.0009270999580621719, "map_labels": 0.00020280014723539352, "sanity_checks": 0.00012930016964673996, "total": 0.008731800364330411}}