{"part_id": "8-9-10-14-14-23", "timings_sec": {"read_step": 0.00857280008494854, "enumerate_faces": 3.520003519952297e-05, "build_adjacency": 0.0002983000595122576, "extract_features": 0.0011288998648524284, "map_labels": 0.00022609997540712357, "sanity_checks": 0.00014919997192919254, "total": 0.010410499991849065}}