{"part_id": "8-9-10-10-12-23", "timings_sec": {"read_step": 0.010886899894103408, "enumerate_faces": 3.6400044336915016e-05, "build_adjacency": 0.00036880001425743103, "extract_features": 0.001287100138142705, "map_labels": 0.00023399991914629936, "sanity_checks": 0.0001580999232828617, "total": 0.01297129993326962}}