{"part_id": "8-9-10-10-14-23", "timings_sec": {"read_step": 0.00945389992557466, "enumerate_faces": 3.0100112780928612e-05, "build_adjacency": 0.000309899915009737, "extract_features": 0.0013029000256210566, "map_labels": 0.0002484999131411314, "sanity_checks": 0.00016329996287822723, "total": 0.011508599855005741}}