{"part_id": "8-9-9-12-14-23", "timings_sec": {"read_step": 0.009391500148922205, "enumerate_faces": 3.6499928683042526e-05, "build_adjacency": 0.0004616999067366123, "extract_features": 0.0013755999971181154, "map_labels": 0.0002147001214325428, "sanity_checks": 0.00014119991101324558, "total": 0.011621200013905764}}