{"part_id": "8-9-9-9-9-23", "timings_sec": {"read_step": 0.008422399871051311, "enumerate_faces": 3.369990736246109e-05, "build_adjacency": 0.0002997000701725483, "extract_features": 0.0010893000289797783, "map_labels": 0.00020790006965398788, "sanity_checks": 0.0001439000479876995, "total": 0.010196899995207787}}