{"part_id": "9-10-11-12-12-23", "timings_sec": {"read_step": 0.011218800209462643, "enumerate_faces": 3.1400006264448166e-05, "build_adjacency": 0.0003781002014875412, "extract_features": 0.0013813001569360495, "map_labels": 0.00021359999664127827, "sanity_checks": 0.0001797000877559185, "total": 0.013402900658547878}}