{"part_id": "9-10-13-13-19", "timings_sec": {"read_step": 0.007278400007635355, "enumerate_faces": 2.5300076231360435e-05, "build_adjacency": 0.00023639993742108345, "extract_features": 0.0008839000947773457, "map_labels": 0.00019160006195306778, "sanity_checks": 0.00011850008741021156, "total": 0.008734100265428424}}