{"part_id": "9-10-14-19", "timings_sec": {"read_step": 0.006412799935787916, "enumerate_faces": 3.0899886041879654e-05, "build_adjacency": 0.00031899986788630486, "extract_features": 0.0008318000473082066, "map_labels": 0.00020270003005862236, "sanity_checks": 0.00011370005086064339, "total": 0.007910899817943573}}