{"part_id": "9-10-13-19", "timings_sec": {"read_step": 0.00621069991029799, "enumerate_faces": 2.500019036233425e-05, "build_adjacency": 0.00020079989917576313, "extract_features": 0.0009575001895427704, "map_labels": 0.0001887998078018427, "sanity_checks": 0.00010389997623860836, "total": 0.007686699973419309}}