{"part_id": "9-10-11-11-14-23", "timings_sec": {"read_step": 0.011640999931842089, "enumerate_faces": 3.569992259144783e-05, "build_adjacency": 0.0005480998661369085, "extract_features": 0.002002699999138713, "map_labels": 0.000274099875241518, "sanity_checks": 0.000278000021353364, "total": 0.01477959961630404}}