{"part_id": "9-10-11-13-13-23", "timings_sec": {"read_step": 0.011805799789726734, "enumerate_faces": 3.360002301633358e-05, "build_adjacency": 0.00031649996526539326, "extract_features": 0.0013387000653892756, "map_labels": 0.00021190010011196136, "sanity_checks": 0.0001626999583095312, "total": 0.013869199901819229}}