{"part_id": "9-10-10-10-10-23", "timings_sec": {"read_step": 0.01308969990350306, "enumerate_faces": 3.620004281401634e-05, "build_adjacency": 0.0005183001048862934, "extract_features": 0.0014898998197168112, "map_labels": 0.00024790014140307903, "sanity_checks": 0.00017819995991885662, "total": 0.015560199972242117}}