{"part_id": "9-10-11-13-14-23", "timings_sec": {"read_step": 0.009747799951583147, "enumerate_faces": 3.609992563724518e-05, "build_adjacency": 0.0003562001511454582, "extract_features": 0.0012507999781519175, "map_labels": 0.00021150009706616402, "sanity_checks": 0.00016990001313388348, "total": 0.011772300116717815}}