{"part_id": "9-10-13-13-13-23", "timings_sec": {"read_step": 0.00783749995753169, "enumerate_faces": 3.0300114303827286e-05, "build_adjacency": 0.0002702998463064432, "extract_features": 0.0010016001760959625, "map_labels": 0.00021820003166794777, "sanity_checks": 0.0001330000814050436, "total": 0.009490900207310915}}