{"part_id": "9-10-13-14-14-23", "timings_sec": {"read_step": 0.008651199983432889, "enumerate_faces": 3.160000778734684e-05, "build_adjacency": 0.0002973000518977642, "extract_features": 0.0010897999163717031, "map_labels": 0.0002188999205827713, "sanity_checks": 0.00014399993233382702, "total": 0.010432799812406301}}