{"part_id": "9-10-11-12-14-23", "timings_sec": {"read_step": 0.01076969993300736, "enumerate_faces": 3.0300114303827286e-05, "build_adjacency": 0.00046360003761947155, "extract_features": 0.0025221998803317547, "map_labels": 0.00027570012025535107, "sanity_checks": 0.0003120000474154949, "total": 0.014373500132933259}}