{"part_id": "9-10-11-11-12-23", "timings_sec": {"read_step": 0.011838099919259548, "enumerate_faces": 2.8399983420968056e-05, "build_adjacency": 0.0003891000524163246, "extract_features": 0.0023890999145805836, "map_labels": 0.0003090999089181423, "sanity_checks": 0.00021299999207258224, "total": 0.015166799770668149}}