{"part_id": "9-10-12-14-14-23", "timings_sec": {"read_step": 0.010797899914905429, "enumerate_faces": 4.549999721348286e-05, "build_adjacency": 0.0004902000073343515, "extract_features": 0.0017893000040203333, "map_labels": 0.00029799994081258774, "sanity_checks": 0.00024800002574920654, "total": 0.01366889989003539}}