{"part_id": "9-10-11-14-19", "timings_sec": {"read_step": 0.013678800081834197, "enumerate_faces": 3.7999823689460754e-05, "build_adjacency": 0.00040829996578395367, "extract_features": 0.0016709000337868929, "map_labels": 0.00025749998167157173, "sanity_checks": 0.00015600002370774746, "total": 0.016209499910473824}}