{"part_id": "9-10-12-12-13-23", "timings_sec": {"read_step": 0.011123100062832236, "enumerate_faces": 4.3899985030293465e-05, "build_adjacency": 0.0004912000149488449, "extract_features": 0.0017898001242429018, "map_labels": 0.00031849998049438, "sanity_checks": 0.000242199981585145, "total": 0.014008700149133801}}