{"part_id": "9-10-12-13-14-23", "timings_sec": {"read_step": 0.0104910999070853, "enumerate_faces": 3.6800047382712364e-05, "build_adjacency": 0.00031700008548796177, "extract_features": 0.0011384999379515648, "map_labels": 0.00026190001517534256, "sanity_checks": 0.00022000004537403584, "total": 0.012465300038456917}}