{"part_id": "9-10-10-11-13-23", "timings_sec": {"read_step": 0.010636300081387162, "enumerate_faces": 3.2300129532814026e-05, "build_adjacency": 0.00034509995020926, "extract_features": 0.001312799984589219, "map_labels": 0.00026350002735853195, "sanity_checks": 0.00024530012160539627, "total": 0.012835300294682384}}