{"part_id": "9-10-10-12-14-23", "timings_sec": {"read_step": 0.010282799834385514, "enumerate_faces": 3.6499928683042526e-05, "build_adjacency": 0.0003408000338822603, "extract_features": 0.0012462001759558916, "map_labels": 0.00024330010637640953, "sanity_checks": 0.00017119990661740303, "total": 0.012320799985900521}}