{"part_id": "9-10-12-13-13-23", "timings_sec": {"read_step": 0.010748200118541718, "enumerate_faces": 4.360009916126728e-05, "build_adjacency": 0.0004563999827951193, "extract_features": 0.001626000041142106, "map_labels": 0.0003035000991076231, "sanity_checks": 0.00021319999359548092, "total": 0.013390900334343314}}