{"part_id": "9-10-10-10-12-23", "timings_sec": {"read_step": 0.010225499980151653, "enumerate_faces": 2.5900080800056458e-05, "build_adjacency": 0.00032919994555413723, "extract_features": 0.001501699909567833, "map_labels": 0.00024339999072253704, "sanity_checks": 0.00017770007252693176, "total": 0.012503399979323149}}