{"part_id": "9-10-12-12-12-23", "timings_sec": {"read_step": 0.015404400182887912, "enumerate_faces": 4.4899992644786835e-05, "build_adjacency": 0.0004376000724732876, "extract_features": 0.0015521999448537827, "map_labels": 0.00028859986923635006, "sanity_checks": 0.00025860010646283627, "total": 0.017986300168558955}}