{"part_id": "9-10-10-14-14-23", "timings_sec": {"read_step": 0.010235300054773688, "enumerate_faces": 4.019984044134617e-05, "build_adjacency": 0.00047099986113607883, "extract_features": 0.001766500063240528, "map_labels": 0.00027350010350346565, "sanity_checks": 0.00025359983555972576, "total": 0.013040099758654833}}