{"part_id": "9-11-11-12-13-23", "timings_sec": {"read_step": 0.011697700014337897, "enumerate_faces": 4.309997893869877e-05, "build_adjacency": 0.00038059987127780914, "extract_features": 0.0015659001655876637, "map_labels": 0.0002383999526500702, "sanity_checks": 0.00018400000408291817, "total": 0.014109699986875057}}