{"part_id": "9-11-11-11-11-23", "timings_sec": {"read_step": 0.013876699842512608, "enumerate_faces": 3.320001997053623e-05, "build_adjacency": 0.00045900000259280205, "extract_features": 0.0017353999428451061, "map_labels": 0.00022929999977350235, "sanity_checks": 0.000224399846047163, "total": 0.016557999653741717}}