{"part_id": "9-11-12-12-12-23", "timings_sec": {"read_step": 0.010948900133371353, "enumerate_faces": 2.769986167550087e-05, "build_adjacency": 0.0004092000890523195, "extract_features": 0.0016735999379307032, "map_labels": 0.00022099982015788555, "sanity_checks": 0.00017490005120635033, "total": 0.013455299893394113}}