{"part_id": "9-11-11-11-13-23", "timings_sec": {"read_step": 0.01233000005595386, "enumerate_faces": 3.3700140193104744e-05, "build_adjacency": 0.00039810012094676495, "extract_features": 0.0015004000160843134, "map_labels": 0.0002242999617010355, "sanity_checks": 0.00019649998284876347, "total": 0.014683000277727842}}