{"part_id": "9-11-11-14-19", "timings_sec": {"read_step": 0.01006460003554821, "enumerate_faces": 4.020007327198982e-05, "build_adjacency": 0.00034430017694830894, "extract_features": 0.0014186000917106867, "map_labels": 0.00023179990239441395, "sanity_checks": 0.00016520009376108646, "total": 0.012264700373634696}}