{"part_id": "9-11-13-13-13-23", "timings_sec": {"read_step": 0.008691699942573905, "enumerate_faces": 2.7299858629703522e-05, "build_adjacency": 0.0002869002055376768, "extract_features": 0.0012148998212069273, "map_labels": 0.00019609997980296612, "sanity_checks": 0.00015270011499524117, "total": 0.01056959992274642}}