{"part_id": "9-11-12-13-14-23", "timings_sec": {"read_step": 0.010111100040376186, "enumerate_faces": 3.409991040825844e-05, "build_adjacency": 0.00033240020275115967, "extract_features": 0.0012354999780654907, "map_labels": 0.00022659986279904842, "sanity_checks": 0.000161800067871809, "total": 0.012101500062271953}}