{"part_id": "9-11-14-14-19", "timings_sec": {"read_step": 0.00807019998319447, "enumerate_faces": 2.2999942302703857e-05, "build_adjacency": 0.000269399955868721, "extract_features": 0.0013778000138700008, "map_labels": 0.0002125999890267849, "sanity_checks": 0.00014779996126890182, "total": 0.010100799845531583}}