{"part_id": "9-11-11-14-14-23", "timings_sec": {"read_step": 0.016966900089755654, "enumerate_faces": 4.1800085455179214e-05, "build_adjacency": 0.0007327001076191664, "extract_features": 0.0015476001426577568, "map_labels": 0.00023010000586509705, "sanity_checks": 0.00019439985044300556, "total": 0.01971350028179586}}