{"part_id": "9-11-11-11-19", "timings_sec": {"read_step": 0.01230500009842217, "enumerate_faces": 3.2899901270866394e-05, "build_adjacency": 0.0003754999488592148, "extract_features": 0.0016799001023173332, "map_labels": 0.00022549997083842754, "sanity_checks": 0.00018239999189972878, "total": 0.01480120001360774}}