{"part_id": "9-11-11-11-12-23", "timings_sec": {"read_step": 0.013258799910545349, "enumerate_faces": 3.460003063082695e-05, "build_adjacency": 0.0004300998989492655, "extract_features": 0.0017390998546034098, "map_labels": 0.00022440007887780666, "sanity_checks": 0.00020730006508529186, "total": 0.01589429983869195}}