{"part_id": "9-11-12-12-14-23", "timings_sec": {"read_step": 0.013063999824225903, "enumerate_faces": 3.25001310557127e-05, "build_adjacency": 0.0003659001085907221, "extract_features": 0.0016544000245630741, "map_labels": 0.00022400007583200932, "sanity_checks": 0.00017170002683997154, "total": 0.015512500191107392}}