{"part_id": "9-11-13-14-19", "timings_sec": {"read_step": 0.00804980006068945, "enumerate_faces": 2.4700071662664413e-05, "build_adjacency": 0.0002638001460582018, "extract_features": 0.0010164999403059483, "map_labels": 0.00019010016694664955, "sanity_checks": 0.00023310002870857716, "total": 0.00977800041437149}}