{"part_id": "9-11-12-12-19", "timings_sec": {"read_step": 0.009449100121855736, "enumerate_faces": 2.8899870812892914e-05, "build_adjacency": 0.0003170999698340893, "extract_features": 0.0013307000044733286, "map_labels": 0.00022609997540712357, "sanity_checks": 0.0001542000100016594, "total": 0.01150609995238483}}