{"part_id": "9-11-13-13-19", "timings_sec": {"read_step": 0.007747499970719218, "enumerate_faces": 3.4300144761800766e-05, "build_adjacency": 0.00027939979918301105, "extract_features": 0.0009812999051064253, "map_labels": 0.00021549989469349384, "sanity_checks": 0.000130099942907691, "total": 0.00938809965737164}}