{"part_id": "9-11-12-14-19", "timings_sec": {"read_step": 0.009520499967038631, "enumerate_faces": 3.1300121918320656e-05, "build_adjacency": 0.00033059995621442795, "extract_features": 0.0013077000621706247, "map_labels": 0.00022069993428885937, "sanity_checks": 0.0001501999795436859, "total": 0.01156100002117455}}