{"part_id": "9-12-13-13-13-23", "timings_sec": {"read_step": 0.007562299957498908, "enumerate_faces": 5.3800176829099655e-05, "build_adjacency": 0.000250399811193347, "extract_features": 0.0011851000599563122, "map_labels": 0.00021939980797469616, "sanity_checks": 0.0001284999307245016, "total": 0.009399499744176865}}