{"part_id": "9-12-13-13-14-23", "timings_sec": {"read_step": 0.008300499990582466, "enumerate_faces": 2.8099864721298218e-05, "build_adjacency": 0.00026979995891451836, "extract_features": 0.0010083999950438738, "map_labels": 0.00023700017482042313, "sanity_checks": 0.00017359992489218712, "total": 0.010017399908974767}}