{"part_id": "9-12-12-14-14-23", "timings_sec": {"read_step": 0.009560300037264824, "enumerate_faces": 2.8999987989664078e-05, "build_adjacency": 0.0003200001083314419, "extract_features": 0.0012941998429596424, "map_labels": 0.00020909984596073627, "sanity_checks": 0.00014830008149147034, "total": 0.011560899903997779}}