{"part_id": "9-12-12-12-14-23", "timings_sec": {"read_step": 0.009241899941116571, "enumerate_faces": 2.650008536875248e-05, "build_adjacency": 0.00032270001247525215, "extract_features": 0.0011764999944716692, "map_labels": 0.0002229998353868723, "sanity_checks": 0.00015089986845850945, "total": 0.011141499737277627}}