{"part_id": "9-12-12-13-14-23", "timings_sec": {"read_step": 0.009019900113344193, "enumerate_faces": 3.169989213347435e-05, "build_adjacency": 0.0003065001219511032, "extract_features": 0.0013210000470280647, "map_labels": 0.00022079981863498688, "sanity_checks": 0.0001417999155819416, "total": 0.011041699908673763}}