{"part_id": "9-12-12-13-13-23", "timings_sec": {"read_step": 0.011491799959912896, "enumerate_faces": 4.2800093069672585e-05, "build_adjacency": 0.0005132998339831829, "extract_features": 0.0012748998124152422, "map_labels": 0.00023850006982684135, "sanity_checks": 0.00013819988816976547, "total": 0.0136994996573776}}