{"part_id": "9-12-12-13-19", "timings_sec": {"read_step": 0.008781199809163809, "enumerate_faces": 3.0199997127056122e-05, "build_adjacency": 0.00026050000451505184, "extract_features": 0.0009587998501956463, "map_labels": 0.00024169986136257648, "sanity_checks": 0.00021050008945167065, "total": 0.01048289961181581}}