{"part_id": "9-13-13-13-19", "timings_sec": {"read_step": 0.006019700085744262, "enumerate_faces": 2.410006709396839e-05, "build_adjacency": 0.00019970000721514225, "extract_features": 0.0007480999920517206, "map_labels": 0.00018440000712871552, "sanity_checks": 0.00010010018013417721, "total": 0.007276100339367986}}