{"part_id": "9-13-14-19", "timings_sec": {"read_step": 0.005504700122401118, "enumerate_faces": 2.359994687139988e-05, "build_adjacency": 0.00018889992497861385, "extract_features": 0.0006933000404387712, "map_labels": 0.0002134998794645071, "sanity_checks": 0.00010619987733662128, "total": 0.006730199791491032}}