{"part_id": "9-14-14-14-14-23", "timings_sec": {"read_step": 0.008568499935790896, "enumerate_faces": 2.7700094506144524e-05, "build_adjacency": 0.00028709997422993183, "extract_features": 0.0011078999377787113, "map_labels": 0.00021540001034736633, "sanity_checks": 0.00013620010577142239, "total": 0.010342800058424473}}