{"part_id": "9-14-14-14-19", "timings_sec": {"read_step": 0.007221499923616648, "enumerate_faces": 2.2900057956576347e-05, "build_adjacency": 0.00024960003793239594, "extract_features": 0.0008835999760776758, "map_labels": 0.0001906000543385744, "sanity_checks": 0.00011699995957314968, "total": 0.00868520000949502}}