{"part_id": "9-9-11-14-19", "timings_sec": {"read_step": 0.01056120009161532, "enumerate_faces": 3.3499905839562416e-05, "build_adjacency": 0.0002962998114526272, "extract_features": 0.0011088000610470772, "map_labels": 0.00022829999215900898, "sanity_checks": 0.00014650006778538227, "total": 0.012374599929898977}}