{"part_id": "9-9-10-10-14-23", "timings_sec": {"read_step": 0.011912600137293339, "enumerate_faces": 3.1299889087677e-05, "build_adjacency": 0.00030960002914071083, "extract_features": 0.0013778998982161283, "map_labels": 0.0002079999540001154, "sanity_checks": 0.00016850000247359276, "total": 0.014007899910211563}}