{"part_id": "9-9-9-10-13-23", "timings_sec": {"read_step": 0.00866020005196333, "enumerate_faces": 3.50000336766243e-05, "build_adjacency": 0.00038560014218091965, "extract_features": 0.0011275999713689089, "map_labels": 0.00021119997836649418, "sanity_checks": 0.0001533001195639372, "total": 0.010572900297120214}}