{"part_id": "9-9-11-12-19", "timings_sec": {"read_step": 0.009634200017899275, "enumerate_faces": 3.569992259144783e-05, "build_adjacency": 0.0003152000717818737, "extract_features": 0.0011688999366015196, "map_labels": 0.00023630005307495594, "sanity_checks": 0.00015670014545321465, "total": 0.011547000147402287}}