{"part_id": "9-9-11-13-14-23", "timings_sec": {"read_step": 0.009512500138953328, "enumerate_faces": 2.7800211682915688e-05, "build_adjacency": 0.00030759978108108044, "extract_features": 0.001192399999126792, "map_labels": 0.00020590005442500114, "sanity_checks": 0.00015689991414546967, "total": 0.011403100099414587}}