{"part_id": "9-9-14-19", "timings_sec": {"read_step": 0.0061864000745117664, "enumerate_faces": 2.619996666908264e-05, "build_adjacency": 0.00020679994486272335, "extract_features": 0.0007921999786049128, "map_labels": 0.0002031000331044197, "sanity_checks": 0.0001091999001801014, "total": 0.007523899897933006}}