{"part_id": "9-9-11-13-19", "timings_sec": {"read_step": 0.008829000173136592, "enumerate_faces": 3.5899924114346504e-05, "build_adjacency": 0.00027769990265369415, "extract_features": 0.0012109000235795975, "map_labels": 0.00021450011990964413, "sanity_checks": 0.0001409000251442194, "total": 0.010708900168538094}}