{"part_id": "9-9-12-13-13-23", "timings_sec": {"read_step": 0.013141199946403503, "enumerate_faces": 3.8499943912029266e-05, "build_adjacency": 0.0004164001438766718, "extract_features": 0.0011996999382972717, "map_labels": 0.00022660009562969208, "sanity_checks": 0.00013539986684918404, "total": 0.015157799934968352}}