{"part_id": "9-9-9-11-14-23", "timings_sec": {"read_step": 0.010105000110343099, "enumerate_faces": 3.5700155422091484e-05, "build_adjacency": 0.000336300116032362, "extract_features": 0.0012770998291671276, "map_labels": 0.0002389000728726387, "sanity_checks": 0.00017730006948113441, "total": 0.012170300353318453}}