{"part_id": "9-9-10-11-12-23", "timings_sec": {"read_step": 0.011382600059732795, "enumerate_faces": 3.160000778734684e-05, "build_adjacency": 0.0003474999684840441, "extract_features": 0.0013723999727517366, "map_labels": 0.00020830007269978523, "sanity_checks": 0.00018069986253976822, "total": 0.013523099943995476}}