{"part_id": "9-9-14-14-19", "timings_sec": {"read_step": 0.0073241000063717365, "enumerate_faces": 2.440018579363823e-05, "build_adjacency": 0.00024319998919963837, "extract_features": 0.0009228999260812998, "map_labels": 0.00019729998894035816, "sanity_checks": 0.00012250011786818504, "total": 0.008834400214254856}}