{"part_id": "9-9-10-12-19", "timings_sec": {"read_step": 0.010164700215682387, "enumerate_faces": 2.6800204068422318e-05, "build_adjacency": 0.00027169985696673393, "extract_features": 0.0016030999831855297, "map_labels": 0.00025800010189414024, "sanity_checks": 0.00015620002523064613, "total": 0.01248050038702786}}