{"part_id": "9-9-9-9-9-23", "timings_sec": {"read_step": 0.00907510006800294, "enumerate_faces": 3.20998951792717e-05, "build_adjacency": 0.0002911998890340328, "extract_features": 0.001294699963182211, "map_labels": 0.00021849991753697395, "sanity_checks": 0.00016189995221793652, "total": 0.011073499685153365}}