{"part_id": "9-9-11-11-12-23", "timings_sec": {"read_step": 0.011562899919226766, "enumerate_faces": 3.0800001695752144e-05, "build_adjacency": 0.0003863000310957432, "extract_features": 0.001456699799746275, "map_labels": 0.0002150998916476965, "sanity_checks": 0.00020999996922910213, "total": 0.013861799612641335}}