{"part_id": "9-9-9-11-19", "timings_sec": {"read_step": 0.010841500014066696, "enumerate_faces": 3.469991497695446e-05, "build_adjacency": 0.0002938997931778431, "extract_features": 0.0011329001281410456, "map_labels": 0.00022840010933578014, "sanity_checks": 0.00015169987455010414, "total": 0.012683099834248424}}