{"part_id": "9-9-10-10-19", "timings_sec": {"read_step": 0.012057499960064888, "enumerate_faces": 3.83998267352581e-05, "build_adjacency": 0.00042040017433464527, "extract_features": 0.001581599935889244, "map_labels": 0.0002603998873382807, "sanity_checks": 0.00022529996931552887, "total": 0.014583599753677845}}