{"part_id": "9-9-10-10-13-23", "timings_sec": {"read_step": 0.009338600095361471, "enumerate_faces": 3.400002606213093e-05, "build_adjacency": 0.0003067001234740019, "extract_features": 0.0011913999915122986, "map_labels": 0.00023650005459785461, "sanity_checks": 0.00024070008657872677, "total": 0.011347900377586484}}