{"part_id": "9-9-13-13-14-23", "timings_sec": {"read_step": 0.0075703999027609825, "enumerate_faces": 2.5999965146183968e-05, "build_adjacency": 0.0002584999892860651, "extract_features": 0.0009812000207602978, "map_labels": 0.00019279983825981617, "sanity_checks": 0.00012860004790127277, "total": 0.009157499764114618}}