{"part_id": "9-9-13-14-19", "timings_sec": {"read_step": 0.006918499944731593, "enumerate_faces": 2.469983883202076e-05, "build_adjacency": 0.0002288001123815775, "extract_features": 0.0010697001125663519, "map_labels": 0.00021949992515146732, "sanity_checks": 0.00012700003571808338, "total": 0.008588199969381094}}