{"part_id": "9-9-9-9-13-23", "timings_sec": {"read_step": 0.008510100189596415, "enumerate_faces": 3.3400021493434906e-05, "build_adjacency": 0.00028520007617771626, "extract_features": 0.0011094000656157732, "map_labels": 0.0002840999513864517, "sanity_checks": 0.00014650006778538227, "total": 0.010368700372055173}}