{"part_id": "9-9-10-10-10-23", "timings_sec": {"read_step": 0.010921500157564878, "enumerate_faces": 3.20998951792717e-05, "build_adjacency": 0.0004042000509798527, "extract_features": 0.0013764998875558376, "map_labels": 0.00021489989012479782, "sanity_checks": 0.00017449981532990932, "total": 0.013123699696734548}}