{"part_id": "9-9-9-9-14-23", "timings_sec": {"read_step": 0.008832599967718124, "enumerate_faces": 3.0399998649954796e-05, "build_adjacency": 0.0002834999468177557, "extract_features": 0.0011098000686615705, "map_labels": 0.00023030000738799572, "sanity_checks": 0.00019569997675716877, "total": 0.01068229996599257}}