{"part_id": "9-9-12-14-14-23", "timings_sec": {"read_step": 0.00959939998574555, "enumerate_faces": 3.3800024539232254e-05, "build_adjacency": 0.00030969991348683834, "extract_features": 0.0011314000003039837, "map_labels": 0.0002204999327659607, "sanity_checks": 0.0001471000723540783, "total": 0.011441899929195642}}