{"part_id": "9-9-9-10-10-23", "timings_sec": {"read_step": 0.009421800030395389, "enumerate_faces": 2.659996971487999e-05, "build_adjacency": 0.0003067001234740019, "extract_features": 0.0013824999332427979, "map_labels": 0.0001930000726133585, "sanity_checks": 0.0001759000588208437, "total": 0.01150650018826127}}