{"part_id": "9-9-9-9-11-23", "timings_sec": {"read_step": 0.010659500025212765, "enumerate_faces": 3.509991802275181e-05, "build_adjacency": 0.00033840001560747623, "extract_features": 0.0014545000158250332, "map_labels": 0.00021769991144537926, "sanity_checks": 0.00017919996753335, "total": 0.012884399853646755}}