{"part_id": "9-9-10-13-19", "timings_sec": {"read_step": 0.009454099927097559, "enumerate_faces": 3.300001844763756e-05, "build_adjacency": 0.0003795002121478319, "extract_features": 0.0009886999614536762, "map_labels": 0.00023319991305470467, "sanity_checks": 0.00013360008597373962, "total": 0.011222100118175149}}