{"part_id": "9-9-9-9-10-23", "timings_sec": {"read_step": 0.009367299964651465, "enumerate_faces": 2.859998494386673e-05, "build_adjacency": 0.0003027000930160284, "extract_features": 0.0011886998545378447, "map_labels": 0.0002033999189734459, "sanity_checks": 0.00015990016981959343, "total": 0.011250599985942245}}