{"part_id": "9-9-11-19", "timings_sec": {"read_step": 0.007295900024473667, "enumerate_faces": 3.1800009310245514e-05, "build_adjacency": 0.0003132999408990145, "extract_features": 0.0010169001761823893, "map_labels": 0.00020469981245696545, "sanity_checks": 0.00012819981202483177, "total": 0.008990799775347114}}