{"part_id": "9-9-9-12-14-23", "timings_sec": {"read_step": 0.008843400049954653, "enumerate_faces": 2.750009298324585e-05, "build_adjacency": 0.00029879994690418243, "extract_features": 0.0011202001478523016, "map_labels": 0.00019899988546967506, "sanity_checks": 0.0001501999795436859, "total": 0.010639100102707744}}